"group","x","value","normValue","smoothValue"
"TFScreen",-2000,682376,1.12936585924967,1.1254274439676
"TFScreen",-1999,689464,1.14109684804524,1.1254274439676
"TFScreen",-1998,682600,1.12973659027256,1.1254274439676
"TFScreen",-1997,675238,1.11755211799365,1.1254274439676
"TFScreen",-1996,682542,1.12964059741842,1.1254274439676
"TFScreen",-1995,687194,1.13733988634011,1.1254274439676
"TFScreen",-1994,688676,1.13979266926831,1.12342814452276
"TFScreen",-1993,674870,1.11694305988462,1.12301137304005
"TFScreen",-1992,667974,1.10552984053724,1.12339955730914
"TFScreen",-1991,676878,1.12026639869691,1.12433300506319
"TFScreen",-1990,672148,1.11243801593689,1.12637202568906
"TFScreen",-1989,669088,1.10737356535641,1.12564440587304
"TFScreen",-1988,686694,1.13651236173546,1.12387771607161
"TFScreen",-1987,685180,1.13400661723257,1.12402667050045
"TFScreen",-1986,681442,1.12782004328818,1.12636450273811
"TFScreen",-1985,696094,1.15206982430294,1.12737047173933
"TFScreen",-1984,682358,1.12933606836391,1.12730848262349
"TFScreen",-1983,676934,1.12035908145263,1.12956235872853
"TFScreen",-1982,675860,1.11858155860183,1.12760548872705
"TFScreen",-1981,683512,1.13124599515145,1.12540938888532
"TFScreen",-1980,683564,1.13133205771033,1.12405826689445
"TFScreen",-1979,671736,1.11175613566265,1.12278357808524
"TFScreen",-1978,684068,1.13216620251182,1.12263101263995
"TFScreen",-1977,673688,1.11498679171922,1.12308238969703
"TFScreen",-1976,670584,1.10984951897353,1.12278357808524
"TFScreen",-1975,672462,1.11295770138861,1.11951109442139
"TFScreen",-1974,687622,1.1380482474017,1.11756505746928
"TFScreen",-1973,681344,1.12765784846567,1.12202466279327
"TFScreen",-1972,679934,1.12532422908055,1.12270052470674
"TFScreen",-1971,673874,1.11529463087215,1.12384942977604
"TFScreen",-1970,661762,1.09524867484903,1.12450934303349
"TFScreen",-1969,670630,1.10992565123716,1.12324037166701
"TFScreen",-1968,701376,1.1608117942265,1.12220611637022
"TFScreen",-1967,688560,1.13960068356003,1.12234273315949
"TFScreen",-1966,681324,1.12762474748148,1.12215947407432
"TFScreen",-1965,674970,1.11710856480555,1.12260393001652
"TFScreen",-1964,664028,1.09899901635732,1.12522703255426
"TFScreen",-1963,680748,1.12667143913692,1.1270499940288
"TFScreen",-1962,682252,1.12916063314772,1.12341008944048
"TFScreen",-1961,678716,1.12330837914361,1.12275619454378
"TFScreen",-1960,676828,1.12018364623644,1.12301077120398
"TFScreen",-1959,679196,1.12410280276408,1.12501669084566
"TFScreen",-1958,682746,1.12997822745712,1.12730366793488
"TFScreen",-1957,677184,1.12077284375496,1.12778844689419
"TFScreen",-1956,684214,1.13240783969638,1.12977390410928
"TFScreen",-1955,683016,1.13042509074363,1.1336834312597
"TFScreen",-1954,688302,1.13917368086402,1.13611815910561
"TFScreen",-1953,679228,1.12415576433878,1.13606549844895
"TFScreen",-1952,683970,1.13200400768931,1.13497587423315
"TFScreen",-1951,695448,1.15100066251373,1.13782466529942
"TFScreen",-1950,704700,1.16631317779823,1.13912643673205
"TFScreen",-1949,693010,1.14696565254144,1.14112122240632
"TFScreen",-1948,678846,1.12352353554082,1.14120818771932
"TFScreen",-1947,675504,1.11799236108332,1.14484117119277
"TFScreen",-1946,696118,1.15210954548396,1.15097809366087
"TFScreen",-1945,692866,1.1467273254553,1.15320518806052
"TFScreen",-1944,696274,1.15236773316062,1.15188987531618
"TFScreen",-1943,688880,1.140130299307,1.14873775886755
"TFScreen",-1942,703374,1.16411858254669,1.15028538033727
"TFScreen",-1941,724758,1.1995101548385,1.15326838084852
"TFScreen",-1940,710250,1.17549870090988,1.15407303568228
"TFScreen",-1939,695958,1.15184473761047,1.1564620239864
"TFScreen",-1938,672060,1.11229237160647,1.15481901149862
"TFScreen",-1937,689132,1.14054737170775,1.15525233347342
"TFScreen",-1936,695330,1.15080536670703,1.1565980389396
"TFScreen",-1935,701466,1.16096074865533,1.15249231322837
"TFScreen",-1934,708744,1.17300619680067,1.15291058930127
"TFScreen",-1933,685354,1.13429459579499,1.15433212611304
"TFScreen",-1932,691760,1.14489684102981,1.15697448740521
"TFScreen",-1931,712318,1.17892134267473,1.15674097500768
"TFScreen",-1930,697470,1.15434717201495,1.15761393823608
"TFScreen",-1929,713030,1.18009973771175,1.15944081164511
"TFScreen",-1928,705406,1.16748164254,1.15894309321017
"TFScreen",-1927,689622,1.14135834582031,1.16279995970393
"TFScreen",-1926,687580,1.13797873533491,1.16509716800645
"TFScreen",-1925,701132,1.16040796221943,1.16259593727413
"TFScreen",-1924,713608,1.18105635615473,1.16602700474404
"TFScreen",-1923,705436,1.16753129401628,1.1636133411608
"TFScreen",-1922,710988,1.17672012722635,1.16220594749681
"TFScreen",-1921,707028,1.1701661323575,1.16210243169172
"TFScreen",-1920,695694,1.15140780461922,1.16235520284368
"TFScreen",-1919,720274,1.19208891418397,1.16413182294037
"TFScreen",-1918,696988,1.15354943829606,1.16176209339068
"TFScreen",-1917,696052,1.15200031223615,1.15926146449443
"TFScreen",-1916,688934,1.14021967196431,1.15562456908649
"TFScreen",-1915,689260,1.14075921800654,1.1520015159083
"TFScreen",-1914,712940,1.17995078328292,1.15254226562269
"TFScreen",-1913,697858,1.15498933110816,1.15079964926431
"TFScreen",-1912,688816,1.14002437615761,1.15139757340592
"TFScreen",-1911,686816,1.136714277739,1.15049843030821
"TFScreen",-1910,682948,1.1303125473974,1.15045419535662
"TFScreen",-1909,699288,1.15735605147747,1.15195336902221
"TFScreen",-1908,708692,1.17292013424178,1.14913346608759
"TFScreen",-1907,700962,1.16012660385384,1.15000221646346
"TFScreen",-1906,690076,1.14210973816133,1.15141532757017
"TFScreen",-1905,688640,1.13973308749677,1.15334210576784
"TFScreen",-1904,699224,1.15725012832807,1.15761484099019
"TFScreen",-1903,694198,1.1489318510021,1.1583415580521
"TFScreen",-1902,703632,1.16454558524269,1.15640695598544
"TFScreen",-1901,698208,1.15556859833141,1.15457286054349
"TFScreen",-1900,699622,1.15790883791337,1.15537661262313
"TFScreen",-1899,711346,1.17731263484328,1.15771384302471
"TFScreen",-1898,704118,1.16534993915842,1.15903998881842
"TFScreen",-1897,695834,1.15163951150852,1.16064297920715
"TFScreen",-1896,688772,1.1399515539924,1.15913598167256
"TFScreen",-1895,695418,1.15095101103745,1.15955516049958
"TFScreen",-1894,704174,1.16544262191414,1.15973179938791
"TFScreen",-1893,708038,1.1718377320589,1.15764553463007
"TFScreen",-1892,704852,1.16656474527805,1.15680236228744
"TFScreen",-1891,693616,1.14796861236228,1.1570527260951
"TFScreen",-1890,700994,1.16017956542854,1.16123217672566
"TFScreen",-1889,700796,1.1598518656851,1.16355436122534
"TFScreen",-1888,697480,1.15436372250704,1.16355135204496
"TFScreen",-1887,698514,1.15607504338946,1.16091801829393
"TFScreen",-1886,697498,1.15439351339281,1.15977152056894
"TFScreen",-1885,716550,1.18592551092851,1.16288842960712
"TFScreen",-1884,710852,1.17649504053388,1.16480377291934
"TFScreen",-1883,704154,1.16540952092995,1.16652201491664
"TFScreen",-1882,690536,1.14287106079762,1.17017365530845
"TFScreen",-1881,697232,1.15395327030313,1.17368205871414
"TFScreen",-1880,714332,1.18225461178227,1.17641559817184
"TFScreen",-1879,713724,1.18124834186301,1.17673246486591
"TFScreen",-1878,712216,1.17875252765538,1.17685192932702
"TFScreen",-1877,721750,1.19453176681691,1.17330591116657
"TFScreen",-1876,721832,1.19466748085207,1.17387825727495
"TFScreen",-1875,715666,1.18446244742749,1.17401908691676
"TFScreen",-1874,718656,1.18941104456331,1.17026994908063
"TFScreen",-1873,711646,1.17780914960607,1.16691651846453
"TFScreen",-1872,680586,1.12640332116502,1.16432681782903
"TFScreen",-1871,694340,1.14916686798982,1.16297750134638
"TFScreen",-1870,698168,1.15550239636304,1.15993732640791
"TFScreen",-1869,689414,1.14101409558477,1.15729436327966
"TFScreen",-1868,691436,1.14436060508599,1.15669674005608
"TFScreen",-1867,695004,1.1502658206648,1.15688481382987
"TFScreen",-1866,712782,1.17968928550785,1.1621821749718
"TFScreen",-1865,701626,1.16122555652882,1.16397143362608
"TFScreen",-1864,698100,1.15538985301681,1.16380622962319
"TFScreen",-1863,714684,1.18283718910395,1.16710699958262
"TFScreen",-1862,712896,1.17987796111771,1.17091541827226
"TFScreen",-1861,715794,1.18467429372628,1.17544453566303
"TFScreen",-1860,706232,1.16884871318689,1.17806583269254
"TFScreen",-1859,697070,1.15368515233122,1.17969891488506
"TFScreen",-1858,711352,1.17732256513854,1.18132627963487
"TFScreen",-1857,716748,1.18625321067195,1.18061912224544
"TFScreen",-1856,725106,1.20008611196334,1.17955206688249
"TFScreen",-1855,730204,1.20852355283238,1.17634578518701
"TFScreen",-1854,712480,1.17918946064664,1.17577735101312
"TFScreen",-1853,708916,1.17329086526467,1.17635902558068
"TFScreen",-1852,709984,1.17505845782021,1.17544754484341
"TFScreen",-1851,705804,1.16814035212531,1.17365948986129
"TFScreen",-1850,694484,1.14940519507596,1.17578186478369
"TFScreen",-1849,702454,1.16259593727413,1.17597896609862
"TFScreen",-1848,700936,1.1600835725744,1.17654589568232
"TFScreen",-1847,705294,1.16729627702856,1.17642011194241
"TFScreen",-1846,704864,1.16658460586856,1.17858100437369
"TFScreen",-1845,739212,1.22343223610981,1.18217727584649
"TFScreen",-1844,731514,1.21069166729657,1.1842000468983
"TFScreen",-1843,716248,1.1854256860673,1.18236053493167
"TFScreen",-1842,708080,1.17190724412569,1.18211318030438
"TFScreen",-1841,724346,1.19882827456427,1.18228289807785
"TFScreen",-1840,729706,1.20769933832615,1.1818721449559
"TFScreen",-1839,707928,1.17165567664587,1.17588718609701
"TFScreen",-1838,690228,1.14236130564115,1.17151304149583
"TFScreen",-1837,699292,1.1573626716743,1.16760351434541
"TFScreen",-1836,706422,1.16916317253666,1.16630384933905
"TFScreen",-1835,702134,1.16206632152715,1.16234677713862
"TFScreen",-1834,699434,1.15759768866202,1.15804274644031
"TFScreen",-1833,702442,1.16257607668362,1.15775236053358
"TFScreen",-1832,690264,1.14242088741268,1.15748394164364
"TFScreen",-1831,699442,1.1576109290557,1.15827204598531
"TFScreen",-1830,698046,1.15530048035951,1.15711742347329
"TFScreen",-1829,701100,1.16035500064473,1.15938213262769
"TFScreen",-1828,705998,1.16846143167191,1.16276023852291
"TFScreen",-1827,688444,1.13940869785175,1.1626937356365
"TFScreen",-1826,704530,1.16603181943265,1.16463255055569
"TFScreen",-1825,698748,1.15646232490444,1.1666956446246
"TFScreen",-1824,717186,1.18697812222563,1.16803533173002
"TFScreen",-1823,721886,1.19475685350937,1.16706186187691
"TFScreen",-1822,702000,1.1618445449331,1.1669803130886
"TFScreen",-1821,703150,1.16374785152381,1.16955617149436
"TFScreen",-1820,713154,1.18030496381371,1.17101472122481
"TFScreen",-1819,706950,1.17003703851917,1.17406302095032
"TFScreen",-1818,694630,1.14964683226052,1.17088502555041
"TFScreen",-1817,705456,1.16756439500047,1.1672688934871
"TFScreen",-1816,705564,1.16774314031507,1.16864890360962
"TFScreen",-1815,714224,1.18207586646767,1.17012129556983
"TFScreen",-1814,719008,1.18999362188499,1.17192229002759
"TFScreen",-1813,696064,1.15202017282666,1.17479605729102
"TFScreen",-1812,697852,1.1549794008129,1.17679535673586
"TFScreen",-1811,711172,1.17702465628086,1.17609542137935
"TFScreen",-1810,712936,1.17994416308608,1.17606141764105
"TFScreen",-1809,725124,1.20011590284911,1.17739177628729
"TFScreen",-1808,726050,1.20164847841692,1.17664128670038
"TFScreen",-1807,707918,1.17163912615378,1.17756089222468
"TFScreen",-1806,700804,1.15986510607877,1.17887018660826
"TFScreen",-1805,705338,1.16736909919377,1.17829543315557
"TFScreen",-1804,723066,1.19670981157635,1.18076566932997
"TFScreen",-1803,714020,1.18173823642897,1.18298433802456
"TFScreen",-1802,702176,1.16213583359394,1.18353802721458
"TFScreen",-1801,706554,1.16938163903229,1.1857609087617
"TFScreen",-1800,707352,1.17070236830131,1.1876831731888
"TFScreen",-1799,729354,1.20711676100447,1.1885094941213
"TFScreen",-1798,739870,1.22452125848954,1.1892915801022
"TFScreen",-1797,729730,1.20773905950717,1.19266276488254
"TFScreen",-1796,722692,1.19609082317207,1.19635894114398
"TFScreen",-1795,713580,1.18101001477687,1.19884903790889
"TFScreen",-1794,710830,1.17645862945128,1.19988058494335
"TFScreen",-1793,728264,1.20531275736633,1.19775851093898
"TFScreen",-1792,736426,1.21882126901269,1.19389803342876
"TFScreen",-1791,726742,1.20279377246976,1.19371928811416
"TFScreen",-1790,723104,1.19677270344631,1.19399462811898
"TFScreen",-1789,714208,1.18204938568032,1.19450829520994
"TFScreen",-1788,715250,1.18377394695641,1.19423355704119
"TFScreen",-1787,714212,1.18205600587715,1.19303620416777
"TFScreen",-1786,728542,1.20577286104651,1.19348035919194
"TFScreen",-1785,724522,1.1991195632251,1.19058131481331
"TFScreen",-1784,716994,1.18666035277744,1.18948777866302
"TFScreen",-1783,709004,1.17343650959509,1.19222763739951
"TFScreen",-1782,720306,1.19214187575867,1.19326911472922
"TFScreen",-1781,739378,1.22370697427856,1.19485164269136
"TFScreen",-1780,707474,1.17090428430485,1.19118706282392
"TFScreen",-1779,715836,1.18474380579307,1.19151355889521
"TFScreen",-1778,732418,1.21218783178179,1.19363172096508
"TFScreen",-1777,722172,1.19523019758323,1.19557595240896
"TFScreen",-1776,724730,1.19946381346064,1.19556060558902
"TFScreen",-1775,704186,1.16546248250465,1.19337353328843
"TFScreen",-1774,726692,1.2027110200093,1.19874401751361
"TFScreen",-1773,731072,1.20996013554606,1.20110321493197
"TFScreen",-1772,721926,1.19482305547774,1.199537839298
"TFScreen",-1771,720204,1.19197306073932,1.19858693829774
"TFScreen",-1770,724842,1.19964917897208,1.1973965065392
"TFScreen",-1769,743168,1.22997961078183,1.19996544383008
"TFScreen",-1768,731516,1.21069497739499,1.19812653369952
"TFScreen",-1767,722014,1.19496869980816,1.19676036580675
"TFScreen",-1766,715852,1.18477028658042,1.19669175649407
"TFScreen",-1765,716818,1.18636906411661,1.19609503602461
"TFScreen",-1764,721260,1.19372079270435,1.19435392425641
"TFScreen",-1763,714470,1.18248300857316,1.19126108866128
"TFScreen",-1762,721992,1.19493228872556,1.19119819679132
"TFScreen",-1761,721470,1.1940683530383,1.19207477103618
"TFScreen",-1760,716238,1.18540913557521,1.1942534176317
"TFScreen",-1759,713270,1.18049694952199,1.19837027731034
"TFScreen",-1758,722612,1.19595841923533,1.199941069469
"TFScreen",-1757,731098,1.2100031668255,1.2026303739751
"TFScreen",-1756,727840,1.20461101650158,1.20362189891049
"TFScreen",-1755,730332,1.20873539913117,1.20420086521571
"TFScreen",-1754,744180,1.23165452058165,1.20769061170304
"TFScreen",-1753,731700,1.2109995064495,1.21250229113155
"TFScreen",-1752,732344,1.2120653581403,1.21410347601205
"TFScreen",-1751,728582,1.20583906301489,1.21226727414383
"TFScreen",-1750,725318,1.20043698239571,1.21044641909556
"TFScreen",-1749,739432,1.22379634693586,1.21038322630757
"TFScreen",-1748,745250,1.23342542323561,1.20565279474933
"TFScreen",-1747,733254,1.21357145292077,1.20182421455115
"TFScreen",-1746,718894,1.18980494627513,1.20195842399612
"TFScreen",-1745,715738,1.18458161097056,1.20325778808445
"TFScreen",-1744,729912,1.20804027846326,1.21819144755904
"TFScreen",-1743,712740,1.17961977344105,1.21595863571666
"TFScreen",-1742,706254,1.16888512426949,1.20916541100755
"TFScreen",-1741,733236,1.213541662035,1.20680320440882
"TFScreen",-1740,737218,1.22013206798646,1.20808270790663
"TFScreen",-1739,824572,1.36470723661621,1.20992853915206
"TFScreen",-1738,724592,1.19923541666975,1.21136662645593
"TFScreen",-1737,700100,1.15869995143542,1.21507604311105
"TFScreen",-1736,717554,1.18758718033466,1.21572572515521
"TFScreen",-1735,727398,1.20387948475107,1.21220859512641
"TFScreen",-1734,728006,1.20488575467033,1.21315137133964
"TFScreen",-1733,739470,1.22385923880582,1.19998921635508
"TFScreen",-1732,737394,1.2204233566473,1.20027569032731
"TFScreen",-1731,710572,1.17603162675528,1.2004020759033
"TFScreen",-1730,709860,1.17485323171825,1.20306008493344
"TFScreen",-1729,743484,1.23050260633197,1.20915036510565
"TFScreen",-1728,737092,1.21992353178608,1.21213186102671
"TFScreen",-1727,726496,1.20238663036427,1.21074131877285
"TFScreen",-1726,700940,1.16009019277124,1.20788470383759
"TFScreen",-1725,735220,1.21682527966626,1.20921415972972
"TFScreen",-1724,767876,1.27087256664537,1.21334215337577
"TFScreen",-1723,747822,1.23768220980194,1.21365270079104
"TFScreen",-1722,730228,1.20856327401341,1.21415252565225
"TFScreen",-1721,718408,1.1890005923594,1.21489218218979
"TFScreen",-1720,719408,1.19065564156871,1.2214750651903
"TFScreen",-1719,737296,1.22026116182478,1.22397148123401
"TFScreen",-1718,745548,1.23391862789998,1.21985131145695
"TFScreen",-1717,740414,1.2254216052594,1.21722760708314
"TFScreen",-1716,731412,1.21052285227722,1.2172802677398
"TFScreen",-1715,744692,1.23250190577681,1.21790226532446
"TFScreen",-1714,751812,1.24428585614708,1.22065024884799
"TFScreen",-1713,740492,1.22555069909773,1.22002223290257
"TFScreen",-1712,730384,1.20882146169006,1.21880441760256
"TFScreen",-1711,730578,1.20914254123666,1.21918868993715
"TFScreen",-1710,722542,1.19584256579068,1.22076369494834
"TFScreen",-1709,737672,1.22088346032748,1.21841202048093
"TFScreen",-1708,733122,1.21335298642514,1.21567366633462
"TFScreen",-1707,737454,1.22052265959985,1.21691104130711
"TFScreen",-1706,742968,1.22964860093997,1.21582803728815
"TFScreen",-1705,741880,1.22784790740024,1.21368339443092
"TFScreen",-1704,729062,1.20663348663535,1.21686951461786
"TFScreen",-1703,733612,1.2141639605377,1.22069328012743
"TFScreen",-1702,748716,1.23916182379506,1.22132460617127
"TFScreen",-1701,723186,1.19690841748147,1.21974328188129
"TFScreen",-1700,716324,1.18555146980721,1.21811381070522
"TFScreen",-1699,743718,1.23088988784695,1.21658093421936
"TFScreen",-1698,763086,1.2629448809328,1.21988290785095
"TFScreen",-1697,737318,1.22029757290739,1.2197228194547
"TFScreen",-1696,726944,1.20312809241004,1.2187517569459
"TFScreen",-1695,732138,1.21172441800318,1.21904455019692
"TFScreen",-1694,731692,1.21098626605583,1.22506652197449
"TFScreen",-1693,751008,1.24295519658279,1.22955140441368
"TFScreen",-1692,732548,1.212402988179,1.22671103905247
"TFScreen",-1691,742262,1.2284801361982,1.22552482014645
"TFScreen",-1690,725132,1.20012914324278,1.2277368686442
"TFScreen",-1689,756348,1.25179315936049,1.2271801702738
"TFScreen",-1688,773526,1.28022359467795,1.23138880995405
"TFScreen",-1687,744208,1.23170086195951,1.23184409894562
"TFScreen",-1686,729434,1.20724916494122,1.23257412610595
"TFScreen",-1685,741646,1.22746062588527,1.2309756494878
"TFScreen",-1684,728438,1.20560073592875,1.23092449342133
"TFScreen",-1683,759664,1.25728130253855,1.2277621457594
"TFScreen",-1682,754034,1.24796337549015,1.22449628229238
"TFScreen",-1681,737400,1.22043328694255,1.2254832934572
"TFScreen",-1680,731638,1.21089689339853,1.22747898188559
"TFScreen",-1679,724792,1.19956642651162,1.22565421490282
"TFScreen",-1678,735330,1.21700733507929,1.22829507160479
"TFScreen",-1677,751820,1.24429909654075,1.22532531148722
"TFScreen",-1676,750768,1.24255798477256,1.22078415737492
"TFScreen",-1675,742698,1.22920173765346,1.21856368317211
"TFScreen",-1674,729518,1.2073881890748,1.22004450083738
"TFScreen",-1673,745990,1.23465015965049,1.22719672076589
"TFScreen",-1672,739926,1.22461394124526,1.23408623924718
"TFScreen",-1671,723852,1.19801068025487,1.23635305482785
"TFScreen",-1670,722642,1.19600807071161,1.23472478732393
"TFScreen",-1669,741480,1.22718588771652,1.23231774393752
"TFScreen",-1668,772328,1.27824084572521,1.23551108615737
"TFScreen",-1667,781120,1.29279203837343,1.23605273862587
"TFScreen",-1666,766886,1.26923406792816,1.23794160115075
"TFScreen",-1665,739946,1.22464704222945,1.23892620497126
"TFScreen",-1664,726700,1.20272426040297,1.23854795099743
"TFScreen",-1663,750742,1.24251495349312,1.23746133596201
"TFScreen",-1662,749590,1.240608336804,1.23733585314014
"TFScreen",-1661,752480,1.24539142901889,1.23769545019562
"TFScreen",-1660,730396,1.20884132228057,1.23467092299512
"TFScreen",-1659,720128,1.19184727699941,1.23324457149474
"TFScreen",-1658,734258,1.21523312232691,1.23496582267241
"TFScreen",-1657,771494,1.27686053468464,1.2352875040551
"TFScreen",-1656,783510,1.29674760598367,1.23564800386469
"TFScreen",-1655,746784,1.23596426872268,1.23699370933087
"TFScreen",-1654,730466,1.20895717572522,1.24331870557276
"TFScreen",-1653,738140,1.22165802335744,1.2496036797156
"TFScreen",-1652,752880,1.24605344870261,1.25438436458619
"TFScreen",-1651,751986,1.24457383470949,1.25374250641101
"TFScreen",-1650,761424,1.26019418914693,1.25127708492522
"TFScreen",-1649,772434,1.27841628094139,1.25192616513331
"TFScreen",-1648,761900,1.26098199257056,1.25277385124651
"TFScreen",-1647,766032,1.26782065590341,1.25452368963781
"TFScreen",-1646,767228,1.26980009475774,1.25565183136248
"TFScreen",-1645,767124,1.26962796963998,1.25735562929395
"TFScreen",-1644,751098,1.24310415101163,1.2574564368367
"TFScreen",-1643,736100,1.21828172297045,1.25707005807583
"TFScreen",-1642,749770,1.24090624566167,1.25741340555726
"TFScreen",-1641,760378,1.25846300767399,1.25474576714989
"TFScreen",-1640,763310,1.26331561195568,1.2529556057415
"TFScreen",-1639,762094,1.26130307211716,1.24906293000121
"TFScreen",-1638,769866,1.27416611457189,1.2519339890023
"TFScreen",-1637,764182,1.2647588148662,1.25668428115105
"TFScreen",-1636,748302,1.23847663342241,1.25785545415516
"TFScreen",-1635,755330,1.25010831926542,1.2581933851119
"TFScreen",-1634,741252,1.2268085364968,1.25727678876798
"TFScreen",-1633,770180,1.27468580002362,1.25995405655256
"TFScreen",-1632,767672,1.27053493660667,1.25931430480365
"TFScreen",-1631,757554,1.25378914870691,1.25882110013928
"TFScreen",-1630,762624,1.2621802481981,1.26033832888716
"TFScreen",-1629,757218,1.25323305217259,1.26346577005667
"TFScreen",-1628,779888,1.29075301774756,1.26935383330731
"TFScreen",-1627,765614,1.26712884533392,1.26906555382685
"TFScreen",-1626,760904,1.25933356355809,1.2676735069828
"TFScreen",-1625,758386,1.25516614964906,1.26749355799605
"TFScreen",-1624,776116,1.28451017213006,1.26462340174907
"TFScreen",-1623,780386,1.2915772322538,1.26507507972419
"TFScreen",-1622,768264,1.27151472573858,1.26196960557146
"TFScreen",-1621,758420,1.25522242132217,1.26216038760758
"TFScreen",-1620,756358,1.25180970985258,1.2605703366945
"TFScreen",-1619,743548,1.23060852948137,1.26150167802228
"TFScreen",-1618,760220,1.25820150989892,1.25816088596379
"TFScreen",-1617,759248,1.25659280206748,1.2544508674726
"TFScreen",-1616,766882,1.26922744773132,1.25674777485708
"TFScreen",-1615,750336,1.24184300351414,1.25499101535091
"TFScreen",-1614,764576,1.26541090425466,1.25472831390368
"TFScreen",-1613,753912,1.24776145948662,1.25745132123005
"TFScreen",-1612,755728,1.25076702885072,1.25748261670601
"TFScreen",-1611,783530,1.29678070696786,1.2613879310039
"TFScreen",-1610,746744,1.23589806675431,1.26158623599097
"TFScreen",-1609,754612,1.24891999393313,1.26490476011465
"TFScreen",-1608,761646,1.26056161007139,1.26365685301084
"TFScreen",-1607,760428,1.25854576013446,1.26618275902228
"TFScreen",-1606,785204,1.29955125934424,1.26835929919153
"TFScreen",-1605,768200,1.27140880258919,1.26573439114557
"TFScreen",-1604,772392,1.2783467688746,1.26792447262654
"TFScreen",-1603,756282,1.25168392611267,1.27000592269577
"TFScreen",-1602,770700,1.27554642561245,1.27237174031097
"TFScreen",-1601,770194,1.27470897071255,1.27627916103512
"TFScreen",-1600,766084,1.2679067184623,1.27634175198704
"TFScreen",-1599,761300,1.25998896304497,1.27687136773401
"TFScreen",-1598,768446,1.27181594469468,1.2792474165625
"TFScreen",-1597,777370,1.28658560383853,1.28761564628279
"TFScreen",-1596,786398,1.30152738810015,1.28792198084553
"TFScreen",-1595,785620,1.30023975981531,1.28630906016156
"TFScreen",-1594,771720,1.27723457580595,1.28461128059084
"TFScreen",-1593,788184,1.30448330598797,1.28542165286733
"TFScreen",-1592,811900,1.34373445303588,1.28852802977418
"TFScreen",-1591,772736,1.2789161058026,1.28875191279449
"TFScreen",-1590,759474,1.25696684318878,1.28733127873683
"TFScreen",-1589,754800,1.24923114318448,1.28320057682844
"TFScreen",-1588,766686,1.2689030580863,1.28272542724635
"TFScreen",-1587,789092,1.30598609067002,1.28322585394364
"TFScreen",-1586,778858,1.28904831706198,1.27840665156417
"TFScreen",-1585,776956,1.28590041346588,1.28172607844197
"TFScreen",-1584,758166,1.25480203882301,1.28398838025207
"TFScreen",-1583,768562,1.27200793040296,1.28775557317049
"TFScreen",-1582,791510,1.30998799965812,1.28805709304462
"TFScreen",-1581,779870,1.29072322686179,1.28221988494242
"TFScreen",-1580,794798,1.31542980145832,1.28195236880658
"TFScreen",-1579,774510,1.28185216309991,1.28185457044422
"TFScreen",-1578,779838,1.2906702652871,1.28513066512453
"TFScreen",-1577,768690,1.27221977670175,1.28755787001949
"TFScreen",-1576,750296,1.24177680154577,1.28395919120238
"TFScreen",-1575,777080,1.28610563956783,1.28578064808673
"TFScreen",-1574,776306,1.28482463147983,1.28532475725908
"TFScreen",-1573,779940,1.29083908030645,1.28824336131018
"TFScreen",-1572,784694,1.29870718424749,1.28913377778478
"TFScreen",-1571,767592,1.27040253266993,1.29072653696021
"TFScreen",-1570,791976,1.31075925258966,1.29311642801845
"TFScreen",-1569,791768,1.31041500235412,1.29406552351048
"TFScreen",-1568,793908,1.31395680766204,1.29631368217279
"TFScreen",-1567,785756,1.30046484650777,1.29636212997692
"TFScreen",-1566,779276,1.28974012763147,1.2942111678409
"TFScreen",-1565,766180,1.26806560318639,1.29531433336841
"TFScreen",-1564,783388,1.29654568998013,1.29299606080323
"TFScreen",-1563,791248,1.30955437676528,1.29509767238101
"TFScreen",-1562,780262,1.29137200615184,1.29203041481911
"TFScreen",-1561,770398,1.27504660075124,1.29070456994344
"TFScreen",-1560,774924,1.28253735347257,1.29067056620513
"TFScreen",-1559,776568,1.28525825437266,1.29038349039683
"TFScreen",-1558,805736,1.33353272970971,1.28678390882561
"TFScreen",-1557,773522,1.28021697448112,1.28728132634251
"TFScreen",-1556,776944,1.28588055287536,1.29104460732644
"TFScreen",-1555,779050,1.28936608651016,1.29333308900585
"TFScreen",-1554,764272,1.26490776929503,1.29309145182129
"TFScreen",-1553,759464,1.25695029269669,1.29365717773284
"TFScreen",-1552,794554,1.31502596945125,1.29055411092441
"TFScreen",-1551,805274,1.33276809697501,1.29390212501582
"TFScreen",-1550,785608,1.30021989922479,1.2951987808418
"TFScreen",-1549,773318,1.27987934444242,1.29473416339104
"TFScreen",-1548,780328,1.29148123939966,1.29700790008659
"TFScreen",-1547,785112,1.29939899481698,1.30046514742581
"TFScreen",-1546,795774,1.3170451294866,1.3010083044845
"TFScreen",-1545,785562,1.30014376696117,1.29824256679673
"TFScreen",-1544,775962,1.28425529455183,1.29696577156126
"TFScreen",-1543,779384,1.28991887294607,1.29903458307289
"TFScreen",-1542,782442,1.29498001342813,1.29948896931036
"TFScreen",-1541,798164,1.32100069709685,1.29931473776632
"TFScreen",-1540,786892,1.30234498240954,1.29875503021554
"TFScreen",-1539,777122,1.28617515163462,1.29895032602224
"TFScreen",-1538,787068,1.30263627107038,1.30302746451985
"TFScreen",-1537,783348,1.29647948801176,1.30546760889045
"TFScreen",-1536,783954,1.2974824478326,1.30401748486506
"TFScreen",-1535,792054,1.31088834642798,1.30081571694015
"TFScreen",-1534,786860,1.30229202083485,1.30125927012824
"TFScreen",-1533,803060,1.32910381802561,1.3056577890905
"TFScreen",-1532,795602,1.3167604610226,1.30672063160091
"TFScreen",-1531,772804,1.27902864914884,1.30770162440497
"TFScreen",-1530,776884,1.28578124992281,1.30771847581511
"TFScreen",-1529,789840,1.30722406747858,1.30804677739462
"TFScreen",-1528,806356,1.33455886021948,1.31009813566005
"TFScreen",-1527,794132,1.31432753868492,1.30952247945325
"TFScreen",-1526,789868,1.30727040885644,1.3077010225689
"TFScreen",-1525,784066,1.29766781334404,1.30999612444515
"TFScreen",-1524,794236,1.31449966380269,1.31286868803643
"TFScreen",-1523,800494,1.32485696175453,1.3132977971587
"TFScreen",-1522,799234,1.3227715997508,1.31057147973391
"TFScreen",-1521,783496,1.29672443529474,1.31123741135213
"TFScreen",-1520,788058,1.3042747697876,1.31751726988831
"TFScreen",-1519,795976,1.31737944942688,1.32238010538329
"TFScreen",-1518,792692,1.31194426782352,1.3243878305332
"TFScreen",-1517,788236,1.30456936854685,1.32333341372785
"TFScreen",-1516,798558,1.32165278648531,1.3195999236297
"TFScreen",-1515,831606,1.37634885275447,1.32365389143838
"TFScreen",-1514,816386,1.35115900378883,1.32753844239164
"TFScreen",-1513,807580,1.33658464045168,1.32809423800793
"TFScreen",-1512,793486,1.31325837689571,1.32696037884054
"TFScreen",-1511,774420,1.28170320867107,1.32888565244802
"TFScreen",-1510,810440,1.34131808119029,1.33210336902895
"TFScreen",-1509,813876,1.34700483027347,1.32944987376937
"TFScreen",-1508,799670,1.32349320120606,1.3278607256104
"TFScreen",-1507,785156,1.29947181698219,1.32555900353731
"TFScreen",-1506,801032,1.32574737822914,1.32719930776276
"TFScreen",-1505,819944,1.35704766887554,1.33122739662017
"TFScreen",-1504,813970,1.34716040489914,1.3321915380141
"TFScreen",-1503,805824,1.33367837404013,1.33621992778955
"TFScreen",-1502,792282,1.31126569764771,1.3400632529716
"TFScreen",-1501,804388,1.33130172337557,1.34541718670469
"TFScreen",-1500,801192,1.32601218610263,1.34763164254674
"TFScreen",-1499,816848,1.35192363652353,1.34737676496851
"TFScreen",-1498,840650,1.39131711780344,1.34720494076878
"TFScreen",-1497,825214,1.36576977820858,1.34789735317434
"TFScreen",-1496,820740,1.35836508804615,1.35059959715608
"TFScreen",-1495,815750,1.35010639249171,1.35560747514541
"TFScreen",-1494,818250,1.35424401551497,1.36256530202133
"TFScreen",-1493,812828,1.34527033870212,1.36370758689379
"TFScreen",-1492,810426,1.34129491050136,1.35837291191514
"TFScreen",-1491,810242,1.34099038144685,1.35598873829962
"TFScreen",-1490,837672,1.38638838125812,1.35505198044715
"TFScreen",-1489,847436,1.40254828173779,1.35544949317543
"TFScreen",-1488,824440,1.36448877012058,1.35703683582617
"TFScreen",-1487,805194,1.33263569303827,1.35858596188608
"TFScreen",-1486,809368,1.33954386843792,1.36046609778785
"TFScreen",-1485,814514,1.34806075166901,1.35958410701831
"TFScreen",-1484,818392,1.3544790325027,1.35357296829011
"TFScreen",-1483,828800,1.37170478467316,1.3488229770594
"TFScreen",-1482,823124,1.36231072536113,1.34746072110112
"TFScreen",-1481,822922,1.36197640542085,1.3498572323562
"TFScreen",-1480,804380,1.33128848298189,1.34940856356146
"TFScreen",-1479,797720,1.32026585524791,1.34932159824846
"TFScreen",-1478,815866,1.35029837819999,1.34897764893096
"TFScreen",-1477,815386,1.34950395457952,1.34759673605432
"TFScreen",-1476,821122,1.3589973168441,1.34757687546381
"TFScreen",-1475,806386,1.33460851169576,1.34677823899081
"TFScreen",-1474,813936,1.34710413322603,1.34851995259508
"TFScreen",-1473,816106,1.35069559001022,1.35173405815955
"TFScreen",-1472,819622,1.35651474303014,1.35341197713975
"TFScreen",-1471,822992,1.36209225886551,1.35457833545525
"TFScreen",-1470,817614,1.35319140421786,1.35421663197351
"TFScreen",-1469,815956,1.35044733262883,1.35712380113917
"TFScreen",-1468,819082,1.35562101645712,1.35846619650693
"TFScreen",-1467,827018,1.36875548698217,1.36215093788293
"TFScreen",-1466,823138,1.36233389605006,1.36470482927191
"TFScreen",-1465,818718,1.35501857854493,1.36660693219046
"TFScreen",-1464,825708,1.36658737251798,1.36922070626901
"TFScreen",-1463,822858,1.36187048227146,1.37007711900531
"TFScreen",-1462,840596,1.39122774514614,1.37190850618492
"TFScreen",-1461,836596,1.38460754830891,1.37517527240605
"TFScreen",-1460,835634,1.38301539096956,1.37759164425164
"TFScreen",-1459,834986,1.38194291908193,1.37962615110694
"TFScreen",-1458,821648,1.3598678727282,1.37951541326893
"TFScreen",-1457,831254,1.3757662754328,1.38185565285089
"TFScreen",-1456,848730,1.40468991541463,1.38286794113091
"TFScreen",-1455,839198,1.38891398635153,1.38234825567919
"TFScreen",-1454,832240,1.37739815395317,1.38439148915759
"TFScreen",-1453,824972,1.36536925629993,1.38520697704072
"TFScreen",-1452,838412,1.38761311767301,1.38880354943156
"TFScreen",-1451,847324,1.40236291622635,1.38903766366517
"TFScreen",-1450,833142,1.37889100833997,1.38740247504637
"TFScreen",-1449,849214,1.40549095923194,1.38530627999328
"TFScreen",-1448,840406,1.39091328579637,1.38709493681148
"TFScreen",-1447,845552,1.39943016902746,1.39092953537042
"TFScreen",-1446,832810,1.37834153200248,1.39235919696923
"TFScreen",-1445,837862,1.38670284060789,1.38984382308912
"TFScreen",-1444,825266,1.36585584076747,1.3922276957866
"TFScreen",-1443,844128,1.39707337895341,1.39671107363559
"TFScreen",-1442,850458,1.40754984044832,1.40021857428716
"TFScreen",-1441,847914,1.40333939525984,1.40110327331905
"TFScreen",-1440,830606,1.37469380354517,1.40308993420629
"TFScreen",-1439,848986,1.40511360801222,1.40516356040653
"TFScreen",-1438,879012,1.45480811557085,1.40943689746496
"TFScreen",-1437,863718,1.42949579296372,1.40997132790055
"TFScreen",-1436,851432,1.40916185837818,1.40954191786024
"TFScreen",-1435,846014,1.40019480176216,1.41234316387651
"TFScreen",-1434,851644,1.40951272881055,1.41597343908761
"TFScreen",-1433,853668,1.41286254841019,1.41551152989919
"TFScreen",-1432,847680,1.40295211374486,1.41017595216643
"TFScreen",-1431,847604,1.40282633000496,1.40789830353638
"TFScreen",-1430,866532,1.43415310143871,1.40906706919619
"TFScreen",-1429,854734,1.41462683086731,1.41232601154834
"TFScreen",-1428,845916,1.40003260693965,1.41410714541559
"TFScreen",-1427,843550,1.39611676051043,1.41568094675462
"TFScreen",-1426,848580,1.40444165803324,1.41713588546862
"TFScreen",-1425,859200,1.42201828063607,1.41996722328868
"TFScreen",-1424,867674,1.43604316763574,1.41976199718673
"TFScreen",-1423,863482,1.42910520135032,1.42065271457938
"TFScreen",-1422,864128,1.43017436313953,1.42264088005681
"TFScreen",-1421,857350,1.41895643959886,1.42858070120999
"TFScreen",-1420,866422,1.43397104602568,1.43331654929291
"TFScreen",-1419,865168,1.43189561431721,1.43164886152601
"TFScreen",-1418,860654,1.4244247221864,1.43071511285392
"TFScreen",-1417,859130,1.42190242719142,1.43139308119366
"TFScreen",-1416,883028,1.46145479319543,1.43432041186787
"TFScreen",-1415,880056,1.45653598694537,1.43357443605153
"TFScreen",-1414,848116,1.40367371520012,1.43076536616628
"TFScreen",-1413,861468,1.42577193224278,1.43143250145665
"TFScreen",-1412,867988,1.43656285308746,1.4328546401045
"TFScreen",-1411,883584,1.4623750005558,1.42984485788786
"TFScreen",-1410,852392,1.41075070561911,1.42712907259441
"TFScreen",-1409,847752,1.40307127728793,1.42489024239128
"TFScreen",-1408,869602,1.43923410251128,1.42967995480301
"TFScreen",-1407,870106,1.44006824731277,1.4306501145577
"TFScreen",-1406,839126,1.38879482280846,1.42961315099856
"TFScreen",-1405,864978,1.43158115496745,1.42775648670376
"TFScreen",-1404,865176,1.43190885471089,1.43026313396076
"TFScreen",-1403,879950,1.45636055172918,1.43354464516576
"TFScreen",-1402,867916,1.43644368954439,1.43181045451244
"TFScreen",-1401,861096,1.42515625393692,1.43129347732306
"TFScreen",-1400,871244,1.44195169331296,1.43495264066582
"TFScreen",-1399,869052,1.43832382544616,1.43633565996873
"TFScreen",-1398,869562,1.43916790054291,1.43826273908443
"TFScreen",-1397,858076,1.42015800532481,1.43638200134659
"TFScreen",-1396,866670,1.43438149822959,1.43454820682267
"TFScreen",-1395,863446,1.42904561957879,1.43302495971404
"TFScreen",-1394,874170,1.44679436729939,1.43343601375402
"TFScreen",-1393,877984,1.45310672498368,1.43636183983804
"TFScreen",-1392,867450,1.43567243661285,1.4372772325098
"TFScreen",-1391,855728,1.41627194978136,1.43877520250324
"TFScreen",-1390,850972,1.4084005357419,1.43932738710308
"TFScreen",-1389,873976,1.44647328775278,1.44177084157209
"TFScreen",-1388,888498,1.47050791237033,1.44225772695766
"TFScreen",-1387,875646,1.44923721993233,1.44207055593799
"TFScreen",-1386,868032,1.43663567525267,1.44545287468574
"TFScreen",-1385,870340,1.44045552882775,1.45109448606321
"TFScreen",-1384,879686,1.45592361873792,1.45861202048991
"TFScreen",-1383,877406,1.45215010654071,1.45866979675322
"TFScreen",-1382,876740,1.45104784376731,1.45613004851203
"TFScreen",-1381,889930,1.47287794283806,1.45678063331031
"TFScreen",-1380,893224,1.47832967493351,1.46094594079307
"TFScreen",-1379,900936,1.49109341443569,1.46684092515858
"TFScreen",-1378,874360,1.44710882664916,1.4687728189629
"TFScreen",-1377,871618,1.44257068171724,1.46859587915653
"TFScreen",-1376,879970,1.45639365271337,1.46854382033594
"TFScreen",-1375,895716,1.48245405756311,1.46816616819818
"TFScreen",-1374,909520,1.50530035684837,1.46859587915653
"TFScreen",-1373,892526,1.47717445058542,1.46930393930007
"TFScreen",-1372,876230,1.45020376867056,1.47034391203959
"TFScreen",-1371,876394,1.45047519674089,1.47070802286564
"TFScreen",-1370,887420,1.4687237693227,1.47320985543403
"TFScreen",-1369,896080,1.48305649547529,1.47501686825256
"TFScreen",-1368,905642,1.49888207601468,1.47275577011461
"TFScreen",-1367,881272,1.45854852678388,1.47132219658131
"TFScreen",-1366,874038,1.44657590080376,1.4720456035448
"TFScreen",-1365,896598,1.48391381096571,1.47202002551156
"TFScreen",-1364,907726,1.50233119856688,1.47191229685394
"TFScreen",-1363,894492,1.48042827733091,1.47177236996624
"TFScreen",-1362,882998,1.46140514171915,1.4678887217671
"TFScreen",-1361,881038,1.45816124526891,1.47093732241064
"TFScreen",-1360,876224,1.45019383837531,1.47437019538878
"TFScreen",-1359,886704,1.46753875408884,1.47577518170846
"TFScreen",-1358,895150,1.48151729971064,1.47445685978374
"TFScreen",-1357,879830,1.45616194582406,1.47364678842529
"TFScreen",-1356,901534,1.49208313386285,1.47519049796052
"TFScreen",-1355,896854,1.4843375035633,1.47725750396392
"TFScreen",-1354,905936,1.49936866048222,1.4801743025068
"TFScreen",-1353,898964,1.48782965739493,1.48041202775686
"TFScreen",-1352,889108,1.47151749238801,1.47821111322652
"TFScreen",-1351,893258,1.47838594660663,1.47815153145499
"TFScreen",-1350,894776,1.48089831130636,1.47889841002544
"TFScreen",-1349,895610,1.48227862234692,1.48353074230327
"TFScreen",-1348,888284,1.47015373183954,1.48423428867624
"TFScreen",-1347,880522,1.4573072398769,1.48186817014301
"TFScreen",-1346,879434,1.45550654633718,1.48095548573359
"TFScreen",-1345,906498,1.50029879813785,1.48306221291802
"TFScreen",-1344,927642,1.53529315861942,1.48800057884055
"TFScreen",-1343,910612,1.50710767058493,1.49098057017141
"TFScreen",-1342,883238,1.46180235352938,1.49487505141993
"TFScreen",-1341,883042,1.46147796388436,1.49597580960314
"TFScreen",-1340,907260,1.50155994563534,1.49904517359131
"TFScreen",-1339,927598,1.53522033645421,1.49766004786214
"TFScreen",-1338,915416,1.51505852698644,1.49118429168318
"TFScreen",-1337,914168,1.51299302557323,1.49109552086195
"TFScreen",-1336,887838,1.46941557989219,1.49681597276539
"TFScreen",-1335,899834,1.48926955020703,1.50011884915109
"TFScreen",-1334,897292,1.48506241511697,1.50083834418008
"TFScreen",-1333,884602,1.46405984065087,1.49757488805737
"TFScreen",-1332,910022,1.50613119155144,1.49737477756206
"TFScreen",-1331,921258,1.52472732446721,1.49829528584047
"TFScreen",-1330,904994,1.49780960412705,1.50552454078672
"TFScreen",-1329,912042,1.50947439095424,1.50966577482645
"TFScreen",-1328,905908,1.49932231910436,1.51116946226261
"TFScreen",-1327,914086,1.51285731153806,1.51714027797371
"TFScreen",-1326,920286,1.52311861663576,1.51512833997127
"TFScreen",-1325,935886,1.54893738430094,1.5112263357718
"TFScreen",-1324,927358,1.53482312464398,1.51133948095411
"TFScreen",-1323,907286,1.50160297691478,1.50981382650117
"TFScreen",-1322,924286,1.52973881347299,1.51240021703826
"TFScreen",-1321,896650,1.4839998735246,1.51330808675907
"TFScreen",-1320,895324,1.48180527827306,1.51198916299827
"TFScreen",-1319,905746,1.49905420113245,1.50574210452824
"TFScreen",-1318,901902,1.49269219197188,1.50030120548215
"TFScreen",-1317,923098,1.52777261501233,1.5005657124376
"TFScreen",-1316,920120,1.52284387846702,1.49793659153911
"TFScreen",-1315,911520,1.50861045526698,1.50213108807157
"TFScreen",-1314,894366,1.48021974113054,1.5071097770112
"TFScreen",-1313,891196,1.47497323513704,1.50746305478788
"TFScreen",-1312,909044,1.50451255342474,1.50790119145129
"TFScreen",-1311,906812,1.50081848358957,1.50703514933776
"TFScreen",-1310,924528,1.53013933538164,1.50743145839388
"TFScreen",-1309,928414,1.53657085660901,1.51204302732709
"TFScreen",-1308,908094,1.5029402566759,1.51742976112632
"TFScreen",-1307,904814,1.49751169526938,1.52164682651163
"TFScreen",-1306,917342,1.51824615176357,1.52320949388326
"TFScreen",-1305,922754,1.52720327808433,1.52363469107103
"TFScreen",-1304,942170,1.55933771353223,1.5217169404145
"TFScreen",-1303,930168,1.53947381292213,1.5197266685108
"TFScreen",-1302,919224,1.52136095437548,1.52397864038853
"TFScreen",-1301,919430,1.5217018945126,1.52923628034944
"TFScreen",-1300,909638,1.50549565265507,1.52934852277763
"TFScreen",-1299,911782,1.50904407815982,1.52814665613364
"TFScreen",-1298,915186,1.5146778656683,1.52086955521934
"TFScreen",-1297,936354,1.5497119473309,1.51697086111829
"TFScreen",-1296,939758,1.55534573483938,1.51763468631024
"TFScreen",-1295,918088,1.51948081847371,1.51876132344472
"TFScreen",-1294,914766,1.51398274500039,1.5204169744901
"TFScreen",-1293,893804,1.47928960347491,1.52051055999994
"TFScreen",-1292,904256,1.49658817781058,1.52387903651793
"TFScreen",-1291,923636,1.52866303148694,1.52251497505142
"TFScreen",-1290,926918,1.53409490299188,1.51895421190711
"TFScreen",-1289,920642,1.52370781415428,1.51880525747827
"TFScreen",-1288,912404,1.51007351876801,1.51970710883833
"TFScreen",-1287,937574,1.55173110736625,1.5229552181411
"TFScreen",-1286,927288,1.53470727119933,1.52628878816668
"TFScreen",-1285,916092,1.51617734025193,1.52816049836339
"TFScreen",-1284,917098,1.5178423197565,1.53123317244997
"TFScreen",-1283,920760,1.52390310996098,1.53197282898752
"TFScreen",-1282,915392,1.51501880580542,1.53533137521026
"TFScreen",-1281,926412,1.53325744809198,1.53944221652813
"TFScreen",-1280,936076,1.54925184365071,1.54402068447715
"TFScreen",-1279,947340,1.56789431794434,1.5455424269956
"TFScreen",-1278,925558,1.53184403606723,1.54749448230847
"TFScreen",-1277,934726,1.54701752721815,1.54577894857351
"TFScreen",-1276,964896,1.59695036186292,1.54623122838471
"TFScreen",-1275,957718,1.58507041863852,1.54825129117418
"TFScreen",-1274,926206,1.53291650795486,1.55010163619018
"TFScreen",-1273,930072,1.53931492819804,1.54850105314576
"TFScreen",-1272,909358,1.50503223887646,1.54967463349418
"TFScreen",-1271,918398,1.51999388372859,1.55297811171596
"TFScreen",-1270,939838,1.55547813877612,1.55231097642559
"TFScreen",-1269,948374,1.56960563882676,1.55020394832312
"TFScreen",-1268,936702,1.55028790445574,1.55271390567854
"TFScreen",-1267,933358,1.54475341989982,1.55247347216614
"TFScreen",-1266,956682,1.58335578765768,1.55809973672366
"TFScreen",-1265,960462,1.58961187366886,1.5640257156471
"TFScreen",-1264,943714,1.5618931095114,1.56932879423175
"TFScreen",-1263,942888,1.56052603886451,1.57203916300052
"TFScreen",-1262,928474,1.53667015956157,1.57414679293906
"TFScreen",-1261,946752,1.56692114900927,1.5759823929712
"TFScreen",-1260,957784,1.58517965188634,1.57505707000418
"TFScreen",-1259,975084,1.61381200320734,1.57337915102398
"TFScreen",-1258,966388,1.59941969528321,1.57898405040081
"TFScreen",-1257,950710,1.5734718337797,1.58303260168481
"TFScreen",-1256,945558,1.56494502025336,1.58542550192343
"TFScreen",-1255,950532,1.57317723502045,1.58478274099414
"TFScreen",-1254,949310,1.57115476488667,1.58206936304499
"TFScreen",-1253,980966,1.62354700265648,1.57654872071882
"TFScreen",-1252,969796,1.60506010298852,1.5787586627903
"TFScreen",-1251,944378,1.56299206218637,1.58268353676066
"TFScreen",-1250,942480,1.55985077878711,1.5832721324431
"TFScreen",-1249,939750,1.5553324944457,1.5826221494809
"TFScreen",-1248,938392,1.55308493761947,1.58326641500038
"TFScreen",-1247,981076,1.6237290580695,1.57643587645455
"TFScreen",-1246,976796,1.61664544745367,1.57504653787285
"TFScreen",-1245,949470,1.57141957276016,1.58114133181563
"TFScreen",-1244,946212,1.56602742243624,1.58517814729615
"TFScreen",-1243,953592,1.57824168560092,1.5917282302305
"TFScreen",-1242,935568,1.54841107865239,1.59633618814725
"TFScreen",-1241,960562,1.58977737858979,1.59427128857011
"TFScreen",-1240,984886,1.63003479555696,1.59289519038208
"TFScreen",-1239,969310,1.6042557490728,1.59684323504138
"TFScreen",-1238,983284,1.62738340672365,1.5998229254542
"TFScreen",-1237,969018,1.60377247470368,1.60048073228539
"TFScreen",-1236,967352,1.60101516272098,1.60413538185758
"TFScreen",-1235,967650,1.60150836738535,1.60515489217051
"TFScreen",-1234,975710,1.61484806401236,1.60316311567662
"TFScreen",-1233,966016,1.59880401697735,1.60315950466016
"TFScreen",-1232,957964,1.58547756074401,1.6019507169013
"TFScreen",-1231,959858,1.58861222394644,1.60636819369995
"TFScreen",-1230,967338,1.60099199203205,1.60963887185558
"TFScreen",-1229,971648,1.60812525412416,1.6093235097517
"TFScreen",-1228,969286,1.60421602789178,1.60535319715759
"TFScreen",-1227,975250,1.61408674137608,1.60474805098306
"TFScreen",-1226,998378,1.65236471948892,1.60847221262204
"TFScreen",-1225,989090,1.63699262243288,1.61439518236509
"TFScreen",-1224,965554,1.59803938424265,1.61811633482369
"TFScreen",-1223,949322,1.57117462547719,1.61888788867326
"TFScreen",-1222,961994,1.59214740905752,1.62067383722912
"TFScreen",-1221,982716,1.62644333877276,1.62101297185801
"TFScreen",-1220,999224,1.65376489111999,1.62012556456378
"TFScreen",-1219,992070,1.64192466907662,1.62131388989607
"TFScreen",-1218,976776,1.61661234646948,1.62592154689478
"TFScreen",-1217,981156,1.62386146200625,1.63221584949679
"TFScreen",-1216,977504,1.61781722229386,1.6349289265279
"TFScreen",-1215,992480,1.64260323925243,1.63496714311873
"TFScreen",-1214,996988,1.65006420108798,1.63335813436925
"TFScreen",-1213,996178,1.64872361122845,1.63363889089875
"TFScreen",-1212,991156,1.64041195409931,1.63531470345268
"TFScreen",-1211,980026,1.62199125639973,1.63520246102449
"TFScreen",-1210,982970,1.62686372127193,1.6356746014262
"TFScreen",-1209,988530,1.63606579487567,1.63801454009012
"TFScreen",-1208,993936,1.64501299090118,1.64030091534327
"TFScreen",-1207,987914,1.63504628456274,1.64216540350706
"TFScreen",-1206,980410,1.6226267952961,1.64562325268236
"TFScreen",-1205,980642,1.62301076671266,1.64931461425519
"TFScreen",-1204,1008032,1.66834256455556,1.65088360090561
"TFScreen",-1203,1012184,1.67521432887261,1.65375827092316
"TFScreen",-1202,1008570,1.66923298103017,1.65606871961935
"TFScreen",-1201,1014138,1.67844829502759,1.66077959150511
"TFScreen",-1200,1004560,1.66259623370085,1.66193722319751
"TFScreen",-1199,993398,1.64412257442658,1.66197965264088
"TFScreen",-1198,1007636,1.66768716506868,1.66287518472213
"TFScreen",-1197,1009292,1.67042792655929,1.66708593082864
"TFScreen",-1196,1019224,1.68686587530612,1.67100298093002
"TFScreen",-1195,988104,1.63536074391251,1.66760561628037
"TFScreen",-1194,980924,1.62347749058969,1.66584975952831
"TFScreen",-1193,1013984,1.67819341744936,1.66760080159176
"TFScreen",-1192,1040170,1.72153253604425,1.66948184024764
"TFScreen",-1191,1034604,1.71232053214526,1.67316417427933
"TFScreen",-1190,991558,1.64107728388145,1.67481771889845
"TFScreen",-1189,992890,1.64328180942825,1.67846604919184
"TFScreen",-1188,1005036,1.66338403712448,1.68396622909142
"TFScreen",-1187,1020138,1.68837859028343,1.68778517991238
"TFScreen",-1186,1033766,1.71093360090786,1.68286396631802
"TFScreen",-1185,1030214,1.7050548661164,1.67953822016143
"TFScreen",-1184,1012352,1.67549237713977,1.68094531290738
"TFScreen",-1183,1017480,1.68397946948509,1.6845978560533
"TFScreen",-1182,1039366,1.72020187647997,1.68407696692942
"TFScreen",-1181,1007462,1.66739918650626,1.68469956635016
"TFScreen",-1180,1012500,1.67573732442275,1.68245562054038
"TFScreen",-1179,1000910,1.65655530408688,1.67977022796877
"TFScreen",-1178,1017166,1.68345978403337,1.6789267547081
"TFScreen",-1177,1001574,1.65765425676186,1.68161004085344
"TFScreen",-1176,1024276,1.69522718391154,1.68111262333654
"TFScreen",-1175,1018852,1.68625019700026,1.68222902925772
"TFScreen",-1174,1012366,1.6755155478287,1.68395840522243
"TFScreen",-1173,1006746,1.6662141712724,1.68592580735524
"TFScreen",-1172,1035314,1.71349561708386,1.68341885918019
"TFScreen",-1171,1036060,1.71473028379401,1.68984947765344
"TFScreen",-1170,1014882,1.67967965163931,1.69115967479114
"TFScreen",-1169,1023994,1.69476046003451,1.69461451478606
"TFScreen",-1168,1013986,1.67819672754778,1.69965429008741
"TFScreen",-1167,1000504,1.65588335410791,1.70494713745878
"TFScreen",-1166,1044314,1.72839105996762,1.70667711525956
"TFScreen",-1165,1032984,1.70963935242618,1.70923521950107
"TFScreen",-1164,1041814,1.72425343694435,1.71470109474431
"TFScreen",-1163,1045862,1.73095307614363,1.71867291192861
"TFScreen",-1162,1041924,1.72443549235738,1.72100532764158
"TFScreen",-1161,1046812,1.73252537289247,1.72635354393195
"TFScreen",-1160,1053062,1.74286943045063,1.72340033430647
"TFScreen",-1159,1051210,1.739804279315,1.72715669417552
"TFScreen",-1158,1050392,1.73845044906178,1.73521166821819
"TFScreen",-1157,1029488,1.70385330039044,1.73904446126891
"TFScreen",-1156,1036050,1.71471373330191,1.73855998322764
"TFScreen",-1155,1024686,1.69590575408735,1.73644452942011
"TFScreen",-1154,1057950,1.75095931098572,1.73521588107072
"TFScreen",-1153,1095350,1.81285815141378,1.73937667478292
"TFScreen",-1152,1071336,1.7731137997015,1.73831022125605
"TFScreen",-1151,1038704,1.71910623390341,1.73917836979584
"TFScreen",-1150,1032752,1.70925538100962,1.7425615912977
"TFScreen",-1149,1044896,1.72935429860744,1.74541188695417
"TFScreen",-1148,1078864,1.78557301014916,1.74670764002603
"TFScreen",-1147,1043304,1.72671946026622,1.74086200621876
"TFScreen",-1146,1035258,1.71340293432814,1.73970136534598
"TFScreen",-1145,1058536,1.75192916982238,1.7430328289453
"TFScreen",-1144,1043630,1.72725900630845,1.74656440303992
"TFScreen",-1143,1066562,1.76521259477627,1.74997952185381
"TFScreen",-1142,1056498,1.74855617953381,1.74779425506145
"TFScreen",-1141,1063622,1.76034675010091,1.74941951338499
"TFScreen",-1140,1060846,1.75575233349587,1.75576527297151
"TFScreen",-1139,1056224,1.74810269605046,1.75710345548674
"TFScreen",-1138,1067594,1.76692060556027,1.76310857585418
"TFScreen",-1137,1064340,1.76153507543319,1.76125221247742
"TFScreen",-1136,1054106,1.74459730182515,1.75994863553656
"TFScreen",-1135,1077434,1.78320628977985,1.75921981204839
"TFScreen",-1134,1067430,1.76664917748995,1.76194883773552
"TFScreen",-1133,1083542,1.79331533035029,1.76850132801418
"TFScreen",-1132,1054224,1.74479259763185,1.77235368073737
"TFScreen",-1131,1047834,1.73421683318438,1.77178795482582
"TFScreen",-1130,1058778,1.75232969173103,1.76965143675563
"TFScreen",-1129,1078984,1.78577161605427,1.76644455322407
"TFScreen",-1128,1099774,1.82018008911575,1.76452740440362
"TFScreen",-1127,1093198,1.80929648551536,1.76177400435541
"TFScreen",-1126,1060580,1.7553120904062,1.76546717143646
"TFScreen",-1125,1039906,1.721095603053,1.76885791588928
"TFScreen",-1124,1056120,1.74793057093269,1.77039981991627
"TFScreen",-1123,1054688,1.74556054046497,1.77195075148441
"TFScreen",-1122,1065242,1.76302792981999,1.77237474500003
"TFScreen",-1121,1078770,1.78541743552348,1.77119755363516
"TFScreen",-1120,1070370,1.77151502216531,1.77319956134234
"TFScreen",-1119,1069026,1.769290636028,1.77996149057549
"TFScreen",-1118,1089292,1.8028318633038,1.78387492966041
"TFScreen",-1117,1102592,1.82484401778758,1.79020594426306
"TFScreen",-1116,1085374,1.79634738050174,1.79629201158274
"TFScreen",-1115,1073886,1.77733417518523,1.79926839189715
"TFScreen",-1114,1084848,1.79547682461765,1.80061831021587
"TFScreen",-1113,1082130,1.79097840086675,1.80104531291187
"TFScreen",-1112,1096766,1.81520170109416,1.80338133964129
"TFScreen",-1111,1105692,1.82997467033643,1.80292755523991
"TFScreen",-1110,1098552,1.81815761898198,1.80462352930239
"TFScreen",-1109,1079342,1.78636412367121,1.81069695806447
"TFScreen",-1108,1071864,1.77398766568401,1.81137703283047
"TFScreen",-1107,1104818,1.8285281573275,1.80953541443757
"TFScreen",-1106,1099576,1.81985238937231,1.80888212137695
"TFScreen",-1105,1096646,1.81500309518904,1.80887640393423
"TFScreen",-1104,1114252,1.84414189156809,1.81423545327396
"TFScreen",-1103,1089368,1.80295764704371,1.82082947024188
"TFScreen",-1102,1069890,1.77072059854484,1.82255162417367
"TFScreen",-1101,1092424,1.80801547742735,1.81993363724259
"TFScreen",-1100,1105654,1.82991177846648,1.81823706134403
"TFScreen",-1099,1134170,1.87710716171906,1.81589110431935
"TFScreen",-1098,1123168,1.85889831031827,1.80987214172216
"TFScreen",-1097,1083310,1.79293135893373,1.80858842537181
"TFScreen",-1096,1087418,1.79973030108556,1.81506779256723
"TFScreen",-1095,1088300,1.80119005448817,1.81692957246868
"TFScreen",-1094,1081054,1.78919756791754,1.81168156188498
"TFScreen",-1093,1074248,1.777933302999,1.81161656358876
"TFScreen",-1092,1080836,1.78883676718991,1.81555016418223
"TFScreen",-1091,1112954,1.84199363769441,1.82004407416255
"TFScreen",-1090,1104798,1.82849505634331,1.82474922860559
"TFScreen",-1089,1070774,1.77218366204587,1.82807286833592
"TFScreen",-1088,1133738,1.87639218046064,1.83204167633983
"TFScreen",-1087,1149312,1.90216791684638,1.83960976499694
"TFScreen",-1086,1113178,1.8423643687173,1.84475937538218
"TFScreen",-1085,1118690,1.85148699995899,1.84562963034824
"TFScreen",-1084,1110390,1.83775009152175,1.84834571655973
"TFScreen",-1083,1107432,1.83285445596062,1.85331357244999
"TFScreen",-1082,1124548,1.86118227822711,1.85103562290191
"TFScreen",-1081,1115062,1.84548248142763,1.84258855265565
"TFScreen",-1080,1118738,1.85156644232104,1.84272697495315
"TFScreen",-1079,1122850,1.85837200466971,1.8431654125346
"TFScreen",-1078,1103792,1.82683007683875,1.84532209211335
"TFScreen",-1077,1118598,1.85133473543174,1.8484561534797
"TFScreen",-1076,1093170,1.80925014413749,1.84745921201962
"TFScreen",-1075,1114098,1.84388701398986,1.84602052287967
"TFScreen",-1074,1121604,1.85630981335491,1.84914134385235
"TFScreen",-1073,1124724,1.86147356688795,1.85061223122237
"TFScreen",-1072,1128262,1.86732913099048,1.8553805784534
"TFScreen",-1071,1117922,1.85021592216625,1.85601702010389
"TFScreen",-1070,1105500,1.82965690088824,1.86456790707328
"TFScreen",-1069,1139480,1.88589547302047,1.87007260074343
"TFScreen",-1068,1132626,1.87455176573989,1.87410038868281
"TFScreen",-1067,1135484,1.87928189638009,1.87854163800647
"TFScreen",-1066,1122828,1.8583355935871,1.88542543904503
"TFScreen",-1065,1150002,1.9033099008008,1.89227072257472
"TFScreen",-1064,1150684,1.90443864436154,1.89877957973787
"TFScreen",-1063,1148374,1.90061548068805,1.90091038036534
"TFScreen",-1062,1154242,1.91032730944826,1.90484729105722
"TFScreen",-1061,1174014,1.94305094241466,1.91022319180709
"TFScreen",-1060,1163418,1.92551404099285,1.9191514299962
"TFScreen",-1059,1148760,1.90125432968284,1.92152266413608
"TFScreen",-1058,1153642,1.90933427992267,1.92052120890543
"TFScreen",-1057,1158792,1.9178577833506,1.9203469773614
"TFScreen",-1056,1171214,1.9384168046286,1.92187774742099
"TFScreen",-1055,1182168,1.95654621366735,1.92037496273894
"TFScreen",-1054,1165762,1.92939347633947,1.92021667985092
"TFScreen",-1053,1144028,1.8934226368244,1.92167312315511
"TFScreen",-1052,1147216,1.89869893370367,1.92353670856479
"TFScreen",-1051,1164416,1.92716578010374,1.92281510710953
"TFScreen",-1050,1164026,1.92652031091211,1.92316236652545
"TFScreen",-1049,1162366,1.92377292922466,1.91986159656601
"TFScreen",-1048,1158440,1.91727520602892,1.91891791759867
"TFScreen",-1047,1166028,1.92983371942914,1.91937380842632
"TFScreen",-1046,1153996,1.90992016734277,1.92006441532366
"TFScreen",-1045,1173522,1.94223665820368,1.92078391035265
"TFScreen",-1044,1160230,1.92023774411358,1.92394746168673
"TFScreen",-1043,1159490,1.9190130076987,1.9282361455651
"TFScreen",-1042,1147058,1.8984374359286,1.93363882802036
"TFScreen",-1041,1151806,1.90629560957439,1.93836203754568
"TFScreen",-1040,1169198,1.93508022542264,1.94480740100279
"TFScreen",-1039,1185052,1.96131937558699,1.9474690210494
"TFScreen",-1038,1190870,1.97094845188673,1.95100480799655
"TFScreen",-1037,1194348,1.9767047130367,1.9516559946309
"TFScreen",-1036,1197420,1.98178902420769,1.9571697158422
"TFScreen",-1035,1196834,1.98081916537103,1.96318506742293
"TFScreen",-1034,1191212,1.97151447871631,1.96222874989799
"TFScreen",-1033,1183730,1.95913140053228,1.96017558612434
"TFScreen",-1032,1163818,1.92617606067657,1.95336250082472
"TFScreen",-1031,1183704,1.95908836925284,1.94879336133488
"TFScreen",-1030,1191786,1.97246447696246,1.94562710173846
"TFScreen",-1029,1162842,1.92456073264829,1.94534574337288
"TFScreen",-1028,1171406,1.93873457407679,1.94381407055917
"TFScreen",-1027,1145588,1.89600451359092,1.93912967946076
"TFScreen",-1026,1163980,1.92644417864848,1.94096287214859
"TFScreen",-1025,1176376,1.94696016864704,1.93847849282641
"TFScreen",-1024,1194964,1.97772422334963,1.93847217354761
"TFScreen",-1023,1181032,1.95466607776558,1.94438822217578
"TFScreen",-1022,1152596,1.90760309844974,1.94652112922952
"TFScreen",-1021,1176002,1.94634118024276,1.95534043508886
"TFScreen",-1020,1167192,1.93176019670877,1.95928005404308
"TFScreen",-1019,1191744,1.97239496489567,1.96236897770373
"TFScreen",-1018,1202162,1.98963726755822,1.96373424284238
"TFScreen",-1017,1185582,1.96219655166792,1.96514013191618
"TFScreen",-1016,1204204,1.99301687804362,1.97219034062979
"TFScreen",-1015,1190164,1.96977998714496,1.97609415033748
"TFScreen",-1014,1196906,1.98093832891411,1.98250490822022
"TFScreen",-1013,1204038,1.99274213987488,1.98568681555462
"TFScreen",-1012,1190376,1.97013085757733,1.98692118134673
"TFScreen",-1011,1199454,1.98515539429942,1.98822716563189
"TFScreen",-1010,1201948,1.98928308702743,1.98640360232127
"TFScreen",-1009,1209800,2.0022785334189,1.98965502172246
"TFScreen",-1008,1212892,2.00739594557408,1.99299039725627
"TFScreen",-1007,1210366,2.00321529127137,1.99665918997625
"TFScreen",-1006,1194262,1.9765623788047,2.00698308602587
"TFScreen",-1005,1192084,1.97295768162683,2.01478288157227
"TFScreen",-1004,1211774,2.00554560055807,2.02597101422718
"TFScreen",-1003,1219074,2.01762745978601,2.02907528470776
"TFScreen",-1002,1228422,2.03309885979461,2.03050885824106
"TFScreen",-1001,1258992,2.0836937141231,2.03052270047081
"TFScreen",-1000,1251294,2.07095314530986,2.03763790748064
"TFScreen",-999,1276308,2.11235254623145,2.0479795576945
"TFScreen",-998,1230432,2.03642550870531,2.05052261603411
"TFScreen",-997,1222420,2.02316525444035,2.05211537520954
"TFScreen",-996,1210458,2.00336755579863,2.0487655556099
"TFScreen",-995,1241552,2.0548296559128,2.04040003415195
"TFScreen",-994,1260818,2.0867158339793,2.04449703324008
"TFScreen",-993,1228676,2.03351924229377,2.04387443381934
"TFScreen",-992,1229660,2.03514781071573,2.04830936386421
"TFScreen",-991,1206158,1.99625084419861,2.05091531407377
"TFScreen",-990,1203392,1.99167297808567,2.05611277042707
"TFScreen",-989,1278524,2.11602013527928,2.05907741493799
"TFScreen",-988,1272170,2.10550395260334,2.05870277198061
"TFScreen",-987,1259908,2.08520973919883,2.06809231752207
"TFScreen",-986,1239740,2.05183070674554,2.0715480602711
"TFScreen",-985,1245002,2.06053957568491,2.07572781181969
"TFScreen",-984,1261256,2.08744074553297,2.0851146490988
"TFScreen",-983,1258328,2.08259476144812,2.09254551913055
"TFScreen",-982,1291082,2.13680424324975,2.09995291755533
"TFScreen",-981,1252628,2.07316098095508,2.10828834720947
"TFScreen",-980,1233938,2.04222811123314,2.11192885363387
"TFScreen",-979,1265780,2.09492818815588,2.11036257524579
"TFScreen",-978,1327912,2.1977597056285,2.11075256502311
"TFScreen",-977,1321402,2.18698533527592,2.11224782675421
"TFScreen",-976,1315308,2.1768994653944,2.10809937068157
"TFScreen",-975,1263936,2.09187627741391,2.1104733130838
"TFScreen",-974,1234592,2.04331051341603,2.11310062847406
"TFScreen",-973,1263848,2.0917306330835,2.11522661441292
"TFScreen",-972,1268266,2.09904264049021,2.1098747871061
"TFScreen",-971,1263510,2.09117122645075,2.10485065954272
"TFScreen",-970,1268406,2.09927434737951,2.10042204877666
"TFScreen",-969,1251400,2.07112858052605,2.100053123262
"TFScreen",-968,1279910,2.11831403348337,2.10997709923904
"TFScreen",-967,1292342,2.13888960525347,2.11639176905627
"TFScreen",-966,1288010,2.13171993207876,2.12324186727457
"TFScreen",-965,1285874,2.12818474696768,2.12947899544936
"TFScreen",-964,1261484,2.08781809675269,2.12916212875528
"TFScreen",-963,1300550,2.15247424916346,2.13378693808216
"TFScreen",-962,1306482,2.16229200107307,2.13509743613789
"TFScreen",-961,1313794,2.17439372089151,2.1347369363283
"TFScreen",-960,1304964,2.15977963637334,2.13607662343373
"TFScreen",-959,1266300,2.09578881374471,2.13960097549544
"TFScreen",-958,1282138,2.12200148312171,2.1461811502336
"TFScreen",-957,1288620,2.13272951209643,2.14581433114521
"TFScreen",-956,1289946,2.13492410734797,2.14350809530155
"TFScreen",-955,1296914,2.14645649023842,2.14080344397551
"TFScreen",-954,1309298,2.16695261964647,2.14104147014361
"TFScreen",-953,1305218,2.1602000188725,2.14794242351034
"TFScreen",-952,1298112,2.14843923919117,2.15142404521065
"TFScreen",-951,1291154,2.13692340679282,2.14730056533517
"TFScreen",-950,1295818,2.14464255630502,2.14722383123546
"TFScreen",-949,1306546,2.16239792422246,2.14796589511731
"TFScreen",-948,1312166,2.17169930077876,2.14781332967201
"TFScreen",-947,1305278,2.16029932182506,2.14789879039482
"TFScreen",-946,1261214,2.08737123346618,2.14738903523836
"TFScreen",-945,1289436,2.13408003225123,2.14814855236641
"TFScreen",-944,1301846,2.15461919293872,2.14985144754377
"TFScreen",-943,1308284,2.16527439974824,2.15090435975892
"TFScreen",-942,1305786,2.16114008682339,2.15167170075596
"TFScreen",-941,1294724,2.14283193247004,2.15143186907963
"TFScreen",-940,1296202,2.1452780952014,2.15802618696559
"TFScreen",-939,1307136,2.16337440325595,2.1634135226009
"TFScreen",-938,1313544,2.17397995858919,2.16773079369288
"TFScreen",-937,1317266,2.18014005174623,2.17466394528969
"TFScreen",-936,1303684,2.15766117338543,2.17737130487807
"TFScreen",-935,1305042,2.15990873021166,2.18115324278036
"TFScreen",-934,1325242,2.19334072423965,2.18587254037119
"TFScreen",-933,1330540,2.20210917495056,2.19362599453973
"TFScreen",-932,1354364,2.24153906731307,2.20008249196425
"TFScreen",-931,1323780,2.19092104229565,2.20085825866636
"TFScreen",-930,1319860,2.18443324939517,2.20526911526818
"TFScreen",-929,1327568,2.1971903687005,2.2113666174733
"TFScreen",-928,1358668,2.24866239910993,2.21673228700988
"TFScreen",-927,1356456,2.24500143025894,2.22055876078179
"TFScreen",-926,1322422,2.18867348546941,2.22068665094797
"TFScreen",-925,1333000,2.20618059600545,2.22490762826777
"TFScreen",-924,1345568,2.22698125446802,2.22773926700588
"TFScreen",-923,1360904,2.25236308914194,2.2333757627767
"TFScreen",-922,1355972,2.24420038644164,2.23329662133269
"TFScreen",-921,1355214,2.24294585914099,2.23313051457568
"TFScreen",-920,1351834,2.23735179281353,2.23813297604032
"TFScreen",-919,1338680,2.21558127551431,2.24184570279385
"TFScreen",-918,1365030,2.25919182217954,2.24457051562845
"TFScreen",-917,1358142,2.24779184322583,2.24523885459097
"TFScreen",-916,1355352,2.24317425593187,2.2480295684759
"TFScreen",-915,1355670,2.24370056158043,2.25374550660877
"TFScreen",-914,1357676,2.2470205902943,2.25822647711345
"TFScreen",-913,1363678,2.25695419564855,2.26410761924922
"TFScreen",-912,1365346,2.25971481772968,2.26457705138858
"TFScreen",-911,1374520,2.27489823917585,2.26690374965883
"TFScreen",-910,1393204,2.30582117860254,2.26924098006041
"TFScreen",-909,1381616,2.28664246836509,2.27683163757036
"TFScreen",-908,1377768,2.28027383900768,2.27739104420311
"TFScreen",-907,1368150,2.26435557571257,2.27658037100859
"TFScreen",-906,1373606,2.27338552419855,2.28146938637288
"TFScreen",-905,1370886,2.26888379034924,2.2804233952726
"TFScreen",-904,1406120,2.32719779418994,2.27920527905455
"TFScreen",-903,1361394,2.2531740632545,2.27976438476925
"TFScreen",-902,1358290,2.24803679050881,2.28547249903313
"TFScreen",-901,1397840,2.31349398673688,2.28780070189357
"TFScreen",-900,1367568,2.26339233707276,2.28983340324064
"TFScreen",-899,1385108,2.29242190020399,2.2970509223834
"TFScreen",-898,1385332,2.29279263122688,2.30081540703948
"TFScreen",-897,1415706,2.34306309591035,2.31128193823913
"TFScreen",-896,1383624,2.28996580717738,2.32104191388543
"TFScreen",-895,1387116,2.29574523901628,2.32353201065034
"TFScreen",-894,1418856,2.34827650091966,2.33246265618376
"TFScreen",-893,1431140,2.36860712540678,2.33979241775472
"TFScreen",-892,1430958,2.36830590645069,2.34780225409169
"TFScreen",-891,1423158,2.3553965226181,2.34252866547476
"TFScreen",-890,1414390,2.3408850511509,2.34433718288348
"TFScreen",-889,1426924,2.36162943794035,2.34783655874803
"TFScreen",-888,1433824,2.37304927748456,2.34669367203949
"TFScreen",-887,1438568,2.38090083093351,2.34565670848035
"TFScreen",-886,1380656,2.28505362112416,2.34141376414377
"TFScreen",-885,1395644,2.30985949867324,2.33849184999424
"TFScreen",-884,1410374,2.33423837352633,2.33529128574148
"TFScreen",-883,1411260,2.33570474712577,2.33305727022696
"TFScreen",-882,1424248,2.35720052625624,2.33536591341492
"TFScreen",-881,1402758,2.32163351874825,2.33685244852292
"TFScreen",-880,1403738,2.32325546697337,2.34519299378371
"TFScreen",-879,1393118,2.30567884437054,2.34897583444011
"TFScreen",-878,1412076,2.33705526728057,2.34900622716195
"TFScreen",-877,1449168,2.39844435255216,2.3515670396658
"TFScreen",-876,1448448,2.39725271712146,2.35328558258114
"TFScreen",-875,1436090,2.37679961899285,2.35758810868926
"TFScreen",-874,1420786,2.35147074589363,2.36329441744491
"TFScreen",-873,1410576,2.33457269346661,2.36842567182984
"TFScreen",-872,1428280,2.36387368466817,2.37143575496451
"TFScreen",-871,1435670,2.37610449832494,2.37322892555328
"TFScreen",-870,1431354,2.36896130593758,2.37308087387856
"TFScreen",-869,1441664,2.38602486328552,2.37502510532244
"TFScreen",-868,1427222,2.36212264260472,2.37941279123533
"TFScreen",-867,1432082,2.37016618176195,2.38513775690934
"TFScreen",-866,1461086,2.41816922902867,2.38955493278996
"TFScreen",-865,1447464,2.3956241486995,2.39182024378044
"TFScreen",-864,1449012,2.39818616487551,2.39410330893517
"TFScreen",-863,1449948,2.39973529093542,2.40161963968972
"TFScreen",-862,1448626,2.39754731588072,2.40464627331649
"TFScreen",-861,1457638,2.41246261935499,2.41050605027155
"TFScreen",-860,1450726,2.40102291922026,2.40998606390179
"TFScreen",-859,1446528,2.39407502263959,2.40797924150599
"TFScreen",-858,1491620,2.46870450158564,2.4067686482389
"TFScreen",-857,1447338,2.39541561249913,2.41406591066175
"TFScreen",-856,1471028,2.4346237282676,2.42150129446406
"TFScreen",-855,1457630,2.41244937896131,2.42436783969458
"TFScreen",-854,1434126,2.37354910234577,2.42201405880091
"TFScreen",-853,1440966,2.38486963893743,2.42113929006428
"TFScreen",-852,1498448,2.48000517758678,2.41818577952077
"TFScreen",-851,1498044,2.47933653770622,2.4251974707255
"TFScreen",-850,1476690,2.44399461689069,2.42829181091083
"TFScreen",-849,1435082,2.37513132938987,2.42964744667227
"TFScreen",-848,1440714,2.38445256653668,2.43278271171077
"TFScreen",-847,1471990,2.43621588560695,2.4397215807503
"TFScreen",-846,1493940,2.47254421575123,2.43705665060528
"TFScreen",-845,1491594,2.46866147030619,2.43956179327209
"TFScreen",-844,1466640,2.42736137233716,2.4426227315552
"TFScreen",-843,1454964,2.4080370177693,2.4477696336781
"TFScreen",-842,1487084,2.46119719837222,2.45148236043163
"TFScreen",-841,1480736,2.45069094599154,2.45185158686433
"TFScreen",-840,1514694,2.50689310704117,2.45399773431174
"TFScreen",-839,1497034,2.47766493800482,2.46092426571171
"TFScreen",-838,1469290,2.43174725274182,2.46831029895578
"TFScreen",-837,1465390,2.42529256082553,2.47884874956653
"TFScreen",-836,1474444,2.44027737636659,2.48087573347088
"TFScreen",-835,1508204,2.49615183767277,2.48646438327365
"TFScreen",-834,1537630,2.54485331570582,2.48750014316063
"TFScreen",-833,1515730,2.50860773802201,2.49160947988832
"TFScreen",-832,1525006,2.52395997448754,2.49897866172227
"TFScreen",-831,1500556,2.48349402132,2.50514326864988
"TFScreen",-830,1517880,2.51216609382202,2.50994050401256
"TFScreen",-829,1521578,2.51828646579804,2.51036088651173
"TFScreen",-828,1524346,2.5228676420094,2.5045733298858
"TFScreen",-827,1518268,2.51280825291523,2.50159574589924
"TFScreen",-826,1506362,2.49310323702923,2.50407139859832
"TFScreen",-825,1506328,2.49304696535611,2.50937718544532
"TFScreen",-824,1510998,2.50077604516358,2.51041294533231
"TFScreen",-823,1499164,2.48119019282064,2.51141981708764
"TFScreen",-822,1495940,2.47585431416984,2.51158742843484
"TFScreen",-821,1541460,2.55119215417747,2.51678518570618
"TFScreen",-820,1535820,2.54185767663698,2.52439991665918
"TFScreen",-819,1524764,2.52355945257889,2.53280696480638
"TFScreen",-818,1528270,2.52936205510672,2.53864778392504
"TFScreen",-817,1525460,2.52471136682857,2.5424959237957
"TFScreen",-816,1552814,2.56998358289993,2.54740780893088
"TFScreen",-815,1556972,2.57686527751223,2.54736477765144
"TFScreen",-814,1562204,2.58552449497532,2.54933067519406
"TFScreen",-813,1549818,2.56502505546885,2.55142987942753
"TFScreen",-812,1524740,2.52351973139786,2.55492744978385
"TFScreen",-811,1528586,2.52988505065686,2.56014145662924
"TFScreen",-810,1541174,2.55071881010361,2.56159158065464
"TFScreen",-809,1548886,2.56348254960578,2.566085791553
"TFScreen",-808,1538716,2.54665069914713,2.56838691179001
"TFScreen",-807,1551516,2.56783532902625,2.56736980882138
"TFScreen",-806,1560114,2.58206544212787,2.57260668543766
"TFScreen",-805,1562452,2.58593494717923,2.58134895627926
"TFScreen",-804,1586842,2.62630159739421,2.58924685110607
"TFScreen",-803,1577498,2.61083681758245,2.59116189350026
"TFScreen",-802,1543058,2.55383692281394,2.59449666719799
"TFScreen",-801,1559546,2.58112537417698,2.59899298452262
"TFScreen",-800,1586690,2.6260500299144,2.59999684709757
"TFScreen",-799,1593666,2.63759565319852,2.60282036104865
"TFScreen",-798,1561614,2.58454801594183,2.60478806409949
"TFScreen",-797,1560880,2.5833332098222,2.60723212040458
"TFScreen",-796,1581400,2.61729481959717,2.61570567143819
"TFScreen",-795,1566786,2.59310793045236,2.62715108901564
"TFScreen",-794,1581218,2.61699360064107,2.62979826499642
"TFScreen",-793,1599920,2.64794633095352,2.63102601059169
"TFScreen",-792,1593742,2.63772143693843,2.63482028613353
"TFScreen",-791,1599376,2.64704598418366,2.64105681247224
"TFScreen",-790,1635616,2.70702496752892,2.64741069684578
"TFScreen",-789,1604284,2.65516896570293,2.65006720128574
"TFScreen",-788,1601826,2.65110085474646,2.64823340676183
"TFScreen",-787,1586832,2.62628504690212,2.64934921084694
"TFScreen",-786,1602330,2.65193499954795,2.65187601961249
"TFScreen",-785,1623630,2.68718754770618,2.6537200453497
"TFScreen",-784,1584442,2.62232947929188,2.6438794236692
"TFScreen",-783,1569030,2.59682186087805,2.64094487096208
"TFScreen",-782,1607336,2.66022017588974,2.64096503247063
"TFScreen",-781,1610536,2.66551633335952,2.64487756880143
"TFScreen",-780,1611632,2.66733026729292,2.64893605038069
"TFScreen",-779,1570212,2.59877812904345,2.65045538555483
"TFScreen",-778,1584780,2.62288888592462,2.65470073723572
"TFScreen",-777,1601960,2.65132263134051,2.66244546478116
"TFScreen",-776,1612836,2.66932294654092,2.6698248778284
"TFScreen",-775,1629304,2.69657829691978,2.67540871294256
"TFScreen",-774,1633728,2.70390023462175,2.68026703466697
"TFScreen",-773,1612658,2.66902834778167,2.69204195749609
"TFScreen",-772,1620504,2.68201386387788,2.69602129763134
"TFScreen",-771,1656382,2.74139371940938,2.70439012918771
"TFScreen",-770,1647648,2.7269385196153,2.71335778763981
"TFScreen",-769,1643922,2.72077180626142,2.71918446361068
"TFScreen",-768,1648472,2.72830228016377,2.72417007366519
"TFScreen",-767,1611228,2.66666162741236,2.73155761149945
"TFScreen",-766,1657582,2.74337977846055,2.73836106742185
"TFScreen",-765,1672438,2.767967189514,2.74045786431103
"TFScreen",-764,1668030,2.76067173259938,2.74528970524809
"TFScreen",-763,1666864,2.75874194522133,2.74899490905067
"TFScreen",-762,1661758,2.75029126395861,2.75180969637864
"TFScreen",-761,1665722,2.7568518790243,2.76225004770898
"TFScreen",-760,1670318,2.76445848519027,2.7696174240347
"TFScreen",-759,1679762,2.78008876992296,2.77229439090124
"TFScreen",-758,1668548,2.7615290480898,2.77054545526406
"TFScreen",-757,1667180,2.75926494077147,2.7668474734944
"TFScreen",-756,1680618,2.78150549204613,2.76914046894438
"TFScreen",-755,1706548,2.82442091804345,2.77066341513498
"TFScreen",-754,1690230,2.79741382504598,2.77066702615144
"TFScreen",-753,1656406,2.7414334405904,2.7744218814303
"TFScreen",-752,1642286,2.718064145755,2.78205948215419
"TFScreen",-751,1676998,2.77551421390844,2.79322143493979
"TFScreen",-750,1675844,2.7736042871209,2.80130409344197
"TFScreen",-749,1670342,2.7644982063713,2.80144462216574
"TFScreen",-748,1704718,2.82139217799041,2.80372859007458
"TFScreen",-747,1719310,2.84554265605261,2.81554263224865
"TFScreen",-746,1741366,2.88204642141308,2.8313489540336
"TFScreen",-745,1734338,2.87041473557007,2.8380844024794
"TFScreen",-744,1707482,2.82596673400494,2.85110332047785
"TFScreen",-743,1705410,2.82253747204325,2.86447040064632
"TFScreen",-742,1734926,2.87138790450514,2.87129221256904
"TFScreen",-741,1747340,2.89193368538947,2.87833640292189
"TFScreen",-740,1721764,2.84960414681225,2.87730906873997
"TFScreen",-739,1762372,2.91681238510377,2.87912300267336
"TFScreen",-738,1759184,2.9115360882245,2.88311287493995
"TFScreen",-737,1750058,2.89643210914037,2.88756706373925
"TFScreen",-736,1766128,2.92302874993392,2.89172605194321
"TFScreen",-735,1734538,2.87074574541193,2.89328902023288
"TFScreen",-734,1746394,2.89036800883747,2.89845698661844
"TFScreen",-733,1734000,2.86985532893733,2.89480685081683
"TFScreen",-732,1735014,2.87153354883556,2.89590309522947
"TFScreen",-731,1762568,2.91713677474879,2.89659279937269
"TFScreen",-730,1757728,2.90912633657575,2.89289692402929
"TFScreen",-729,1756112,2.90645177705351,2.90083845197162
"TFScreen",-728,1738112,2.87666089128599,2.90490927119043
"TFScreen",-727,1766470,2.9235947767635,2.91022167823427
"TFScreen",-726,1754642,2.90401885471583,2.91289804326474
"TFScreen",-725,1741564,2.88237412115652,2.91181022455717
"TFScreen",-724,1787320,2.95810255277754,2.91632760614446
"TFScreen",-723,1773450,2.93514702024446,2.91872682566188
"TFScreen",-722,1769308,2.92829180641952,2.92409460162472
"TFScreen",-721,1752802,2.9009735641707,2.92915634394285
"TFScreen",-720,1755338,2.90517076896551,2.93416512468629
"TFScreen",-719,1787752,2.95881753403596,2.945098680681
"TFScreen",-718,1772058,2.93284319174511,2.95056305133406
"TFScreen",-717,1773788,2.93570642687721,2.9581892171725
"TFScreen",-716,1800112,2.97927394226299,2.96388469287878
"TFScreen",-715,1787932,2.95911544289364,2.97499398500772
"TFScreen",-714,1814232,3.0026432370984,2.99087884640061
"TFScreen",-713,1823638,3.01821062996113,2.99933975887662
"TFScreen",-712,1824136,3.01903484446737,3.00683532628655
"TFScreen",-711,1807162,2.9909420391886,3.01550868689743
"TFScreen",-710,1826638,3.02317577758905,3.01547829417559
"TFScreen",-709,1860914,3.07990424428724,3.02347729746318
"TFScreen",-708,1843986,3.0518875712721,3.03105411274339
"TFScreen",-707,1821876,3.01529443325434,3.03497206559888
"TFScreen",-706,1831434,3.03111339359689,3.03424053384836
"TFScreen",-705,1799910,2.97893962232271,3.02981222400033
"TFScreen",-704,1841096,3.04710447905721,3.02788454304855
"TFScreen",-703,1864590,3.08598820518065,3.02841385787749
"TFScreen",-702,1849678,3.06130811137147,3.02971833757246
"TFScreen",-701,1819274,3.01098799521172,3.03187501715121
"TFScreen",-700,1777730,2.94223063086029,3.0304492674869
"TFScreen",-699,1813826,3.00197128711942,3.03423391365152
"TFScreen",-698,1864432,3.08572670740558,3.0356641770864
"TFScreen",-697,1852656,3.06623684791679,3.03213440850001
"TFScreen",-696,1836210,3.03901790862053,3.03396128190905
"TFScreen",-695,1821958,3.0154301472895,3.0443534863533
"TFScreen",-694,1825064,3.0205707301336,3.06034697915792
"TFScreen",-693,1850602,3.06283737684087,3.06661540280866
"TFScreen",-692,1841130,3.04716075073032,3.06984876712757
"TFScreen",-691,1861820,3.08140371887087,3.07815049396145
"TFScreen",-690,1888344,3.12530224409851,3.08458863538565
"TFScreen",-689,1884028,3.11815905171115,3.09372119692261
"TFScreen",-688,1855488,3.07092394727754,3.10316791689129
"TFScreen",-687,1885922,3.12129371491357,3.10995692874786
"TFScreen",-686,1907832,3.15755584308948,3.11752351281477
"TFScreen",-685,1879000,3.10983746428676,3.12310825068305
"TFScreen",-684,1882656,3.11588832419598,3.12926473282363
"TFScreen",-683,1887850,3.12448464978912,3.14244133187402
"TFScreen",-682,1895724,3.1375165072632,3.15964932988023
"TFScreen",-681,1891420,3.13039317546634,3.16945113313382
"TFScreen",-680,1898938,3.14283583542191,3.16593340126895
"TFScreen",-679,1929262,3.19302354764491,3.17105261893235
"TFScreen",-678,1971604,3.26310164126537,3.17572407055513
"TFScreen",-677,1969858,3.26021192534592,3.17559949048737
"TFScreen",-676,1951068,3.22911355070305,3.17843564299605
"TFScreen",-675,1884452,3.11886079257589,3.18304390183083
"TFScreen",-674,1913024,3.1661488585842,3.18802860913123
"TFScreen",-673,1913704,3.16727429204653,3.18944412758224
"TFScreen",-672,1887022,3.12311426904381,3.18794104198215
"TFScreen",-671,1914574,3.16871418485862,3.18802409536066
"TFScreen",-670,1922048,3.18108402264898,3.18737862616903
"TFScreen",-669,1932068,3.19766761572623,3.19892485128923
"TFScreen",-668,1938670,3.20859425060607,3.20692505824897
"TFScreen",-667,1961614,3.2465676996644,3.21294341901009
"TFScreen",-666,1970410,3.26112551250946,3.22478604839777
"TFScreen",-665,1946778,3.22201338959513,3.22979573189532
"TFScreen",-664,1961192,3.24586926889807,3.23763314219648
"TFScreen",-663,1966196,3.25415113514144,3.24321156078596
"TFScreen",-662,1953704,3.23347626041878,3.2460474123766
"TFScreen",-661,1965732,3.25338319230832,3.24283902425485
"TFScreen",-660,1947870,3.22382070333169,3.23959873882106
"TFScreen",-659,1974138,3.26729553596175,3.24275898005672
"TFScreen",-658,1969144,3.25903022021047,3.24954949650349
"TFScreen",-657,1957518,3.23978861810308,3.25702430056879
"TFScreen",-656,1940290,3.21127543032515,3.26534107330458
"TFScreen",-655,1948874,3.22548237273783,3.26981482177635
"TFScreen",-654,1967782,3.2567760431874,3.27409357535947
"TFScreen",-653,2006324,3.32056494981249,3.27717497606916
"TFScreen",-652,2015876,3.33637397985978,3.28059852058812
"TFScreen",-651,2008980,3.3249607605124,3.28512131870009
"TFScreen",-650,1995466,3.30259442549784,3.29550449560321
"TFScreen",-649,1976308,3.27088699274594,3.30271539454913
"TFScreen",-648,1994618,3.30119094376834,3.30610042155922
"TFScreen",-647,1991898,3.29668920991903,3.30714009338071
"TFScreen",-646,1987578,3.28953939733483,3.30903437243027
"TFScreen",-645,2009300,3.32549037625938,3.31143870755433
"TFScreen",-644,1996800,3.30480226114305,3.31397665028729
"TFScreen",-643,1990280,3.29401134029837,3.31979429871702
"TFScreen",-642,2013234,3.33200133984879,3.32281762224537
"TFScreen",-641,2028466,3.35721104940495,3.3302665473594
"TFScreen",-640,2024960,3.35140844687712,3.34219403563382
"TFScreen",-639,2012334,3.33051179556042,3.34961948914088
"TFScreen",-638,2014974,3.33488112547299,3.35661974546017
"TFScreen",-637,2014712,3.33444750258015,3.36474784258609
"TFScreen",-636,2041406,3.37862738617337,3.36854753465262
"TFScreen",-635,2066852,3.42074176835338,3.37325058266939
"TFScreen",-634,2058652,3.40717036483707,3.38253029312696
"TFScreen",-633,2043326,3.38180508065524,3.39439940330199
"TFScreen",-632,2044302,3.38342040868352,3.40730999080673
"TFScreen",-631,2038488,3.37379795258062,3.41476673978975
"TFScreen",-630,2059724,3.40894457758945,3.41552445140957
"TFScreen",-629,2086636,3.4534852619103,3.41435809309407
"TFScreen",-628,2091220,3.46107200748576,3.41287878001899
"TFScreen",-627,2100782,3.47689758802515,3.41584553095618
"TFScreen",-626,2064272,3.41647174139337,3.41922544235962
"TFScreen",-625,2046442,3.38696221399144,3.42336908374365
"TFScreen",-624,2059100,3.40791182688284,3.42828397805921
"TFScreen",-623,2048820,3.39089792101117,3.43283506246677
"TFScreen",-622,2063044,3.41443934096435,3.4332599587365
"TFScreen",-621,2066766,3.42059943412138,3.43260546200373
"TFScreen",-620,2066028,3.41937800780492,3.43629441623226
"TFScreen",-619,2092390,3.46300841506065,3.44677208139932
"TFScreen",-618,2116884,3.5035471903934,3.45710079213754
"TFScreen",-617,2094044,3.46574586645284,3.46957595124122
"TFScreen",-616,2096432,3.46969812396467,3.47734685865597
"TFScreen",-615,2088790,3.45705023790715,3.48568860758891
"TFScreen",-614,2116080,3.50221653082912,3.49282969355001
"TFScreen",-613,2127748,3.52152764500331,3.50499189789411
"TFScreen",-612,2131734,3.5281246711516,3.50819848050763
"TFScreen",-611,2114692,3.4999193225266,3.51758652145889
"TFScreen",-610,2122208,3.51235867238375,3.53049139152091
"TFScreen",-609,2113490,3.49792995337702,3.54017102205105
"TFScreen",-608,2173224,3.59679266284573,3.5458180499532
"TFScreen",-607,2138196,3.53881959914214,3.55471800184674
"TFScreen",-606,2156440,3.56901431691673,3.55995909131556
"TFScreen",-605,2182202,3.61165169464688,3.56722084540992
"TFScreen",-604,2153124,3.56352617373867,3.57436253320709
"TFScreen",-603,2153612,3.56433383775281,3.58178257018947
"TFScreen",-602,2186900,3.6194271158322,3.57934754142552
"TFScreen",-601,2166568,3.58577665530858,3.58691292182028
"TFScreen",-600,2162956,3.57979861756457,3.59385750830253
"TFScreen",-599,2169674,3.59091723815269,3.59297160559849
"TFScreen",-598,2162806,3.57955036018317,3.60026014139824
"TFScreen",-597,2157040,3.57000734644231,3.60752881660748
"TFScreen",-596,2188478,3.62203878348449,3.60684513082502
"TFScreen",-595,2202596,3.64540476822147,3.61315177106659
"TFScreen",-594,2176314,3.60190676490248,3.61916802540143
"TFScreen",-593,2201566,3.64370006753589,3.62282417956381
"TFScreen",-592,2201922,3.6442892650544,3.63104616311761
"TFScreen",-591,2182356,3.61190657222511,3.63497645361265
"TFScreen",-590,2208484,3.65514969796587,3.64026027344287
"TFScreen",-589,2202942,3.64597741524789,3.64615585964446
"TFScreen",-588,2193974,3.63113493393883,3.65567630453247
"TFScreen",-587,2217452,3.66999217927493,3.66628246170178
"TFScreen",-586,2183162,3.61324054188781,3.67460826197871
"TFScreen",-585,2223596,3.68016080161691,3.69129476902497
"TFScreen",-584,2241780,3.71025621643894,3.69671610839858
"TFScreen",-583,2239590,3.70663165867056,3.70180041956957
"TFScreen",-582,2272058,3.76036779639832,3.71164254584026
"TFScreen",-581,2257258,3.73587306810058,3.71339027780529
"TFScreen",-580,2293260,3.79545814973403,3.72379301438087
"TFScreen",-579,2244516,3.7147844310756,3.73181879937386
"TFScreen",-578,2236734,3.70190483812878,3.74258323943119
"TFScreen",-577,2259388,3.7393983229164,3.75272146905132
"TFScreen",-576,2229068,3.68921723089023,3.75602825737152
"TFScreen",-575,2252302,3.72767064421926,3.76162322645309
"TFScreen",-574,2276938,3.76844443653973,3.75839979242943
"TFScreen",-573,2313324,3.82866505706956,3.76514727759676
"TFScreen",-572,2306972,3.81815218449204,3.77837473179557
"TFScreen",-571,2294036,3.79674246792045,3.78660273371013
"TFScreen",-570,2294444,3.79741772799785,3.80164442276038
"TFScreen",-569,2271836,3.76000037547385,3.80261277700684
"TFScreen",-568,2289362,3.78900676791615,3.80356879361375
"TFScreen",-567,2324648,3.84740683431574,3.80113256117765
"TFScreen",-566,2314074,3.82990634397654,3.80305994121139
"TFScreen",-565,2329040,3.85467581044301,3.80932445292764
"TFScreen",-564,2258738,3.73832254093036,3.80517659869108
"TFScreen",-563,2283292,3.77896061921567,3.80995698264363
"TFScreen",-562,2297132,3.80186650027247,3.82058871784618
"TFScreen",-561,2319782,3.83935336486326,3.82991747794394
"TFScreen",-560,2335672,3.86565209679914,3.84001207444856
"TFScreen",-559,2266876,3.75179133139569,3.8452676079832
"TFScreen",-558,2303608,3.81258459895193,3.85466979208225
"TFScreen",-557,2360024,3.90595585514416,3.86195020309497
"TFScreen",-556,2386650,3.95002319539116,3.87515238017859
"TFScreen",-555,2381166,3.94094690552732,3.88509621674614
"TFScreen",-554,2363970,3.91248667932409,3.89417340936409
"TFScreen",-553,2321228,3.84174656601991,3.90694587548937
"TFScreen",-552,2331680,3.85904514035558,3.91382636642951
"TFScreen",-551,2384878,3.94709044819227,3.9165313186736
"TFScreen",-550,2385872,3.94873556710632,3.91825798637596
"TFScreen",-549,2396002,3.96550121559659,3.92291559576898
"TFScreen",-548,2351766,3.89228845877371,3.92943378139131
"TFScreen",-547,2349338,3.88826999929352,3.94548505045924
"TFScreen",-546,2378002,3.93571032982908,3.96020475720877
"TFScreen",-545,2398126,3.96901654011716,3.96649514787629
"TFScreen",-544,2412122,3.99218060885061,3.97685003848382
"TFScreen",-543,2407292,3.98418672116966,3.98176914565192
"TFScreen",-542,2427910,4.01831052576714,3.99339360946201
"TFScreen",-541,2429512,4.02096191460045,4.00329862760266
"TFScreen",-540,2426686,4.01628474553495,4.01287052947517
"TFScreen",-539,2454694,4.0626393637892,4.0211710526369
"TFScreen",-538,2428696,4.01961139444566,4.02000680074766
"TFScreen",-537,2429026,4.02015756068473,4.02046901085411
"TFScreen",-536,2415170,3.99722519884058,4.02654966164911
"TFScreen",-535,2441620,4.04100125042673,4.03157348829445
"TFScreen",-534,2453294,4.06032229489617,4.03868779255016
"TFScreen",-533,2404384,3.979373838069,4.04328341282735
"TFScreen",-532,2410364,3.98927103234065,4.05868138883466
"TFScreen",-531,2468324,4.08519768451205,4.07762989677299
"TFScreen",-530,2462902,4.07622400769919,4.0923715705393
"TFScreen",-529,2473970,4.09454209234779,4.09932759190699
"TFScreen",-528,2485238,4.11319118683826,4.10018550923349
"TFScreen",-527,2531036,4.18898913052607,4.10973905510568
"TFScreen",-526,2554964,4.22859114800636,4.12503321438987
"TFScreen",-525,2513148,4.15938361027,4.13468215128012
"TFScreen",-524,2487852,4.11751748547139,4.139931666454
"TFScreen",-523,2458996,4.06975938548764,4.14270161699431
"TFScreen",-522,2467880,4.08446284266312,4.14385383216202
"TFScreen",-521,2512014,4.15750678446665,4.14283341909497
"TFScreen",-520,2532454,4.19133599030487,4.14045285649592
"TFScreen",-519,2497792,4.13396867461189,4.14436057813811
"TFScreen",-518,2492380,4.12501154829113,4.15047824185178
"TFScreen",-517,2492896,4.12586555368313,4.15764129482966
"TFScreen",-516,2524254,4.17776458678856,4.16679130961282
"TFScreen",-515,2539142,4.20240495941671,4.16776658497416
"TFScreen",-514,2539120,4.20236854833411,4.16220802697519
"TFScreen",-513,2528512,4.18481178632178,4.16974512107437
"TFScreen",-512,2506604,4.1485529682443,4.18210563040555
"TFScreen",-511,2528694,4.18511300527788,4.19717018922669
"TFScreen",-510,2518496,4.16823481344137,4.20532326254978
"TFScreen",-509,2495510,4.13019185231625,4.20864178667345
"TFScreen",-508,2547886,4.21687670970289,4.21012440984696
"TFScreen",-507,2574532,4.26097715093407,4.21278151612299
"TFScreen",-506,2593020,4.29157570071572,4.2233070272581
"TFScreen",-505,2578442,4.26744839334245,4.23528958353348
"TFScreen",-504,2561198,4.23890872477717,4.24575611473313
"TFScreen",-503,2548974,4.21867740324261,4.26187027567101
"TFScreen",-502,2546172,4.21403995535814,4.2747859787824
"TFScreen",-501,2576560,4.26433359073054,4.28256440914811
"TFScreen",-500,2608334,4.31692112430704,4.2872770865421
"TFScreen",-499,2588060,4.28336665663756,4.29144239402486
"TFScreen",-498,2602610,4.30744762263297,4.29803400364847
"TFScreen",-497,2633728,4.35894944392817,4.30374422433862
"TFScreen",-496,2626230,4.34653988495679,4.30800010815084
"TFScreen",-495,2624342,4.34341515204962,4.31320930030762
"TFScreen",-494,2606126,4.31326677565289,4.3214216544842
"TFScreen",-493,2605008,4.31141643063689,4.32934452550817
"TFScreen",-492,2586926,4.28148983083421,4.33552297466553
"TFScreen",-491,2574458,4.26085467729258,4.3354293891557
"TFScreen",-490,2611182,4.32163470445515,4.3372520497122
"TFScreen",-489,2662916,4.4072570202494,4.3396732362464
"TFScreen",-488,2640718,4.37051823790122,4.34591578094586
"TFScreen",-487,2643674,4.37541056336393,4.3467360835176
"TFScreen",-486,2633106,4.35792000331998,4.35909027356998
"TFScreen",-485,2638344,4.36658915107833,4.37580627058397
"TFScreen",-484,2640434,4.37004820392578,4.38684695340024
"TFScreen",-483,2647616,4.38193476734702,4.39041192939708
"TFScreen",-482,2610460,4.32043975892603,4.39394651267209
"TFScreen",-481,2669036,4.41738592141036,4.40062147659224
"TFScreen",-480,2685558,4.44473064444652,4.41175333757403
"TFScreen",-479,2684562,4.44308221543405,4.4159803332546
"TFScreen",-478,2686610,4.44647175621471,4.42426430592424
"TFScreen",-477,2664210,4.40939865392625,4.43102142046878
"TFScreen",-476,2688038,4.4488351664856,4.44652321319922
"TFScreen",-475,2707092,4.48037047411972,4.46153481044566
"TFScreen",-474,2666438,4.41308610356458,4.46883989673751
"TFScreen",-473,2695492,4.46117190329177,4.47566531967669
"TFScreen",-472,2692526,4.45626302733697,4.48455052658636
"TFScreen",-471,2713490,4.49095947896087,4.49498967424455
"TFScreen",-470,2768808,4.58251349112128,4.50909821645879
"TFScreen",-469,2734110,4.52508659365676,4.52234402665793
"TFScreen",-468,2729926,4.51816186776503,4.54072018848787
"TFScreen",-467,2745664,4.54420903222109,4.5607709591996
"TFScreen",-466,2733592,4.52422927816634,4.57727811909519
"TFScreen",-465,2781808,4.60402913084226,4.59198609004123
"TFScreen",-464,2795128,4.62607438631022,4.60511002843496
"TFScreen",-463,2788572,4.61522388369401,4.61710462143186
"TFScreen",-462,2828756,4.68173038112078,4.62649807890781
"TFScreen",-461,2802238,4.63784178618839,4.63762181510257
"TFScreen",-460,2811244,4.65274715936741,4.64767518583598
"TFScreen",-459,2856034,4.72687681345224,4.65517285967217
"TFScreen",-458,2813830,4.65702711662267,4.65245617162461
"TFScreen",-457,2792358,4.62148990000045,4.64542161064898
"TFScreen",-456,2819596,4.66657013036353,4.6387788449589
"TFScreen",-455,2800410,4.63481635623378,4.64112119096712
"TFScreen",-454,2831640,4.68650354304042,4.64121959116557
"TFScreen",-453,2777072,4.59619081778699,4.6370542836828
"TFScreen",-452,2741818,4.5378437129621,4.63582051972677
"TFScreen",-451,2784606,4.6086599585299,4.64352823435353
"TFScreen",-450,2817806,4.66360759227887,4.64322490897117
"TFScreen",-449,2811898,4.65382956155029,4.64502229241248
"TFScreen",-448,2828350,4.6810584311418,4.64864354008244
"TFScreen",-447,2805630,4.64345571310636,4.66450492986836
"TFScreen",-446,2843586,4.70627476089479,4.68565856518956
"TFScreen",-445,2817580,4.66323355115757,4.70136708861214
"TFScreen",-444,2812356,4.65458757408816,4.71262984894049
"TFScreen",-443,2855708,4.72633726741001,4.72182409867525
"TFScreen",-442,2882492,4.77066610543207,4.73260839932309
"TFScreen",-441,2882412,4.77053370149533,4.75056959517856
"TFScreen",-440,2889010,4.78145371617833,4.75684794912455
"TFScreen",-439,2892662,4.78749795589072,4.77350045243252
"TFScreen",-438,2873006,4.75496630863259,4.793565065374
"TFScreen",-437,2900026,4.79968573826805,4.81305883679728
"TFScreen",-436,2925006,4.84102886751652,4.82714390740456
"TFScreen",-435,2885314,4.77533665430073,4.83810966162934
"TFScreen",-434,2928258,4.84641108754519,4.84508403899736
"TFScreen",-433,2945712,4.87529831644442,4.85685083703945
"TFScreen",-432,2985270,4.94076875306616,4.87307693948749
"TFScreen",-431,2976106,4.92560188211208,4.88834401614825
"TFScreen",-430,2955294,4.89115699796799,4.89089249101254
"TFScreen",-429,2935364,4.85817186722652,4.90409677452243
"TFScreen",-428,2970868,4.91693273435373,4.9150125763529
"TFScreen",-427,2980850,4.93345343556103,4.92177450558605
"TFScreen",-426,3001496,4.96762358153637,4.92686092318331
"TFScreen",-425,2941944,4.86906209102375,4.93221876885089
"TFScreen",-424,2973074,4.92058377290946,4.93852962194499
"TFScreen",-423,3000808,4.96648490768037,4.94799740617634
"TFScreen",-422,2990654,4.94967953800907,4.95774745152738
"TFScreen",-421,3019076,4.99671934663598,4.97147111957095
"TFScreen",-420,3011716,4.98453818445548,4.97782470302646
"TFScreen",-419,2997238,4.96057638200314,4.98847088229483
"TFScreen",-418,2998290,4.96231749377133,4.99831511499179
"TFScreen",-417,3035670,5.02418323321521,5.01413226982611
"TFScreen",-416,3072062,5.08441378404029,5.03143054324374
"TFScreen",-415,3043724,5.03751299954696,5.03821112939525
"TFScreen",-414,3012702,4.98617006297586,5.04995746501076
"TFScreen",-413,3038502,5.02887033257596,5.06168454187182
"TFScreen",-412,3105934,5.14047361085791,5.07378054424755
"TFScreen",-411,3105624,5.13996054560303,5.08325374500358
"TFScreen",-410,3064142,5.07130579430258,5.09501151550453
"TFScreen",-409,3089786,5.11374787622603,5.10487079410339
"TFScreen",-408,3075180,5.0895742274749,5.12312749147223
"TFScreen",-407,3078684,5.09537351990431,5.14011040278598
"TFScreen",-406,3098632,5.12838844153156,5.14916171645266
"TFScreen",-405,3150208,5.21374925955075,5.16202836992384
"TFScreen",-404,3109252,5.14596506413439,5.18316786209726
"TFScreen",-403,3134042,5.1869937340331,5.20187232550673
"TFScreen",-402,3151376,5.21568235702722,5.21848089478113
"TFScreen",-401,3166092,5.24003806119137,5.24042684729654
"TFScreen",-400,3191140,5.28149373378608,5.26237701266447
"TFScreen",-399,3204642,5.30384020821013,5.27601160896878
"TFScreen",-398,3214102,5.31949697373017,5.29792084948354
"TFScreen",-397,3185566,5.2722684894934,5.31243111727858
"TFScreen",-396,3224544,5.33677899757375,5.32136266556612
"TFScreen",-395,3244520,5.36984026057885,5.33191345381642
"TFScreen",-394,3240828,5.36372981889809,5.3417017157583
"TFScreen",-393,3254868,5.38696670979676,5.3572308920302
"TFScreen",-392,3230482,5.34660667977861,5.37005601881214
"TFScreen",-391,3210738,5.31392938819006,5.38751678797032
"TFScreen",-390,3236216,5.35609673194477,5.40271495440036
"TFScreen",-389,3256196,5.38916461514671,5.41717195970267
"TFScreen",-388,3307854,5.47466114720106,5.42631896530545
"TFScreen",-387,3299342,5.46057336833145,5.43638136358
"TFScreen",-386,3301616,5.46433695023341,5.45590492588905
"TFScreen",-385,3325556,5.50395882830421,5.48190996181979
"TFScreen",-384,3340606,5.52886731890427,5.5074545931523
"TFScreen",-383,3301622,5.46434688052867,5.52258505302378
"TFScreen",-382,3321746,5.49765309081675,5.5395938432888
"TFScreen",-381,3360242,5.56136586517821,5.56036049801307
"TFScreen",-380,3383576,5.59998478342817,5.57875772410568
"TFScreen",-379,3405994,5.6370876766024,5.59367332849799
"TFScreen",-378,3356758,5.55559967373299,5.61270458889678
"TFScreen",-377,3420900,5.66175784011632,5.63729982381923
"TFScreen",-376,3437364,5.68900657029834,5.66011783680891
"TFScreen",-375,3423890,5.66670643725214,5.67677876582195
"TFScreen",-374,3424690,5.66803047661959,5.6866229985189
"TFScreen",-373,3467094,5.73821118329102,5.69520999565286
"TFScreen",-372,3465090,5.73489446467557,5.7124878066439
"TFScreen",-371,3473402,5.74865123370332,5.72015850835198
"TFScreen",-370,3470976,5.74463608432155,5.72773351812396
"TFScreen",-369,3449004,5.70827134309467,5.74037779316502
"TFScreen",-368,3463066,5.73154464507593,5.75796946166976
"TFScreen",-367,3471592,5.74565559463448,5.76664703513317
"TFScreen",-366,3471882,5.74613555890518,5.77923473758308
"TFScreen",-365,3487710,5.77233167779008,5.7922605766964
"TFScreen",-364,3507928,5.80579346270384,5.80306925170532
"TFScreen",-363,3541610,5.8615388301717,5.82112644041493
"TFScreen",-362,3524768,5.83366449138856,5.83114039088535
"TFScreen",-361,3548752,5.87335919162456,5.84601476950644
"TFScreen",-360,3559976,5.89193546394982,5.86800525789147
"TFScreen",-359,3542814,5.8635315094197,5.88543533340978
"TFScreen",-358,3569018,5.90690041890037,5.90429657511707
"TFScreen",-357,3529622,5.84169810025053,5.91872348861557
"TFScreen",-356,3570452,5.90927375946651,5.93644033902414
"TFScreen",-355,3618038,5.98803093114057,5.95657837596691
"TFScreen",-354,3603556,5.96406250849139,5.98035691933407
"TFScreen",-353,3633286,6.01326712148407,6.0115317271586
"TFScreen",-352,3637496,6.02023487865525,6.03524406855739
"TFScreen",-351,3642520,6.02854984588281,6.05877104444474
"TFScreen",-350,3682596,6.09487759799497,6.08150570313789
"TFScreen",-349,3718016,6.1534994409886,6.10148635994675
"TFScreen",-348,3750012,6.20645439548957,6.11938315934208
"TFScreen",-347,3726618,6.16773617428706,6.13273098075611
"TFScreen",-346,3685990,6.10049483501136,6.14653589666996
"TFScreen",-345,3721554,6.15935500509113,6.1627153568221
"TFScreen",-344,3750836,6.20781815603804,6.17329413044995
"TFScreen",-343,3722504,6.16092730183997,6.1917280685432
"TFScreen",-342,3722000,6.16009315703848,6.20052691197595
"TFScreen",-341,3729248,6.17208895370753,6.20549446694817
"TFScreen",-340,3750054,6.20652390755636,6.21516567177325
"TFScreen",-339,3752906,6.2112441079013,6.22589490442012
"TFScreen",-338,3840534,6.35627276001441,6.23922196248953
"TFScreen",-337,3808492,6.30324167324981,6.2539458820916
"TFScreen",-336,3759634,6.22237927898152,6.27098656966866
"TFScreen",-335,3750268,6.20687808808715,6.28430791029534
"TFScreen",-334,3792864,6.27737656420677,6.29336163130633
"TFScreen",-333,3839412,6.35441579480157,6.31305581414296
"TFScreen",-332,3820364,6.3228904174627,6.31740287612071
"TFScreen",-331,3835258,6.34754072038611,6.33103987976932
"TFScreen",-330,3817786,6.3186237006011,6.35134552805928
"TFScreen",-329,3810228,6.30611483867717,6.37140321988589
"TFScreen",-328,3883800,6.42788011910426,6.3847943734974
"TFScreen",-327,3869426,6.40409044176969,6.38790737060109
"TFScreen",-326,3899128,6.45324871338451,6.39774438126513
"TFScreen",-325,3894592,6.44574141017109,6.40874203280195
"TFScreen",-324,3883578,6.42751269817979,6.43466551994438
"TFScreen",-323,3881866,6.42467925393346,6.46743940622314
"TFScreen",-322,3860102,6.38865876294211,6.47934793666115
"TFScreen",-321,3885744,6.43109753476715,6.49061250249773
"TFScreen",-320,3908352,6.46851488729115,6.50552931056219
"TFScreen",-319,3990082,6.60378205916776,6.52373846288102
"TFScreen",-318,4028054,6.66662758774355,6.55031825226444
"TFScreen",-317,3962948,6.55887395392244,6.57756638061039
"TFScreen",-316,3944294,6.52800066597204,6.59979369149137
"TFScreen",-315,3998270,6.61733360209356,6.62316027806444
"TFScreen",-314,4015616,6.64604208567819,6.63590144871375
"TFScreen",-313,4060236,6.71989038139744,6.63915948831178
"TFScreen",-312,4062966,6.72440866573885,6.64192522599955
"TFScreen",-311,4007832,6.63315918263295,6.64879879582482
"TFScreen",-310,4041046,6.68812998707086,6.67247352246885
"TFScreen",-309,3993034,6.60866776443364,6.68701809492024
"TFScreen",-308,4011736,6.63962049474608,6.70265259250546
"TFScreen",-307,4046436,6.69705070230902,6.70942023918133
"TFScreen",-306,4008632,6.6344832220004,6.71427194070891
"TFScreen",-305,4101644,6.7884226590564,6.73383733062525
"TFScreen",-304,4094938,6.7773238990588,6.7406371755312
"TFScreen",-303,4119528,6.81802155911564,6.76377656898553
"TFScreen",-302,4105216,6.79433449483205,6.79167768947405
"TFScreen",-301,4095212,6.77777738254215,6.80503724669158
"TFScreen",-300,4137870,6.84837847171274,6.82713365822601
"TFScreen",-299,4086240,6.76292828103625,6.8311963526578
"TFScreen",-298,4146826,6.86320109243129,6.83278820907911
"TFScreen",-297,4197176,6.94653282011987,6.83103175049098
"TFScreen",-296,4135228,6.84400583170175,6.83597312559389
"TFScreen",-295,4155492,6.87754374887914,6.85086856847765
"TFScreen",-294,4128646,6.8331122978061,6.8566531159232
"TFScreen",-293,4105518,6.79483431969326,6.87234207967331
"TFScreen",-292,4107854,6.7987005146462,6.87567143684635
"TFScreen",-291,4138058,6.84868962096409,6.86827306596272
"TFScreen",-290,4194212,6.94162725426348,6.87448762528464
"TFScreen",-289,4176316,6.91200849361373,6.87605871836133
"TFScreen",-288,4190514,6.93550688228747,6.88868614199226
"TFScreen",-287,4168954,6.89982402133482,6.8946485319983
"TFScreen",-286,4148004,6.86515074039985,6.91188451538205
"TFScreen",-285,4176532,6.91236598424294,6.93539463985927
"TFScreen",-284,4165934,6.89482577272271,6.9413419839634
"TFScreen",-283,4212572,6.97201395774635,6.93668798558684
"TFScreen",-282,4145146,6.86042060975965,6.93748481655161
"TFScreen",-281,4222410,6.9882963318675,6.95183589870452
"TFScreen",-280,4294314,7.10730099021347,6.97828238139709
"TFScreen",-279,4233740,7.00704803940895,7.00254389821533
"TFScreen",-278,4145384,6.86081451147147,7.01898094420804
"TFScreen",-277,4195810,6.94427202289995,7.02954256550772
"TFScreen",-276,4264336,7.05768592501688,7.05199827317959
"TFScreen",-275,4323776,7.15606205001806,7.06245698051026
"TFScreen",-274,4337782,7.1792426692436,7.05435205407326
"TFScreen",-273,4275180,7.0756332786426,7.06768332499521
"TFScreen",-272,4282768,7.08819179204282,7.08601886289002
"TFScreen",-271,4294394,7.10743339415022,7.10270657360844
"TFScreen",-270,4291922,7.10334211250481,7.11324682972741
"TFScreen",-269,4240446,7.01814679940655,7.11923299225846
"TFScreen",-268,4322344,7.15369201955033,7.12209111178391
"TFScreen",-267,4267248,7.06250542831438,7.13804157330909
"TFScreen",-266,4306722,7.12783684080255,7.15996375329949
"TFScreen",-265,4334390,7.17362874232564,7.16687253053521
"TFScreen",-264,4363562,7.22190983785952,7.17174288898114
"TFScreen",-263,4356778,7.21068198402359,7.19119513371518
"TFScreen",-262,4381192,7.2510883554196,7.19901147975367
"TFScreen",-261,4428470,7.32933577193718,7.21849140894721
"TFScreen",-260,4340312,7.18342994374315,7.24268070543632
"TFScreen",-259,4324292,7.15691605541006,7.26064129945571
"TFScreen",-258,4369732,7.23212149148094,7.27175299892896
"TFScreen",-257,4374294,7.2396718259738,7.27898676764578
"TFScreen",-256,4396718,7.27678464944329,7.28544597333264
"TFScreen",-255,4467492,7.39391910218274,7.28877021489905
"TFScreen",-254,4453762,7.37119527653896,7.31191111294357
"TFScreen",-253,4437414,7.34413853206522,7.33162726279698
"TFScreen",-252,4404856,7.29025343990862,7.34912895680834
"TFScreen",-251,4424122,7.32213961797512,7.37219101432689
"TFScreen",-250,4450564,7.3659024291676,7.38268733641231
"TFScreen",-249,4494114,7.43797982223289,7.39587416667599
"TFScreen",-248,4455332,7.37379370379757,7.41938007830067
"TFScreen",-247,4486054,7.42464012560588,7.43684054654082
"TFScreen",-246,4527572,7.49335445867787,7.46031666727973
"TFScreen",-245,4466480,7.39224419238292,7.47993592152489
"TFScreen",-244,4555136,7.53897423508319,7.50682535556947
"TFScreen",-243,4609990,7.62976030441048,7.5283951605373
"TFScreen",-242,4553462,7.53620368270681,7.55312009113415
"TFScreen",-241,4560886,7.5484907680367,7.57073703675408
"TFScreen",-240,4554518,7.53795141467184,7.58832599699648
"TFScreen",-239,4629280,7.661686203658,7.61801757981144
"TFScreen",-238,4637474,7.67524767687906,7.63882997407748
"TFScreen",-237,4619662,7.6457679403629,7.66126702483099
"TFScreen",-236,4603142,7.61842652742515,7.67873441418601
"TFScreen",-235,4644474,7.68683302134421,7.6919284664826
"TFScreen",-234,4663820,7.71885160334745,7.71538292112278
"TFScreen",-233,4693462,7.76791057200971,7.72124329991392
"TFScreen",-232,4759114,7.87656786269909,7.73157742717682
"TFScreen",-231,4669556,7.72834496561203,7.75920922602129
"TFScreen",-230,4648578,7.6936253432992,7.78730413772632
"TFScreen",-229,4710404,7.79595041571378,7.81658797659972
"TFScreen",-228,4668230,7.72615037036049,7.83719875578027
"TFScreen",-227,4706158,7.78892307677106,7.85419550932377
"TFScreen",-226,4803312,7.94971772765202,7.86298291787107
"TFScreen",-225,4789870,7.92747055618052,7.87836103328787
"TFScreen",-224,4839104,8.00895524895151,7.90319640080468
"TFScreen",-223,4800806,7.9455701743335,7.91839456723472
"TFScreen",-222,4806428,7.95487486098822,7.95074114989945
"TFScreen",-221,4817518,7.97322935671943,7.98305222423568
"TFScreen",-220,4771764,7.89750423519682,8.00146299164
"TFScreen",-219,4813642,7.96681438598415,8.0198656342573
"TFScreen",-218,4811416,7.96313024644424,8.03534365446273
"TFScreen",-217,4883216,8.08196277967244,8.05954378400121
"TFScreen",-216,4920908,8.14434489446962,8.09095631707581
"TFScreen",-215,4925676,8.15223616909959,8.12351775521971
"TFScreen",-214,4912180,8.12989962497079,8.15965289598355
"TFScreen",-213,4941976,8.17921347121128,8.19272860305448
"TFScreen",-212,4961648,8.21177159925676,8.22666674122248
"TFScreen",-211,5015206,8.30041272480879,8.26165718976956
"TFScreen",-210,5033932,8.33140517630227,8.29960686630288
"TFScreen",-209,5011930,8.29499078359911,8.33197722149261
"TFScreen",-208,5033474,8.3306471637644,8.36556298463804
"TFScreen",-207,5036980,8.33644976629223,8.39894713269798
"TFScreen",-206,5115774,8.46685771369032,8.43523273248086
"TFScreen",-205,5173134,8.56179133633614,8.4680625895147
"TFScreen",-204,5140820,8.50831007618661,8.50000233099197
"TFScreen",-203,5135402,8.49934301957059,8.5294035279002
"TFScreen",-202,5163858,8.54643909987061,8.56819366851381
"TFScreen",-201,5202814,8.61091319686835,8.61915112907816
"TFScreen",-200,5233404,8.66154115218103,8.65624469379322
"TFScreen",-199,5246214,8.68274233255225,8.69188271795819
"TFScreen",-198,5207340,8.61840394958967,8.73705111730643
"TFScreen",-197,5291286,8.75733871051411,8.78263147344877
"TFScreen",-196,5375660,8.89698183250013,8.82448405693567
"TFScreen",-195,5362310,8.87488692555589,8.860030000181
"TFScreen",-194,5409996,8.95380960215087,8.90402722652513
"TFScreen",-193,5441024,9.00516246901723,8.95158401234141
"TFScreen",-192,5438344,9.00072693713629,9.0090771117743
"TFScreen",-191,5442024,9.00681751822654,9.04892106735718
"TFScreen",-190,5439064,9.00191857256699,9.0743534562615
"TFScreen",-189,5525824,9.14551064196642,9.1106495881757
"TFScreen",-188,5562292,9.2058669765314,9.14639955385083
"TFScreen",-187,5589458,9.25082804335142,9.18053870526825
"TFScreen",-186,5556102,9.1956222219258,9.22026590465237
"TFScreen",-185,5544692,9.17673811044761,9.26805620286619
"TFScreen",-184,5603546,9.27414437661213,9.32379735748151
"TFScreen",-183,5647602,9.34705922457733,9.36901330187976
"TFScreen",-182,5667924,9.38069313460886,9.40520020054615
"TFScreen",-181,5702384,9.43772613036156,9.43843509325922
"TFScreen",-180,5759654,9.53251079857854,9.47103173881356
"TFScreen",-179,5809538,9.61507127333558,9.5197196755349
"TFScreen",-178,5826344,9.64288603034718,9.56398532076897
"TFScreen",-177,5802802,9.60392286186169,9.61891911228819
"TFScreen",-176,5810348,9.61641186319511,9.67168870127772
"TFScreen",-175,5772750,9.55418532302361,9.71654264127619
"TFScreen",-174,5868288,9.71230541438233,9.75923328149908
"TFScreen",-173,5897750,9.76106647418692,9.7999995508686
"TFScreen",-172,6012710,9.95133093128878,9.84099271243882
"TFScreen",-171,6018648,9.96115861349364,9.88987353762255
"TFScreen",-170,6000498,9.93111947034473,9.94436979431444
"TFScreen",-169,6043390,10.0021078410303,10.0036193523355
"TFScreen",-168,6080484,10.0635002364003,10.0571427410103
"TFScreen",-167,6098798,10.0938108076196,10.1090709631654
"TFScreen",-166,6127680,10.1416119388827,10.1388811076874
"TFScreen",-165,6172548,10.2158706868059,10.1813969145302
"TFScreen",-164,6166542,10.2059304612548,10.2370372616027
"TFScreen",-163,6224022,10.3010626898057,10.2938063522361
"TFScreen",-162,6242882,10.3322769178933,10.3500446234503
"TFScreen",-161,6210838,10.2792425210302,10.3988047805007
"TFScreen",-160,6301222,10.4288324887642,10.4515788832608
"TFScreen",-159,6370302,10.5431632881431,10.5007224098918
"TFScreen",-158,6420696,10.6265678379969,10.5687362057712
"TFScreen",-157,6454262,10.6821212197564,10.6291557331241
"TFScreen",-156,6422874,10.6301725351747,10.6896206991009
"TFScreen",-155,6478434,10.7221270692438,10.7504846823961
"TFScreen",-154,6499172,10.7564494797464,10.8078507944169
"TFScreen",-153,6618584,10.9540822159281,10.8673654612294
"TFScreen",-152,6625590,10.9656774906885,10.9130378982914
"TFScreen",-151,6644752,10.9973915436372,10.9660789153513
"TFScreen",-150,6615360,10.9487463372773,11.0257599898389
"TFScreen",-149,6682496,11.0598597209933,11.0792418518245
"TFScreen",-148,6765856,11.1978246230811,11.1304526853769
"TFScreen",-147,6724250,11.1289646456787,11.1686560358163
"TFScreen",-146,6806790,11.2655724074148,11.2089989135062
"TFScreen",-145,6819534,11.2866643545382,11.2445289080955
"TFScreen",-144,6833892,11.3104275510854,11.2946146091037
"TFScreen",-143,6839536,11.3197686488228,11.3401248513431
"TFScreen",-142,6872496,11.3743190707615,11.3760132393158
"TFScreen",-141,6893722,11.4094491452782,11.4351198612687
"TFScreen",-140,6880896,11.3882214841197,11.4807498688873
"TFScreen",-139,6948246,11.4996890483665,11.5345428801243
"TFScreen",-138,6984972,11.5604723856275,11.5944213568448
"TFScreen",-137,7004382,11.5925968907801,11.6536131386025
"TFScreen",-136,7117092,11.779137487161,11.7148285941662
"TFScreen",-135,7110062,11.7675024912196,11.7754042979809
"TFScreen",-134,7177060,11.8783874781447,11.8371999235219
"TFScreen",-133,7231864,11.9690907950115,11.8942181742907
"TFScreen",-132,7232944,11.9708782481576,11.9513853794884
"TFScreen",-131,7279354,12.0476890819615,12.0271797121598
"TFScreen",-130,7296328,12.0757818872403,12.0851145592725
"TFScreen",-129,7291610,12.0679733650708,12.1389054640832
"TFScreen",-128,7327208,12.1268898068236,12.1839288209371
"TFScreen",-127,7364924,12.1893116428018,12.2184874520996
"TFScreen",-126,7508136,12.426334550165,12.2501668994739
"TFScreen",-125,7502146,12.4164208054013,12.2849051787051
"TFScreen",-124,7467574,12.3592024441371,12.3283544333019
"TFScreen",-123,7476300,12.3736444035376,12.3894844281428
"TFScreen",-122,7461552,12.3492357377987,12.4470509515769
"TFScreen",-121,7443496,12.3193521692755,12.4977336739726
"TFScreen",-120,7510236,12.4298101535046,12.5443206009522
"TFScreen",-119,7585106,12.5537236878054,12.5902695816911
"TFScreen",-118,7697900,12.7404033083199,12.6390670525783
"TFScreen",-117,7709814,12.7601215645995,12.6982025626629
"TFScreen",-116,7701778,12.7468215891535,12.7641141451285
"TFScreen",-115,7817768,12.938790746941,12.8480714814182
"TFScreen",-114,7807538,12.9218595935298,12.914823828882
"TFScreen",-113,7791898,12.8959746238962,12.9529976893537
"TFScreen",-112,7869334,13.0241350144681,12.9832092585384
"TFScreen",-111,7899622,13.0742631449196,13.0146563971874
"TFScreen",-110,8001504,13.2428828684621,13.0413872474259
"TFScreen",-109,7953894,13.164085975607,13.0643211138602
"TFScreen",-108,7838822,12.9736361529937,13.0907736149136
"TFScreen",-107,7898696,13.0727305693517,13.1111713441232
"TFScreen",-106,7918822,13.1060400897383,13.1335151102849
"TFScreen",-105,7879440,13.0408609417773,13.1637432299617
"TFScreen",-104,7970194,13.1910632777187,13.1802473806769
"TFScreen",-103,7983350,13.2128371051164,13.1970130291672
"TFScreen",-102,7927468,13.1203496452019,13.2302440099457
"TFScreen",-101,8017838,13.2699164422469,13.2517334697974
"TFScreen",-100,8100528,13.4067724613645,13.2634584402322
"TFScreen",-99,8111196,13.4244285263294,13.2895173404918
"TFScreen",-98,8065324,13.3485081090001,13.327624096241
"TFScreen",-97,8059686,13.339176941558,13.3592213929909
"TFScreen",-96,8041522,13.3091146277201,13.4114487276759
"TFScreen",-95,7996750,13.2350147645211,13.4439933144096
"TFScreen",-94,8052636,13.3275088446324,13.4605570468964
"TFScreen",-93,8223464,13.6102375909598,13.4783349836667
"TFScreen",-92,8193356,13.560407369366,13.5118476237289
"TFScreen",-91,8274588,13.6948503267364,13.5478067274404
"TFScreen",-90,8234140,13.6279068963183,13.5801265283998
"TFScreen",-89,8210616,13.5889735187186,13.6182546493297
"TFScreen",-88,8229354,13.6199858308026,13.6495838281077
"TFScreen",-87,8288060,13.7171471496841,13.6650826116578
"TFScreen",-86,8298682,13.7347270823854,13.7069472318662
"TFScreen",-85,8256330,13.6646324382728,13.7265523429636
"TFScreen",-84,8250162,13.6544240947498,13.7391274068559
"TFScreen",-83,8260860,13.672129811191,13.7478284519263
"TFScreen",-82,8326474,13.7807242100104,13.7596063839358
"TFScreen",-81,8471602,14.0209181916587,13.7687368390464
"TFScreen",-80,8404890,13.9105065488074,13.7759083177294
"TFScreen",-79,8317718,13.7662325991337,13.7870594374656
"TFScreen",-78,8268446,13.6846850144928,13.8035115293602
"TFScreen",-77,8307634,13.7495430829071,13.8264929408446
"TFScreen",-76,8348744,13.8175821559017,13.8304599433403
"TFScreen",-75,8346346,13.8136133478978,13.8288747071158
"TFScreen",-74,8330444,13.7872947553714,13.8402831117746
"TFScreen",-73,8359508,13.8353971055907,13.852416127069
"TFScreen",-72,8413602,13.9249253375189,13.8665168454142
"TFScreen",-71,8352840,13.824361237463,13.8736726763592
"TFScreen",-70,8461066,14.0034805931894,13.8782947774237
"TFScreen",-69,8480714,14.0359990000539,13.8791752636031
"TFScreen",-68,8398358,13.8996957673722,13.8906032279343
"TFScreen",-67,8362164,13.8397929162906,13.9022884771881
"TFScreen",-66,8355194,13.8282572233017,13.90459651854
"TFScreen",-65,8379464,13.8684252676116,13.9037527443613
"TFScreen",-64,8352198,13.8232986958706,13.8858595559824
"TFScreen",-63,8406398,13.913002363015,13.8817294559101
"TFScreen",-62,8437172,13.9639348473822,13.8921153410756
"TFScreen",-61,8428942,13.9503137923896,13.8964825645619
"TFScreen",-60,8347232,13.8150797214972,13.8951832004735
"TFScreen",-59,8342142,13.8066555210218,13.8819217425364
"TFScreen",-58,8453264,13.9905678992584,13.8711747557253
"TFScreen",-57,8467386,14.0139405041922,13.8678402829456
"TFScreen",-56,8391190,13.8878323746399,13.8587949876397
"TFScreen",-55,8346558,13.8139642183301,13.8468118295282
"TFScreen",-54,8291324,13.7225492303033,13.8430714183152
"TFScreen",-53,8280770,13.7050818409483,13.8337357371026
"TFScreen",-52,8384236,13.8763231624384,13.8106255326979
"TFScreen",-51,8377054,13.8644365990171,13.7746101573132
"TFScreen",-50,8349298,13.8184990531636,13.7404339929771
"TFScreen",-49,8322372,13.7739351981539,13.7136628197215
"TFScreen",-48,8280094,13.7039630276828,13.6903919250845
"TFScreen",-47,8299666,13.7363556508073,13.6726145901503
"TFScreen",-46,8228016,13.6177713749605,13.6276544260844
"TFScreen",-45,8164044,13.5118945669428,13.5875200845948
"TFScreen",-44,8168628,13.5194813125183,13.5416216580862
"TFScreen",-43,8136658,13.4665693892967,13.5174741892044
"TFScreen",-42,8162616,13.5095311566719,13.5022293804785
"TFScreen",-41,8085416,13.3817613577134,13.4712155638043
"TFScreen",-40,8110308,13.4229588426315,13.4391193449472
"TFScreen",-39,8044242,13.3136163615695,13.3894838173241
"TFScreen",-38,8161880,13.5083130404538,13.3291313946936
"TFScreen",-37,8178772,13.5362701316975,13.29043634418
"TFScreen",-36,8093538,13.3952036673914,13.2695475167323
"TFScreen",-35,8014694,13.2647129675329,13.2759465388115
"TFScreen",-34,7834150,12.9659037630879,13.278535637611
"TFScreen",-33,7767506,12.8556046635828,13.2952477226905
"TFScreen",-32,7879478,13.0409238336473,13.3166589438522
"TFScreen",-31,8023782,13.2797540547471,13.3318832901516
"TFScreen",-30,8127946,13.4521506005852,13.3481948533224
"TFScreen",-29,8127516,13.4514389294252,13.3453818715027
"TFScreen",-28,8155316,13.497449297444,13.3187060892651
"TFScreen",-27,8304186,13.7438364732334,13.2951297628195
"TFScreen",-26,8279958,13.7037379409903,13.2524601868593
"TFScreen",-25,8201950,13.5746308622708,13.1786874215676
"TFScreen",-24,7995998,13.2337701675157,13.0734022184127
"TFScreen",-23,7656854,12.6724701584747,12.948793563444
"TFScreen",-22,7610810,12.5962650726814,12.8180419676465
"TFScreen",-21,7595882,12.5715584980848,12.6790235515074
"TFScreen",-20,7533464,12.4682536365383,12.5638613155894
"TFScreen",-19,7428186,12.294013365881,12.4576926170747
"TFScreen",-18,7299326,12.0807437247698,12.358023447264
"TFScreen",-17,7286298,12.0591817436709,12.3079344361575
"TFScreen",-16,7380224,12.2146338957042,12.320835093367
"TFScreen",-15,7514552,12.4369533458919,12.3463776182733
"TFScreen",-14,7496318,12.4067751786095,12.3373413505085
"TFScreen",-13,7333564,12.137409299598,12.2849250392956
"TFScreen",-12,7323946,12.1214910363029,12.248830823385
"TFScreen",-11,7696552,12.7381723019857,12.2940503787997
"TFScreen",-10,7765646,12.8525262720535,12.2724258067489
"TFScreen",-9,7473406,12.3688546911258,12.1631937626068
"TFScreen",-8,7079810,11.7174339425397,12.0651317960374
"TFScreen",-7,7059432,11.6837073497524,12.0714646161483
"TFScreen",-6,7586842,12.5565968532327,12.2099464954254
"TFScreen",-5,7236500,11.9767636031459,12.2695496321412
"TFScreen",-4,6788560,11.2354008603292,12.1828942647223
"TFScreen",-3,6844566,11.3280935463456,12.0573708189179
"TFScreen",-2,7375654,12.2070703208177,11.9596287282229
"TFScreen",-1,8244342,13.6447917083517,11.9554850868389
"TFScreen",0,8092694,13.3938068058588,11.9061465653193
"TFScreen",1,7189706,11.8993172304456,11.8324944681608
"TFScreen",2,6639136,10.9880967872778,11.8164480137815
"TFScreen",3,6430184,10.6422709448948,11.7963620356593
"TFScreen",4,7031892,11.6381272945281,11.691651285039
"TFScreen",5,7258922,12.0138731165169,11.4245317591817
"TFScreen",6,6746984,11.166590534403,11.1462409520795
"TFScreen",7,6681910,11.0588898621566,11.010927438825
"TFScreen",8,6711068,11.1071477870016,10.9561910495388
"TFScreen",9,6679712,11.0552520639946,10.9426440203836
"TFScreen",10,6468978,10.7064769239206,10.8425297927946
"TFScreen",11,6243082,10.3326079277351,10.7282423256132
"TFScreen",12,6290368,10.4108685846464,10.6774151625593
"TFScreen",13,6275340,10.3859965051289,10.6300160577949
"TFScreen",14,6340146,10.4932536241872,10.567240342204
"TFScreen",15,6366500,10.5368707910493,10.5042636133636
"TFScreen",16,6499330,10.7567109775215,10.4839173411385
"TFScreen",17,6409170,10.6074917408104,10.4923758462702
"TFScreen",18,6366880,10.5374997097488,10.4725456484804
"TFScreen",19,6293840,10.4166149155011,10.4471535825932
"TFScreen",20,6261148,10.3625080467504,10.4063466892885
"TFScreen",21,6333750,10.4826679294445,10.3726044487633
"TFScreen",22,6299300,10.4256514841839,10.307627818642
"TFScreen",23,6158570,10.1927364089582,10.2345288088375
"TFScreen",24,6106576,10.1066837803695,10.1501640295243
"TFScreen",25,6068930,10.044377797836,10.0749983146344
"TFScreen",26,6142238,10.1657061452718,9.99953348721473
"TFScreen",27,6067474,10.0419680461872,9.91097481320513
"TFScreen",28,5923330,9.80340263296097,9.8290905012796
"TFScreen",29,5806164,9.60948713730338,9.74802318182739
"TFScreen",30,5794264,9.58979205171263,9.67309037749899
"TFScreen",31,5759584,9.53239494513388,9.61682081080883
"TFScreen",32,5745160,9.50852251533885,9.54216334648525
"TFScreen",33,5755070,9.52492405300307,9.46174540815916
"TFScreen",34,5619770,9.30099589498392,9.37962728291807
"TFScreen",35,5608548,9.28242293275708,9.30801059536903
"TFScreen",36,5694944,9.42541256424432,9.23068158070359
"TFScreen",37,5646040,9.3444740377124,9.13418468885008
"TFScreen",38,5532990,9.15737072460031,9.02999753561601
"TFScreen",39,5377546,8.90010325530888,8.91060017923038
"TFScreen",40,5330176,8.82170357426403,8.8021706834958
"TFScreen",41,5280310,8.73917289039276,8.69501587657043
"TFScreen",42,5118234,8.47092913474521,8.57403057569798
"TFScreen",43,5052698,8.36246382976411,8.44150205888571
"TFScreen",44,4961516,8.21155313276113,8.31224482206514
"TFScreen",45,4899112,8.10827144190357,8.20218976708899
"TFScreen",46,4896362,8.10372005657798,8.10845078905425
"TFScreen",47,4890836,8.09457425464735,8.01474671751193
"TFScreen",48,4765212,7.88666035277744,7.93839478371606
"TFScreen",49,4673904,7.73554111957409,7.85654507736491
"TFScreen",50,4646084,7.68949765057119,7.77866779003412
"TFScreen",51,4707156,7.79057481588195,7.69459610488997
"TFScreen",52,4657522,7.70842810342724,7.60093536554513
"TFScreen",53,4610774,7.63105786299058,7.50272083353039
"TFScreen",54,4508698,7.46211705990142,7.41469418261207
"TFScreen",55,4443918,7.35490297212255,7.32312933740228
"TFScreen",56,4340344,7.18348290531785,7.23042792476277
"TFScreen",57,4273862,7.07345192378474,7.13894793843972
"TFScreen",58,4238070,7.01421440248524,7.04826478308144
"TFScreen",59,4180158,6.91836719267589,6.94861276559891
"TFScreen",60,4065334,6.72832782226649,6.85840114880626
"TFScreen",61,4029960,6.66978211153648,6.75861191269838
"TFScreen",62,4099150,6.7842949663284,6.67973016095657
"TFScreen",63,4054812,6.71091339448617,6.61078622742155
"TFScreen",64,3948454,6.53488567068276,6.53422034090061
"TFScreen",65,3909122,6.46978927518232,6.44954230590977
"TFScreen",66,3780686,6.25722137493584,6.36887099459565
"TFScreen",67,3816070,6.31578363615793,6.29623118571723
"TFScreen",68,3815638,6.31506865489951,6.21963159637603
"TFScreen",69,3729188,6.17198965075497,6.14119730975681
"TFScreen",70,3617360,5.98690880777666,6.07210983831764
"TFScreen",71,3529166,5.84094339781109,6.00110371346782
"TFScreen",72,3547172,5.87074421387386,5.95190331332767
"TFScreen",73,3590044,5.94169948357524,5.89403045533076
"TFScreen",74,3533512,5.84813624167473,5.82191725301894
"TFScreen",75,3489276,5.77492348485185,5.75045042265286
"TFScreen",76,3437192,5.68872190183434,5.69157490575314
"TFScreen",77,3453684,5.71601697339422,5.6487106358223
"TFScreen",78,3431428,5.6791821981919,5.60055923596281
"TFScreen",79,3336350,5.52182342946946,5.5379854363754
"TFScreen",80,3254196,5.3858545167281,5.48401187431561
"TFScreen",81,3226054,5.3392781218798,5.42871698115072
"TFScreen",82,3244276,5.36943642857178,5.37181969943318
"TFScreen",83,3227142,5.34107881541953,5.31698761821082
"TFScreen",84,3174158,5.25338768811363,5.26016165406831
"TFScreen",85,3174786,5.25442705901708,5.21590022168677
"TFScreen",86,3121768,5.16667966003807,5.17613420387574
"TFScreen",87,3059034,5.06285180294144,5.13556684132938
"TFScreen",88,3089252,5.11286407994826,5.09150341301688
"TFScreen",89,3053744,5.05409659262421,5.04998424671614
"TFScreen",90,3042174,5.03494767327254,5.00757406210472
"TFScreen",91,2989898,4.94842832080683,4.96219953390042
"TFScreen",92,2956430,4.89303713386977,4.91934639793698
"TFScreen",93,2951416,4.88473871713431,4.8833090555355
"TFScreen",94,2951192,4.88436798611142,4.8474399263173
"TFScreen",95,2892286,4.78687565738802,4.80777441513099
"TFScreen",96,2873212,4.75530724876971,4.77030470286836
"TFScreen",97,2836952,4.69529516444025,4.7419636402082
"TFScreen",98,2819518,4.66644103652521,4.71187725292731
"TFScreen",99,2850854,4.71830365854803,4.67987672600636
"TFScreen",100,2790114,4.61777596957476,4.64898117012114
"TFScreen",101,2793138,4.6227808383837,4.62248383228014
"TFScreen",102,2801534,4.63667663154504,4.59410876588168
"TFScreen",103,2756466,4.56208687378002,4.57373872113157
"TFScreen",104,2738730,4.53273292100376,4.54648938911348
"TFScreen",105,2745850,4.54451687137402,4.51678637141307
"TFScreen",106,2716176,4.49540494113706,4.49170425110505
"TFScreen",107,2684622,4.44318151838661,4.4658105548484
"TFScreen",108,2701566,4.4712246721891,4.4390285485434
"TFScreen",109,2638410,4.36669838432614,4.41109402615265
"TFScreen",110,2653438,4.3915704638436,4.38680903772744
"TFScreen",111,2623410,4.34187264618654,4.36255323835192
"TFScreen",112,2621040,4.33795017956049,4.34416233153811
"TFScreen",113,2623532,4.34207456219008,4.32854679178929
"TFScreen",114,2570804,4.25480712748177,4.31217143399437
"TFScreen",115,2577324,4.26559804832645,4.30310718085206
"TFScreen",116,2584638,4.27770307824332,4.29153417402647
"TFScreen",117,2593944,4.29310496618512,4.28234895183286
"TFScreen",118,2580836,4.27141058114953,4.27471255478112
"TFScreen",119,2592730,4.29109573644502,4.2650828766453
"TFScreen",120,2578166,4.26699159976069,4.25473611082479
"TFScreen",121,2576520,4.26426738876217,4.24637149212096
"TFScreen",122,2562362,4.24083520205681,4.2372831655356
"TFScreen",123,2570286,4.25394981199135,4.2271578753911
"TFScreen",124,2559530,4.23614810269605,4.22079737082071
"TFScreen",125,2502036,4.14099270345619,4.21078462402245
"TFScreen",126,2521730,4.17358724258427,4.20319276284034
"TFScreen",127,2524234,4.17773148580437,4.19936237713393
"TFScreen",128,2526648,4.18172677459564,4.19560210533039
"TFScreen",129,2538562,4.20144503087531,4.18674157369984
"TFScreen",130,2526182,4.1809555216641,4.18028808545569
"TFScreen",131,2527708,4.1834811267575,4.19019039533399
"TFScreen",132,2551062,4.22213314599164,4.19406922884453
"TFScreen",133,2537370,4.19947221221782,4.1882982227107
"TFScreen",134,2511396,4.1564839640553,4.18342455416635
"TFScreen",135,2516638,4.16515973201048,4.17508852267613
"TFScreen",136,2567850,4.24991811211748,4.17098851440762
"TFScreen",137,2547510,4.21625441120019,4.16811444622615
"TFScreen",138,2485878,4.11425041833221,4.16574140657804
"TFScreen",139,2494256,4.12811642060778,4.16643923550829
"TFScreen",140,2483158,4.1097486844829,4.17338472474466
"TFScreen",141,2498932,4.1358554307105,4.1848364616009
"TFScreen",142,2508606,4.15186637676133,4.18921873098911
"TFScreen",143,2535290,4.19602970986246,4.19429582012719
"TFScreen",144,2542008,4.20714833045058,4.2018560849153
"TFScreen",145,2557558,4.2328843456553,4.20965257036328
"TFScreen",146,2592750,4.29112883742921,4.22971357228831
"TFScreen",147,2596976,4.29812307538774,4.24818843523474
"TFScreen",148,2581254,4.27210239171902,4.25615674488245
"TFScreen",149,2536126,4.19741333100144,4.26525139074661
"TFScreen",150,2546074,4.21387776053562,4.27824924448239
"TFScreen",151,2616490,4.33041970565814,4.2928913143781
"TFScreen",152,2621722,4.33907892312124,4.30285501153617
"TFScreen",153,2561566,4.2395177828862,4.30805427339769
"TFScreen",154,2595736,4.2960708143682,4.32080447158815
"TFScreen",155,2628396,4.35012472154415,4.34658141164604
"TFScreen",156,2654874,4.39394711450816,4.3725557539369
"TFScreen",157,2658972,4.4007295061679,4.38619877594626
"TFScreen",158,2631532,4.35531495586453,4.39855416967079
"TFScreen",159,2665996,4.41235457181407,4.42571774004805
"TFScreen",160,2707448,4.48095967163824,4.44363891380445
"TFScreen",161,2718708,4.49959552573503,4.46744935448365
"TFScreen",162,2707166,4.48049294776121,4.49712167854417
"TFScreen",163,2703840,4.47498825409106,4.52288116535585
"TFScreen",164,2742104,4.53831705703596,4.55424825980671
"TFScreen",165,2714846,4.49320372568869,4.58034898767354
"TFScreen",166,2786648,4.61203956901531,4.60306198026795
"TFScreen",167,2852086,4.7203426791739,4.6249426335691
"TFScreen",168,2830178,4.68408386109641,4.64411683003597
"TFScreen",169,2840008,4.7003529948239,4.67052720256397
"TFScreen",170,2839470,4.69946257834929,4.69698782840432
"TFScreen",171,2858406,4.73080259017672,4.72778468317305
"TFScreen",172,2864134,4.74028271204762,4.75308647364885
"TFScreen",173,2834604,4.6914091088968,4.77179725633712
"TFScreen",174,2879372,4.76550235189903,4.79844776145949
"TFScreen",175,2917970,4.82938394127984,4.82708432563302
"TFScreen",176,2919532,4.83196912814478,4.85769701856247
"TFScreen",177,2954812,4.89035926424911,4.88341257134059
"TFScreen",178,2976444,4.92616128874483,4.91358742852467
"TFScreen",179,3007306,4.97723941744244,4.94648649670726
"TFScreen",180,3030336,5.01535520073277,4.97545497347677
"TFScreen",181,3042932,5.03620220057319,4.99304212821094
"TFScreen",182,3029320,5.01367367073611,5.01691606259616
"TFScreen",183,3064686,5.07220614107244,5.03759515017135
"TFScreen",184,3053262,5.05329885890533,5.06433773621336
"TFScreen",185,3071906,5.08415559636363,5.09280698995774
"TFScreen",186,3034860,5.02284264335567,5.11274551824127
"TFScreen",187,3078206,5.09458240638227,5.13196033864328
"TFScreen",188,3092252,5.11782922757618,5.1564517568426
"TFScreen",189,3154184,5.22032973520695,5.17275278788211
"TFScreen",190,3196522,5.29040120863056,5.19031285999285
"TFScreen",191,3162854,5.23467901185164,5.21027154978494
"TFScreen",192,3170640,5.24756522499529,5.23281994021253
"TFScreen",193,3192098,5.28307927092859,5.24599744201702
"TFScreen",194,3173028,5.25151748250712,5.26274202624463
"TFScreen",195,3169972,5.24645965212348,5.27351609567918
"TFScreen",196,3204558,5.30370118407655,5.28874134473265
"TFScreen",197,3184724,5.27087493805917,5.30678047835997
"TFScreen",198,3165788,5.23953492623174,5.32264066447374
"TFScreen",199,3203542,5.30201965407989,5.34091722243309
"TFScreen",200,3225792,5.33884449898696,5.35584636813711
"TFScreen",201,3297714,5.4578789482187,5.37784799048955
"TFScreen",202,3282748,5.43310948175222,5.39237571153081
"TFScreen",203,3276052,5.4220272722467,5.40861294794625
"TFScreen",204,3313570,5.48412140848146,5.41986367155308
"TFScreen",205,3272252,5.41573808525134,5.43082220374496
"TFScreen",206,3316202,5.48847749800036,5.44274096539627
"TFScreen",207,3301114,5.46350611553034,5.44023431813926
"TFScreen",208,3292642,5.4494845386291,5.44138713514305
"TFScreen",209,3240564,5.36329288590684,5.44143618478326
"TFScreen",210,3276376,5.42256350819052,5.43906675615161
"TFScreen",211,3305008,5.46995087715138,5.44513206012666
"TFScreen",212,3281054,5.43030582839165,5.43517137214898
"TFScreen",213,3290410,5.44579046879392,5.42529343663176
"TFScreen",214,3276378,5.42256681828894,5.42012276198385
"TFScreen",215,3297822,5.4580576935333,5.42471507216262
"TFScreen",216,3312564,5.4824564289769,5.42343225856638
"TFScreen",217,3250000,5.37890993024585,5.41659269247942
"TFScreen",218,3235462,5.35484882484096,5.41307977530315
"TFScreen",219,3258276,5.39260711750207,5.40404380845642
"TFScreen",220,3271086,5.41380829787329,5.39593165998651
"TFScreen",221,3267850,5.40845255863197,5.38500953887724
"TFScreen",222,3259550,5.39471565019473,5.36503399767503
"TFScreen",223,3257706,5.39166373945277,5.35030586522043
"TFScreen",224,3230354,5.34639483347982,5.34126357909489
"TFScreen",225,3222462,5.33333318511997,5.33378426125902
"TFScreen",226,3225230,5.33791436133133,5.31983550652298
"TFScreen",227,3179800,5.26272547575254,5.30280866117568
"TFScreen",228,3152112,5.21690047324527,5.28185965012035
"TFScreen",229,3175364,5.25538367746006,5.25735168142894
"TFScreen",230,3208566,5.31033462130745,5.23610626610613
"TFScreen",231,3178378,5.26037199577691,5.21661129101069
"TFScreen",232,3154684,5.2211572598116,5.19571644520222
"TFScreen",233,3120316,5.16427652858616,5.17332423123638
"TFScreen",234,3094818,5.12207608384726,5.15458516225254
"TFScreen",235,3089150,5.11269526492891,5.13500532827037
"TFScreen",236,3092892,5.11888845907014,5.11284602486598
"TFScreen",237,3086356,5.10807105743811,5.09447648323287
"TFScreen",238,3030974,5.0164111221283,5.07370290739373
"TFScreen",239,3027566,5.01077071442299,5.05211534826165
"TFScreen",240,3045230,5.04000550365618,5.03238204608007
"TFScreen",241,3061288,5.06658228385922,5.01035183651401
"TFScreen",242,3056288,5.05830703781269,4.98503500013631
"TFScreen",243,3016616,4.99264792558108,4.96204907488139
"TFScreen",244,2976838,4.92681337813329,4.94391274472777
"TFScreen",245,2963664,4.90500975984989,4.92325080948075
"TFScreen",246,2942730,4.87036295970227,4.89199385103183
"TFScreen",247,2924628,4.8404032589154,4.86364285807641
"TFScreen",248,2933584,4.85522587963395,4.83627616802347
"TFScreen",249,2910434,4.81691149043851,4.81022779989525
"TFScreen",250,2890240,4.78348942670578,4.79067053476594
"TFScreen",251,2837486,4.69617896071802,4.77230400231321
"TFScreen",252,2872858,4.75472136134961,4.75399013051714
"TFScreen",253,2874400,4.75727344723036,4.73125517090595
"TFScreen",254,2843490,4.7061158761707,4.70008006216338
"TFScreen",255,2846854,4.71168346171081,4.68082461782623
"TFScreen",256,2841594,4.70297790286986,4.65764700778107
"TFScreen",257,2821010,4.66891036994549,4.64138329057827
"TFScreen",258,2773524,4.59031870319237,4.61827880361635
"TFScreen",259,2726384,4.51229968346566,4.59507471278384
"TFScreen",260,2782456,4.60510160272989,4.57796692048429
"TFScreen",261,2736194,4.52853571620896,4.55431867462761
"TFScreen",262,2729392,4.51727807148726,4.52838375259974
"TFScreen",263,2719298,4.50057200476852,4.50076790241129
"TFScreen",264,2720178,4.50202844807271,4.47530241252279
"TFScreen",265,2729786,4.51793016087572,4.46560352323822
"TFScreen",266,2689680,4.45155275728728,4.4432107074363
"TFScreen",267,2669222,4.41769376056329,4.42210341349296
"TFScreen",268,2637466,4.36513601787256,4.40001332123733
"TFScreen",269,2604272,4.31019831441884,4.38186946813276
"TFScreen",270,2661922,4.40561190133535,4.36466147012654
"TFScreen",271,2633626,4.35878062890882,4.34143781962155
"TFScreen",272,2595908,4.2963554828322,4.31613542730968
"TFScreen",273,2582574,4.27428705667531,4.28755603756337
"TFScreen",274,2598708,4.30098962061826,4.26592243797147
"TFScreen",275,2605808,4.31274047000433,4.25173806441164
"TFScreen",276,2575434,4.26247000532086,4.22916770696727
"TFScreen",277,2521512,4.17322644185664,4.20959690052624
"TFScreen",278,2479274,4.10332047335396,4.19669473872657
"TFScreen",279,2493682,4.12716642236164,4.18273575277724
"TFScreen",280,2509998,4.15417020526069,4.16049098865005
"TFScreen",281,2511912,4.1573379694473,4.14086872522451
"TFScreen",282,2503552,4.1435017580575,4.12168670488865
"TFScreen",283,2510156,4.15443170303576,4.10672987472513
"TFScreen",284,2489798,4.1207382112327,4.0987757082252
"TFScreen",285,2450862,4.05629721521914,4.08504752641106
"TFScreen",286,2475392,4.09689557232343,4.0762375490109
"TFScreen",287,2447944,4.05146778162638,4.06482342690941
"TFScreen",288,2422104,4.00870131005791,4.04621646094428
"TFScreen",289,2426408,4.01582464185476,4.02323023477131
"TFScreen",290,2402440,3.97615642240611,4.00166945734462
"TFScreen",291,2451444,4.05726045385896,3.98879798918483
"TFScreen",292,2436050,4.03178262633089,3.9733350148813
"TFScreen",293,2379884,3.93882513244099,3.9614574790012
"TFScreen",294,2357382,3.90158321513318,3.95079505015877
"TFScreen",295,2346498,3.88356965953909,3.93633082282355
"TFScreen",296,2365314,3.9147110654614,3.9207586152722
"TFScreen",297,2372620,3.92680285498459,3.90362554585746
"TFScreen",298,2369002,3.92081488694532,3.88448655680104
"TFScreen",299,2351238,3.8914145927912,3.87249647757471
"TFScreen",300,2330274,3.8567181411673,3.85893921720619
"TFScreen",301,2298942,3.80486213934131,3.85186734239384
"TFScreen",302,2337572,3.86879669029682,3.84407055602782
"TFScreen",303,2308846,3.82125374671028,3.83532708151407
"TFScreen",304,2300194,3.80693426095136,3.82177072389966
"TFScreen",305,2267276,3.75245335107941,3.80289082527401
"TFScreen",306,2299496,3.80577903660327,3.78556516831491
"TFScreen",307,2313494,3.82894641543514,3.77842648969812
"TFScreen",308,2314508,3.83062463533337,3.76564680153993
"TFScreen",309,2278902,3.77169495318681,3.75858154692442
"TFScreen",310,2225756,3.68373570790901,3.75695478401069
"TFScreen",311,2215122,3.66613591461725,3.7551393454871
"TFScreen",312,2251496,3.72633667455656,3.74958740768497
"TFScreen",313,2252634,3.72822012055675,3.73667200549162
"TFScreen",314,2261888,3.74353594593967,3.72668604039874
"TFScreen",315,2289382,3.78903986890034,3.71984647431177
"TFScreen",316,2255210,3.73248352731992,3.71860909933929
"TFScreen",317,2262596,3.74470772077986,3.71921575010401
"TFScreen",318,2227654,3.68687699130827,3.71543983056248
"TFScreen",319,2248138,3.72077901931171,3.70969049052739
"TFScreen",320,2233444,3.69645972623016,3.70246665210583
"TFScreen",321,2217532,3.67012458321168,3.69262693317944
"TFScreen",322,2219154,3.67280907302917,3.68438268169083
"TFScreen",323,2226400,3.6848015595998,3.67618326698989
"TFScreen",324,2214422,3.66497738017073,3.6728045592586
"TFScreen",325,2213876,3.66407372330245,3.66583289015292
"TFScreen",326,2223984,3.68080296071012,3.66388143667613
"TFScreen",327,2200416,3.64179676094519,3.65858497828831
"TFScreen",328,2208100,3.6545141590695,3.65631515352726
"TFScreen",329,2205198,3.64971120626409,3.65290755766432
"TFScreen",330,2201802,3.64409065914929,3.65226238939073
"TFScreen",331,2220474,3.67499373798545,3.65539855718334
"TFScreen",332,2182330,3.61186354094567,3.65097024733531
"TFScreen",333,2204068,3.64784100065757,3.65230241148979
"TFScreen",334,2203752,3.64731800510743,3.64701588339722
"TFScreen",335,2210134,3.65788052916123,3.64250271466247
"TFScreen",336,2234720,3.69857156902123,3.64422787777464
"TFScreen",337,2194552,3.63209155238181,3.64298960004804
"TFScreen",338,2209270,3.65645056664439,3.64986106344704
"TFScreen",339,2172964,3.59636235005131,3.64950236914568
"TFScreen",340,2175202,3.60006635018173,3.65066632011688
"TFScreen",341,2213268,3.66306745338319,3.65418314922764
"TFScreen",342,2212244,3.66137268299286,3.65203940912453
"TFScreen",343,2228000,3.68744963833469,3.65530828177193
"TFScreen",344,2201684,3.64389536334259,3.6576304662716
"TFScreen",345,2211488,3.66012146579063,3.66388715411886
"TFScreen",346,2233508,3.69656564937955,3.67051667941526
"TFScreen",347,2220472,3.67499042788704,3.67018085488479
"TFScreen",348,2216278,3.6680491515032,3.6706102649251
"TFScreen",349,2224704,3.68199459614082,3.67138633254524
"TFScreen",350,2214548,3.6651859163711,3.67257977348417
"TFScreen",351,2219264,3.67299112844219,3.666576759543
"TFScreen",352,2211036,3.65937338354802,3.66120146062921
"TFScreen",353,2215098,3.66609619343622,3.66278850236192
"TFScreen",354,2233158,3.6959863821563,3.66579286805386
"TFScreen",355,2209616,3.65702321367081,3.66824805832636
"TFScreen",356,2171590,3.59408831243772,3.66792246500918
"TFScreen",357,2197782,3.63743736132787,3.66643502714707
"TFScreen",358,2231020,3.6924478869468,3.66692612538518
"TFScreen",359,2236246,3.70109717411464,3.66470926219882
"TFScreen",360,2241022,3.70900168913828,3.65885189258807
"TFScreen",361,2212384,3.66160438988217,3.65919885108595
"TFScreen",362,2209378,3.65662931195899,3.66782165746643
"TFScreen",363,2214300,3.6647754641672,3.67459772984737
"TFScreen",364,2200364,3.6417106983863,3.6742507713495
"TFScreen",365,2194228,3.631555316438,3.67187562527512
"TFScreen",366,2211922,3.66083975714747,3.66927840168866
"TFScreen",367,2228900,3.68893918262307,3.67319575270807
"TFScreen",368,2242818,3.7119741575182,3.67285059971842
"TFScreen",369,2228714,3.68863134347014,3.67444396072993
"TFScreen",370,2220460,3.67497056729652,3.68186971515503
"TFScreen",371,2223760,3.68043222968724,3.68773882056927
"TFScreen",372,2238420,3.70469525109567,3.692868570364
"TFScreen",373,2207084,3.65283262907284,3.69407735812287
"TFScreen",374,2224890,3.68230243529375,3.69023975038355
"TFScreen",375,2249718,3.72339399706241,3.68618638441094
"TFScreen",376,2233236,3.69611547599462,3.68486866432229
"TFScreen",377,2246016,3.71726700488956,3.68693627216177
"TFScreen",378,2236934,3.70223584797064,3.68591555817669
"TFScreen",379,2217312,3.66976047238563,3.69178436267289
"TFScreen",380,2201774,3.64404431777142,3.6929191245944
"TFScreen",381,2211702,3.66047564632142,3.69128905158225
"TFScreen",382,2237502,3.70317591592152,3.68777131971738
"TFScreen",383,2231636,3.69346739725973,3.68489935796217
"TFScreen",384,2246090,3.71738947853105,3.68535855888825
"TFScreen",385,2232432,3.69478481643034,3.68669042212468
"TFScreen",386,2238884,3.70546319392879,3.69141694174842
"TFScreen",387,2209856,3.65742042548104,3.69160321001398
"TFScreen",388,2226928,3.68567542558232,3.69196461257768
"TFScreen",389,2239986,3.70728705815744,3.69632611862126
"TFScreen",390,2226164,3.68441096798641,3.69043354160006
"TFScreen",391,2233188,3.69603603363258,3.6840748425379
"TFScreen",392,2212940,3.66252459724254,3.67938984960341
"TFScreen",393,2239904,3.70715134412228,3.68074217526643
"TFScreen",394,2260624,3.74144396373911,3.68009851158303
"TFScreen",395,2206926,3.65257113129777,3.67658679807892
"TFScreen",396,2190170,3.62483912674663,3.67401665711589
"TFScreen",397,2207746,3.6539282716494,3.66306414328477
"TFScreen",398,2218844,3.67229600777428,3.65895992216373
"TFScreen",399,2222650,3.67859512506491,3.65463302169453
"TFScreen",400,2216646,3.66865820961223,3.6428911998496
"TFScreen",401,2209082,3.65613941739304,3.63918178319448
"TFScreen",402,2160394,3.57555838149033,3.64096983817661
"TFScreen",403,2185662,3.61737816491108,3.64010921258777
"TFScreen",404,2211146,3.65955543896104,3.63617591291234
"TFScreen",405,2182584,3.61228392344483,3.63017530631547
"TFScreen",406,2182272,3.61176754809153,3.62300232304234
"TFScreen",407,2202054,3.64450773155003,3.61711997723443
"TFScreen",408,2202026,3.64446139017217,3.61739682182944
"TFScreen",409,2192702,3.6290297113446,3.61209675242516
"TFScreen",410,2182768,3.61258845249935,3.60460569878581
"TFScreen",411,2168972,3.58975539360776,3.59628230585318
"TFScreen",412,2169986,3.59143361350599,3.58797275515031
"TFScreen",413,2162234,3.57860367203545,3.57983502864717
"TFScreen",414,2150436,3.55907740146405,3.570012762967
"TFScreen",415,2161358,3.5771538489281,3.56476715972761
"TFScreen",416,2127264,3.520726601186,3.55645971545101
"TFScreen",417,2127044,3.52036249035996,3.54954371618237
"TFScreen",418,2147968,3.55499274001548,3.53875971645257
"TFScreen",419,2136744,3.53641646769023,3.53376718528319
"TFScreen",420,2157838,3.57132807571134,3.53016429361354
"TFScreen",421,2127554,3.5212065654567,3.51833941839011
"TFScreen",422,2123006,3.51367940165278,3.50826016870543
"TFScreen",423,2098312,3.47280961647816,3.50015102941591
"TFScreen",424,2129052,3.52368582917224,3.49395572884842
"TFScreen",425,2126490,3.519445593098,3.48842184612857
"TFScreen",426,2082766,3.44708022147029,3.48051462284258
"TFScreen",427,2060274,3.40985485465457,3.46942910323865
"TFScreen",428,2073148,3.43116195817518,3.4577203823779
"TFScreen",429,2106792,3.48684443377308,3.4530733051162
"TFScreen",430,2099964,3.47554375777194,3.44304912343249
"TFScreen",431,2105284,3.48434861956545,3.42971995893681
"TFScreen",432,2053876,3.39926584981342,3.4277715146404
"TFScreen",433,2045186,3.38488347218455,3.42690336610061
"TFScreen",434,2067426,3.42169176659953,3.42214886109933
"TFScreen",435,2062428,3.41341983065141,3.41411856233578
"TFScreen",436,2037900,3.37282478364554,3.40087816866133
"TFScreen",437,2069816,3.42564733420977,3.38656289575494
"TFScreen",438,2054504,3.40030522071687,3.38232717345127
"TFScreen",439,2041548,3.37886240316109,3.37539281818231
"TFScreen",440,2053420,3.39851114737398,3.36775792572076
"TFScreen",441,2011964,3.32989942735297,3.36006405332375
"TFScreen",442,2010140,3.3268806175952,3.35198380216588
"TFScreen",443,2025724,3.35267290447303,3.33581607781723
"TFScreen",444,1999098,3.30860556422604,3.31843234367678
"TFScreen",445,2016682,3.33770794952248,3.30550550659799
"TFScreen",446,2011292,3.32878723428432,3.29266864401257
"TFScreen",447,1984196,3.28394202090895,3.28822378367245
"TFScreen",448,1962360,3.24780236637454,3.28032137507507
"TFScreen",449,1938966,3.20908414517202,3.2666909916233
"TFScreen",450,1955632,3.23666719529432,3.25608904730652
"TFScreen",451,1968102,3.25730565893438,3.24815684782337
"TFScreen",452,1982422,3.28100596361164,3.23739421327427
"TFScreen",453,1957618,3.23995412302401,3.2257074594303
"TFScreen",454,1935132,3.20273868650354,3.21872736461956
"TFScreen",455,1928634,3.19198417674147,3.21552439302249
"TFScreen",456,1963962,3.25045375520785,3.20890239067704
"TFScreen",457,1939760,3.21039825424421,3.19755085952746
"TFScreen",458,1906522,3.15538772862529,3.18766720656752
"TFScreen",459,1915968,3.1710213234564,3.17799660357853
"TFScreen",460,1917678,3.17385145760431,3.16966779412122
"TFScreen",461,1911620,3.16382516949433,3.15947810751658
"TFScreen",462,1892656,3.13243881628904,3.14478879348889
"TFScreen",463,1916732,3.17228578105231,3.1338609549369
"TFScreen",464,1893344,3.13357749014505,3.12692268773344
"TFScreen",465,1879776,3.11112178247318,3.12129010389712
"TFScreen",466,1860910,3.0798976240904,3.11274673987868
"TFScreen",467,1866332,3.08887130090326,3.10426416130393
"TFScreen",468,1867130,3.09019203017229,3.106376004095
"TFScreen",469,1860408,3.07906678938733,3.10160494860163
"TFScreen",470,1878532,3.1090629012568,3.09796835411172
"TFScreen",471,1860896,3.07987445340147,3.09479607615454
"TFScreen",472,1855242,3.07051680517205,3.09618451198213
"TFScreen",473,1906692,3.15566908699087,3.09267761316663
"TFScreen",474,1885022,3.1198041706252,3.08867480142441
"TFScreen",475,1869174,3.09357495075611,3.08346500743155
"TFScreen",476,1858692,3.07622672494416,3.07514281817108
"TFScreen",477,1870138,3.09517041819388,3.06872423641936
"TFScreen",478,1843024,3.05029541393275,3.06752206885732
"TFScreen",479,1840526,3.0461611010079,3.05737812179447
"TFScreen",480,1825782,3.02175905546589,3.04520297797473
"TFScreen",481,1823220,3.01751881939164,3.03827975667318
"TFScreen",482,1818236,3.00927005413246,3.03420261817557
"TFScreen",483,1847252,3.0572929619897,3.0248145772243
"TFScreen",484,1839272,3.04408566929943,3.0167490710503
"TFScreen",485,1804102,2.98587758860812,3.00337567160303
"TFScreen",486,1823160,3.01741951643909,2.99538208484011
"TFScreen",487,1831594,3.03137820147038,2.99596586583394
"TFScreen",488,1807742,2.99190196773,2.99352090677474
"TFScreen",489,1789418,2.96157484601867,2.98746944502944
"TFScreen",490,1751642,2.89905370708791,2.97729781350708
"TFScreen",491,1772654,2.93382960107386,2.97224750607439
"TFScreen",492,1827100,3.02394041032375,2.96641270531649
"TFScreen",493,1801986,2.98237550448123,2.9558992309029
"TFScreen",494,1807032,2.99072688279139,2.95196382480121
"TFScreen",495,1771668,2.93219772255348,2.94801337279761
"TFScreen",496,1770536,2.93032420684854,2.95134784557731
"TFScreen",497,1784380,2.95323670810218,2.95162709751662
"TFScreen",498,1761718,2.91572998292088,2.94052231915825
"TFScreen",499,1781586,2.94861250061138,2.93326357424427
"TFScreen",500,1763162,2.91811987397912,2.92520167908672
"TFScreen",501,1773804,2.93573290766456,2.92245851025181
"TFScreen",502,1774510,2.93690137240633,2.91718401888077
"TFScreen",503,1753294,2.90178784838168,2.91093425214839
"TFScreen",504,1753742,2.90252931042745,2.90759616835223
"TFScreen",505,1753450,2.90204603605833,2.90497848233919
"TFScreen",506,1753436,2.9020228653694,2.90067565531303
"TFScreen",507,1735480,2.8723048017671,2.89235286421648
"TFScreen",508,1742842,2.88448927404601,2.88477875719862
"TFScreen",509,1739532,2.87901106116321,2.87628895659096
"TFScreen",510,1764188,2.91981795446787,2.87219707310947
"TFScreen",511,1734564,2.87078877669137,2.86804891795488
"TFScreen",512,1718488,2.84418220560256,2.86321256324725
"TFScreen",513,1724170,2.85358619520984,2.85998311086283
"TFScreen",514,1696868,2.80840004169736,2.85943544003357
"TFScreen",515,1726546,2.85751859213115,2.86012303775053
"TFScreen",516,1725880,2.85641632935776,2.85587166770888
"TFScreen",517,1721292,2.84882296358546,2.85667481795245
"TFScreen",518,1714016,2.83678082553855,2.85944326390256
"TFScreen",519,1739202,2.87846489492414,2.86256889956384
"TFScreen",520,1744102,2.88657463604974,2.86819757146568
"TFScreen",521,1735932,2.87305288400971,2.86805854733209
"TFScreen",522,1739902,2.87962342937065,2.86669599045578
"TFScreen",523,1736888,2.8746351110538,2.86815333651408
"TFScreen",524,1744944,2.88796818748397,2.87422134875148
"TFScreen",525,1734278,2.87031543261751,2.86993477129937
"TFScreen",526,1725622,2.85598932666176,2.86445776208872
"TFScreen",527,1716824,2.84142820371828,2.86326131196941
"TFScreen",528,1730978,2.8648537702268,2.86322670639503
"TFScreen",529,1754346,2.90352896014987,2.86358931263089
"TFScreen",530,1710712,2.831312542951,2.86011611663565
"TFScreen",531,1707700,2.82632753473257,2.85889739858153
"TFScreen",532,1727980,2.8598919326973,2.85620899682954
"TFScreen",533,1739672,2.87924276805251,2.85454070722656
"TFScreen",534,1739298,2.87862377964823,2.84799814724315
"TFScreen",535,1721860,2.84976303153635,2.83907953843125
"TFScreen",536,1726178,2.85690953402213,2.83839013520607
"TFScreen",537,1707754,2.82641690738987,2.83681693570311
"TFScreen",538,1705736,2.82307701808549,2.82995600443544
"TFScreen",539,1687494,2.79288561040932,2.82340772700931
"TFScreen",540,1695070,2.80542426321903,2.81513549014316
"TFScreen",541,1706130,2.82372910747396,2.81064609393341
"TFScreen",542,1697244,2.80902234020006,2.80909275502096
"TFScreen",543,1682380,2.78442168875293,2.80651900304147
"TFScreen",544,1696150,2.80721171636508,2.80790713795102
"TFScreen",545,1684318,2.78762917412056,2.80567402519061
"TFScreen",546,1692022,2.80037967322906,2.803787269092
"TFScreen",547,1715854,2.83982280598525,2.80234978362421
"TFScreen",548,1690648,2.79810563561547,2.80039863106546
"TFScreen",549,1714962,2.83834650209055,2.80500147337556
"TFScreen",550,1672652,2.7683213700448,2.80712144095366
"TFScreen",551,1682530,2.78466994613432,2.80463375153305
"TFScreen",552,1696576,2.80791676732824,2.80123879422771
"TFScreen",553,1684276,2.78755966205377,2.79587462928133
"TFScreen",554,1712972,2.83505295416403,2.80151082413411
"TFScreen",555,1710240,2.8305313597242,2.80148163508442
"TFScreen",556,1667784,2.76026459049389,2.80323026980356
"TFScreen",557,1669458,2.76303514287027,2.79713788320509
"TFScreen",558,1680202,2.78081699157506,2.79211586206797
"TFScreen",559,1728108,2.86010377899609,2.79602689380858
"TFScreen",560,1714768,2.83802542254394,2.79111530959144
"TFScreen",561,1684274,2.78755635195535,2.78527027762025
"TFScreen",562,1642038,2.71765369355109,2.78907358070323
"TFScreen",563,1663198,2.75267453482001,2.79126456493831
"TFScreen",564,1710270,2.83058101120048,2.78785726999341
"TFScreen",565,1680328,2.78102552777543,2.77707928862437
"TFScreen",566,1671392,2.76623600804107,2.7679861473504
"TFScreen",567,1693062,2.80210092440674,2.76488518696824
"TFScreen",568,1684020,2.78713596945619,2.76597721852834
"TFScreen",569,1657556,2.74333674718111,2.76281035709584
"TFScreen",570,1656474,2.74154598393664,2.75022807117062
"TFScreen",571,1654332,2.7380008685303,2.74707956573844
"TFScreen",572,1663664,2.75344578775155,2.74416276719557
"TFScreen",573,1649296,2.72966604071223,2.74075878234908
"TFScreen",574,1642150,2.71783905906253,2.73614931984214
"TFScreen",575,1626644,2.69217586602303,2.73284102693176
"TFScreen",576,1659402,2.74639196802149,2.72870731584299
"TFScreen",577,1652006,2.73415122406945,2.72598551218878
"TFScreen",578,1670438,2.76465709109539,2.72168840260534
"TFScreen",579,1653384,2.73643188187988,2.71659055012264
"TFScreen",580,1635568,2.70694552516688,2.7134724374123
"TFScreen",581,1629000,2.69607516196015,2.71678704960149
"TFScreen",582,1636242,2.70806102833395,2.713414661149
"TFScreen",583,1635104,2.70617758233376,2.71028571538929
"TFScreen",584,1615414,2.67358966340251,2.7041346497734
"TFScreen",585,1621426,2.68353981924886,2.6988541400416
"TFScreen",586,1648674,2.72863660010405,2.6969026865648
"TFScreen",587,1636988,2.70929569504409,2.69656746387041
"TFScreen",588,1631210,2.69973282071272,2.69582088621799
"TFScreen",589,1629556,2.69699536932053,2.69437407229102
"TFScreen",590,1618288,2.67834627483006,2.69608057848484
"TFScreen",591,1622598,2.68547953692217,2.69498403315416
"TFScreen",592,1626772,2.69238771232182,2.68781074896299
"TFScreen",593,1631280,2.69984867415737,2.68599862053782
"TFScreen",594,1625488,2.69026262913707,2.68422139860506
"TFScreen",595,1626756,2.69236123153447,2.681271499078
"TFScreen",596,1614138,2.67147782061144,2.68025559978152
"TFScreen",597,1600998,2.64973047400115,2.67458931312494
"TFScreen",598,1624944,2.6893622823672,2.66625057337237
"TFScreen",599,1619398,2.68018337945239,2.65914890767426
"TFScreen",600,1609950,2.66454647452286,2.65752816312129
"TFScreen",601,1611536,2.66717138256882,2.65347931091925
"TFScreen",602,1584938,2.62315038369969,2.65201654833626
"TFScreen",603,1571350,2.60066157504364,2.64904167261204
"TFScreen",604,1584080,2.62173035147811,2.64278017007618
"TFScreen",605,1614716,2.67243443905442,2.63633390386495
"TFScreen",606,1599846,2.64782385731203,2.63079039176789
"TFScreen",607,1604416,2.65538743219856,2.62069459159112
"TFScreen",608,1581226,2.61700684103475,2.61501295811459
"TFScreen",609,1583328,2.62048575447271,2.61092558840368
"TFScreen",610,1576554,2.60927445112887,2.60535770194553
"TFScreen",611,1573106,2.60356784145518,2.59254009811455
"TFScreen",612,1544436,2.55611758062436,2.58338436588867
"TFScreen",613,1547176,2.56065241545786,2.57442754048594
"TFScreen",614,1544184,2.55570050822362,2.56924151901809
"TFScreen",615,1547074,2.56048360043851,2.56160512196635
"TFScreen",616,1529526,2.53144079691361,2.55734833540001
"TFScreen",617,1538994,2.54711080282732,2.5534839459553
"TFScreen",618,1544886,2.55686235276855,2.54966529605237
"TFScreen",619,1546758,2.55996060488837,2.54586440031369
"TFScreen",620,1532574,2.53648538690357,2.54449371865035
"TFScreen",621,1548262,2.56244979889917,2.54313236544618
"TFScreen",622,1547422,2.56105955756335,2.54254707986217
"TFScreen",623,1519056,2.51411243169217,2.53656603293777
"TFScreen",624,1521914,2.51884256233236,2.52864556925811
"TFScreen",625,1535074,2.54062300992684,2.52565805497629
"TFScreen",626,1538026,2.54550871519271,2.52594001517795
"TFScreen",627,1525636,2.5250026554894,2.52291488614137
"TFScreen",628,1499242,2.48131928665897,2.52078228000567
"TFScreen",629,1492244,2.46973725229224,2.5173301482731
"TFScreen",630,1526902,2.52709794778839,2.51145351990791
"TFScreen",631,1534448,2.53958694912181,2.50070141749014
"TFScreen",632,1528156,2.52917337949686,2.49289439991082
"TFScreen",633,1533248,2.53760089007064,2.48948560037573
"TFScreen",634,1496112,2.47613898263384,2.49035073973514
"TFScreen",635,1482856,2.45419965031527,2.49497675273417
"TFScreen",636,1463612,2.42234988333138,2.49134286650661
"TFScreen",637,1486138,2.45963152182022,2.48698707790575
"TFScreen",638,1502980,2.48750586060336,2.48067562297557
"TFScreen",639,1504992,2.49083581961248,2.47342981753722
"TFScreen",640,1522990,2.52062339528158,2.46944957464786
"TFScreen",641,1502750,2.48712519928522,2.46801148734399
"TFScreen",642,1505498,2.49167327451239,2.47024490102244
"TFScreen",643,1486208,2.45974737526487,2.47039776738578
"TFScreen",644,1485090,2.45789703024887,2.46756221671318
"TFScreen",645,1469658,2.43235631085085,2.46237107963868
"TFScreen",646,1473298,2.43838068997272,2.4519707504074
"TFScreen",647,1478456,2.44691743379433,2.44149850176502
"TFScreen",648,1487154,2.46131305181687,2.4313461289971
"TFScreen",649,1484134,2.45631480320477,2.4231328720664
"TFScreen",650,1470490,2.43373331179299,2.41665410670706
"TFScreen",651,1453866,2.40621977373748,2.41073715532477
"TFScreen",652,1433148,2.37193046421907,2.40344651309876
"TFScreen",653,1438022,2.37999717406523,2.39298900944025
"TFScreen",654,1431620,2.36940154902725,2.38239609266461
"TFScreen",655,1442030,2.38663061129613,2.37532181050796
"TFScreen",656,1430332,2.36726984564566,2.37054383389971
"TFScreen",657,1424842,2.35818362548657,2.36785121929519
"TFScreen",658,1408952,2.33188489355069,2.36594189434372
"TFScreen",659,1416750,2.34479096728486,2.36234833113326
"TFScreen",660,1437116,2.3784976994816,2.35739160921041
"TFScreen",661,1438734,2.38117556910226,2.35536281979784
"TFScreen",662,1435970,2.37660101308773,2.35540314281494
"TFScreen",663,1420458,2.35092788975297,2.35706872415558
"TFScreen",664,1414138,2.34046797875016,2.35743253406359
"TFScreen",665,1398676,2.31487760787586,2.35374357983506
"TFScreen",666,1428546,2.36431392775784,2.34779804123916
"TFScreen",667,1430600,2.36771339883376,2.34056758262075
"TFScreen",668,1435912,2.37650502023359,2.33472104605937
"TFScreen",669,1411370,2.3358868025388,2.33119007380082
"TFScreen",670,1392232,2.30421247077109,2.32684150723288
"TFScreen",671,1397600,2.31309677492665,2.32791397912051
"TFScreen",672,1390678,2.30164052429983,2.32841470673583
"TFScreen",673,1397112,2.31228911091251,2.32520030025332
"TFScreen",674,1396990,2.31208719490897,2.32219894374176
"TFScreen",675,1385236,2.29263374650278,2.31788678825642
"TFScreen",676,1405804,2.3266747986398,2.31518123417626
"TFScreen",677,1431874,2.36982193152642,2.31085403278902
"TFScreen",678,1409236,2.33235492752614,2.30945446299402
"TFScreen",679,1415964,2.34349009860635,2.31110951220333
"TFScreen",680,1382710,2.28845309220007,2.31078813173868
"TFScreen",681,1374250,2.27445137588934,2.30924983872814
"TFScreen",682,1368840,2.26549755966699,2.30455371182625
"TFScreen",683,1381376,2.28624525655486,2.29608798466162
"TFScreen",684,1408112,2.33049465221488,2.29242882131887
"TFScreen",685,1394854,2.30855200979789,2.28504790368144
"TFScreen",686,1375012,2.27571252338683,2.28012097264435
"TFScreen",687,1374592,2.27501740271892,2.2777981863086
"TFScreen",688,1375608,2.27669893271558,2.27539294843042
"TFScreen",689,1384916,2.2921041307558,2.27275600366294
"TFScreen",690,1366908,2.26230000459461,2.26440974095942
"TFScreen",691,1349964,2.23425685079213,2.26043070174221
"TFScreen",692,1358812,2.24890072619607,2.26076381801034
"TFScreen",693,1352854,2.23903994300702,2.26025797478837
"TFScreen",694,1363850,2.25723886411256,2.25608484343661
"TFScreen",695,1352640,2.23868576247623,2.25070472983421
"TFScreen",696,1368408,2.26478257840857,2.24803679050881
"TFScreen",697,1377226,2.27937680233624,2.25127647410652
"TFScreen",698,1371230,2.26945312727724,2.25264294291733
"TFScreen",699,1347872,2.23079448784626,2.25103062406943
"TFScreen",700,1349158,2.23292288112943,2.24854173097667
"TFScreen",701,1349176,2.23295267201519,2.24692249101389
"TFScreen",702,1371496,2.26989337036691,2.24461264415378
"TFScreen",703,1367894,2.26393188311499,2.24358530997185
"TFScreen",704,1342138,2.22130443568009,2.23766264114684
"TFScreen",705,1347308,2.22986104009221,2.24006186066426
"TFScreen",706,1341878,2.22087412288567,2.24154057190326
"TFScreen",707,1353056,2.2393742629473,2.24269068064471
"TFScreen",708,1370398,2.26807612633509,2.23800990056276
"TFScreen",709,1331866,2.2043037702021,2.23084534299469
"TFScreen",710,1363818,2.25718590253786,2.22886470046821
"TFScreen",711,1358986,2.24918870475849,2.22877683240109
"TFScreen",712,1356820,2.24560386817113,2.2342574526282
"TFScreen",713,1340386,2.21840478946539,2.23475908299764
"TFScreen",714,1320276,2.18512174986624,2.228562578758
"TFScreen",715,1328974,2.19951736788878,2.22835524622978
"TFScreen",716,1346724,2.22889449135397,2.22730955604753
"TFScreen",717,1378304,2.28116094538387,2.22535900532486
"TFScreen",718,1356390,2.24489219701113,2.22274071747573
"TFScreen",719,1329214,2.19991457969902,2.22099539285501
"TFScreen",720,1330488,2.20202311239167,2.22104233606895
"TFScreen",721,1356868,2.24568331053318,2.22162070053809
"TFScreen",722,1346022,2.22773264680904,2.22118798039937
"TFScreen",723,1339418,2.21680270183078,2.21350433921565
"TFScreen",724,1328786,2.19920621863744,2.20675625221225
"TFScreen",725,1320588,2.18563812521954,2.20625281633459
"TFScreen",726,1332818,2.20587937704936,2.20634399450012
"TFScreen",727,1343848,2.22413456982801,2.2031548651328
"TFScreen",728,1327236,2.19664089236301,2.20020316009751
"TFScreen",729,1311540,2.17066323997374,2.19745006096734
"TFScreen",730,1325868,2.19437678504468,2.19528194650315
"TFScreen",731,1331094,2.20302607221251,2.19415500845063
"TFScreen",732,1335672,2.21060288749272,2.19262333563693
"TFScreen",733,1326404,2.19526389142087,2.18554544246382
"TFScreen",734,1321120,2.18651861139889,2.180849917398
"TFScreen",735,1314376,2.17535695953133,2.18023785010859
"TFScreen",736,1313098,2.17324180664184,2.17429140875857
"TFScreen",737,1322638,2.18903097609862,2.16782227277645
"TFScreen",738,1296806,2.14627774492382,2.16211415851257
"TFScreen",739,1296028,2.14499011663898,2.15866593871449
"TFScreen",740,1307472,2.16393049979028,2.15691008196244
"TFScreen",741,1286346,2.12896593019447,2.15068499050918
"TFScreen",742,1288098,2.13186557640918,2.14774953504795
"TFScreen",743,1297734,2.14781363059005,2.14493835873643
"TFScreen",744,1303486,2.15733347364198,2.14516284359282
"TFScreen",745,1309450,2.16720418712629,2.14568162629043
"TFScreen",746,1273002,2.10688095354549,2.14618145115164
"TFScreen",747,1293588,2.14095179656827,2.14996669915234
"TFScreen",748,1303954,2.15810803667194,2.15315281933928
"TFScreen",749,1298298,2.1487470783441,2.15493335137045
"TFScreen",750,1299476,2.15069672631266,2.15389217495878
"TFScreen",751,1310794,2.16942857326359,2.14958573691616
"TFScreen",752,1311504,2.1706036582022,2.15298129605758
"TFScreen",753,1309274,2.16691289846545,2.1533071902928
"TFScreen",754,1309568,2.16739948293298,2.15042048355373
"TFScreen",755,1296566,2.14588053311358,2.14622628793931
"TFScreen",756,1280828,2.11983336865752,2.14266973764753
"TFScreen",757,1295570,2.14423210410111,2.1404483606906
"TFScreen",758,1295754,2.14453663315563,2.13455518183332
"TFScreen",759,1284768,2.12635426254219,2.12945973669492
"TFScreen",760,1270422,2.10261092658548,2.12560858764388
"TFScreen",761,1275838,2.11157467310308,2.1187025186705
"TFScreen",762,1296030,2.14499342673739,2.11790719229592
"TFScreen",763,1272336,2.10577869077209,2.11728007910462
"TFScreen",764,1275408,2.11086300194308,2.11598733521313
"TFScreen",765,1283972,2.12503684337158,2.11515589867398
"TFScreen",766,1250666,2.06991377440642,2.112720568992
"TFScreen",767,1275542,2.11108477853712,2.10923082250466
"TFScreen",768,1291402,2.13733385899672,2.1048259842636
"TFScreen",769,1287162,2.13031645034927,2.10327053892489
"TFScreen",770,1279242,2.11720846061156,2.10002333237623
"TFScreen",771,1254236,2.07582230008364,2.09629345329453
"TFScreen",772,1252644,2.07318746174243,2.09633497998379
"TFScreen",773,1266754,2.09654020608574,2.09209624849973
"TFScreen",774,1261998,2.08866879204628,2.08807267341289
"TFScreen",775,1253826,2.07514372990783,2.08371477838577
"TFScreen",776,1259182,2.08400817347287,2.07925276571748
"TFScreen",777,1250942,2.07037056798819,2.08084371938468
"TFScreen",778,1247370,2.06445873221254,2.08196524091251
"TFScreen",779,1264660,2.09307453304145,2.08078654495745
"TFScreen",780,1258198,2.08237960505091,2.07782912247944
"TFScreen",781,1249586,2.06812632126037,2.07426565107278
"TFScreen",782,1264810,2.09332279042285,2.07087249927566
"TFScreen",783,1260098,2.0855241985486,2.06725907547469
"TFScreen",784,1258920,2.08357455058003,2.0647217345778
"TFScreen",785,1242342,2.05613714478815,2.05987364406669
"TFScreen",786,1230142,2.03594554443461,2.0587674693588
"TFScreen",787,1236630,2.04668350370459,2.0595257828147
"TFScreen",788,1226926,2.03062290617748,2.05443394869276
"TFScreen",789,1230506,2.0365479823468,2.05095623892695
"TFScreen",790,1232438,2.03974553741918,2.04835209422561
"TFScreen",791,1250846,2.07021168326409,2.04755044857223
"TFScreen",792,1254626,2.07646776927527,2.04971555385604
"TFScreen",793,1230968,2.0373126150815,2.048552806557
"TFScreen",794,1236984,2.04726939112469,2.05049974626322
"TFScreen",795,1241612,2.05492895886536,2.04996441307351
"TFScreen",796,1237014,2.04731904260097,2.04719265702498
"TFScreen",797,1244532,2.05976170255653,2.0406645411074
"TFScreen",798,1228902,2.03389328341507,2.03250785676786
"TFScreen",799,1239866,2.05203924294591,2.03069241824427
"TFScreen",800,1226948,2.03065931726009,2.02740970336713
"TFScreen",801,1214016,2.00925622088534,2.02424855937735
"TFScreen",802,1207458,1.99840240817071,2.02062430252701
"TFScreen",803,1200414,1.98674424154035,2.01621795969576
"TFScreen",804,1218902,2.01734279132201,2.01646350881481
"TFScreen",805,1215166,2.01115952747604,2.00971421813926
"TFScreen",806,1220602,2.02015637497783,2.00289661906907
"TFScreen",807,1212926,2.00745221724719,2.00077725332704
"TFScreen",808,1215246,2.01129193141278,2.00053802348679
"TFScreen",809,1230534,2.03659432372466,2.00240010430628
"TFScreen",810,1195008,1.97779704551484,1.99762212769803
"TFScreen",811,1181636,1.955665727488,1.99219416812758
"TFScreen",812,1199930,1.98594319772305,1.98832556583033
"TFScreen",813,1205868,1.99577087992791,1.98876460524786
"TFScreen",814,1212790,2.00722713055473,1.98781942169033
"TFScreen",815,1187146,1.96478504863127,1.98246639071135
"TFScreen",816,1179090,1.9514519722011,1.98256268448353
"TFScreen",817,1194890,1.97760174970814,1.98151759613736
"TFScreen",818,1215844,2.01228165083995,1.97720664432418
"TFScreen",819,1208964,2.00089491227992,1.9747358063137
"TFScreen",820,1194956,1.97771098295596,1.96873881073329
"TFScreen",821,1195648,1.9788562770088,1.96755981386019
"TFScreen",822,1174690,1.94416975568015,1.96696128788249
"TFScreen",823,1171278,1.938522727778,1.9602243348465
"TFScreen",824,1189446,1.96859166181268,1.9540985463458
"TFScreen",825,1172932,1.94126017917019,1.9474903862301
"TFScreen",826,1179310,1.95181608302715,1.9436924996718
"TFScreen",827,1175112,1.94486818644648,1.93730160237957
"TFScreen",828,1150114,1.90349526631224,1.93482143590991
"TFScreen",829,1175130,1.94489797733225,1.93401678107615
"TFScreen",830,1165044,1.92820515100718,1.93336288617946
"TFScreen",831,1169714,1.93593423081464,1.93314833161833
"TFScreen",832,1153172,1.9085564067943,1.929769322969
"TFScreen",833,1158206,1.91688792451395,1.927341817156
"TFScreen",834,1165930,1.92967152460663,1.92501722531202
"TFScreen",835,1185100,1.96139881794903,1.9180404405997
"TFScreen",836,1171506,1.93890007899772,1.91717680583048
"TFScreen",837,1156852,1.91464698788455,1.91778556302147
"TFScreen",838,1158978,1.91816562250353,1.91996360778091
"TFScreen",839,1134664,1.87792475602846,1.91864558677423
"TFScreen",840,1128760,1.86815334549671,1.91356940039027
"TFScreen",841,1159304,1.91870516854577,1.90753870198959
"TFScreen",842,1173760,1.9426305599155,1.90171744254341
"TFScreen",843,1167648,1.93251489914822,1.90168073054276
"TFScreen",844,1149446,1.90238969344042,1.89873504386824
"TFScreen",845,1132192,1.87383347438305,1.897452230272
"TFScreen",846,1145018,1.89506113554161,1.89935433319055
"TFScreen",847,1132816,1.87486622508966,1.89590430788425
"TFScreen",848,1156608,1.91424315587748,1.89154340367674
"TFScreen",849,1139400,1.88576306908373,1.8850986420557
"TFScreen",850,1126138,1.86381380646991,1.87803218376804
"TFScreen",851,1141402,1.88907647760076,1.87507325669984
"TFScreen",852,1136374,1.88075489017637,1.87155221473655
"TFScreen",853,1144776,1.89466061363296,1.87273331803592
"TFScreen",854,1124814,1.86162252131679,1.86858606563543
"TFScreen",855,1102480,1.82465865227614,1.86222947299955
"TFScreen",856,1112526,1.84128527663283,1.85966354488904
"TFScreen",857,1121616,1.85632967394542,1.85513683484257
"TFScreen",858,1140666,1.88785836138271,1.8551852826467
"TFScreen",859,1129044,1.86862337947215,1.85299279382143
"TFScreen",860,1097152,1.81584055008895,1.8503507334473
"TFScreen",861,1109084,1.8355885972544,1.85204008731294
"TFScreen",862,1111316,1.83928266708957,1.85005794019627
"TFScreen",863,1136696,1.88128781602177,1.8468992035508
"TFScreen",864,1130204,1.87054323655495,1.84006866500497
"TFScreen",865,1107254,1.83255985720137,1.83435693972463
"TFScreen",866,1113708,1.84324154479823,1.83376653853397
"TFScreen",867,1099352,1.81948165834943,1.83221289870349
"TFScreen",868,1100622,1.82158357084525,1.83100381002658
"TFScreen",869,1095268,1.81272243737862,1.82717853992682
"TFScreen",870,1091082,1.80579440138846,1.81921865598417
"TFScreen",871,1093228,1.80934613699163,1.81586191526965
"TFScreen",872,1098758,1.8184985591191,1.81219071520538
"TFScreen",873,1103280,1.82598269164358,1.81359359509879
"TFScreen",874,1111272,1.83920984492436,1.81282775869194
"TFScreen",875,1077300,1.7829845131858,1.81349038021174
"TFScreen",876,1084944,1.79563570934174,1.81444459131041
"TFScreen",877,1089308,1.80285834409115,1.81353822617979
"TFScreen",878,1108676,1.834913337177,1.81202039559584
"TFScreen",879,1095532,1.81315937036988,1.80929618459732
"TFScreen",880,1099672,1.8200112740964,1.80951735935529
"TFScreen",881,1097424,1.81629072347388,1.81383312585708
"TFScreen",882,1087204,1.79937612055477,1.81517070653624
"TFScreen",883,1088670,1.80180242269562,1.81517582214289
"TFScreen",884,1085174,1.79601637065988,1.81091331813383
"TFScreen",885,1112742,1.84164276726204,1.80860738320821
"TFScreen",886,1105984,1.83045794470555,1.80523258741141
"TFScreen",887,1093834,1.81034909681247,1.80520038918134
"TFScreen",888,1089342,1.80291461576427,1.80630054552847
"TFScreen",889,1080346,1.78802579307735,1.80451279146438
"TFScreen",890,1080206,1.78779408618805,1.80097580084508
"TFScreen",891,1077242,1.78288852033166,1.79469534047282
"TFScreen",892,1097210,1.81593654294309,1.79223232633133
"TFScreen",893,1094516,1.81147784037322,1.79121010775605
"TFScreen",894,1076788,1.78213712799064,1.78961704766259
"TFScreen",895,1061666,1.75710947384751,1.78864568423574
"TFScreen",896,1071000,1.77255770316717,1.78924059919698
"TFScreen",897,1089614,1.8033647891492,1.79169488671536
"TFScreen",898,1087040,1.79910469248445,1.78669603626718
"TFScreen",899,1078754,1.78539095473613,1.78220543638528
"TFScreen",900,1073890,1.77734079538207,1.78133367682903
"TFScreen",901,1084160,1.79433815076164,1.78016671667745
"TFScreen",902,1093554,1.80988568303387,1.78225568969763
"TFScreen",903,1063986,1.7609491880131,1.7800508632328
"TFScreen",904,1064670,1.76208124167226,1.77670254822335
"TFScreen",905,1070994,1.77254777287192,1.77480826917379
"TFScreen",906,1053910,1.74427291218012,1.77228386775254
"TFScreen",907,1084884,1.79553640638918,1.76898430146526
"TFScreen",908,1074960,1.77911169803602,1.7642015101684
"TFScreen",909,1064786,1.76227322738054,1.7620388122289
"TFScreen",910,1066164,1.76455388519097,1.75941450601901
"TFScreen",911,1057112,1.74957237974832,1.75738752211467
"TFScreen",912,1062230,1.75804292160155,1.75757740139668
"TFScreen",913,1061766,1.75727497876844,1.75181632555811
"TFScreen",914,1049612,1.73715951067853,1.74652197359655
"TFScreen",915,1047228,1.73321387336354,1.74507997435819
"TFScreen",916,1057522,1.75025094992414,1.74392294450187
"TFScreen",917,1055172,1.74636158428227,1.74417992850637
"TFScreen",918,1046594,1.73216457216484,1.74353807033119
"TFScreen",919,1039772,1.72087382645895,1.74136724760466
"TFScreen",920,1055202,1.74641123575855,1.74071395454404
"TFScreen",921,1058474,1.7518265567714,1.74150386439394
"TFScreen",922,1058820,1.75239920379782,1.74143886609772
"TFScreen",923,1057964,1.75098248167465,1.73821272381172
"TFScreen",924,1047338,1.73339592877656,1.73388070773587
"TFScreen",925,1045270,1.72997328701172,1.73249407741651
"TFScreen",926,1052478,1.7419028817124,1.73055044780871
"TFScreen",927,1057090,1.74953596866572,1.72728187607935
"TFScreen",928,1033730,1.71087401913632,1.72494163649739
"TFScreen",929,1017802,1.68451239533049,1.721981204839
"TFScreen",930,1030556,1.70562089294598,1.7193496765962
"TFScreen",931,1042284,1.72503131007273,1.71676178146892
"TFScreen",932,1036750,1.71587226774843,1.71313541819231
"TFScreen",933,1043266,1.72665656839627,1.71000015315381
"TFScreen",934,1038288,1.71841773343234,1.70734063953347
"TFScreen",935,1029848,1.70444911810579,1.7079030553466
"TFScreen",936,1028070,1.70150644061165,1.70934896651946
"TFScreen",937,1028376,1.70201288566969,1.70498806231195
"TFScreen",938,1036252,1.71504805324219,1.70422613783959
"TFScreen",939,1016054,1.68161936931262,1.70078694558266
"TFScreen",940,1021540,1.69069896927488,1.69846656659121
"TFScreen",941,1040166,1.72152591584742,1.69758186755932
"TFScreen",942,1013300,1.67706136379019,1.69547905230939
"TFScreen",943,1031686,1.7074910985525,1.69440206665119
"TFScreen",944,1020408,1.68882545356994,1.69234047717247
"TFScreen",945,1022866,1.69289356452642,1.69171095663686
"TFScreen",946,1023968,1.69471742875507,1.69010254972345
"TFScreen",947,1014094,1.67837547286238,1.68525476013037
"TFScreen",948,1021218,1.69016604342948,1.68421268096459
"TFScreen",949,1022550,1.69237056897628,1.67901913654578
"TFScreen",950,1011870,1.67469464342088,1.67726839540037
"TFScreen",951,1010850,1.67300649322739,1.6781281182351
"TFScreen",952,1007946,1.66820023032356,1.67812480813668
"TFScreen",953,1006374,1.66559849296654,1.67777032668785
"TFScreen",954,997168,1.65036210994566,1.67516016362576
"TFScreen",955,1008772,1.66956730097045,1.67465612591201
"TFScreen",956,1028580,1.70235051570839,1.67400734662196
"TFScreen",957,1023946,1.69468101767247,1.67163851982639
"TFScreen",958,1011738,1.67447617692525,1.67025790786779
"TFScreen",959,1003870,1.66145424974643,1.66931814083494
"TFScreen",960,1019200,1.6868261541251,1.67116607850664
"TFScreen",961,1007558,1.66755807123035,1.66980683172874
"TFScreen",962,995106,1.64694939847607,1.66719576591253
"TFScreen",963,998770,1.65301349877897,1.6671852337812
"TFScreen",964,1000128,1.65526105560521,1.66598035795683
"TFScreen",965,1009450,1.67068942433436,1.66424646822155
"TFScreen",966,999738,1.65461558641358,1.6586271247789
"TFScreen",967,1011226,1.67362879173009,1.65923708564204
"TFScreen",968,1023876,1.69456516422782,1.66378335536098
"TFScreen",969,1003730,1.66122254285713,1.66908192017507
"TFScreen",970,992346,1.64238146265838,1.66971174162872
"TFScreen",971,981852,1.62501337625592,1.66834798108025
"TFScreen",972,1011612,1.67426764072488,1.67059764433275
"TFScreen",973,1025322,1.69695836538447,1.66807625209189
"TFScreen",974,1033986,1.7112977117339,1.66124390803783
"TFScreen",975,1004314,1.66218909159536,1.65949948617122
"TFScreen",976,1000386,1.65568805830121,1.65657245641505
"TFScreen",977,1014690,1.67936188219113,1.6535229530174
"TFScreen",978,994468,1.64589347708053,1.6471868228081
"TFScreen",979,978466,1.61940937963321,1.6411314491283
"TFScreen",980,992136,1.64203390232443,1.63657374452391
"TFScreen",981,972892,1.61018413534054,1.63504658548078
"TFScreen",982,961584,1.5914688388817,1.63291999770584
"TFScreen",983,969500,1.60457020842257,1.62675960363076
"TFScreen",984,985076,1.63034925490673,1.62235777457008
"TFScreen",985,1003694,1.66116296108559,1.62505069009264
"TFScreen",986,994164,1.6453903421209,1.62477926202232
"TFScreen",987,986252,1.63229559277687,1.62613399502964
"TFScreen",988,973746,1.61159754736529,1.6294492090549
"TFScreen",989,965212,1.59747335741306,1.63036159254629
"TFScreen",990,996364,1.64903145038138,1.63016118113294
"TFScreen",991,990332,1.63904819355084,1.62510635992968
"TFScreen",992,981896,1.62508619842113,1.61988332554315
"TFScreen",993,983618,1.62793619315956,1.6169445599835
"TFScreen",994,975564,1.6146064268278,1.61646820672926
"TFScreen",995,983744,1.62814472935993,1.61831734807311
"TFScreen",996,970098,1.60555992784974,1.61449659174391
"TFScreen",997,959450,1.58793696386904,1.61124095949019
"TFScreen",998,966720,1.5999691716207,1.60950466241061
"TFScreen",999,970580,1.60635766156862,1.60812314769789
"TFScreen",1000,977502,1.61781391219544,1.60431803910668
"TFScreen",1001,970970,1.60700313076025,1.59718748527691
"TFScreen",1002,968694,1.60323623875987,1.59391349702287
"TFScreen",1003,970356,1.60598693054574,1.59169512924632
"TFScreen",1004,974436,1.61273953131971,1.58790988124562
"TFScreen",1005,950274,1.57275023232445,1.58522087765755
"TFScreen",1006,936352,1.54970863723248,1.58132609549099
"TFScreen",1007,948338,1.56954605705523,1.58026776675115
"TFScreen",1008,944706,1.56353491832703,1.57808310179487
"TFScreen",1009,941562,1.55833144361297,1.57710000256454
"TFScreen",1010,952708,1.5767786220999,1.57381879227758
"TFScreen",1011,951616,1.57497130836333,1.57378478853928
"TFScreen",1012,963936,1.59536151462199,1.57662966767106
"TFScreen",1013,954174,1.57920492424074,1.5775835778517
"TFScreen",1014,963822,1.59517283901213,1.57943873755631
"TFScreen",1015,952628,1.57664621816315,1.58136942768847
"TFScreen",1016,950048,1.57237619120314,1.57841350980065
"TFScreen",1017,955260,1.58100230768205,1.57577475952494
"TFScreen",1018,954678,1.58003906904223,1.5729064087862
"TFScreen",1019,957036,1.58394167507778,1.56971577482869
"TFScreen",1020,954394,1.57956903506679,1.56456646536148
"TFScreen",1021,933062,1.54426352533386,1.55843405666394
"TFScreen",1022,934078,1.54594505533052,1.5539873908156
"TFScreen",1023,944872,1.56380965649577,1.55015700510918
"TFScreen",1024,932968,1.54410795070819,1.54699164826688
"TFScreen",1025,929598,1.53853043487283,1.54551263610983
"TFScreen",1026,911870,1.50918972249024,1.54197955742502
"TFScreen",1027,920494,1.5234628668713,1.54289163999837
"TFScreen",1028,929802,1.53886806491152,1.54550511315888
"TFScreen",1029,933640,1.54522014377684,1.54441548894308
"TFScreen",1030,947206,1.56767254135029,1.5443872026475
"TFScreen",1031,930912,1.54070516953385,1.54291210242495
"TFScreen",1032,939124,1.55429643364068,1.54407635431419
"TFScreen",1033,951448,1.57469326009617,1.5436818507663
"TFScreen",1034,937630,1.55182379012197,1.54614636949798
"TFScreen",1035,932780,1.54379680145684,1.54593843513368
"TFScreen",1036,919794,1.52230433242479,1.54120108246057
"TFScreen",1037,919608,1.52199649327185,1.54237737107133
"TFScreen",1038,917872,1.5191233278445,1.54034527156034
"TFScreen",1039,946182,1.56597777095996,1.53449873499896
"TFScreen",1040,932258,1.54293286576958,1.53042641118995
"TFScreen",1041,915720,1.51556166194607,1.52569898881209
"TFScreen",1042,938730,1.55364434425221,1.52360851120172
"TFScreen",1043,925618,1.53194333901979,1.52313486620982
"TFScreen",1044,912590,1.51038135792094,1.52282130961417
"TFScreen",1045,910564,1.50702822822289,1.51892682836565
"TFScreen",1046,901360,1.49179515530043,1.51647524910961
"TFScreen",1047,905900,1.49930907871068,1.51470494829173
"TFScreen",1048,916460,1.51678639836096,1.50943286426499
"TFScreen",1049,915788,1.5156742052923,1.50472108962511
"TFScreen",1050,920298,1.52313847722628,1.50401423315372
"TFScreen",1051,915964,1.51596549395314,1.50503374346665
"TFScreen",1052,903954,1.49608835294937,1.50499462412171
"TFScreen",1053,903690,1.49565141995812,1.50374942528023
"TFScreen",1054,894302,1.48011381798115,1.50277595542712
"TFScreen",1055,907892,1.50260593673562,1.49990158632761
"TFScreen",1056,917340,1.51824284166515,1.4979254575717
"TFScreen",1057,901100,1.49136484250601,1.49545311497104
"TFScreen",1058,897624,1.48561189145446,1.4969038408325
"TFScreen",1059,909990,1.50607822997675,1.4985327101725
"TFScreen",1060,896684,1.48405614519771,1.49923926572585
"TFScreen",1061,907164,1.50140106091125,1.49970689235699
"TFScreen",1062,899532,1.48876972534582,1.49926785293947
"TFScreen",1063,913596,1.5120463374255,1.49967649963515
"TFScreen",1064,914516,1.51356898269807,1.49921639595496
"TFScreen",1065,898998,1.48788592906805,1.49546033700395
"TFScreen",1066,911000,1.50774982967814,1.49631434239595
"TFScreen",1067,914422,1.51341340807239,1.49645607479188
"TFScreen",1068,903816,1.49585995615849,1.49640822882383
"TFScreen",1069,894566,1.4805507509724,1.49292841263175
"TFScreen",1070,885026,1.46476158151562,1.49109010433727
"TFScreen",1071,902360,1.49345020450974,1.49182795536658
"TFScreen",1072,908106,1.50296011726641,1.49022616865001
"TFScreen",1073,899214,1.48824341969726,1.48363004525583
"TFScreen",1074,890468,1.47376835931267,1.4789811624859
"TFScreen",1075,902298,1.49334759145876,1.47651995385265
"TFScreen",1076,903902,1.49600229039049,1.4761179273538
"TFScreen",1077,900354,1.49013017579587,1.47419355650044
"TFScreen",1078,870582,1.4408560507364,1.47051182430483
"TFScreen",1079,872918,1.44472224568934,1.46911767103451
"TFScreen",1080,878208,1.45347745600657,1.47005954449363
"TFScreen",1081,882354,1.46033929002835,1.46634140121541
"TFScreen",1082,889570,1.47228212512271,1.46300060915692
"TFScreen",1083,883636,1.46246106311468,1.46019244202578
"TFScreen",1084,889948,1.47290773372383,1.45958458758891
"TFScreen",1085,896728,1.48412896736292,1.46071724308415
"TFScreen",1086,877586,1.45244801539838,1.46284533544928
"TFScreen",1087,881698,1.45925357774705,1.46304965879712
"TFScreen",1088,881690,1.45924033735337,1.46251161734508
"TFScreen",1089,866542,1.4341696519308,1.46523733293379
"TFScreen",1090,880446,1.457181456137,1.4661427953103
"TFScreen",1091,892352,1.476886472023,1.46343663939406
"TFScreen",1092,883712,1.46258684685459,1.4618270288085
"TFScreen",1093,885994,1.46636366915023,1.46051352157239
"TFScreen",1094,901752,1.49244393459048,1.45786303549319
"TFScreen",1095,895966,1.48286781986543,1.45833367130471
"TFScreen",1096,878742,1.45436125228434,1.45985601565924
"TFScreen",1097,866888,1.43474229895722,1.45600938037877
"TFScreen",1098,872968,1.4448049981498,1.45448643418817
"TFScreen",1099,864074,1.43008499048223,1.45313350668907
"TFScreen",1100,869670,1.43934664585751,1.44804137164909
"TFScreen",1101,890564,1.47392724403676,1.44349570376622
"TFScreen",1102,866786,1.43457348393787,1.43961235648511
"TFScreen",1103,873590,1.44583443875799,1.43797054766948
"TFScreen",1104,877002,1.45148146666015,1.43814056636098
"TFScreen",1105,867908,1.43643044915071,1.43931143844706
"TFScreen",1106,865754,1.43286547315387,1.43985158632537
"TFScreen",1107,852932,1.41164443219214,1.43732899041235
"TFScreen",1108,855976,1.41668240198527,1.43926419431508
"TFScreen",1109,874098,1.44667520375632,1.43988137721114
"TFScreen",1110,871856,1.44296458342905,1.4390484360818
"TFScreen",1111,873260,1.44528827251892,1.4395497655332
"TFScreen",1112,873798,1.44617868899353,1.43902857549129
"TFScreen",1113,879648,1.45586072686797,1.43818329672239
"TFScreen",1114,877692,1.45262345061457,1.44247318427291
"TFScreen",1115,871466,1.44231911423742,1.43832563095439
"TFScreen",1116,871240,1.44194507311612,1.43542117005107
"TFScreen",1117,862290,1.42713238269283,1.43353170569012
"TFScreen",1118,847314,1.40234636573426,1.43097450420272
"TFScreen",1119,884488,1.46387116504101,1.42656214301071
"TFScreen",1120,846532,1.40105211725258,1.42522817334801
"TFScreen",1121,852552,1.4110155134926,1.42194184745441
"TFScreen",1122,860702,1.42450416454845,1.41679103339701
"TFScreen",1123,856802,1.41804947263216,1.4152443146814
"TFScreen",1124,850322,1.40732475375585,1.41695051995718
"TFScreen",1125,868826,1.43794978432486,1.4125953331924
"TFScreen",1126,849624,1.40616952940775,1.41509205015414
"TFScreen",1127,837006,1.38528611848473,1.41533850202731
"TFScreen",1128,852010,1.41011847682116,1.41175035534154
"TFScreen",1129,858654,1.42111462376779,1.40966499333781
"TFScreen",1130,855542,1.41596411062843,1.40939898179217
"TFScreen",1131,863126,1.42851600383181,1.4068965473877
"TFScreen",1132,854190,1.41372648409745,1.40456352983865
"TFScreen",1133,836854,1.38503455100491,1.40545183988699
"TFScreen",1134,842942,1.39511049059117,1.40489393784444
"TFScreen",1135,848554,1.4043986267538,1.40211465884495
"TFScreen",1136,852194,1.41042300587567,1.40194373739934
"TFScreen",1137,834118,1.38050633636825,1.39871759511334
"TFScreen",1138,842910,1.39505752901647,1.39596660240944
"TFScreen",1139,848302,1.40398155435305,1.3970583330515
"TFScreen",1140,840182,1.39054255477348,1.39650735212382
"TFScreen",1141,854406,1.41408397472666,1.39501871058956
"TFScreen",1142,841684,1.39302843868586,1.393298362166
"TFScreen",1143,835906,1.38346556435449,1.39080525622071
"TFScreen",1144,844110,1.39704358806764,1.38841987893304
"TFScreen",1145,839280,1.38904970038669,1.38497045546281
"TFScreen",1146,838660,1.38802356987692,1.38418265203918
"TFScreen",1147,840760,1.39149917321646,1.38336896966427
"TFScreen",1148,817548,1.35308217097004,1.38508239697296
"TFScreen",1149,827056,1.36881837885213,1.38515220995779
"TFScreen",1150,825376,1.36603789618049,1.38263924342199
"TFScreen",1151,834946,1.38187671711355,1.38272891699733
"TFScreen",1152,848998,1.40513346860273,1.38269401050491
"TFScreen",1153,853072,1.41187613908144,1.38338642291048
"TFScreen",1154,836370,1.38423350718761,1.3854013700933
"TFScreen",1155,827408,1.3694009561738,1.38280173916254
"TFScreen",1156,839876,1.39003610971544,1.3827247041448
"TFScreen",1157,838428,1.38763959846036,1.38092220509684
"TFScreen",1158,845362,1.39911570967769,1.37743426411774
"TFScreen",1159,830940,1.37524658998107,1.37342904503122
"TFScreen",1160,809778,1.34022243861373,1.36814161418454
"TFScreen",1161,824864,1.36519051098533,1.36719011134821
"TFScreen",1162,822966,1.36204922758606,1.36309762603065
"TFScreen",1163,825816,1.36676611783259,1.35965602642941
"TFScreen",1164,826452,1.36781872912971,1.35514105218642
"TFScreen",1165,801228,1.32607176787416,1.35182312989882
"TFScreen",1166,821084,1.35893442497415,1.35227631246413
"TFScreen",1167,812676,1.3450187712223,1.35113342575559
"TFScreen",1168,815554,1.34978200284668,1.34997729865338
"TFScreen",1169,815354,1.34945099300482,1.34744326785492
"TFScreen",1170,808888,1.33874944481745,1.3451081438796
"TFScreen",1171,812790,1.34520744683216,1.34515117515905
"TFScreen",1172,817268,1.35261875719144,1.34484574335042
"TFScreen",1173,815282,1.34933182946175,1.34365170057541
"TFScreen",1174,808974,1.33889177904945,1.34470912656114
"TFScreen",1175,810932,1.34213236540127,1.34414911809232
"TFScreen",1176,801514,1.32654511194802,1.34254703045771
"TFScreen",1177,819054,1.35557467507926,1.34316481518984
"TFScreen",1178,804740,1.33188430069725,1.34102859803768
"TFScreen",1179,822582,1.36141368868969,1.34031060759888
"TFScreen",1180,811632,1.34329089984779,1.33837871379456
"TFScreen",1181,798240,1.32112648083675,1.33692558058879
"TFScreen",1182,816896,1.35200307888557,1.33691354386727
"TFScreen",1183,803070,1.3291203685177,1.3347020972056
"TFScreen",1184,810510,1.34143393463494,1.33623497369145
"TFScreen",1185,796134,1.31764094720195,1.33485436173285
"TFScreen",1186,801274,1.32614790013779,1.33367446210564
"TFScreen",1187,801434,1.32641270801128,1.33553443649886
"TFScreen",1188,804356,1.33124876180087,1.33497021517751
"TFScreen",1189,814928,1.34874594204166,1.33512699347533
"TFScreen",1190,813406,1.34622695714509,1.33113411202837
"TFScreen",1191,803790,1.3303120039484,1.33070379923395
"TFScreen",1192,810602,1.3415861991622,1.33101645307549
"TFScreen",1193,813146,1.34579664435067,1.33147625583764
"TFScreen",1194,804112,1.3308449297938,1.33169712967757
"TFScreen",1195,783972,1.29751223871837,1.33111786245432
"TFScreen",1196,793274,1.31290750646334,1.33234470529547
"TFScreen",1197,803352,1.32958709239473,1.33178379407253
"TFScreen",1198,804490,1.33147053839492,1.32935026989878
"TFScreen",1199,805824,1.33367837404013,1.32579341868896
"TFScreen",1200,811078,1.34237400258583,1.32375138888271
"TFScreen",1201,821560,1.35972222839778,1.32546752445375
"TFScreen",1202,800062,1.32414198049611,1.3273229850764
"TFScreen",1203,794428,1.31481743325088,1.32797326895664
"TFScreen",1204,789506,1.30667128104267,1.32643497594609
"TFScreen",1205,790540,1.30838260192509,1.32479015795008
"TFScreen",1206,795378,1.31638972999972,1.32140422818588
"TFScreen",1207,805606,1.3333175733125,1.31429534045485
"TFScreen",1208,807674,1.33674021507735,1.31066356065356
"TFScreen",1209,794266,1.31454931527897,1.3107833260327
"TFScreen",1210,794892,1.315585376084,1.31014056510342
"TFScreen",1211,788574,1.3051287751796,1.30789962847401
"TFScreen",1212,774312,1.28152446335647,1.30380503673019
"TFScreen",1213,775924,1.28419240268187,1.29716106736796
"TFScreen",1214,795224,1.31613485242149,1.29381064593225
"TFScreen",1215,785234,1.29960091082051,1.29383261294902
"TFScreen",1216,775646,1.28373229900168,1.29284710637439
"TFScreen",1217,768164,1.27134922081765,1.2909787062761
"TFScreen",1218,761448,1.26023391032795,1.29147612379301
"TFScreen",1219,785406,1.29988557928451,1.29180171711019
"TFScreen",1220,794412,1.31479095246353,1.29066785794279
"TFScreen",1221,788342,1.30474480376304,1.29107650463847
"TFScreen",1222,776156,1.28457637409843,1.29212219482072
"TFScreen",1223,777618,1.28699605604244,1.29281099620983
"TFScreen",1224,778088,1.28777392917081,1.29383772855567
"TFScreen",1225,787688,1.30366240158015,1.29148093848162
"TFScreen",1226,787950,1.30409602447299,1.28666293977431
"TFScreen",1227,782596,1.29523489100636,1.28541473175245
"TFScreen",1228,772742,1.27892603609786,1.28542827306417
"TFScreen",1229,768272,1.27152796613226,1.28475331390481
"TFScreen",1230,769742,1.27396088846994,1.28541081981796
"TFScreen",1231,762390,1.26179296668312,1.28260536094917
"TFScreen",1232,780046,1.29101451552263,1.27959226863411
"TFScreen",1233,776246,1.28472532852727,1.27823362369229
"TFScreen",1234,773132,1.27957150528949,1.27985647467153
"TFScreen",1235,782458,1.29500649421548,1.28217745549905
"TFScreen",1236,769042,1.27280235402342,1.28130750145103
"TFScreen",1237,767924,1.27095200900742,1.28129817299185
"TFScreen",1238,773566,1.28028979664633,1.27948153079611
"TFScreen",1239,783528,1.29677739686944,1.27958956037177
"TFScreen",1240,783698,1.29705875523502,1.27792668729348
"TFScreen",1241,763960,1.26439139394173,1.27329104491723
"TFScreen",1242,762328,1.26169035363214,1.26939987376713
"TFScreen",1243,767972,1.27103145136947,1.26718270966273
"TFScreen",1244,776964,1.28591365385955,1.26516174411915
"TFScreen",1245,762080,1.26127990142823,1.26197442026007
"TFScreen",1246,751648,1.24401442807675,1.25780851094122
"TFScreen",1247,743180,1.22999947137234,1.25694607984416
"TFScreen",1248,753188,1.24656320385908,1.25572615811788
"TFScreen",1249,760134,1.25805917566692,1.25364922181922
"TFScreen",1250,762344,1.26171683441949,1.25137819338601
"TFScreen",1251,756010,1.25123375272774,1.24936896364591
"TFScreen",1252,758228,1.25490465187399,1.24855498035297
"TFScreen",1253,754220,1.24827121464308,1.25117356912013
"TFScreen",1254,754168,1.2481851520842,1.25244885976541
"TFScreen",1255,761870,1.26093234109428,1.25066531855386
"TFScreen",1256,748726,1.23917837428716,1.24694296242311
"TFScreen",1257,746238,1.2350606118544,1.24579165000951
"TFScreen",1258,760584,1.25880394781111,1.24587349971586
"TFScreen",1259,761664,1.26059140095716,1.24633360339604
"TFScreen",1260,748280,1.2384402223398,1.24714788760702
"TFScreen",1261,737604,1.22077091698125,1.24440411693603
"TFScreen",1262,748358,1.23856931617813,1.24433550762335
"TFScreen",1263,758772,1.25580499864385,1.2456255432525
"TFScreen",1264,757278,1.25333235512514,1.24502611452069
"TFScreen",1265,759580,1.25714227840497,1.24235486509687
"TFScreen",1266,743634,1.23075086371337,1.24045426676851
"TFScreen",1267,748270,1.23842367184771,1.24252157368995
"TFScreen",1268,754812,1.24925100377499,1.24276622005489
"TFScreen",1269,756600,1.25221023176123,1.24060653129577
"TFScreen",1270,743910,1.23120765729514,1.23853410876768
"TFScreen",1271,735648,1.21753364072785,1.23601121193662
"TFScreen",1272,751344,1.24351129311712,1.23700333870809
"TFScreen",1273,749984,1.24126042619246,1.23788623223174
"TFScreen",1274,744418,1.23204842229346,1.23640150263198
"TFScreen",1275,743504,1.23053570731616,1.23571631225932
"TFScreen",1276,742812,1.22939041326332,1.23668225916148
"TFScreen",1277,750228,1.24166425819953,1.23869329440981
"TFScreen",1278,754138,1.24813550060792,1.23493813821291
"TFScreen",1279,744944,1.23291897817756,1.23091125302765
"TFScreen",1280,752046,1.24467313766205,1.22817350071742
"TFScreen",1281,750330,1.24183307321888,1.22621271878145
"TFScreen",1282,749014,1.23965502845944,1.22601501563045
"TFScreen",1283,726386,1.20220457495125,1.22397238398812
"TFScreen",1284,723220,1.19696468915459,1.22081485101481
"TFScreen",1285,726222,1.20193314688092,1.21823297424829
"TFScreen",1286,730472,1.20896710602048,1.21641061460982
"TFScreen",1287,741498,1.22721567860229,1.21432916454059
"TFScreen",1288,736652,1.21919531013399,1.21238583585083
"TFScreen",1289,733152,1.21340263790142,1.21275205310314
"TFScreen",1290,727784,1.20451833374586,1.21356242537963
"TFScreen",1291,739934,1.22462718163893,1.2147697085483
"TFScreen",1292,736496,1.21893712245734,1.21409113837249
"TFScreen",1293,736098,1.21827841287203,1.21288385520381
"TFScreen",1294,728820,1.2062329647267,1.21199855433585
"TFScreen",1295,728606,1.20587878419591,1.21291575251584
"TFScreen",1296,734246,1.2152132617364,1.21370806971004
"TFScreen",1297,725962,1.2015028340865,1.21457862559414
"TFScreen",1298,733474,1.21393556374681,1.2156086680384
"TFScreen",1299,730768,1.20945700058643,1.21599474588123
"TFScreen",1300,739248,1.22349181788135,1.2166152388757
"TFScreen",1301,733050,1.21323382288207,1.21564959289158
"TFScreen",1302,745720,1.23420329636398,1.21515247629271
"TFScreen",1303,743342,1.23026758934425,1.2161566397857
"TFScreen",1304,738664,1.22252526914311,1.2156869067283
"TFScreen",1305,732944,1.21305838766588,1.21631131165726
"TFScreen",1306,722188,1.19525667837058,1.21546663472444
"TFScreen",1307,730942,1.20974497914885,1.21590868332235
"TFScreen",1308,732636,1.21254863250942,1.21286519828545
"TFScreen",1309,730352,1.20876850011536,1.21087582913586
"TFScreen",1310,734918,1.21632545480505,1.21155259380345
"TFScreen",1311,733634,1.2142003716203,1.20854973270169
"TFScreen",1312,735988,1.21809635745901,1.20821270449907
"TFScreen",1313,725492,1.20072496095813,1.20682968519617
"TFScreen",1314,730120,1.2083845286988,1.20366763845228
"TFScreen",1315,743162,1.22996968048657,1.20347053713735
"TFScreen",1316,712986,1.18002691554654,1.20058984875904
"TFScreen",1317,719948,1.19154936814174,1.19868443574207
"TFScreen",1318,721750,1.19453176681691,1.19740011755565
"TFScreen",1319,711620,1.17776611832663,1.19552630093268
"TFScreen",1320,729042,1.20660038565117,1.19467711022929
"TFScreen",1321,715772,1.18463788264367,1.19130893462933
"TFScreen",1322,720970,1.19324082843365,1.19193273772222
"TFScreen",1323,727452,1.20396885740837,1.19120210872582
"TFScreen",1324,713038,1.18011297810543,1.18851491064598
"TFScreen",1325,724476,1.19904343096148,1.18739128269188
"TFScreen",1326,720776,1.19291974888704,1.18487861707412
"TFScreen",1327,717132,1.18688874956833,1.18673919330342
"TFScreen",1328,715092,1.18351244918134,1.18770152918912
"TFScreen",1329,703890,1.16497258793869,1.18650146805335
"TFScreen",1330,704152,1.16540621083153,1.18669917120435
"TFScreen",1331,712342,1.17896106385575,1.18590203932154
"TFScreen",1332,728138,1.20510422116596,1.18626675198367
"TFScreen",1333,727366,1.20382652317637,1.18758025921978
"TFScreen",1334,719476,1.19076818491494,1.18676477133665
"TFScreen",1335,714352,1.18228771276646,1.1870166397345
"TFScreen",1336,719178,1.19027498025057,1.18776111096065
"TFScreen",1337,723200,1.1969315881704,1.18796513339045
"TFScreen",1338,725862,1.20133732916557,1.1852343021951
"TFScreen",1339,709672,1.1745420824669,1.18085293556101
"TFScreen",1340,705564,1.16774314031507,1.18405861542041
"TFScreen",1341,709100,1.17359539431918,1.18407787417485
"TFScreen",1342,713698,1.18120531058357,1.18493368507508
"TFScreen",1343,709988,1.17506507801704,1.18502516415865
"TFScreen",1344,698246,1.15563149020137,1.18426384152237
"TFScreen",1345,740782,1.22603066336843,1.18447659057527
"TFScreen",1346,714480,1.18249955906525,1.18442573542684
"TFScreen",1347,724866,1.1996889001531,1.18481181326967
"TFScreen",1348,723808,1.19793785808966,1.18497852186275
"TFScreen",1349,720802,1.19296278016648,1.18394817850045
"TFScreen",1350,711086,1.17688232204886,1.18548075406827
"TFScreen",1351,705226,1.16718373368233,1.17863185952212
"TFScreen",1352,711666,1.17784225059026,1.17701502690364
"TFScreen",1353,714806,1.18303910510748,1.17405399340918
"TFScreen",1354,703140,1.16373130103171,1.17086606771401
"TFScreen",1355,708432,1.17248982144736,1.1687578359394
"TFScreen",1356,695262,1.1506928233608,1.16682684488919
"TFScreen",1357,703734,1.16471440026204,1.16572909588637
"TFScreen",1358,705186,1.16711753171395,1.16496055121717
"TFScreen",1359,702620,1.16287067544287,1.16090899075279
"TFScreen",1360,706790,1.16977223064568,1.15923016901848
"TFScreen",1361,698252,1.15564142049662,1.15635911001739
"TFScreen",1362,697930,1.15510849465123,1.15724501272142
"TFScreen",1363,706558,1.16938825922912,1.15535584927851
"TFScreen",1364,687878,1.13847193999928,1.1537877653822
"TFScreen",1365,691982,1.14526426195427,1.15417594965129
"TFScreen",1366,689350,1.14090817243538,1.1540874797481
"TFScreen",1367,701150,1.16043775310519,1.15637385500125
"TFScreen",1368,691178,1.14393360238999,1.15690587809253
"TFScreen",1369,694764,1.14986860885456,1.15408236414146
"TFScreen",1370,705200,1.16714070240288,1.15413081194558
"TFScreen",1371,706202,1.16879906171061,1.15575095466248
"TFScreen",1372,713448,1.18079154828124,1.15847215648061
"TFScreen",1373,701466,1.16096074865533,1.15720047685179
"TFScreen",1374,687792,1.13832960576728,1.15849322074328
"TFScreen",1375,688200,1.13900486584468,1.15871078448479
"TFScreen",1376,702750,1.16308583184008,1.15699374615965
"TFScreen",1377,707436,1.17084139243489,1.15519636271834
"TFScreen",1378,692698,1.14644927718814,1.15228979538876
"TFScreen",1379,699770,1.15815378519635,1.1487831974913
"TFScreen",1380,696210,1.15226181001122,1.1471480088725
"TFScreen",1381,693788,1.14825328082628,1.1456377012395
"TFScreen",1382,694256,1.14902784385624,1.14333327090407
"TFScreen",1383,694130,1.14881930765586,1.14034966855675
"TFScreen",1384,678160,1.12238817178324,1.13996509530411
"TFScreen",1385,676924,1.12034253096054,1.13863594033002
"TFScreen",1386,678162,1.12239148188166,1.13774010733073
"TFScreen",1387,687434,1.13773709815035,1.13343848397672
"TFScreen",1388,687606,1.13802176661435,1.12857474572763
"TFScreen",1389,690142,1.14221897140915,1.1262071226042
"TFScreen",1390,690936,1.14353308048134,1.12750046833177
"TFScreen",1391,690256,1.14240764701901,1.12794071142144
"TFScreen",1392,665198,1.10093542393221,1.1286599055324
"TFScreen",1393,661930,1.0955267231162,1.12926475078889
"TFScreen",1394,678394,1.12277545329822,1.12689923409173
"TFScreen",1395,686756,1.13661497478644,1.12525411517768
"TFScreen",1396,679850,1.12518520494697,1.12195184062806
"TFScreen",1397,682942,1.13030261710214,1.11864836240628
"TFScreen",1398,691454,1.14439039597176,1.12115500966329
"TFScreen",1399,671884,1.11200108294563,1.12534348783498
"TFScreen",1400,679208,1.12412266335459,1.12605335348676
"TFScreen",1401,668988,1.10720806043548,1.12374471029879
"TFScreen",1402,668300,1.10606938657948,1.1214255349795
"TFScreen",1403,681858,1.12850854375925,1.11730055051383
"TFScreen",1404,689768,1.14159998300487,1.11316413116272
"TFScreen",1405,683112,1.13058397546772,1.11382284074802
"TFScreen",1406,671412,1.11121989971884,1.11227582111438
"TFScreen",1407,664436,1.09967427643472,1.11295258578196
"TFScreen",1408,655526,1.0849277879798,1.11293091968322
"TFScreen",1409,663962,1.09888978310951,1.11087474672919
"TFScreen",1410,676262,1.11924688838398,1.1082543524538
"TFScreen",1411,668926,1.1071054473845,1.10710003085982
"TFScreen",1412,673486,1.11465247177894,1.1078234378233
"TFScreen",1413,668156,1.10583105949334,1.10950587057407
"TFScreen",1414,668192,1.10589064126487,1.11049829826358
"TFScreen",1415,672352,1.11277564597559,1.11048866888636
"TFScreen",1416,675440,1.11788643793393,1.10852096583552
"TFScreen",1417,676220,1.11917737631718,1.1070034361696
"TFScreen",1418,675618,1.11818103669318,1.10391571618111
"TFScreen",1419,662122,1.09584449256438,1.10312761183945
"TFScreen",1420,663898,1.09878385996011,1.10109701691865
"TFScreen",1421,663184,1.09760215482467,1.09865356244963
"TFScreen",1422,658840,1.09041262105944,1.09590226882769
"TFScreen",1423,652964,1.08068755190555,1.09117243910553
"TFScreen",1424,662918,1.09716191173499,1.08966845075133
"TFScreen",1425,654696,1.08355409713607,1.08695868381864
"TFScreen",1426,656112,1.08589764681645,1.08554737822015
"TFScreen",1427,657154,1.08762220809255,1.0857905199949
"TFScreen",1428,644784,1.06714924937343,1.08661413266506
"TFScreen",1429,665622,1.10163716479696,1.08857611827319
"TFScreen",1430,644112,1.06603705630477,1.08910453034801
"TFScreen",1431,654518,1.08325949837682,1.08920593972684
"TFScreen",1432,664800,1.10027671434691,1.08829385715349
"TFScreen",1433,664314,1.09947236043118,1.08833026823609
"TFScreen",1434,666004,1.10226939359491,1.08969914439121
"TFScreen",1435,666430,1.10297444455807,1.08633096879125
"TFScreen",1436,655370,1.08466960030315,1.08859417335547
"TFScreen",1437,650050,1.07586473850964,1.08959201756966
"TFScreen",1438,657396,1.0880227300012,1.08925589212115
"TFScreen",1439,653882,1.0822068870797,1.08921857828443
"TFScreen",1440,643236,1.06458723319742,1.08800497583696
"TFScreen",1441,659154,1.09093230651116,1.08508998280231
"TFScreen",1442,661150,1.09423578473294,1.0841252395723
"TFScreen",1443,662566,1.09657933441331,1.08522720142766
"TFScreen",1444,664066,1.09906190822727,1.08486459519181
"TFScreen",1445,657938,1.08891976667264,1.08323241575339
"TFScreen",1446,647056,1.07090952117697,1.08439004744579
"TFScreen",1447,648958,1.07405742477307,1.08251322164244
"TFScreen",1448,657374,1.0879863189186,1.08275907167953
"TFScreen",1449,654986,1.08403406140677,1.08429947111634
"TFScreen",1450,643034,1.06425291325714,1.08302959699574
"TFScreen",1451,650930,1.07732118181383,1.08248674085509
"TFScreen",1452,646680,1.07028722267427,1.08208320976606
"TFScreen",1453,662784,1.09694013514094,1.08219785953856
"TFScreen",1454,672804,1.11352372821819,1.08232845796707
"TFScreen",1455,655626,1.08509329290073,1.08108295820756
"TFScreen",1456,654330,1.08294834912547,1.08144556444342
"TFScreen",1457,644374,1.06647067919761,1.0816035464134
"TFScreen",1458,649720,1.07531857227056,1.08028582632475
"TFScreen",1459,658242,1.08942290163227,1.07785350582315
"TFScreen",1460,646708,1.07033356405213,1.0719329434244
"TFScreen",1461,645444,1.06824158185157,1.06802762912651
"TFScreen",1462,651980,1.0790589834836,1.06766111095616
"TFScreen",1463,637922,1.05579230169917,1.06851090349563
"TFScreen",1464,646618,1.0701846096233,1.06911935976858
"TFScreen",1465,633454,1.04839754183199,1.06660699506885
"TFScreen",1466,629670,1.04213483562397,1.0649895606143
"TFScreen",1467,651894,1.0789166492516,1.06377956918328
"TFScreen",1468,650022,1.07581839713178,1.06070990427707
"TFScreen",1469,653764,1.082011591273,1.0610153360857
"TFScreen",1470,641544,1.06178688993528,1.05883909683448
"TFScreen",1471,635958,1.05254178505209,1.05958116071633
"TFScreen",1472,637402,1.05493167611033,1.0608540440173
"TFScreen",1473,631578,1.04529266951533,1.05834860043245
"TFScreen",1474,639952,1.05915205159406,1.05781958652155
"TFScreen",1475,632154,1.04624597785989,1.05521243263983
"TFScreen",1476,638386,1.05656024453229,1.05502827080054
"TFScreen",1477,638130,1.0561365519347,1.05481461899352
"TFScreen",1478,635242,1.05135676981823,1.05404216238984
"TFScreen",1479,646506,1.06999924411185,1.05572429422257
"TFScreen",1480,636436,1.05333289857414,1.05488864483089
"TFScreen",1481,640320,1.05976110970308,1.0561768749518
"TFScreen",1482,634538,1.05019161517487,1.05488924666696
"TFScreen",1483,632268,1.04643465346975,1.05339910054251
"TFScreen",1484,642758,1.06379611967537,1.05520460877084
"TFScreen",1485,634398,1.04995990828557,1.05402952383224
"TFScreen",1486,640716,1.06041650918997,1.05428530416458
"TFScreen",1487,629828,1.04239633339904,1.05181867900664
"TFScreen",1488,628226,1.03974494456573,1.05108413807575
"TFScreen",1489,647242,1.0712173603299,1.05110098948588
"TFScreen",1490,638696,1.05707330978717,1.0517906936291
"TFScreen",1491,638136,1.05614648222996,1.05234709108147
"TFScreen",1492,623926,1.03262823296571,1.04852272373582
"TFScreen",1493,629656,1.04211166493504,1.04782008011696
"TFScreen",1494,632380,1.04662001898119,1.04808819808887
"TFScreen",1495,647342,1.07138286525083,1.0450086028874
"TFScreen",1496,638096,1.05608028026159,1.04428218674354
"TFScreen",1497,615298,1.01834846838782,1.04318263223248
"TFScreen",1498,625158,1.03466725359158,1.04413744516723
"TFScreen",1499,630008,1.04269424225672,1.04384826293266
"TFScreen",1500,626774,1.03734181311382,1.04389941899913
"TFScreen",1501,633868,1.04908273220464,1.04191035076758
"TFScreen",1502,630828,1.04405138260835,1.03847868146159
"TFScreen",1503,630272,1.04313117524797,1.03906216153738
"TFScreen",1504,627734,1.03893066035475,1.039233082983
"TFScreen",1505,632720,1.04718273571236,1.0391927599659
"TFScreen",1506,634122,1.0495031147038,1.03902605137282
"TFScreen",1507,615288,1.01833191789573,1.03786962335257
"TFScreen",1508,619176,1.02476674922151,1.03761564852845
"TFScreen",1509,626294,1.03654738949335,1.03735926636003
"TFScreen",1510,629740,1.04225068906862,1.03662803552755
"TFScreen",1511,625666,1.03550801858991,1.03514691694424
"TFScreen",1512,626182,1.03636202398191,1.03504009104073
"TFScreen",1513,629140,1.04125765954304,1.03778085253134
"TFScreen",1514,628568,1.04031097139532,1.03969348758122
"TFScreen",1515,622874,1.03088712119752,1.03790242341872
"TFScreen",1516,622876,1.03089043129594,1.03611948404324
"TFScreen",1517,633412,1.0483280297652,1.03591606344951
"TFScreen",1518,633504,1.04848029429245,1.03695031874631
"TFScreen",1519,631888,1.04580573477021,1.03650104811549
"TFScreen",1520,614390,1.01684568370577,1.03519416107622
"TFScreen",1521,617890,1.02263835593834,1.0366054666747
"TFScreen",1522,624314,1.03327039205893,1.03568375472413
"TFScreen",1523,633056,1.04773883224668,1.03453815975325
"TFScreen",1524,626154,1.03631568260405,1.0331816212377
"TFScreen",1525,619882,1.02593521396328,1.03138002494386
"TFScreen",1526,632254,1.04641148278082,1.03156057576669
"TFScreen",1527,616750,1.02075159983973,1.03310428530192
"TFScreen",1528,625798,1.03572648508554,1.03347712275107
"TFScreen",1529,624488,1.03355837062135,1.03244196470016
"TFScreen",1530,619914,1.02598817553798,1.0321979201713
"TFScreen",1531,615590,1.01883174275694,1.03276635434518
"TFScreen",1532,628150,1.03961916082583,1.03055550951959
"TFScreen",1533,626792,1.03737160399959,1.03131412389353
"TFScreen",1534,626176,1.03635209368665,1.02823663511833
"TFScreen",1535,624532,1.03363119278655,1.02747200238363
"TFScreen",1536,623660,1.03218798987604,1.02656052164636
"TFScreen",1537,617560,1.02209218969927,1.02793270789989
"TFScreen",1538,621792,1.02909635795305,1.02649070866153
"TFScreen",1539,605344,1.00187410855838,1.02480105387785
"TFScreen",1540,619406,1.02514741053965,1.02348513929743
"TFScreen",1541,613856,1.015961887428,1.02201154366507
"TFScreen",1542,624710,1.03392579154581,1.02050093511403
"TFScreen",1543,618566,1.02375716920383,1.02228056439109
"TFScreen",1544,615562,1.01878540137908,1.02326546912965
"TFScreen",1545,617430,1.02187703330206,1.02341743273887
"TFScreen",1546,614738,1.01742164083061,1.02151352431209
"TFScreen",1547,613620,1.0155712958146,1.02048739380232
"TFScreen",1548,629388,1.04166811174695,1.0208707633828
"TFScreen",1549,628338,1.03993031007717,1.02146477558992
"TFScreen",1550,606354,1.00354570825978,1.02033723570133
"TFScreen",1551,606752,1.00420441784509,1.01913597089341
"TFScreen",1552,607036,1.00467445182053,1.01944862473495
"TFScreen",1553,627258,1.03814285693112,1.02084097249703
"TFScreen",1554,622514,1.03029130348217,1.01872190767305
"TFScreen",1555,608068,1.00638246260453,1.01739395637111
"TFScreen",1556,609446,1.00866312041496,1.0191627525988
"TFScreen",1557,616816,1.02086083308755,1.01915944250038
"TFScreen",1558,622874,1.03088712119752,1.01979919424929
"TFScreen",1559,615304,1.01835839868307,1.01618938146477
"TFScreen",1560,619512,1.02532284575584,1.01336225649724
"TFScreen",1561,618110,1.02300246676439,1.01339866757984
"TFScreen",1562,606730,1.00416800676248,1.01399809631165
"TFScreen",1563,611288,1.0117117210585,1.01214414027919
"TFScreen",1564,603266,0.998434916301444,1.01056251507117
"TFScreen",1565,603724,0.999192928839307,1.00861196434849
"TFScreen",1566,608310,1.00678298451319,1.00560398764008
"TFScreen",1567,613430,1.01525683646483,1.00377982249339
"TFScreen",1568,604494,1.00046731673047,1.00600330587658
"TFScreen",1569,612362,1.0134892439093,1.00690274989233
"TFScreen",1570,602340,0.996902340733627,1.00867154612002
"TFScreen",1571,599520,0.992235101963382,1.00978103092633
"TFScreen",1572,605986,1.00293665015076,1.00969948213802
"TFScreen",1573,621508,1.02862632397761,1.00939916593604
"TFScreen",1574,617266,1.02160560523173,1.00952645426614
"TFScreen",1575,615022,1.01789167480605,1.00699121979552
"TFScreen",1576,611098,1.01139726170873,1.00790179777868
"TFScreen",1577,607768,1.00588594784174,1.00949245052784
"TFScreen",1578,611434,1.01195335824306,1.01053663611989
"TFScreen",1579,605340,1.00186748836155,1.00869652231718
"TFScreen",1580,595512,0.985601664732482,1.00616489886302
"TFScreen",1581,608392,1.00691869854835,1.00553357281918
"TFScreen",1582,610092,1.00973228220417,1.00652780601691
"TFScreen",1583,612926,1.01442269166334,1.00790360328691
"TFScreen",1584,609278,1.00838507214779,1.00698429868065
"TFScreen",1585,600440,0.993757747235944,1.00562294547648
"TFScreen",1586,610826,1.0109470883238,1.00714890084746
"TFScreen",1587,617706,1.02233382688383,1.00657655473908
"TFScreen",1588,616912,1.02101971781164,1.0054183212106
"TFScreen",1589,605324,1.0018410075742,1.00206669610274
"TFScreen",1590,596292,0.986892603115741,1.00066080702894
"TFScreen",1591,605654,1.00238717381327,0.999981935935089
"TFScreen",1592,604588,1.00062289135615,0.998297396758053
"TFScreen",1593,602394,0.996991713390929,0.995996878357117
"TFScreen",1594,590650,0.977554815476835,0.994152852619911
"TFScreen",1595,599934,0.992920292336035,0.995284304443001
"TFScreen",1596,595928,0.986290165203554,0.995575292185801
"TFScreen",1597,599630,0.992417157376406,0.994526592823177
"TFScreen",1598,602416,0.997028124473534,0.992469517115028
"TFScreen",1599,604656,1.00073543470238,0.993115588142733
"TFScreen",1600,612844,1.01428697762818,0.995585824317133
"TFScreen",1601,598226,0.99009346828654,0.993792051892283
"TFScreen",1602,598684,0.990851480824402,0.993279889391512
"TFScreen",1603,590916,0.97799505856651,0.993724947169796
"TFScreen",1604,606688,1.00409849469569,0.99344419064029
"TFScreen",1605,607068,1.00472741339523,0.993183595619334
"TFScreen",1606,588012,0.973188795662684,0.99178673408668
"TFScreen",1607,592524,0.980656377695075,0.991467159130264
"TFScreen",1608,602588,0.997312792937535,0.990996523318745
"TFScreen",1609,600550,0.993939802648968,0.992137002682976
"TFScreen",1610,602924,0.997868889471861,0.990626093213899
"TFScreen",1611,603560,0.99892150076898,0.987255209351598
"TFScreen",1612,596102,0.986578143765973,0.987393631649104
"TFScreen",1613,595556,0.985674486897692,0.986630804422633
"TFScreen",1614,598496,0.990540331573053,0.987893757428353
"TFScreen",1615,596646,0.987478490535836,0.988552767931695
"TFScreen",1616,584664,0.967647690909926,0.986499303240003
"TFScreen",1617,588932,0.974711440935246,0.983762754601924
"TFScreen",1618,587454,0.972265278203891,0.983507877023691
"TFScreen",1619,610982,1.01120527600045,0.98403568726244
"TFScreen",1620,604930,1.00118891818573,0.983734769224385
"TFScreen",1621,589276,0.975280777863248,0.983401953874295
"TFScreen",1622,585372,0.968819465750115,0.985339264203298
"TFScreen",1623,594408,0.983774490405408,0.985679602504339
"TFScreen",1624,599064,0.991480399523939,0.987375576566821
"TFScreen",1625,596496,0.98723023315444,0.985468057123586
"TFScreen",1626,594434,0.98381752168485,0.982029165784685
"TFScreen",1627,597540,0.988958104528956,0.98178692676405
"TFScreen",1628,591194,0.978455162246697,0.982717666255756
"TFScreen",1629,598726,0.990920992891193,0.982703523107968
"TFScreen",1630,598304,0.990222562124866,0.981416195741165
"TFScreen",1631,582074,0.963361113457823,0.981510684005115
"TFScreen",1632,587666,0.972616148636264,0.981492628922832
"TFScreen",1633,591558,0.979057600158885,0.979836075123335
"TFScreen",1634,594314,0.983618915779733,0.979265233605143
"TFScreen",1635,590508,0.977319798489113,0.978304101391593
"TFScreen",1636,597124,0.988269604057884,0.977989040205749
"TFScreen",1637,594314,0.983618915779733,0.979293820818758
"TFScreen",1638,586530,0.970736012734492,0.980410527657983
"TFScreen",1639,587400,0.972175905546589,0.981111365768615
"TFScreen",1640,592338,0.980348538542144,0.980878756125198
"TFScreen",1641,596210,0.986756889080578,0.980689177761223
"TFScreen",1642,590746,0.977713700200928,0.979829755844536
"TFScreen",1643,595088,0.984899923867736,0.978164475421935
"TFScreen",1644,596216,0.986766819375834,0.977696547872759
"TFScreen",1645,592768,0.981060209702146,0.977268642422644
"TFScreen",1646,589248,0.975234436485387,0.976233484371732
"TFScreen",1647,591412,0.978815962974326,0.97487333483972
"TFScreen",1648,583246,0.96530083113113,0.976074900565677
"TFScreen",1649,583420,0.965588809693549,0.976540119852511
"TFScreen",1650,584556,0.967468945595321,0.974684358311821
"TFScreen",1651,585458,0.968961799982116,0.973426821830786
"TFScreen",1652,587170,0.971795244228448,0.971781401998698
"TFScreen",1653,598732,0.990930923186449,0.971426017795754
"TFScreen",1654,598180,0.990017336022912,0.970213017184351
"TFScreen",1655,583882,0.966353442428249,0.970629788667058
"TFScreen",1656,584410,0.967227308410763,0.971953226198428
"TFScreen",1657,578312,0.957134818332412,0.971995053805717
"TFScreen",1658,589050,0.974906736741944,0.972315531516247
"TFScreen",1659,575184,0.951957824405702,0.971180167758662
"TFScreen",1660,586190,0.970173296003328,0.968270591248702
"TFScreen",1661,593352,0.98202675844038,0.967800256355221
"TFScreen",1662,585736,0.969421903662303,0.968414129152854
"TFScreen",1663,589300,0.975320499044271,0.9707131429636
"TFScreen",1664,591186,0.978441921853023,0.970163365708072
"TFScreen",1665,578842,0.958011994413344,0.970561179354382
"TFScreen",1666,580756,0.961179758599957,0.968028051310029
"TFScreen",1667,588490,0.973979909184733,0.965758527467013
"TFScreen",1668,593592,0.982423970250614,0.965329719262783
"TFScreen",1669,585396,0.968859186931139,0.964510620363196
"TFScreen",1670,577828,0.956333774515108,0.96315257725745
"TFScreen",1671,569354,0.942308887515445,0.961916105039079
"TFScreen",1672,578268,0.957061996167203,0.962144802748002
"TFScreen",1673,582886,0.96470501341578,0.961146356697733
"TFScreen",1674,583856,0.966310411148807,0.958315319795705
"TFScreen",1675,582160,0.963503447689823,0.955151768461625
"TFScreen",1676,570624,0.944410800011264,0.954137373755339
"TFScreen",1677,582276,0.963695433398103,0.956541407961366
"TFScreen",1678,581854,0.962997002631775,0.958509411930251
"TFScreen",1679,574776,0.951282564328304,0.959236429910193
"TFScreen",1680,564370,0.934060122256262,0.960592366589672
"TFScreen",1681,571086,0.945175432745964,0.960982958203068
"TFScreen",1682,585332,0.968753263781743,0.961603451197539
"TFScreen",1683,591348,0.97871003982493,0.960905020431212
"TFScreen",1684,587718,0.972702211195148,0.958602696522048
"TFScreen",1685,592868,0.981225714623076,0.958999607414243
"TFScreen",1686,584756,0.967799955437183,0.961201424698697
"TFScreen",1687,574748,0.951236222950444,0.961873073759637
"TFScreen",1688,577634,0.956012694968502,0.960257444813316
"TFScreen",1689,566552,0.937671439630969,0.957122480692852
"TFScreen",1690,577414,0.955648584142455,0.955503240730074
"TFScreen",1691,579004,0.958280112385252,0.95262977438468
"TFScreen",1692,575550,0.952563572416308,0.950981345372211
"TFScreen",1693,574594,0.950981345372211,0.95017669053845
"TFScreen",1694,570512,0.944225434499822,0.950617535464201
"TFScreen",1695,576956,0.954890571604592,0.95362491033653
"TFScreen",1696,573770,0.949617584823742,0.954032955196134
"TFScreen",1697,573800,0.949667236300021,0.952997797145222
"TFScreen",1698,569400,0.942385019779073,0.952105575162387
"TFScreen",1699,580564,0.96086198915177,0.951902756404737
"TFScreen",1700,586540,0.970752563226585,0.953271030723777
"TFScreen",1701,580126,0.960137077598094,0.952703198385966
"TFScreen",1702,572124,0.946893373825224,0.951832341583832
"TFScreen",1703,569620,0.942749130605121,0.949824616433925
"TFScreen",1704,573246,0.948750339038066,0.950701190678781
"TFScreen",1705,579606,0.959276452009254,0.951615379678394
"TFScreen",1706,573182,0.94864441588867,0.948694669201025
"TFScreen",1707,567982,0.940038160000277,0.944900092741143
"TFScreen",1708,560456,0.927582259651037,0.944491746963501
"TFScreen",1709,575226,0.952027336472492,0.946036660170879
"TFScreen",1710,586640,0.970918068147516,0.947617382624786
"TFScreen",1711,567128,0.938624747975529,0.948262851816415
"TFScreen",1712,554906,0.918396736539386,0.947097998091102
"TFScreen",1713,569410,0.942401570271166,0.94750062642602
"TFScreen",1714,579888,0.959743175886279,0.948316415227189
"TFScreen",1715,583752,0.966138286031039,0.946329152503869
"TFScreen",1716,583896,0.966376613117179,0.942324535253424
"TFScreen",1717,565440,0.93583102491022,0.941974266657127
"TFScreen",1718,570658,0.944467071684381,0.94307111290584
"TFScreen",1719,565878,0.936555936463896,0.943798431803821
"TFScreen",1720,562018,0.930167446515973,0.943115046939396
"TFScreen",1721,560024,0.926867278392616,0.93929158234786
"TFScreen",1722,564800,0.934771793416264,0.935153357488518
"TFScreen",1723,562196,0.93046204527523,0.935620984119657
"TFScreen",1724,574244,0.950402078148953,0.934945122206184
"TFScreen",1725,575346,0.952225942377609,0.935729916449433
"TFScreen",1726,558340,0.924080175524144,0.937496004414782
"TFScreen",1727,556392,0.920856139664415,0.938990965227843
"TFScreen",1728,568548,0.940974917852744,0.938569679974565
"TFScreen",1729,566166,0.937032590636176,0.937662713007865
"TFScreen",1730,571094,0.945188673139638,0.936233954163176
"TFScreen",1731,573756,0.949594414134812,0.935220462211005
"TFScreen",1732,569960,0.943311847336285,0.936345293837257
"TFScreen",1733,562000,0.930137655630206,0.936127730095743
"TFScreen",1734,556168,0.920485408641531,0.934667675775096
"TFScreen",1735,564748,0.93468573085738,0.934835287122293
"TFScreen",1736,568610,0.941077530903721,0.935676353038659
"TFScreen",1737,565816,0.936453323412919,0.934321018195256
"TFScreen",1738,554946,0.918462938507758,0.934080283764812
"TFScreen",1739,558844,0.924914320325635,0.933906954974892
"TFScreen",1740,567280,0.938876315455344,0.934380599966791
"TFScreen",1741,576684,0.954440398219661,0.932637381772335
"TFScreen",1742,564748,0.93468573085738,0.931303111191595
"TFScreen",1743,568360,0.940663768601395,0.9318471710044
"TFScreen",1744,560848,0.928231038941085,0.932728860855903
"TFScreen",1745,559316,0.925695503552427,0.933172414043998
"TFScreen",1746,553162,0.915510330718356,0.9343854146554
"TFScreen",1747,559742,0.926400554515592,0.932213689174752
"TFScreen",1748,569432,0.942437981353771,0.931517364834691
"TFScreen",1749,560806,0.928161526874294,0.930619425409133
"TFScreen",1750,561792,0.92979340539467,0.929625493129435
"TFScreen",1751,575342,0.952219322180772,0.929973053463389
"TFScreen",1752,562250,0.930551417932532,0.931269709289371
"TFScreen",1753,560120,0.92702616311671,0.932045776909517
"TFScreen",1754,562392,0.930786434920254,0.931221261485244
"TFScreen",1755,554242,0.917297783864407,0.930110272088743
"TFScreen",1756,561626,0.929518667225925,0.929713361196547
"TFScreen",1757,561780,0.929773544804158,0.927035491575889
"TFScreen",1758,564900,0.934937298337194,0.92495524517881
"TFScreen",1759,563952,0.933368311686772,0.925326277119733
"TFScreen",1760,553422,0.915940643512775,0.924519816777744
"TFScreen",1761,559154,0.92542738558052,0.924266744707739
"TFScreen",1762,557544,0.922762756353536,0.923576438728439
"TFScreen",1763,548424,0.907668707564662,0.923004092620057
"TFScreen",1764,562586,0.931107514466859,0.922806690387093
"TFScreen",1765,557032,0.921915371158372,0.921503414364273
"TFScreen",1766,552560,0.914513991094353,0.921264485442057
"TFScreen",1767,557038,0.921925301453627,0.92020074017753
"TFScreen",1768,557976,0.923477737611957,0.918922139433831
"TFScreen",1769,563588,0.932765873774584,0.918651614117619
"TFScreen",1770,555290,0.91903227543576,0.917085937565615
"TFScreen",1771,551834,0.913312425368397,0.917322158225489
"TFScreen",1772,552084,0.913726187670723,0.920091206011678
"TFScreen",1773,549046,0.90869814817285,0.919807440301791
"TFScreen",1774,546626,0.904692929086329,0.917580947738217
"TFScreen",1775,552180,0.913885072394817,0.915232282451192
"TFScreen",1776,558602,0.924513798416983,0.914733059426058
"TFScreen",1777,570964,0.944973516742428,0.915472715963599
"TFScreen",1778,555152,0.918803878644875,0.913821277770749
"TFScreen",1779,543178,0.89898631941264,0.913758686818833
"TFScreen",1780,547978,0.906930555617311,0.915305104616402
"TFScreen",1781,551972,0.913540822159281,0.915222653073974
"TFScreen",1782,556750,0.921448647281347,0.914370453190201
"TFScreen",1783,541108,0.895560367549376,0.910337549644178
"TFScreen",1784,548630,0.908009647701779,0.908396929216757
"TFScreen",1785,556904,0.92170352485958,0.910564140926834
"TFScreen",1786,551632,0.912978105428117,0.911564392485331
"TFScreen",1787,552938,0.915139599695471,0.910182877772617
"TFScreen",1788,544160,0.900611577736179,0.908457112824368
"TFScreen",1789,542254,0.897457053943241,0.908765553813375
"TFScreen",1790,557582,0.92282564822349,0.909063161753012
"TFScreen",1791,554626,0.91793332276078,0.907430079560484
"TFScreen",1792,542790,0.89834416031943,0.905134375848157
"TFScreen",1793,545280,0.902465232850602,0.903210606830866
"TFScreen",1794,543158,0.898953218428454,0.903618350772432
"TFScreen",1795,550608,0.911283335037787,0.9045487893461
"TFScreen",1796,546050,0.903739620741768,0.904045052550395
"TFScreen",1797,536374,0.887725364592519,0.902765549052582
"TFScreen",1798,540152,0.893978140505279,0.902285885699921
"TFScreen",1799,546870,0.9050967610934,0.903135678239391
"TFScreen",1800,548438,0.907691878253592,0.905002874665526
"TFScreen",1801,554234,0.917284543470732,0.905582442806822
"TFScreen",1802,546122,0.903858784284838,0.906957337322698
"TFScreen",1803,539602,0.893067863440161,0.908335842855031
"TFScreen",1804,550928,0.911812950784765,0.908117978195479
"TFScreen",1805,555568,0.919492379115947,0.908498037677543
"TFScreen",1806,554460,0.917658584592035,0.909629188582595
"TFScreen",1807,555188,0.91886346041641,0.911604113666354
"TFScreen",1808,545536,0.902888925448185,0.912941393427474
"TFScreen",1809,538704,0.891581629250203,0.914443576273448
"TFScreen",1810,549396,0.909277415396108,0.914341264140509
"TFScreen",1811,555956,0.920134538209158,0.913370201631703
"TFScreen",1812,567360,0.939008719392088,0.912464438337156
"TFScreen",1813,555010,0.918568861657154,0.909432689103744
"TFScreen",1814,549586,0.909591874745876,0.908778493289011
"TFScreen",1815,550248,0.910687517322437,0.910638166764196
"TFScreen",1816,549114,0.908810691519083,0.912459021812471
"TFScreen",1817,548440,0.907695188352011,0.913174003070891
"TFScreen",1818,535038,0.885514218848886,0.911738022193289
"TFScreen",1819,541188,0.895692771486121,0.912115072494973
"TFScreen",1820,551064,0.912038037477231,0.912369649155168
"TFScreen",1821,561498,0.929306820927134,0.913471009174452
"TFScreen",1822,560708,0.927999332051782,0.913097870807263
"TFScreen",1823,557816,0.923212929738468,0.913198377431974
"TFScreen",1824,557516,0.922716414975676,0.914704171294404
"TFScreen",1825,551278,0.912392218008022,0.914108654497092
"TFScreen",1826,557568,0.92280247753456,0.912577583519465
"TFScreen",1827,546634,0.904706169480003,0.90907279113023
"TFScreen",1828,549108,0.908800761223827,0.906015764781622
"TFScreen",1829,545046,0.902077951335625,0.904770565940147
"TFScreen",1830,537230,0.889142086715686,0.902488403539533
"TFScreen",1831,540888,0.895196256723329,0.901771315854846
"TFScreen",1832,538204,0.89075410464555,0.900511672947545
"TFScreen",1833,540390,0.894372042217094,0.899665190506494
"TFScreen",1834,549540,0.909515742482248,0.897898801623107
"TFScreen",1835,542348,0.897612628568916,0.896480875827789
"TFScreen",1836,546512,0.904504253476468,0.895928390309918
"TFScreen",1837,549196,0.908946405554246,0.894581180253543
"TFScreen",1838,541008,0.895394862628445,0.894226698804713
"TFScreen",1839,537368,0.88937048350657,0.895670503551305
"TFScreen",1840,535622,0.886480767587121,0.893655255450445
"TFScreen",1841,533558,0.883064746019113,0.892153373522509
"TFScreen",1842,531934,0.880376946103199,0.889765889808575
"TFScreen",1843,535848,0.886854808708424,0.887861379545721
"TFScreen",1844,549986,0.910253894429598,0.890238932964399
"TFScreen",1845,536146,0.887348013372798,0.895413519546805
"TFScreen",1846,532366,0.881091927361619,0.899635098702689
"TFScreen",1847,530644,0.878241932623194,0.901029552891039
"TFScreen",1848,536538,0.887996792662846,0.900359107502251
"TFScreen",1849,556810,0.921547950233905,0.900586300620983
"TFScreen",1850,571760,0.946290935913036,0.901103879646438
"TFScreen",1851,563680,0.932918138301841,0.904467842393863
"TFScreen",1852,542826,0.898403742090965,0.907543525660831
"TFScreen",1853,527478,0.87300204682653,0.907967218258413
"TFScreen",1854,537358,0.889353933014477,0.90893196148842
"TFScreen",1855,553426,0.915947263709613,0.908439358660123
"TFScreen",1856,558504,0.924351603594471,0.905026045354457
"TFScreen",1857,552808,0.914924443298261,0.902594627606966
"TFScreen",1858,533460,0.882902551196601,0.901780945232064
"TFScreen",1859,542950,0.898608968192919,0.904085375567494
"TFScreen",1860,553536,0.916129319122636,0.904358007309973
"TFScreen",1861,549074,0.908744489550711,0.902131815664437
"TFScreen",1862,547520,0.906172543079449,0.899532184733673
"TFScreen",1863,537418,0.889453235967035,0.897265670071038
"TFScreen",1864,542794,0.898350780516267,0.898131712184562
"TFScreen",1865,539170,0.89235288218174,0.896774270914893
"TFScreen",1866,538630,0.891459155608715,0.893728980369769
"TFScreen",1867,541226,0.895755663356074,0.890230206341295
"TFScreen",1868,537744,0.889992782009269,0.88802868997488
"TFScreen",1869,539216,0.892429014445368,0.885746226656227
"TFScreen",1870,533928,0.883677114226556,0.883984652461449
"TFScreen",1871,533296,0.882631123126274,0.882687996635467
"TFScreen",1872,525820,0.8702579752375,0.880916492145433
"TFScreen",1873,532888,0.881955863048877,0.878568428694484
"TFScreen",1874,522248,0.864346139461857,0.878740553812252
"TFScreen",1875,531086,0.878973464373707,0.878096288292775
"TFScreen",1876,530552,0.878089668095938,0.877221820474185
"TFScreen",1877,526856,0.871972606218341,0.87463633269121
"TFScreen",1878,525620,0.869926965395638,0.873811817266938
"TFScreen",1879,538888,0.891886158304716,0.872654787410613
"TFScreen",1880,534934,0.885342093731118,0.874572538067142
"TFScreen",1881,528116,0.874057968222067,0.874286365012951
"TFScreen",1882,516112,0.854190757513553,0.874010423172054
"TFScreen",1883,520340,0.8611883055705,0.872751983936905
"TFScreen",1884,525198,0.869228534629311,0.872945173317337
"TFScreen",1885,534994,0.885441396683677,0.872739044461269
"TFScreen",1886,529184,0.875825560777606,0.873260836339258
"TFScreen",1887,528718,0.87505430784607,0.8739538505809
"TFScreen",1888,518492,0.858129774631702,0.875390734212616
"TFScreen",1889,526904,0.872052048580388,0.87598294091151
"TFScreen",1890,537518,0.889618740887966,0.877619935038533
"TFScreen",1891,538402,0.891081804388993,0.877362349197957
"TFScreen",1892,532722,0.881681124880133,0.877701784744884
"TFScreen",1893,525662,0.869996477462429,0.878668935319195
"TFScreen",1894,524276,0.86770257925833,0.880463610498159
"TFScreen",1895,536078,0.887235470026565,0.88118310552715
"TFScreen",1896,533282,0.882607952437344,0.879797377961904
"TFScreen",1897,531440,0.879559351793802,0.877633476350245
"TFScreen",1898,535146,0.885692964163491,0.876802039811097
"TFScreen",1899,530420,0.877871201600309,0.876794817778184
"TFScreen",1900,531686,0.879966493899291,0.87757389457871
"TFScreen",1901,528308,0.874375737670254,0.876230295538791
"TFScreen",1902,524020,0.867278886660748,0.875677208184845
"TFScreen",1903,527196,0.872535322949505,0.876022060256457
"TFScreen",1904,525614,0.869917035100383,0.87512381991286
"TFScreen",1905,529454,0.876272424064119,0.872722193051138
"TFScreen",1906,527148,0.872455880587458,0.870443039830904
"TFScreen",1907,529606,0.876523991543934,0.870246540352054
"TFScreen",1908,533732,0.883352724581532,0.870272118385288
"TFScreen",1909,529176,0.875812320383932,0.872525392654249
"TFScreen",1910,514458,0.85145330612136,0.873763369462811
"TFScreen",1911,516538,0.854895808476717,0.873969799236917
"TFScreen",1912,527002,0.8722142434029,0.87428817052118
"TFScreen",1913,524190,0.86756024502633,0.872725804067594
"TFScreen",1914,542172,0.897321339908078,0.870539032685044
"TFScreen",1915,533842,0.883534779994556,0.869751229261414
"TFScreen",1916,530826,0.878543151579288,0.870536324422701
"TFScreen",1917,529264,0.875957964714351,0.872141722155728
"TFScreen",1918,519222,0.859337960554496,0.872077024777546
"TFScreen",1919,519198,0.859298239373472,0.871114087055768
"TFScreen",1920,523940,0.867146482724004,0.868283651989816
"TFScreen",1921,519676,0.860089352895521,0.866616265140949
"TFScreen",1922,527208,0.872555183540017,0.865344886430164
"TFScreen",1923,526572,0.871502572242898,0.865218801772219
"TFScreen",1924,517790,0.856967930086769,0.86507466203199
"TFScreen",1925,523360,0.866186554182606,0.864675042877452
"TFScreen",1926,522760,0.865193524657022,0.864863116651237
"TFScreen",1927,522376,0.864557985760648,0.865905195817024
"TFScreen",1928,528426,0.874571033476952,0.867359231776909
"TFScreen",1929,518264,0.85775242341198,0.866646958780831
"TFScreen",1930,516542,0.854902428673555,0.866916581342929
"TFScreen",1931,525190,0.869215294235637,0.8677134123077
"TFScreen",1932,526602,0.871552223719177,0.867115789084122
"TFScreen",1933,536872,0.888549579098754,0.86683443071854
"TFScreen",1934,521838,0.863667569286041,0.86522331554279
"TFScreen",1935,519582,0.859933778269846,0.865185700788033
"TFScreen",1936,528656,0.874951694795093,0.867410688761416
"TFScreen",1937,518788,0.858619669197657,0.867731467389984
"TFScreen",1938,520506,0.861463043739245,0.867739592177011
"TFScreen",1939,517718,0.856848766543699,0.865977416146157
"TFScreen",1940,518014,0.857338661109654,0.865906098571138
"TFScreen",1941,531330,0.879377296380778,0.865870590242647
"TFScreen",1942,527322,0.872743859149878,0.866685175371664
"TFScreen",1943,526656,0.87164159637648,0.868799124589006
"TFScreen",1944,525160,0.869165642759357,0.870096382251064
"TFScreen",1945,521364,0.86288307596083,0.870213138449829
"TFScreen",1946,519346,0.85954318665645,0.869422927681895
"TFScreen",1947,534070,0.883912131214278,0.867127223969568
"TFScreen",1948,532838,0.881873110588412,0.86726624810315
"TFScreen",1949,529128,0.875732878021885,0.868213237168911
"TFScreen",1950,518494,0.858133084730121,0.867619826797865
"TFScreen",1951,512762,0.848646342662376,0.866699920355529
"TFScreen",1952,516072,0.854124555545181,0.867462446663962
"TFScreen",1953,528246,0.874273124619277,0.864862514815161
"TFScreen",1954,532950,0.882058476099854,0.860467305951319
"TFScreen",1955,521216,0.862638128677853,0.858531801130545
"TFScreen",1956,515250,0.852764105095131,0.85922120435573
"TFScreen",1957,524414,0.867930976049215,0.861441076722467
"TFScreen",1958,516790,0.855312880877463,0.862286656409404
"TFScreen",1959,503626,0.833525813086153,0.859392125801346
"TFScreen",1960,516264,0.854442324993367,0.856359172895782
"TFScreen",1961,523076,0.865716520207163,0.856088045743494
"TFScreen",1962,527516,0.873064938696483,0.856892098741179
"TFScreen",1963,521692,0.863425932101483,0.857227020517535
"TFScreen",1964,509008,0.84243328793064,0.856488567652146
"TFScreen",1965,512792,0.848695994138656,0.858139704926958
"TFScreen",1966,519414,0.859655730002683,0.858261576732371
"TFScreen",1967,520594,0.861608688069664,0.857159313958972
"TFScreen",1968,526640,0.871615115589131,0.855820529607663
"TFScreen",1969,511882,0.847189899358187,0.854160966627785
"TFScreen",1970,514600,0.851688323109082,0.854018331477747
"TFScreen",1971,517074,0.855782914852906,0.854299990761367
"TFScreen",1972,515750,0.853591629699784,0.852201087445929
"TFScreen",1973,518618,0.858338310832075,0.850731102830026
"TFScreen",1974,510662,0.845170739322833,0.849576480318007
"TFScreen",1975,508060,0.840864301280218,0.84948620490659
"TFScreen",1976,514664,0.851794246258477,0.850174705377661
"TFScreen",1977,505464,0.836567793532858,0.849017073685261
"TFScreen",1978,510824,0.845438857294741,0.848293666721775
"TFScreen",1979,518966,0.858914267956914,0.847349085000318
"TFScreen",1980,511282,0.846196869832603,0.849726638418996
"TFScreen",1981,519176,0.859261828290868,0.851896859309454
"TFScreen",1982,509380,0.843048966236502,0.850654368730322
"TFScreen",1983,510942,0.845634153101439,0.850611939286956
"TFScreen",1984,512340,0.847947911896049,0.850030565637433
"TFScreen",1985,526464,0.871323826928293,0.848004183569166
"TFScreen",1986,522484,0.864736731075253,0.84855757184115
"TFScreen",1987,506406,0.838126849888025,0.84728077660568
"TFScreen",1988,505182,0.836101069655834,0.848737520827907
"TFScreen",1989,506960,0.839043747149981,0.849765155927868
"TFScreen",1990,505498,0.836624065205975,0.849142857425168
"TFScreen",1991,514960,0.852284140824432,0.846331380195614
"TFScreen",1992,510690,0.845217080700694,0.844795193611339
"TFScreen",1993,519062,0.859073152681007,0.844997410532913
"TFScreen",1994,517772,0.856938139201002,0.846850764729298
"TFScreen",1995,508204,0.841102628366358,0.847686113202941
"TFScreen",1996,507778,0.840397577403193,0.847686113202941
"TFScreen",1997,512274,0.847838678648235,0.847686113202941
"TFScreen",1998,507750,0.840351236025333,0.847686113202941
"TFScreen",1999,517500,0.85648796581607,0.847686113202941
"TFScreen",2000,512512,0.84823258036005,0.847686113202941
