"","ASCL1","ASCL1+KLF14","ASCL1+NEUROD1","ASCL1+NEUROG1","ASCL1+NR3C1","ASCL1+SIM1","ASCL1+TET2","ASCL1+TWIST1","ASCL1+VSX1","ASCL1+ZNF385A","ASCL1+ZNF547","ASCL1+ZNF660","ASCL1+ZNF776","KLF14","KLF14+NEUROD1","KLF14+NEUROG1","KLF14+NR3C1","KLF14+SIM1","KLF14+TET2","KLF14+TWIST1","KLF14+VSX1","KLF14+ZNF385A","KLF14+ZNF547","KLF14+ZNF660","KLF14+ZNF776","NEUROD1","NEUROD1+NEUROG1","NEUROD1+NR3C1","NEUROD1+SIM1","NEUROD1+TET2","NEUROD1+TWIST1","NEUROD1+VSX1","NEUROD1+ZNF385A","NEUROD1+ZNF547","NEUROD1+ZNF660","NEUROD1+ZNF776","NEUROG1","NEUROG1+NR3C1","NEUROG1+SIM1","NEUROG1+TET2","NEUROG1+TWIST1","NEUROG1+VSX1","NEUROG1+ZNF385A","NEUROG1+ZNF547","NEUROG1+ZNF660","NEUROG1+ZNF776","NR3C1","NR3C1+SIM1","NR3C1+TET2","NR3C1+TWIST1","NR3C1+VSX1","NR3C1+ZNF385A","NR3C1+ZNF547","NR3C1+ZNF660","NR3C1+ZNF776","SIM1","SIM1+TET2","SIM1+TWIST1","SIM1+VSX1","SIM1+ZNF385A","SIM1+ZNF547","SIM1+ZNF660","SIM1+ZNF776","TET2","TET2+TWIST1","TET2+VSX1","TET2+ZNF385A","TET2+ZNF547","TET2+ZNF660","TET2+ZNF776","TWIST1","TWIST1+VSX1","TWIST1+ZNF385A","TWIST1+ZNF547","TWIST1+ZNF660","TWIST1+ZNF776","VSX1","VSX1+ZNF385A","VSX1+ZNF547","VSX1+ZNF660","VSX1+ZNF776","ZNF385A","ZNF385A+ZNF547","ZNF385A+ZNF660","ZNF385A+ZNF776","ZNF547","ZNF547+ZNF660","ZNF547+ZNF776","ZNF660","ZNF660+ZNF776","ZNF776"
"AHR",0.0307185773452616,-0.00888605022796677,-0.0327165918847643,-0.0406007469330929,-0.0154684717412082,0.0869801119527307,0.0175258298739439,0.0160768148612116,-0.0302192970921758,-0.0028873005607692,0.0357703280666387,0.0712735425984957,0.0437949298137425,0.132297538079943,-0.0765846772798953,-0.0485567665670603,-0.0074407416025808,0.0332813518682692,-0.021711660938412,-0.0299569883318517,0.0357357456706264,0.0152476281161599,0.0254755651241419,-0.00639589267161509,0.067199202568728,0.0269077687618258,0.0101450729426985,-0.0375405855304671,-0.00728762565850328,-0.0263141687475033,0.0589245824453652,-0.0433024365875395,0.0889173643618736,0.0158523996683275,-0.0954510892361955,0.0165918178000807,0.049021427806381,0.026176060894881,-0.0193374712941029,0.046262916713605,0.0107051740664141,0.0107363998851684,-0.0464434782232798,-0.0284829520841038,0.00154617483457359,0.0165373635671004,-0.0206142073765076,0.0168297153002372,-0.0178022790632766,0.0385787332112019,-0.00237781287078466,-0.0282666699362144,0.0338682498847345,0.0535583625042355,-0.0363759190845743,0.0374814950296984,0.0091941558427068,-0.0369729772136774,-0.0664782448034975,0.0456624903218408,-0.0314548130840889,-0.00805529407183285,0.0266907219394659,0.043765400085624,-0.0575455457772269,-0.00102174433189709,-0.020571342022251,0.0530892451669691,0.070168122717882,-0.0287418892188625,-0.0442644450499504,-0.0425639205271618,-0.0172031466167413,-0.014137548876706,-0.0129367556064137,0.0601335741227781,-0.0526068835548843,0.0510842774201882,-0.0193514776304747,-0.0136990003628588,0.0711962775404512,-0.0169456859129961,-0.0169842685657969,0.0198653023782653,-0.0436141929716698,-0.0104180900722729,-0.00550775905035339,-0.0522640461610853,-0.0274732681753038,0.00089291888507365,-0.0165483203515353
"AIRE",-0.043760536146507,-0.0277567397323364,0.0125982140010483,0.0183566051440023,-0.0228419878990978,0.0412843644230439,0.0267706637304531,0.0109556092519894,-0.0378250053827477,-0.00873380121364596,0.0293339995868477,-0.0226333354612917,0.0424454124314392,0.0130068352666596,0.0541476477338762,-0.010261602998081,-0.012758754558337,0.00268775826587082,-0.00278828645987315,-0.00890756466758057,0.00095710237927748,7.83710531269775e-05,0.0380429997244552,0.0240891396067418,-0.0307841050014289,-0.0121080312880638,-0.0139847774574443,0.045056730879361,-0.00672786548047897,-0.0206949873543452,0.0650335664327133,0.0490418801446848,0.0190132930918285,0.0238543568796846,-0.033645742419949,-0.0232596202211173,-0.0322402921497802,0.047484095351119,-0.00953581765275759,0.0375689192803306,-0.00816439419493319,-0.00238637988143471,-0.0169887218848839,-0.0324416014460382,-0.0350688924752988,-0.0183728388871494,0.049207275519653,-0.010152385115001,0.0422917646555047,0.0133344928879242,0.00934774551147921,-0.0159668005805713,-0.0168990939162757,0.0218559148222706,-0.000386340620079899,-0.0162842807246627,-0.0429679809653774,0.00410817195797128,-0.0299065126190297,-0.0156507622248957,-0.0296224430833246,0.0263145148048947,0.0251132562095962,0.0199316596538182,0.0310443982908715,-0.0344306810091795,0.00126608473610184,-0.00313862282234644,-0.00209898229092581,-0.0314839250622745,0.0164615405962586,-0.0330425841002763,0.0154257105833737,-0.0220225256377069,0.0147154757629995,0.00635045999392711,0.038017730480263,-0.0450007472067409,-0.0444628354166523,0.0034058295990542,0.0129516347712914,-0.000774413025331948,-0.0290195291249891,-0.00535987665947611,0.00980375010437372,0.0984847408134026,-0.0099611429517208,0.0357430648574017,0.0197469834260872,0.00726294979780558,0.0165667846934261
"ALX1",0.00154225818841898,0.0136834264177668,0.0193407510283663,-0.0580039523704406,0.012369092994905,-0.00831954626791084,-0.0139456323698479,0.0280821523732247,-0.0288609449722343,-0.036247250401835,-0.00689537393698776,-0.0168891271944795,-0.0195827445124009,0.02763464623992,-0.0410392314440001,-0.0040587335489211,-0.00865914913654361,0.030096016750206,0.00305767158956621,0.0219363682374069,0.0549162184923792,0.0132445658487376,0.000364530298570634,-0.0205248910877304,-0.0103755805719092,-0.0229995695959179,0.0136500787239478,0.0313763485387502,0.0317871460757334,-0.000585654024242933,-0.00727804535287835,0.0157660212280836,0.0142096850251169,-0.0116734705818129,-0.013594692246129,-0.0234765260045582,-0.0216763065561267,0.00631298826922109,0.0017052345697306,0.0137574692746753,0.0407099273092282,-0.0207928362029291,0.00315204366417657,0.0388148857317893,0.00224232655904188,0.00868435605311746,0.054090063750658,0.0431529306486759,-0.0464410025157669,0.00930387916642581,-0.00229344657006597,0.0538307052687685,0.000468895086342214,0.0328316213227695,-0.0186610160576065,-0.00394915397833646,-0.00767870979322792,0.0381851101550546,0.0240984649254377,-0.00580698787384682,-0.027698538823308,0.0264344859919475,-0.00383319376445725,0.00818100208795167,-0.00533619103082557,-0.0110508642263388,-0.00981302088960536,-0.00624449772599495,0.0830650839124216,-0.00412048533113598,0.0117228531674811,0.0101037900668905,0.0221414779746682,0.0334636554178375,0.0168214578591715,-0.0124023320772783,-0.0167595500499416,-0.0176642197330197,0.00170553558611556,-0.0147296827855818,0.00660097724591263,0.0225094659354273,0.00210137090975482,0.00778260168105454,0.024917237254123,0.014439305439443,-0.0316780000185835,-0.0317304841958088,0.0066002611350422,0.0264889440992576,-0.0095364587325511
"AR",0.00756058019557118,-0.0142941768789938,-0.0120755804548931,0.0221525290965595,-0.00754540625073637,-0.0073641508080978,0.00855497343523524,-0.0278350307470665,-0.00914815324311145,-0.00878346728428579,0.00436487980304637,0.00158540251032664,-0.0114636273933747,0.00615052612750103,-0.0179704418423878,-0.0128148541041106,-0.00480722086484061,0.0131693821883496,0.00123642926097261,-0.0240891246757366,-0.0262772042816022,0.000582909845770934,-0.019466653195509,-0.0501675341143418,-0.00729508878799391,0.0303001301405729,-0.0161190727425606,-0.00200207057165855,-0.0107880168678417,0.00437206474895257,-0.0132757599883791,-0.00776966235328363,-0.0190958211436386,0.0123659871587646,-0.0026293343308625,-0.00977444052036904,-0.0251490014354532,0.0164149435014279,0.0274273928714435,-0.0457065733984438,0.00112895950274685,0.00646317727315562,-0.000913699597421771,-0.0228628282951514,-0.0180539328630631,-0.00947525002763359,-0.00803880786418532,-0.0157856515005747,-0.0110803498382111,-0.0100810237955246,0.0150350921421995,-0.013776694281041,-0.0416258163219655,-0.00744916151536307,-0.00103816436556528,-0.041393030543997,-0.0139407154380566,-0.00971865566600435,0.0129680764710576,0.00772811890784956,0.00565496276398619,0.00531004693350084,-0.0192066589917547,0.00754809494679018,0.00930255880202217,-0.00536418191014677,-0.0282480723454941,0.00869040024768757,-0.0203815353206336,-0.0505296463153202,-0.00861501925641337,-0.00684505128619373,-0.0131067567197557,-0.0169318650920082,-0.0236937981762303,-2.6177410556335e-05,-0.0234145726086295,0.0171511405660277,-0.0261598292184624,-0.016787169153986,0.00640316929612471,-0.00869637491923347,-0.00423328208342294,-0.0129032864336662,-0.012378584838241,0.00826409721325048,-0.0148408264544577,-0.0168453099721987,0.0313240753668119,0.0102823794606337,0.0130835528177436
"TFAP2B",0.010610146720092,-0.0068636594046962,-0.0213434511634761,0.0137591916337995,0.0371905036388686,-0.0250983738595007,0.0126730163504325,0.0216267136928249,-0.00756651497378147,0.00333568671647823,0.0101865001260783,-0.0172861675343989,0.00941057665950007,-0.00629857441146378,-0.00424396721250996,0.00859607683799769,0.0075152164588005,-0.0281683617537663,-0.000584630253638142,0.0207982706949631,-0.00548426254865724,0.00851197706517119,-0.0269496977821123,0.00564344332859299,0.00949567845936971,-0.0139186907849351,-0.00498049842405738,0.000271103044654174,0.0153123589169717,0.000674264441480533,-0.0113341518786645,0.00643345287922936,0.00202944800642472,0.0102419517324253,0.015113411045278,-0.000730376799640759,0.00120546832834735,-0.00209366752871369,0.00803000509146446,0.00608256434237361,-0.00498176024039963,-0.0330831477809792,0.0031537888912724,0.0277993573484169,0.0125758524317813,-0.013098440238597,-0.0154960097227197,0.0191575211186436,-0.0189126408708378,0.016853780794787,0.0130097938562558,-0.000721899284231146,0.0233977930131369,0.0180207279335379,0.0130586532208708,-0.0174171350322827,-0.00692932316451347,-0.00696116715524554,0.000154167741053316,0.00884508087196229,-0.00794603463739985,-0.00337765768712785,0.0204493421352374,0.0271277168508762,-0.0230457114013849,-0.00576130731678617,0.00753854759459701,-0.0205004529347474,0.014444763994902,-0.00151246424775834,-0.00395602073198146,-0.014750555137039,0.0338365821524047,-0.00504286850414978,0.0180768178036879,0.00252120882759169,-0.000852075392303762,-0.00965389179128749,-0.00464564889168641,0.00371274495663876,0.00418012063264968,0.00843069717336456,0.00803523739619267,-0.00287280844233754,-0.0134940005385516,0.0218834824029167,-0.0152152468590024,0.00263531234676595,0.0150512437421306,0.0118222294750206,0.0187338096109031
"ARI5B",-0.00169242176964923,0.0204415426364715,-0.0171801997653818,-0.0350916850400402,-0.0082271122414981,0.0178465753945291,0.0603755968631106,-0.0422987072171241,-0.0120251846966825,-0.0120614097472447,-0.0317426035482247,-0.0103396358775288,0.0107475013333189,0.0201887177274952,0.0227854336202557,-0.015218908748254,-0.069633467910453,0.0107787928609399,-0.00445608334009749,-0.0056589843135043,-0.0235883520830205,-0.0256358488890882,0.000558271241588842,-0.0299368352236596,0.000467146566362525,-0.0214234718563878,-0.0217860712816549,0.010805490050236,0.0316297702270876,0.00883866510208256,-0.0311419282730522,-0.00545426271554675,-0.0535738638213562,-0.0575757771263364,0.000615280927171824,0.0180646210813653,-0.0202299830848922,-0.0177380675344588,-0.0151523064932042,-0.00580677089510403,-0.00490115262656598,-0.00878192979897203,-0.00792032977276475,-0.0550051182419137,0.0338676834960687,0.0135131094430902,-0.0338995544521052,0.0255505699599945,-0.0023757770987626,0.0134287683801005,0.0275130723092796,0.0162290736631846,0.054800435126335,-0.00929550962122596,-0.0150040966132613,0.00285148109380658,0.00794938529076881,0.00739123662787484,0.028043205541578,0.0369248797207034,0.0269713382300322,0.00490147178568191,0.0131147564127154,-0.0248563119194791,-0.0165485680162322,-0.00181345252462326,-0.0523778170247183,-0.0253663131937452,-0.0191515581640807,-0.0104014710885851,0.0289839222250445,0.04374446418975,0.030224449725204,0.00929263709640577,-0.00680438346187123,-0.00594625052149145,0.00411067707073566,-0.0272747983128208,-0.0130259367504075,0.0519224400887428,-0.00220437237393191,-0.00378504623169149,-0.0125202131387485,-0.035105117582359,-0.0106998482464029,0.011279574505588,-0.0335820366810025,-0.00962929567402407,-0.0356966392670251,-0.0132763115683093,0.0428019276767686
"ASCL1",-0.00656094714312646,0.0320889324538003,-0.00421559055588454,-0.0167373580080796,-0.0102263880680229,0.0120067180885328,0.0230415838304665,0.00862373662112097,-0.0138603865201627,-0.0478873570165157,-0.0029334830659829,-0.0113723011536705,-0.00211656904158739,-0.0234023487105096,-0.0211181208221486,-0.03319624311961,-0.00587440107206804,-0.00654658080353049,0.0071731368360277,-0.0054187031808662,-0.00232047728311558,0.00543264450300777,0.0214916434002505,-0.0166377750788971,-0.00224128612608266,-0.0283605865841684,0.0107224007628901,-0.0236753244265257,-0.0376877800200451,-0.00476317735089908,-0.0270448827016539,0.0230377439221792,0.000398278841724185,-0.00411733139538994,-0.0251454784675511,-0.0359781426785985,-0.0149300352315126,0.0278966585144622,-0.00110600412381664,-0.000101324299151507,-0.00745833166839215,0.018303809252257,0.00463030682584706,0.00423267780645919,0.0395707518648368,0.00300419213961129,0.00852672441204993,-0.000172861736083186,0.00138070193438427,-0.00326950112040748,0.0122630010985956,0.0187583768191281,0.0176819221484205,0.00517631936262338,-0.0298628244683586,-0.015400607558342,0.00357975683066798,-0.0184133346133716,-0.0213477511532904,-0.0155959876091737,-0.00769577292402026,0.0103175311644934,-0.00108393651171195,0.00162360762123967,0.00169194620776079,0.0135407482148645,0.0146520860709513,-0.0117426503507062,0.00658812910055464,0.00702023378272867,0.0178272801743672,-0.0078125556625694,0.0167139418450705,-0.0119713093657578,0.0144482095607586,0.0178497378873546,0.0135756724577615,0.0298022896701202,-0.0100752863357275,-0.0303698681368739,0.00972148880552741,0.0112188952947298,-0.00126852270425411,0.0268647889837974,0.030462191270837,0.0237445906804258,0.00855195419405799,0.00892441526406056,-0.0201418420612319,0.012493061568332,-0.0267640159281866
"ATF2",-0.0330809078931468,0.0172371921084679,-0.00460704964906095,0.0092247001480839,0.027860220358355,-0.0317026822997306,0.000795189052247224,-0.000262616334954939,-0.0182013280050274,-0.0491718085196606,0.0495617183974372,0.0459033270926187,0.0150835515806428,-0.00115602658411802,-0.0319545507942116,-0.000598224881179687,-0.00302555871288372,-0.0130541411545657,-0.0219850939439558,0.0177169141945374,0.0195467606007563,-0.0150362820914925,-0.0111919410582671,-0.0172026460662708,-0.0374177050634715,0.027107235569185,0.04427701855735,0.0254144026624,0.0305805773949629,0.0397378493050173,0.0401321165554562,0.0440531194733159,0.000710589934681354,0.00751177478765256,-0.00389891034868077,-0.0142788474632841,-0.00698633953510429,0.0417668213375981,-0.00676310575071868,-0.00982962154753967,-0.012002477871525,-0.0235307143487615,0.0060036480361277,-0.05056789189608,0.0224293780039421,-0.0250905460629577,-0.0193233308179656,-0.0392510475245882,0.0164281692037609,0.0121456355078411,-0.0249927625415273,-0.0206522340330833,0.00638420434357764,-0.0168656527568682,0.000574512198412721,-0.00161929214500398,-0.0224980042439454,-0.000499285793768246,-0.00482757441855581,0.0201642165644046,-0.00600519729328162,0.00756890924571691,-0.027564463641287,-0.0388932086660774,0.000994546377762319,0.0187182729039655,-0.00900864907147781,-0.00909553146056151,-0.0059074371453595,0.0409592555205968,0.0257801764998652,0.00650281401293135,-0.039030887373721,-0.00694259458753034,-0.00704019210280305,0.0375801669701937,0.0214083532820424,0.0366635713008293,0.00993733411032493,0.0336413843316933,-0.00430464200161974,-0.017908166632006,-0.017998815636538,-0.0141961216443744,-0.0740631922840612,-0.0278738807897289,-0.0314974335318088,0.0229698038739565,0.0058099120224093,0.00286736253111135,0.00175018489544497
"ATF3",-0.0643593074224003,-0.0101150284780231,0.00563596875602932,-0.0183145441931535,-0.0136006901463882,0.00201548744431009,0.035602364723458,-0.00318158272995872,0.0313388977960841,-0.0186079208505567,-0.025352386688292,0.0564759464565818,-0.0052911932536658,-0.0125503514305452,0.0153834152367761,0.0111852295384052,0.0250362140176599,-0.0285408897451076,0.0185612642954749,-0.0308189058792582,-0.0166599561310823,-0.0567786781962826,-0.0375444130416188,-0.0293596622546968,0.0214780897668793,0.0107309597669877,-0.0342466053419263,-0.00384042846542981,0.0410100390069546,-0.0247584159168046,0.0376802765610148,-0.0370973553787112,-0.0190795567901955,0.0383651486794578,-0.0182953087653077,0.00345255830455526,0.0402716784466636,-0.0174879947398359,-0.0306302332300607,-0.0184415128859932,-0.035131275340509,-0.0404239579079082,0.0462999947184623,0.023878520610919,0.0494775291894396,0.00865358808211978,0.0441177368741254,0.0416562079412724,-0.0161241799236255,-0.0159615570123722,-0.0189777591910394,0.0174057012788283,0.0214079715504315,0.0314550763296577,0.00814820790239591,0.0136962848906081,-0.0238833083733265,-0.0182205667939523,0.0673331236889937,-0.00811918106214468,0.0213093417802669,0.0137758067990675,0.0203674474335206,0.0372884564854985,-0.0577531029308816,-0.00881412242802878,0.0300655181221949,0.0527513578260479,-0.0510665340642378,-0.0378630747318561,-0.0209423354156997,0.0442621988918537,-0.0340152183890281,-0.0247260276850282,0.0547196440620323,0.0223229832375165,0.0269346228423534,0.0688667633917932,0.0292533005046429,-0.030711619431054,0.0305317390142829,-0.0067402936403512,-0.0170141882201912,-0.00954794164444578,0.0221986076123188,-0.0057973909997372,-0.00366885257493135,-0.0181955117259489,-0.0273384660285986,-0.00486522039085018,-0.0105008706879712
"ATF6A",0.0339646515636775,0.0115538015867679,0.0120605536454302,0.0193472328331798,0.0164050996935847,-0.013364084865293,-0.0365731575787424,0.0279634697624658,-0.00389860081097773,0.0418715531963483,0.0130206828765393,-0.00468079199733077,-0.0115068002183804,0.0271738632331896,-0.0114354891960107,-0.0227781000652932,0.0260288892422515,-0.0181983617518288,0.0184101762742843,0.00699241062801731,0.032405753551487,0.00849105711665111,0.00384546980100866,-0.00389745044084863,-0.00530169322787915,0.0252397934709536,-0.00355737774811538,0.0105621090000825,0.00100240286955515,0.005849587243749,-0.0204759786008172,0.00239146159359815,0.00567799680616734,-0.0471004121242162,0.0284812722857788,-0.00581793864520367,-0.015034541799089,-0.0182481955175695,0.0388164442191919,-0.00411638252656328,-0.00142922907433641,-0.0103940958728913,0.0179704388658976,-0.000882781890576651,0.0150133889615046,-0.0614425253142303,-0.00491564730080099,-0.00471211569452688,-0.0328337717614131,-0.0239723952075757,-0.0117312564262112,-0.0162342909988776,0.0145086772235232,0.00814817979273367,0.00531280979602031,-0.0194434173754356,-0.00843217572089031,0.0224165921366506,-0.0163567619880607,0.0126290075529112,0.0273682198509441,-0.000638219053143805,-0.0106485197879898,0.0051597091473196,-0.0108336812415355,-0.00167736431223686,-0.0246431112978763,-0.0169080469141216,-0.0217383325515888,0.0099430383324652,0.0383309985461245,-0.006457490166153,-0.0387029575701885,0.0289756887603309,-0.00889853467255469,0.0258247062780426,-0.0188125556311091,0.0144832122289915,-0.00764514032203726,-0.0334993568447292,0.0534077559004286,0.028142226870979,-0.0253189411884122,0.042290054915026,-0.018259727745953,-0.0107762955721646,-0.0582049390632854,0.00648292074970691,0.028370753206809,-0.00358896418084472,-0.0105726928248784
"BACH1",0.0183032060661685,0.0189734761645959,-0.0190624878995258,0.0250152349122501,0.00112613211164926,0.00743409214169464,0.00350945161934394,0.0286666027754844,-0.00594146609630057,-0.00788567645260036,-0.0075773611105215,0.0237682756522194,0.000390062954078369,-0.0366831390875644,0.0203420026999396,0.0278093258241867,0.0030356038690712,0.0147985527990215,0.0152341694826785,0.0254814199261538,0.0124320451701667,0.00404930411437744,-0.0081217635961533,0.035631632780637,0.00947425365435744,0.000351467011597778,0.0033768694382009,0.00713161759956467,-0.00816025594535908,-0.00383704702568793,0.00151852377926888,0.0010798865001959,-0.0202371416636351,-0.0371636940359322,-0.0280118562913907,-0.0167553580425206,0.00947342338533497,-0.00914984555244209,0.0158611804831005,0.0324761924855538,0.0223891648233449,-0.0109580152409992,0.00581300356942578,0.0143716070003166,0.0294486647693521,0.0242595474845996,0.0185746711045604,0.0136881033251116,-0.0129304823545924,-0.0101558020781281,-0.0160948235954943,-0.0203062115290378,-0.0271745302410836,0.0144371264588359,-8.19364472096374e-05,-0.0385857781204625,-0.00716349514937338,-0.0221283475374235,-0.0189864032498143,-0.0372740428163785,-0.00333633727979425,-0.0254852654517005,0.00348386411484124,-0.0321519711828259,-0.0145082540843847,-0.023998149716971,0.0272165689002399,-0.004678164062512,-0.0255737555342682,0.00871648005210627,-0.0148664120462815,-0.000645827109845996,0.0301513324834144,-0.0330513787929812,0.00796449812082192,-0.0102498804843642,-0.00609110885069012,-0.00277646423845291,0.00530686041379331,0.00549923698587641,-0.0136127419463192,0.0147086009410672,0.02050282496966,-0.0166669014617911,0.0194115210453922,-0.0200326674810539,0.0147904672535092,0.0234350322232222,0.0351121372118636,-0.0142555693546001,-0.0299278216987214
"BATF3",-0.00173337559901434,0.0314451925443916,-0.00131441342995217,0.0125209494329761,-0.0219588236024,-0.0208651083992007,-0.00916206138177402,-0.00671265607423106,-0.0534573834050457,0.0204493476475537,-0.0117858408144844,-0.016949985967511,-0.0227413806123043,-0.0162032890038489,-0.0227895205864363,-0.00749806134636594,-0.024322431788595,0.0114252434475828,-0.0239044208636289,-0.0120016882008716,-0.00156836219039392,-0.00642901455227263,0.0122880867033541,0.0540240501223167,-0.000195676710853151,-0.040682395421307,0.00467886775776287,-0.0267221828559525,-0.000780297766045235,0.0264843793598039,0.0178461886387046,-0.0498735466540077,-0.0127691965647244,-0.0184732963560742,-0.0176891536025896,-0.00104382373792526,-0.0420953764253365,-0.00582065272749653,-0.0242961683705405,-0.0231994344341036,-0.0134353834019958,0.00245613763364716,-0.0424729523598529,-0.0252757909612391,0.000363947219929741,-0.01504394577878,-0.0343548756235072,0.0032640032054317,0.00714937400152029,-0.0153469455778171,0.040037573606834,-0.0129943255670652,-0.0147384571848003,-0.0153857218314483,-0.052971690608512,0.0151861663059052,-0.0119450387087764,-0.00244423183619717,-0.0261050037366006,-0.0389458797252212,-0.0435974932234864,0.032387385268447,-0.00229388434713253,-0.0080675528745739,0.0111063792640379,-0.0261156167472572,-0.0282544909822463,-0.0134918093485641,-0.00896265911277741,-0.0492464129030662,0.00836126553966568,-0.0309984234117616,-0.00506117396886001,0.00110368254287337,-0.0059166987070995,-0.0118939002877444,-0.0181895716336059,-0.0438383030069478,-0.0202231999750627,0.00216403124098544,0.01524635419731,0.00442524109432213,-0.0084694868203466,-0.000809828248047544,-0.0174544132768151,-0.0381545327562212,-0.0126076036415659,-0.0060680546723516,-0.0130838985672492,-0.000935496579082812,0.000814339137296321
"BATF",0.0182166836000352,0.0285409829899627,0.0486314405575627,0.00828908978995087,0.0152637856736423,0.0132288769226831,0.0304503738499062,0.0189874753045974,0.0187939237734771,0.0267481809535687,0.0275733273651862,0.020891242370021,0.0110806539148413,0.0198819837194187,0.00117926903204144,-0.0276297979231279,0.0348559619181372,-0.0146318637311079,0.0294136105105192,0.0131884749776,0.0147781255469724,0.0127570103193583,0.0169836889219515,-0.0170770951169848,-0.0239936588896019,0.0330419313921961,-0.00560833763441746,0.0223831033017664,0.0272884610524191,-0.0118212811529023,0.00522484412284243,0.0283936348388835,-0.00958685636276913,0.035454673520376,0.036798621071709,0.00273146887503292,0.0131702693512965,0.0430391726310935,0.0222491082912557,0.0105502553399526,0.0454569996328584,0.00676593120619732,0.0166609704063949,0.00718472073605033,0.0076774659599228,-0.00942995944483543,0.0299391569025539,0.0618520166911166,0.0205060118641196,0.00497018744542233,-0.0247019553581574,0.0254689664897237,0.00360088627234751,-0.0211194975356554,0.0359658323123657,-0.00294845312539256,0.0281343386575654,0.0245276900476145,-0.000313559944086746,0.0163493344865926,0.0161414468429684,0.0105543354843199,-0.0136925235153747,-0.00315267601408711,0.00127914323897624,0.000240586024695136,0.0444985239149831,-0.0129867330424917,0.0519487800299186,0.0235714464578363,0.0350146250689533,0.0347439972081665,-0.0297009466235094,0.0390706727446649,0.0122086010451102,-0.0122786495171989,0.037220157932617,0.0075195129258598,0.0104099081306304,0.037313008954736,0.0199224123212603,-0.00987011751122606,0.0113903944916491,0.00680428612358821,0.043189596458149,-0.0161713689288246,0.0248761105056933,-0.00693591554829814,0.0448604309765613,0.0402989929096703,0.0049056741433939
"BC11A",0.0207314529902008,0.022924385851893,-0.00436085152474182,0.0165095995566356,-0.00120190539018178,-0.00334244768861431,3.66943046589671e-05,0.000522564155108396,0.00523641862822739,0.00865926636423044,0.0194476377630774,0.00586409238561704,0.0141820639742613,-0.0255403611560033,0.026051704283983,-0.0222679110105541,0.0138845224627949,-0.0392302993584772,0.0222687104674289,0.00662749151656354,0.00145502204287837,0.00348021766870841,0.0175204851195496,0.0181122729302834,0.00730941912079794,0.0091679319516724,0.0173924524808968,-0.00281218330043406,-0.021832194014508,-0.0032442766668114,-0.0022696251770467,0.0116925900308358,0.0368203369870288,0.0252274753008555,-0.00521939540582843,0.00220499995531056,-0.00481086344420351,0.0116160755942884,-0.0298821872859935,-0.022150742123846,0.0136896447706641,0.00715406608670239,0.00196900785458397,0.00123153689005604,-0.016414596826124,-0.0342200366473769,0.00334636167255443,-0.0091758465332914,0.0310067107395832,0.00126029378796267,-0.00387858630558686,-0.0115568969201587,0.0020253745157997,-0.00833798706127953,-0.0196916823461251,0.00122483056822291,-0.0197165178665913,-0.013506756405258,0.0111898625197491,0.0182330552644478,-0.000767621592452945,-0.00656382442698804,-0.0185002436847863,-0.00801381075449614,0.020559535922017,-0.0226344003599227,-0.00106295075606624,0.0300635141889064,0.00197808136200465,0.0198855942944033,0.00867588087660213,-0.00159909393074284,0.034288494320954,-0.000152143225355283,-0.0122323322333615,0.0082923907885848,-0.00242608472108804,0.0226050130518749,0.0197768793534732,0.0136339256883672,0.00911578839814939,-0.000813595006895451,0.0329695021688025,0.0080195412299216,-0.0072891237611838,0.0113292638536379,0.0181386340711014,0.0056091523700392,0.0255552848641612,-0.0203180765310007,0.0112232479422804
"BCL6",0.00431079599574331,0.0135688050888105,0.035101579355378,0.0151648259817108,0.0117771973312511,0.00907032421636369,0.00243911708541447,-0.0127054097742049,-0.0118090167439114,-0.0238136982507115,0.00232358946568077,-0.0184264821876609,-0.01788835969828,-0.0313755990661456,-0.0124591894977121,0.012708068669026,-0.00261357297881415,-0.015714551879561,0.00806707255705077,-0.0158721287072756,-0.0232323684806469,-0.0207860371131321,0.000391979742831703,-0.00885206476196149,0.00662488755080699,-0.0260570446332847,0.0111887005038188,0.0466158258114299,0.0169123717134998,-0.00493837591157776,0.00521123464890277,-0.00810514788749092,0.0143249248906163,-0.0140282595345338,-0.025431003693243,0.0112240019109933,0.0298081678348331,0.0119075174548226,-0.0146157442472201,-0.00180426527282519,0.0205153165841736,-0.0273597744169345,0.00494549553166814,0.00175358656375729,0.00136672536976871,-0.00312105639259847,0.0123273986335355,0.00302003861922167,-0.0310513300328993,0.00322686152916107,-0.0147764855895178,0.0093618220365405,-0.0240188734062929,-0.00933759693781913,-0.0314043634464,0.0077052364454757,-0.0109053227364614,-0.0103555836826677,0.015256516967909,-0.0366675148264375,0.000277309817237089,0.0248532707148323,0.0176567385364197,-0.0222465674090956,-0.00993691403443716,0.0177451157091236,-0.0172348331978679,0.00918650083233596,0.0130062428781892,-0.00549540194097966,0.0156175511954738,0.0270464951838172,-0.015105533257423,0.0306440337499317,0.000515185872216882,-0.0333907027987483,0.000722282018453943,-0.0194268196629596,-0.00607470503178453,-0.0227379325043415,-0.0012726080427234,-0.00263756046754065,0.0373982566938921,0.00439875037091086,-0.00949607257603515,-0.000926284226392376,-0.0378051737064765,-0.0130017864744757,-0.00262835337026466,0.0231216504345335,0.0170352471112136
"BHA15",-0.010826679777743,-0.0381040360979605,-0.0145557259092729,-0.0117699446650485,0.000357410364855032,0.0092707244939181,0.0100045030088104,-0.0316464137093736,-0.0197967122364766,-0.00471414337316008,-0.0401039406337836,-0.0102620900768869,-0.00534571941309717,-0.00925426506103133,-0.0188798911113278,0.0123426841414725,0.0242570535330486,0.000254017376306433,0.000233102037747446,0.0373917673327342,-0.00572502635918021,-0.00739343360318387,0.00298938999004685,0.0242332203503508,0.0181801985632958,-0.00755524186901123,-0.0275727634904579,0.0403406015467714,-0.0192304357615893,-0.0350449654968688,-0.0104977110896344,-0.0274504234378325,-0.0203269401884739,-0.0154562982301086,0.0233683207791671,-0.00616062679802353,-0.0118009854931493,-0.00365546479712784,0.000777806726705818,0.00409028922499162,-0.00593931538483065,-0.0371216373964833,0.00734594565847776,0.00697435405731054,-0.0224971417476229,0.00473467893851501,-0.00573484393605627,-0.00944046293337672,0.0113647157743811,-0.0209852609050216,-0.00113921954385299,-0.00215407634810877,-0.0226230947527917,-0.00149233970392665,-0.00509256029745641,-0.0346037869085212,-0.0155635265936452,-0.0251549773314242,0.00435935530194431,-0.000283717340249788,-0.0376656546928097,-0.00716363287603526,0.0109789343665973,0.0054296347948619,0.0104858276179208,0.0257908776817089,0.00748486380333126,0.000930977308050096,-0.00316792169406586,0.00583075280911087,0.0208485687953275,0.00953829649579301,0.000111474266297317,0.00742510522086373,-0.003924515324787,0.00562051100181255,0.000944493494528535,0.00320781993810068,0.00447459829812083,0.00458019708764424,-0.0270390880900632,-0.0360382590672776,0.0282808760337113,0.0090780276167074,0.0194418789908895,-0.010497448644572,-0.0250832128979216,-0.0228258519166076,-0.0106815432534625,0.021791439786278,-0.0108274821410106
"BHE40",-0.0501985048137431,0.014050996089207,-0.0351138008350989,-0.0350420051956003,-0.00286914924115427,-4.24668671775714e-05,-9.25598370387615e-05,-0.025232845530465,0.012547983226323,0.0578856183609359,-0.0181273585057313,-0.00569062579445732,-0.0273633464023237,0.0575103187250399,0.00828736396863157,0.0117008382106309,-0.0134555692113244,0.0323124534501807,0.0449598994456551,0.00752628385748899,-0.0405198177036654,0.00191173574494901,0.0148511760035368,-0.0783362481599675,0.000394399862459689,-0.0141087686776185,0.0498105414225517,-0.0371159044106978,0.0184887873258956,-0.013955098297657,0.0187075381969441,0.00697847721349194,0.0185257268866448,0.0318106812830331,0.0120209893523609,0.0241203035639264,-0.0333410714444888,0.020387242051773,-0.0417677075212178,-0.0315380060915514,-0.00473918943671797,0.00793147232223417,-0.0255621846958133,-0.03227123341718,-0.00903001101037617,0.0233183305482992,-0.0182574737008482,-0.0350020556487513,0.0541573964017829,0.0288124786717347,-0.00655521961455547,0.00707972573619628,-0.00242534027793864,-0.0241521039690556,-0.0278618522264542,0.0116462164367108,-0.0344648835913431,-0.00945399112457824,0.0109292940561788,0.00566062247199914,-0.0196216765409405,-0.000508810225616173,-0.0319227344188635,0.0240848985281395,0.0254914405848485,-0.0624558700630136,-0.0237230305737289,-0.0174131590531227,0.0353096117673693,0.0853875569156968,0.00914467780268288,0.00734715507092476,0.00367241277614018,-0.00882386720790787,0.0142257149747829,-0.0124175228942937,-0.0853808811177934,0.0010266813738362,-0.0859441460103733,0.0486707160937969,-0.0454414117412136,0.0544337343452749,0.00946962189587545,0.0383396174282528,-0.0126042053269969,0.00829635681645921,0.0471055775479421,-0.0330423965256807,-0.0149775205369921,0.0475235037856428,0.0485934751197182
"BMAL1",-0.0749360212472883,-0.0237034384295809,0.0160314149149318,-0.0126044758990622,0.00947418362702027,-0.0509504246083934,0.0254669313475648,-0.0137828426357443,-0.00753770120008252,-0.0525824499415497,-0.0385628317593121,-0.0178462688527123,-0.00789598308468079,0.0235202010073938,0.0139430330274613,-0.00815994330437808,-0.00652846444514966,-0.0329226408311496,0.0179535982336391,-0.000131549683055015,0.00561816014239129,-0.0183711441616154,0.017893835806896,-0.0392755751483282,-0.0098927002404555,-0.00055894473493104,-0.0148482380700977,-0.0175838123112338,0.0317229228918082,0.00657810417164776,-0.0118388031958908,-0.00166416715432636,-0.00213125254386941,-0.00476451365011514,-0.0530391799449246,0.0249929729964507,-0.0455829315526554,-0.0246256513031235,-0.00964882105248646,-0.0307032045131748,0.0306894775625235,-0.0566680578842547,-0.0219572253711437,0.00593028443099505,-0.0261739238545769,-0.0220431730141987,-0.037104377610714,0.0210982651247308,0.0157789355487629,0.0199001879499925,0.0162860623795066,-0.015409516446518,0.0012850754063407,0.0320541835616261,-0.019050547102535,0.0995138675511589,-0.0391324613719926,0.0230027812778099,-0.024707892416061,-0.0144256773095433,0.027540902398017,-0.0125340171745466,-0.03491565199487,0.0548741040034938,-0.0251419703818142,0.014261983518178,0.022850147708738,0.00514054289245788,0.0440410825943048,-0.0775216693144877,-0.0514010892647689,-0.0656521588460949,0.0160446401131764,-0.0414519584646293,-0.011270405702942,-0.0159032817604209,-0.0277626710810594,-0.00153884631430412,-0.0116392237589046,-0.0536754936388023,-0.00766462781506239,0.0254486987610724,-0.0146869556614089,0.0135099858600257,-0.00955422715990943,-0.00829194853912146,0.025399211094644,-0.0388677648631089,-0.0285484221251565,-0.0420271483387061,0.00133635777905808
"BRAC",0.015104332110605,0.00884387163820324,-0.00601160708577427,0.00720014489749687,0.0351728854825416,0.00043535107075464,-0.0128820178242196,-0.00556389751169373,0.0128328201381687,-0.0347905915061697,-0.0219224280095943,0.0572439321769029,-0.0052445336557136,-0.00459911925813384,0.0159017248659629,-0.0371766741978329,0.0122812146982648,-0.0186006132035093,0.028445782184377,0.00975376182204128,0.0158409432983981,0.0052721089515269,-0.0185192453302472,0.0253109512464853,-0.0282183753635361,0.0071387339621922,0.0151088289063437,-0.0176214659493368,-0.00496033420414021,-0.0249206710898583,-0.0195087563976085,-0.0150105602844483,0.00535319385885227,0.0153178892034105,-0.0070958639247105,0.0154125333691237,0.0290781320163897,-0.0305697211401531,-0.00325637537861366,0.0151262108597633,-0.00395832167036531,-0.00349122972362444,-0.022871583342557,0.0383729857228705,0.0156611349639035,-0.0224186591362728,-0.0400929634712937,-0.011554127237025,0.0273699647531844,0.00825984219310635,0.0363003058139216,0.00269607845597813,-0.00229662057439412,-0.00496689289030887,0.0304323324733913,0.0137663980055645,0.000720202614079284,-0.00720717579821325,0.0108718069750523,-0.0175377367323236,0.0407281965040697,-0.0113689675473325,0.0231843067673095,0.0126994177940328,-0.0077842620043418,-0.00177190728904642,-0.0220131334322144,-0.0128114291079451,0.0319673941658126,0.0473783233117001,-0.000861792355171005,0.0105371996273113,0.0227180918546313,0.0120206150247652,0.0191602588030413,-0.0111362726147343,0.00154365277240033,-0.0299246678151163,0.0239754205536259,-0.000639076107248763,-0.0350994713492996,-0.0139831249720506,0.0206056346920278,-0.00027857749716719,0.0164023649091464,-0.0302164301010324,0.00142664632683137,-0.0296712221985811,-0.00701221559206483,0.0123059096598615,-0.00251116051407589
"CDX1",-0.0016087814041856,-0.00761706644966785,-0.00826129217983814,0.0110674111612082,-0.0144780242020328,0.018396196478826,0.0298451330670973,-0.00563320536238026,0.0231825959811177,-4.01425076205267e-05,0.0311148388310088,-0.0183188967384114,0.0472290079489661,0.0133086214248873,-0.0116291643161672,0.00114602707384395,-0.00296028203629898,0.0313048784893932,0.0085770238400107,0.0187199029916838,0.0156644686167943,-0.00329805697915865,0.0307993115825615,0.00525028675236064,0.022574721659935,0.00496475344439688,0.00650937284461372,-0.00095104618626705,0.0195604561948237,-0.0345152178975519,0.0138557345309289,-0.0432907249789165,0.01002849737669,-0.0252014486184247,0.000657139163453134,0.0187204209265557,0.0194990706573753,-0.0190526889084619,0.0385944676275764,0.0309072089216509,-0.0196940985800129,-0.00527351068931518,-0.0141828818436486,0.0224587323873834,0.0479296920917395,-0.0133346132850352,0.00125780574769404,-0.0200447511950343,0.000110727935295935,0.0242831778200557,0.0243796478145208,-0.00143597332736497,-0.0209043666143049,0.000880468127468367,0.0179845740275974,0.0169562461786981,-0.0153617789920791,0.0328855453870714,-0.0130045108636816,0.00482406216752716,-0.0138134536791009,0.00617441679846059,0.00375192412594829,0.00754746421390333,0.0113957991079792,0.000724207598436332,0.0286073801605295,-0.00330598699674604,-0.0463066345273205,-0.0147538952277069,0.0244590327356034,0.0128288851969847,-0.0359417682464644,0.0238359794076718,0.0498925110922812,0.0332146732383512,-0.00637580816131861,-0.0049549769416215,0.00989010527001437,0.000487546374930119,0.0112829948625409,-0.0134519161795339,0.0154555206774491,0.00678759798203485,0.0183532723169529,-0.0138764059284603,0.0267140634553972,-0.00339897747675444,0.0095104651963721,0.0135124875546588,0.0173063038161471
"CDX2",-0.00862290036023247,0.0275291987087756,-0.0120227656885081,-0.00933325416265537,-0.0174162029408853,0.00693835362748387,0.0276510812209976,-0.0294306723298975,-0.027543410120837,-0.0158418027722047,0.0542081264975044,0.00904136006680222,-0.0243221875817629,-0.0316935675311439,-0.0269179729522826,0.00582136204728163,-0.00958957318687345,-0.0649000096058349,0.00776974909899386,0.00832356218656463,0.00778614672087132,0.0161643648361231,0.00507211463255338,-0.0381764999773539,-0.000362398351267115,-0.0163769251712324,-0.00191750644300198,0.0263093670842714,-0.00805658203035852,-0.0185940596225224,-0.00895026710345905,-0.0272332728796457,-0.0347051410824019,-0.00570285046233564,0.00877299614993127,0.00387971465978745,-0.0201100123250177,0.0132116120211892,0.00233981734357647,0.0158130936234224,-0.0364678352424469,0.0133149339494718,-0.0058847984248445,0.00343853135463029,0.001920783196728,-0.0175657720067191,-0.0010705656914211,-0.0397882101308643,0.00177096556264493,0.00708659463140588,0.00678569785672553,0.031986855456585,0.0197303404659264,-0.00156543202811464,-0.0017411462680244,0.0104145289808085,-0.00320373286139855,-0.0241972978078524,-0.0442150867358044,-0.00654065951409449,-0.00335735693673852,0.0118427031233719,-0.00271259140091281,-0.0165393298354731,0.0199993746631664,-0.0115642991850465,0.0333714543612038,0.0169163037469787,0.0212323957767468,0.00182262274151698,-0.0290915921556484,-0.00118471701805729,0.00934490491706215,0.0410611409365462,-0.0217370635806567,-0.00311158630224413,-0.0172052409463792,0.0319196588311249,-2.08148312869595e-05,-0.0374932963906731,0.0147622000905468,0.0378659090069521,-0.025337346573781,-0.0129774666777327,0.0396391085058579,0.0125889382987966,-0.0111592870820714,-0.0105405329401615,-0.0263205052071836,-0.00359828061978662,-0.00770813834881131
"CEBPD",-0.0145606213853555,-0.00361104203048406,0.0268488532108808,-0.0227001284881499,-0.0527060006620884,0.0265130377511586,0.0254165371907396,-0.0328823020490125,-0.00814666837352596,0.0434034261288807,-0.0999698876997575,-0.0291176701612723,-0.0203854230670692,-0.0112727204640534,-0.0244370016578803,0.0412855382411397,-0.0199055272098022,0.00798568545198154,-0.0610110247154587,0.00122482579153624,-0.0413393808847823,0.00330860763480678,0.00709233137383814,0.0336533681349477,-0.01003210196943,0.018513513618522,-0.0584274009487719,-0.0537978615442343,-0.00687192263129089,0.0186586064912117,-0.0187945558643838,0.0232655355125123,-0.00797878664331353,-0.0406453852405694,-0.0364703569758319,-0.00439689774319805,-0.0442093113680047,-0.0537147415960675,0.010183262793296,0.0591652952401269,-0.0187360771008308,0.0252935928511031,0.0228372887751453,0.0296931690558039,0.00405359051420229,0.0360772367202896,-0.0208154594036693,0.00676482084928269,-0.0432923722032852,0.0401999773272997,-0.067685038359263,0.00828085833036409,-0.0333043079514146,-0.00313398418763312,0.00597229154922108,-0.102480882741737,-0.00988962861100067,0.0147513333053237,0.0107208329916732,0.00742783318874409,-0.0558506413856785,0.0427163457554863,-0.0143565990421903,-0.0439393335567571,0.0621943996086231,0.0127695264478217,0.0136004706986128,0.0424525549518841,0.0290798808308317,-0.00256423706851609,-0.0349152741070406,0.00714001796901362,-0.00620929129499263,-0.040769841401719,-0.0599003559979941,-0.0105269914861015,-0.057728206672938,-0.0097590345985964,0.0681494585383559,-0.0128905472225514,-0.0106429469757855,-0.00529567146007597,0.0569926382901187,0.0220019604922649,-0.0260881564994043,-0.0114483014932525,-0.018099986764787,-0.0535913330856794,0.0032544398790668,-0.00808284571963339,-0.0348647390854019
"CEBPE",0.0223304695480139,0.0373657818797059,0.0544431113213502,0.0490387890976013,-0.00835283893170004,-0.0436838317068821,-0.000767318784149172,0.05697239491021,0.000144407568671351,0.0233231841716558,0.0119942490856045,0.0212352945689838,0.00897736040131029,-0.0403071049521655,0.0219771037015875,0.0551056584310762,0.00367900716846058,0.00853804096180877,-0.0228553962771821,-0.0111407769792692,0.0143166845972516,0.0103351566527516,-0.0147452906412319,-0.0455060996877103,0.0444882936242751,0.0211675927205829,0.0216373481541563,0.00197273030422117,-0.016929615755904,-0.0507351912291227,-0.0230209667941521,-0.0247976556281992,0.0267226262831766,0.00180144180766819,-0.05043962081793,0.0319521975166664,-0.0825868619211268,0.0440517095407247,0.00240313949768436,0.0164856637878653,0.000656168340515918,-0.0476888099186766,-0.00676869605934087,0.0258565726380474,-0.0426959145296833,-0.078911864649284,-0.0162264533832856,-0.0308149726156661,0.00573345658972964,0.0358895964705548,-0.0461255896457155,0.0419863714536833,0.0121904372671807,0.00293332203721755,-0.0432272820684907,-0.0352617654828418,-0.0360367488696372,0.0358987368081995,-0.0191661781438152,-0.0306332796012457,0.0020669033869992,-0.0251683588643039,-0.0167119321724625,0.00613040461418391,0.0190504862509223,-0.0594364154609682,-0.0311535208724333,-0.0514608254705236,0.00058299268748605,-0.0526680204979669,-0.0323092801802545,0.0188372957915592,-0.0112240577796863,0.0411366816350454,-0.0454567440809241,-0.0237493921347208,-0.00955494757185973,0.0366866051358781,-0.0429252050304292,-0.0522017249319945,0.0193534737496474,-0.0347465447210924,-0.0290689693481933,0.0210385302217678,-0.00604647748260024,0.0690701322027314,0.0646280055219473,-0.0244973088748727,-0.0296862889519073,-0.00356960085655037,-0.0066864247639272
"CLOCK",0.00769602974631671,0.0224325015445584,-0.0285309619542968,-0.0341413655040336,0.0112243050959564,-0.0388791827251327,-0.0373207273879819,0.0265598050553306,-0.0238076022185181,-0.0272066352970281,-0.00662078793833699,-0.00885683884293402,0.0168793723145195,-0.0294909516062149,-0.0512607837138623,0.0170695560687985,0.023514341842024,0.022455396570358,-0.000836524875458588,-0.028423065299196,-0.00477609128658953,0.0267469673683818,0.00696391916838291,-0.0211433184882244,0.0324513574484275,0.00919955635689828,0.039550489492215,0.0162195598337317,-0.0435131883888081,-0.0562805098073463,-0.0175916422639226,-0.02353348276421,0.00695942928518544,-0.0403003902763739,0.0261207026550173,-0.0186762112521494,0.0501565006842256,-0.00459227949467938,-0.00931225956195759,-0.0283848833993973,0.0247518952953244,0.0134621499282583,0.0363934507204832,-0.0467671824433719,-0.00202951411184034,0.0235756588150766,-0.0198086346770811,0.0184481844414529,-0.00353547991391739,-0.00502154661225846,0.0409324044513624,-0.00193581504505585,0.00601713361622051,0.00127466803934581,0.00802535618845849,-0.00543534610525243,0.0224526812585253,-0.0330386215923741,0.0181829779811787,0.0242315583850979,-0.0124422122463448,-0.0373528442063438,0.00411071017474162,-0.0214539827059959,-0.00232553835515095,0.0184856581429199,0.0348783543647272,0.0293725743340688,0.00171845160922074,0.0256170042526629,0.0151494735744328,-0.0187552919669194,0.00115672412178943,0.0412305633089551,-0.0277528296797421,0.045266494997023,-0.00834977575112762,-0.03554027867354,0.0173309790471388,0.00326955413908834,-0.032411468657754,-0.00912024994791169,-0.000175780048816362,-0.067482324525615,0.00602444831578173,0.0221678709781753,0.00107454364793253,0.0187276372189155,0.00388422506685563,0.00364322731070841,-0.0188560027148221
"COE1",0.0121066760860603,-0.0145850777343652,0.0252391020702537,0.00133400821103308,0.0238640999755893,-0.0464279167914795,0.0272149444584701,-0.00612234364495523,-0.0138920956068667,0.00695636437788743,-0.0129938174663328,0.0023110386916659,-0.0033420332433656,0.024209569167781,0.0101218751951475,0.0138178293041135,0.0257334166660436,0.00767850378394229,-0.00309776198686103,-0.015259965990334,-0.0150025319710889,-0.0335032178547649,-0.0428692232777073,-0.00430603435166134,0.0179073833032754,0.0105216587359145,-0.00397405491114166,-0.00138744037767491,-0.0154385097157123,0.0221719477500448,0.00815096231949992,-0.013942255579846,-0.00156279585505583,-0.0184268580873588,-0.000872419585765454,-0.0129560821971426,-0.00737706726240344,0.010545574803431,0.00986343336732927,0.0381269177515471,-0.0133362236677113,0.0137645853134309,0.0240135115541656,-0.00515786439827471,0.00964846076481752,-0.00106169366240279,-0.01304373304025,0.00753216350562654,-0.00267173436508822,0.00717752828363079,-0.0379643197061743,0.0116909419114823,-0.0257136941713512,0.0103907005483485,-0.0203147847489524,0.011429834863676,0.00848252262139047,-0.0168470072535834,0.0121338809021358,-0.00860740469176331,0.00553853775917226,-0.0147178814069303,-0.0172256724565704,0.00757006532033814,-0.0234367357430651,0.0232734131321037,-0.0123758525606717,-0.00805061987326908,0.00686217682182322,-0.00343414489118059,-0.0113296816412319,-0.0189927341167782,-0.0101689557730021,-0.00835120073603627,0.0112082363419356,0.0112529524033925,0.0225473581731981,-0.0166670289832787,-0.0149136345778875,-0.0206020888749379,0.0129304651471472,0.00830127790036764,-0.00703466624332272,0.00263930174484912,0.00875097816732768,0.0233950837676891,-0.0134161415938539,-0.0025839023719173,0.00959135907130016,0.00340533658247247,0.0052203202460806
"COT1",0.0199147705496209,-0.0297416434608204,0.014877231793344,-0.0180705947505956,0.00385975715646076,0.0264334516115448,-0.0194749511872358,-0.00320881185370328,0.0112870184905357,0.0108149785757166,0.0189342780800203,-0.00740734268525565,-0.00146561055151729,-0.00476880662852952,0.00924498745270018,-0.00367530054822757,0.0118810351238299,0.00101740623707897,0.0291741110825123,0.00813301789315772,0.00658745197141521,0.00502209878617952,0.0144573149055349,0.000689553345859799,-0.0100117812633102,0.0257673182247319,-0.005710469038922,0.0174339076931161,-0.00403849330615354,0.0230314630207512,0.0229262578923664,0.0139327425820332,0.0163888757943937,-0.00892236405153136,-0.00383224079593733,-0.000440006408005391,-0.00249688785320163,-0.0240359723009579,0.00586928447768545,0.00577188344710591,0.0154156495198478,0.0130074551509483,0.00136791475313868,-0.0022550759859108,0.00142699957690834,-0.0168939962579096,-0.0239732420531945,-0.0119405049031668,-0.00394369259273474,0.00456378546783836,-0.000741074395203794,0.0112203495446854,0.0113876277976139,0.00453836877637899,-0.00756502955546717,0.028144606319293,-0.000866638956118629,0.00214387069562668,-0.000135062909459367,0.00177359883944621,0.0117772000211368,0.0069739596873329,-0.0022104478051915,0.0200224587924083,0.0207270648826516,0.0241290170971964,0.0131964369813277,-0.00171411459080748,0.00850821333308471,-0.0221084886897703,-0.00204938356116146,-0.00339369817642251,0.0061055741855703,0.00533403719381181,0.0109006634959462,0.0153373505282724,0.000177277138997102,0.0011787888095102,0.00100324543461914,-0.0228346664601074,0.0146173010672416,-0.0170946882681002,-0.00491515846326995,0.00786914783215431,-0.0106999162795695,0.00708127581940228,0.0188231485558674,0.0173215079567561,0.00456344318494306,-0.0160424442948587,0.0151941087099981
"COT2",-0.0168812151099037,0.00998167272386922,-0.0362612579718961,0.0348584033084997,0.00956116973010516,0.000466443529210274,0.0306929889921892,-0.0413668104828732,0.000662893540607917,0.039776890473566,0.0107304744017435,-0.0142469231794178,0.0471051458773831,0.0287119348122129,-0.0112735638231455,0.0175672387162164,-0.0104834782977754,0.00814941148477405,0.000368682780886289,0.0469198878613536,-0.0209477468902116,-0.0160370883945137,-0.0194825490558678,0.0066607341639598,0.00679044891813883,-0.00510234158023988,0.0286876197584336,-0.0102542219149366,0.0131606930128959,-0.0106141518212892,-0.0179791684202501,0.00217079160064085,0.00875816958576678,0.0113350133961704,-0.00140699034295517,-0.0196696965197261,-0.00988727813631539,0.0208394434675399,-0.0106288852561166,-0.0382222624726531,0.00386833741636256,-0.00264149717453275,-0.0127206565651061,0.0116466905023223,0.0142974851458469,0.00232207623136098,0.0147449691317577,-0.00869119081108992,-0.00108721171123499,0.00932145010021577,-0.00711312262485014,0.0168123005770346,-0.0100756645660339,-0.00260880645024144,0.0169647879384782,0.0429751467790068,0.0151896960558207,0.010678655979592,0.010880532902375,-0.0090033064573229,0.00131430231855601,0.0285247467847488,-0.00387522482846772,0.0417580921723832,-0.0318043349893207,0.0375862728681323,0.00710740865321847,0.0255072513085499,0.0163207759367482,-0.00831360988570863,-0.02144509228584,0.0154849937710747,-0.00373866241372492,0.0272050662203081,-0.0234114060788461,-0.00931641812255803,0.0179975940509427,-0.00222972082631434,0.00929506235831343,-0.0070852039156579,0.00476824108418619,-0.00944418160543532,0.00664345735797352,0.0174535487305888,-0.00142711351471278,-0.0251868202553842,0.0212330884703785,-0.033245041532673,0.00511894946441304,0.0291057472680393,0.029695253165961
"CREM",-0.00857248298656594,-0.00143846350200041,-0.00932256180993986,0.0423798210924204,0.0294750719278815,0.0226308987009605,-0.0384162336970763,-0.02928352544989,-0.0233015089914207,0.00013656399667644,-0.0376726702363264,-0.0548747427968836,-0.0595347509031471,-0.0341424659047861,-0.0396765096517483,-0.0197286879926435,-0.0237148239346002,0.0134924500198185,-0.0251273375436084,0.0214908294043891,-0.000330519275181855,0.0291761728800961,-0.00901953339353214,-0.0591047413753714,0.0282052490191124,-0.0253352803052198,-0.0121142028004444,-0.0302553352639483,0.0105102846541336,-0.0220225912857097,-0.0639020283865672,-0.00493701110064531,-0.00600468050060512,0.0334908971164113,0.0265200055740732,0.0251073134632253,-0.00488268962175804,-0.08468503295929,0.0419310281196721,-0.0275524148134173,-0.0153090547318214,-0.0331053924040977,-0.00529900077836909,0.0408678217422898,-0.0287721940687924,-0.0218762345508836,0.022857015250464,0.059788041614671,-0.0181205980448194,-0.0115931492121979,-0.00055053694013991,0.0195365421655177,0.0235017063318134,0.00204279257221316,-0.00582068080567044,-0.016423109663255,-0.0204678209163476,-0.0272478128014474,-0.0324716282604759,-0.00313388735118691,0.0122905356167106,-0.0555176459183834,0.031046065429731,0.0264064834271989,-0.0313250505925462,-0.0317711460747766,0.0318458426744144,-0.00232232634637816,-0.0236385742794588,0.00531998798288146,-0.0142410843689944,0.00374233672986235,-0.00415446294729817,0.00180933602333486,-0.0136791016345467,0.0351019489206167,-0.02293861644426,-0.0613991511245897,0.00150921774185383,-0.0259998728814834,0.0245289602558891,0.0026841930760075,0.0155403123800461,0.0321624077530257,0.0558297070143526,0.0601867700052788,0.00851362351848283,0.0310935068008554,-0.0528935838192317,-0.0266494822326131,-0.0247095465322424
"CRX",-0.0320580307039447,0.0228596162641296,0.0214450062210943,-0.000704937527592643,0.00790550400791991,-0.0213024136151169,0.0533898572163636,-0.0484261618079123,-0.0213265752173289,0.00244879235598719,-0.0339477549564531,-0.0189689761919289,0.0784951691790874,0.0223465547685873,0.00164158116796773,0.0343617028656446,0.0182988458639914,-0.0369430905532469,0.018049357128709,-0.0316802939949956,0.0130894944418435,-0.00386395250905792,0.0275485028826259,0.019135347318402,-0.00451048290934439,0.0364950069103464,0.0124924217299351,-0.0132863987243654,-0.00484875441377653,0.00554753707176049,-0.034720577064574,0.0034636962570813,0.018489401833735,0.0580670817726501,0.00781029325664611,0.0479534166407563,-0.0227009877221668,0.0260040633965304,0.0111629360402378,-0.00454913000092464,-0.0178168506475503,0.0103138821932666,0.0178607558053684,-0.0227334031284954,-0.0412410584948006,0.0419241669129554,-0.000852439197787187,0.0371337415893871,0.0217705870494892,0.0132112334370436,0.0376947823732167,0.0156413125209708,-0.0273050148813356,-0.0124097973748252,-0.0521345713115092,-0.00121619631098419,-0.00985529925606905,0.00485935385991555,-0.00249492095893471,0.0546142617502429,0.0226205371000948,-0.0465851869952622,-0.0294068286890617,0.00408586382728358,0.0171843662202559,-0.0181325427130577,-0.0461624133987584,-0.0126249033732264,-0.0805461617421678,-0.0183420332968784,0.00142925955877803,0.00122681752310236,-0.00841598050896028,-0.011035472480397,-0.00678476892547745,0.0137670714645985,-0.0475343389248533,-0.00779872164387071,0.0102654052970009,-0.0426845669926108,0.0207410964645897,-0.0326350535699681,-0.0317262650874818,0.0524924934181506,0.0217504595414954,0.00404549771070355,0.0200289438632368,0.00339210547058211,0.024208901413045,0.00772488038442957,-0.0111220491820444
"CUX1",0.0886548291815632,-0.0452835416817316,-0.0550071995852789,-0.0173999007017189,-0.0409437033343372,0.0497330482268648,0.118288856490094,0.0539610654501156,0.0210904097216111,-0.023530675535885,0.0289823922926807,-0.0462828643983101,0.0781795360195302,-0.0236367505000623,0.0144138361153866,-0.0562563018941982,-0.0351305372528061,0.0305556642839345,0.00710443206207105,0.0641927170821208,-0.0683056787148135,0.0374328187851269,-0.043699296821246,0.000337191413545893,0.0158420228924198,0.00424923053837439,0.0399623981362711,-0.00297265468796726,0.0430144526371709,0.0631835446968259,-0.01642914443864,-0.0929813780759811,-0.0118375630794213,0.0427877186190043,-0.0531918197691282,0.0500205830992946,0.0235073786550072,0.0137619041095637,0.0472266465091157,-0.0518282715105482,-0.0408487261494572,-0.0684158966858722,-0.0587005533585279,0.0282981286438317,-0.0134294850954047,-0.00150322848749644,-0.089512759477468,0.039830328066246,-0.00397016408870801,0.0302720858926648,-0.0479435468408153,-0.066032461375122,-0.0145991074515565,0.0485433486061718,0.00781413209175911,-0.0347296898427107,-0.0358850908199692,-0.0859135143929461,-0.0407917253190483,0.0257298682930775,0.0197865879392516,0.00678614941325958,-0.0162163692791761,-0.0445509825881486,-0.0503290862780573,0.0486204712037179,0.0244058196144915,-0.0178087220240871,-0.0128582308890388,-0.0503721758844522,-0.000639712081643124,0.0335715558933955,0.0467419949129592,-0.0115461464084537,-0.0252549569204831,0.0537472453960063,0.0293679996499312,0.00562143342666412,-0.0196656893076481,-0.00667074382556062,-0.0744214757401011,-0.020641743351672,-0.00105645283915773,-0.0508533342537096,0.0320525654139034,-0.0194267650840472,0.0132835742271202,-0.0342682846156923,-0.0707525294667793,0.027065289029588,-0.026032808637534
"DBP",0.0170566284968344,0.0253734347214082,-0.0685103053391315,-0.0187830261096938,0.0246265379167225,0.0318857511417157,-0.0486735529956214,0.0534210871394421,0.0219556201470512,0.0172844730303974,-0.0360018977935906,0.0447150490753476,-0.030701702297731,0.0462671929243461,-0.0230175662074115,-0.0168049947452671,-0.00137032577942129,0.0289649833973267,0.0332482350411212,-0.0136858077463407,-0.00218405870295218,0.033581546289347,-0.0327867556973471,0.0204972096320603,0.0513150090444846,-0.0832109090414739,0.00596477996836271,-0.0135847760900358,-0.0537004742188431,-0.0142265852597724,-0.00369696885489212,-0.0164525903396638,-0.00491975808149341,-0.0200438117974837,0.0279705548866419,0.0195707002732256,0.0013700821824503,0.0334765192357372,0.0014944487801156,0.00199155591637516,0.031081304682838,-0.0102169683163898,-0.0485296971493277,-0.0256713703518333,-0.0605933055731258,-0.0108252307850098,0.000796425744095069,-0.027992249955758,-0.0312684041264045,0.0181133295733773,0.0387041050721337,0.0380198171711707,0.0441709350189122,-0.032702053578791,0.0314432760978118,0.116598592526837,-0.0198307495493324,0.0175699147261476,0.0126925572297228,-0.00425340310788292,3.03098038199259e-05,-0.00493724770988129,-0.00505449868803327,-0.0480486608782271,-0.0264836685514706,-0.0020522081047442,0.030848570208279,-0.0363190684139604,0.0203691266724981,0.0424602944147389,0.0217482188610018,0.0271491830007279,0.01266267265233,-0.0503347038471617,0.0291263726793416,0.0120836434700796,0.0143818185790408,-0.0539381511947943,0.0346968942766688,0.0313873618201424,-0.00144146608565306,-0.0668591001650974,-0.0134785362223604,0.0240067495187055,0.00370295207862459,0.00429549932352915,0.0294860309021708,0.00639756389309891,0.0016225980981398,-0.0547359574680405,0.0180535374297493
"DLX3",0.0502251171209325,-0.00707029478195399,0.0705823307255632,-0.00952307836698759,0.00163772467276466,-0.0191462883808313,-0.00307604816116792,-0.033254739496606,-0.04074094866254,-0.0102261374184514,-0.024129004196737,-0.018516463810521,0.0308137204611212,-0.0360426911527153,-0.000767841528845185,-0.000308237868542325,-0.038438676048281,-0.0127161237190981,0.0308889435796554,-0.0108166609816395,0.0362946106885055,0.0177177319778417,-0.0273064306277184,-0.00080690066968072,-0.0227518440748134,-0.05943887952473,0.0397160923077464,-0.0443236541237176,0.0551623693580678,0.0276348864463459,0.0541837932941395,0.0105071751823764,0.0178250773936118,0.00428219335556835,0.0257425576562938,0.0159228711007143,0.0137719085206374,-0.00882346599548473,0.00284052806746853,-0.00406342196066117,-0.027903350509021,0.0182405182750253,-0.0202539948016911,0.0139958504591023,0.0107673407155133,0.000809738799964191,0.0250885161224916,-0.00246397706190742,0.0224999907571064,-0.0335694491330526,-0.0067244044904452,-0.00974417639549324,-0.00893101441146186,0.00256914238066478,0.00140451139736362,0.0267459955415141,-0.0182545662678737,0.0290831543113048,0.0116150809362635,0.008258163124764,-0.00529217222052283,0.0458335192791828,-0.0336732887054962,0.00678526693397287,0.0315108221571662,0.0229099367316318,0.0338466098046114,-0.0281603509454764,-0.0593920099628707,0.0145529661223564,0.0236567973012776,-0.00939911256047526,0.0215729141597812,-0.029888968049208,0.0479775884298753,0.00537612397685034,0.0211660063746207,-0.0668655149537798,0.00484425019847116,0.0134604607785316,-0.0484410893655852,-0.0105442157773926,-0.00036829954301487,-0.0200277361861818,-0.046946397852583,-0.0232146018674286,-0.00751297952341352,0.0175798535267642,0.0505036960238827,0.0120339535095425,0.0345796665883854
"DUX4",-0.00987711886684116,0.0151976822646545,-0.0226608722262499,0.0198956310428839,-0.0124049092466514,0.0148139045040987,0.0215633538465308,-0.0174143881836193,0.0391530792043446,0.0339169284213056,-0.00896136031875345,0.0341655290989977,-0.00724087940212579,-0.042587862570453,-0.0151954246728495,0.0311648633508681,0.00616996251018354,0.019753475854226,0.0225226278784546,-0.0114572131133635,0.00876519350844051,-0.00776244055541578,0.0477335061360159,-0.0301984514520606,0.0112722359367822,0.0313451478741395,-0.0415966725404005,0.0332256153226715,-0.029541865850426,0.0192666569321601,0.0140305165352297,-0.0213144825315001,-0.016719753235079,-0.00742399200076496,0.00850450457316001,0.00497091696923775,-0.0453566539206596,-0.0284965160177429,0.0275922503641351,-0.0208621936444285,0.000546896318349798,0.0305636458189079,-0.017043479221567,0.00628958825645813,0.0124558112752324,0.00268906909154606,0.00294309528012345,-0.0130597367583652,0.0535888716944339,-0.0364045057179093,-0.0169205368627762,-0.0235040186753035,-0.0216903022897073,-0.0111278281998669,0.00840351651748768,0.0483840445700877,0.0142194961817357,0.0114767066395085,-0.0433361041711043,-0.00281231189176614,0.00461824782863671,-0.0113705239172048,-0.00903478810330816,0.000368814717496892,-0.0266114920478329,0.0459764960911014,-0.0135330068910038,-0.000344633043168621,-0.0102655263882612,0.0464937770320206,0.0879044799137928,-0.0156042764707376,0.0200288546561666,-0.00159040082353898,-0.0252333649412493,-0.0232680267899391,0.0134819369294318,0.0193296582426416,-0.00515440897941058,-0.0313344183204979,-0.00946628586876915,-0.00900667147293151,-0.00969991833830579,0.00943813565140123,-0.0142298157821806,0.042280177064727,0.0162041755935237,0.0226131892038757,0.0240886166150468,-0.007188699768398,0.00407929849482063
"E2F2",-0.00811981155938412,0.0421942664541678,-0.0223520120866823,-0.0427333054322525,0.0227256967919608,0.00512770802620956,0.00487994488319375,-0.000352748840240794,0.00318867561107313,0.0298014364182132,-0.00339244664827865,0.00598642586554383,-0.00244979417961507,0.0271927073821425,0.00280265386189568,0.0172753779023143,-0.0158025133922747,-0.0422760183513234,0.0343009132822214,-0.0175746118696612,0.0229213796230572,-0.0417706447538074,0.00143311747157814,0.0168365682098332,-0.0156263774425567,0.0461388096852938,0.0249674562987376,0.0326111683261166,-0.0232066838889662,-0.0269207015811354,0.010264650455338,-0.00750048002376783,0.0130003739149672,-0.0289381512789148,0.00544727783374818,0.0016331287619684,-0.000155778539913877,0.0146326668410734,0.0180683030026757,-0.042869506260008,-0.0165387413811502,0.000262274878594133,0.0275609915031978,-0.0164200903230517,0.0022042887367138,-0.0201540571914522,0.0292285403663753,-0.0124692600781966,0.0141993028330823,0.0212186239717083,0.0148253866253613,-0.0358051330718913,-0.0269201319625921,-0.0132472103787165,-0.00792354745803253,0.0326524476999341,-0.0286346670473098,-0.0258346915389258,-0.00986729471750016,0.0182573431517023,0.00168860321001685,-0.0195345262716662,-0.0274800195216925,0.0375862523545134,-0.0206784133871519,-0.0298046707841471,0.0225238101183472,0.0009311418905113,-0.0185840138645594,-0.0147758107118426,-0.0343501432574649,0.00871928599775502,0.00276915664967959,-0.0210485310081737,0.0250206101234638,0.0309889724858116,-0.0157746906767842,-0.0363297071725381,-0.0118495241815186,-0.0259529404223768,-0.0198924682117257,-0.0120355881490168,-0.0045161837767004,0.0321688679372191,-0.00283556274082446,0.0193984081917239,-0.0249882884578335,-0.00791314756297315,-0.0233422685350844,0.0207413531442435,0.00945267294589487
"E2F3",-0.00709828666516762,-0.00274433551575812,-0.0113254140237892,0.0113361430636637,-0.0100758452593761,0.0166018818321995,-0.0346854745093977,0.00389668440857849,0.0137383779950611,-0.0139946739132492,-0.0378356201146144,-0.00570686026967226,-0.00701808750305092,-0.00394011531478404,0.0138023520872149,0.0107138771124981,0.00522064212201739,-0.0350352759211916,0.0281873703123507,0.0125610610730643,0.000994981374304176,0.00862681081251035,0.0124538356599804,-0.0337122848644851,0.0114181218931054,0.0174918876433865,-0.0249702001964373,-0.00748718854562925,0.00589980836422534,0.00525777848347027,-0.00501308335712263,0.0126482830313927,-0.0197551591641362,-0.0106785467120344,-0.0171823951518046,-0.00983297046142606,0.00164272065769046,-0.0127697924858416,-0.0142555123298848,0.0274577383548185,0.00712293707863321,-0.00628452750866048,0.0130383843084766,-0.00331504734044241,0.0124316268400787,0.0132258729806753,0.00100401032835912,0.0177115609990269,-0.00254313815262027,-0.0142297181863554,0.00933863033724956,-0.0153231361127695,-0.00310527824311969,0.0117616232165336,0.0091438799083734,-0.0364605244324655,-0.0130473648135168,-0.00973075038219556,-0.0184178730439609,0.00475996525232121,0.01222844384532,0.0237799338130551,-0.00569982225322793,-0.0031985013500237,-0.00395270958248661,0.0100250434963719,-0.00791398204628638,-0.00502997336666467,0.000613922131817641,-0.0187804770807144,-0.00526222561627823,0.000430836152838556,-0.0248112629055483,-0.0254197135590799,-0.00644814493789588,-0.0141931273927427,-0.0168438073593856,0.0123725479994776,0.0125684688688289,0.0107642717511699,0.0157032112718608,-0.0105170470176576,0.000227145673530966,-0.00955404927908605,0.00870558860867621,0.00596095248842465,-0.00547603851202633,-0.00237253722390814,0.0243275002484744,-0.0149875420334247,-0.0239288370363907
"E2F5",-0.00358771133181116,0.019031036554471,-0.0204940860089318,-0.0216966642502314,-0.0115816930782149,0.0439521813904587,0.0214984487110629,0.036627081839756,0.0281174874770692,-0.0622030852941543,-0.0441559376438113,0.0370280697740279,-0.000616799550286162,-0.00852355373353479,0.0550186090268044,0.008498455844551,-0.0119112024198614,-0.0307243043275171,-0.0582283139731152,0.0265103294800814,0.0592078750813415,0.00260982599576132,-0.0519705487956802,-0.0223840032337334,-0.0217895860540846,-0.0459888704309572,0.00586113472535024,0.0110085627361597,0.0231894664660648,-0.0372655760276903,-0.011952221541478,0.0373746996658758,-0.0356156001538592,0.00146292522055657,-0.00517231953690825,0.026245311657552,-0.00462007670760233,-0.00810135864185111,-0.000923924393300319,0.0351517068585456,0.000734325464442677,-0.0192100079298764,-0.0133616183169178,0.0106564742036197,0.022658446919456,0.0200146930957571,-0.0465191021583521,0.00874540926330061,-0.0247012767993997,0.00464940201002236,-0.0142217721272405,0.0321822990647602,0.0158341957035026,-0.0010491652700714,0.011318320932349,-0.00554654560329335,0.0327902720810109,0.00981825994480742,0.0263343095557124,0.00369591603464247,0.00017318318682739,0.0344244032712573,0.00629154663633454,-0.00263066339433255,0.0374331362601108,0.0263232547809168,0.00278905818651065,-0.0202175448830985,0.0330592120034486,-0.0114123507800236,0.032346129719629,-0.00845338890243403,-0.0165363608805711,0.0169172226557972,-0.00884007595286986,-0.0604142668059871,0.044962782545894,0.0365547985692384,0.0219707358211432,-0.0102997984945965,-0.0490139823001789,0.0341100618189129,0.00768253482441649,0.00355702725391309,-0.00368599760418691,0.0280807750455299,0.00839869149702537,-0.0130277074949365,0.000452573120371563,0.0364299396143547,-0.0590455532607693
"E2F6",0.0173246000745456,0.00706247032045473,-0.0106928216699782,-0.0073382973356295,0.0124482193933429,0.00866356341965121,0.00290241847456771,0.0221209356866586,-0.00224427502764278,0.0141001605836211,0.0285073005018604,-0.0131974621349506,-0.0295974681742928,0.0158503526589518,-0.00517810882676512,-0.00746940158177543,-0.0143950064189094,-0.00280053984435443,-0.000470853242434998,-0.0130680797509505,0.00897623357990279,-0.00452876229102403,-0.0182221283652997,0.00270665124934761,-0.0136950730082404,-0.0188724957730772,-8.0274471910613e-05,0.000766355232753635,-0.0131030907607365,0.00746205743678357,0.0100596911833139,-0.00621345549848799,0.0106609219730221,0.00253639461081118,0.0157386154278266,-0.00411855407614491,-0.00110556473598666,0.00689522470307894,-0.00129779905428604,-0.0080059633697451,0.00579606597857414,0.0381451221786541,0.00128830554384878,0.0092040891111819,-0.0041286384716016,0.0126883647720919,0.024335639421922,0.00549610781933652,-0.00710290665850208,-0.022765416762683,-0.00906132348585398,-0.00835548739655107,0.0269953349694416,-0.0144724305035617,-0.01513683520603,0.014897182211352,0.0315685612920408,0.00580001177570654,0.00509938549418351,-0.00118891999759559,-0.00691092968290431,-0.0119516455423775,0.00986757707913785,0.000587149779307491,-0.0127375418716765,-0.0214281996003301,-0.00534329612842533,-0.00490166259723143,-0.0315008631289602,0.0127890721441288,0.00867551580214093,-0.0197245877570094,0.0226098078149407,-0.0191093439622915,-0.0100411309593388,-0.0286957767181048,-0.027530333269029,-0.0495351315586424,0.0102322824375781,-0.0183379794437073,0.0223738900995765,0.0319019741111024,-0.00511160528376249,0.0170413550116955,0.00262798807497301,0.0113332523469393,0.00795719769829654,0.00167343570204308,-0.0104043317835857,0.00505645595414545,0.0135373359822853
"ELF5",-0.00567513451448669,0.00688414432238005,-0.00519976299958006,0.016541392339218,-0.0042714685251105,0.00414562708429839,0.0237402096645511,0.0460739589671904,0.0160243770096384,-0.0384598508164097,-0.0135960081659785,-0.0111145055289279,0.0186452880314141,-0.0215172906805291,-0.00370412328656587,0.0345856699017285,0.0217193681242538,-0.0243026423236631,0.00505575296239525,0.0227935937748543,0.0225953296542879,0.00259041856346038,-0.00416970673239695,0.0164018547396635,0.0086490459289227,-0.0329755891535947,-0.00477227285565905,0.0265576477728248,-0.00662276822009639,-0.0192480019628208,0.0199329894857252,0.0133022262311438,0.00368043624427848,-0.0140169616841261,0.0088802437179003,0.00673259701347555,-0.0136404696342709,0.00016862195690407,0.0155300039247669,-0.00716226263424354,0.00143327473567692,0.0147572898239083,-0.031241712476164,-0.021577557833463,0.0193369625580277,0.0219503028653431,0.00850955239690844,-0.0101009546505846,-0.00389319354332492,-0.00249142861473177,0.00142758381244094,-0.0287811389448743,-0.000793752335099985,-0.00458233866252085,0.0158319343654127,-0.0327705172639989,0.00606387484401674,-0.0256940665798016,0.00256970417527411,0.0238892960899314,-0.00426701128180237,-0.014429852111073,0.0197970849561881,-0.0296778634682035,0.0202092967192488,-0.0101038395282484,0.0147499667458322,0.00520745022323138,0.0312282896148724,-0.00667676911137689,-0.0213667211026923,0.0189666206575897,0.0108541718440396,0.00901288240222539,0.0263641828328274,-0.0020484319128523,-0.00693018870327306,0.000467524767956686,0.00493243253567968,0.0193060480915482,-0.00713160777311815,-0.0145763082306733,0.000778090907410257,0.00825020499671369,0.0262930169712848,0.0150148920900006,-0.0117134539854631,-0.0160649982537826,0.0127552874070308,-0.00604739807644586,-0.00099919489139551
"ERG",0.0147535794203786,0.0252490232981637,-0.0343193382327692,-0.0170850681197672,-0.0111078980070353,-0.0150513852696421,0.0435339793450549,0.0105761661721555,-0.00533648644777149,0.00714503383472207,0.0296441517408307,0.0124905574957323,0.0207548850001173,0.00264434728432177,-0.0149417291764886,0.0276265195178212,0.0142141620385954,0.0152928665625535,0.00798494638643224,-0.000900912756269242,0.0131114790339848,0.000712301361441846,-0.000286195025810127,-0.00365055193917764,0.00696622695853324,0.0385660004942912,0.0290141295200221,-0.0131649912203716,-0.0131773661552864,-0.000828136396472697,0.0200203503300591,-0.0261336358889627,-0.0135804801883916,-0.028565495958174,-0.0200591815791369,-0.0149119803518122,-0.00899885437239282,0.0223538399675227,-0.000717497395711055,-0.0050546310935175,-0.0110179606956856,0.00271093767715701,0.0149898389732701,0.0097107724071303,0.010705636651847,-0.0348518053566155,0.0105816683977225,-0.0435874680563613,-0.0122959308481828,0.0296765933676785,0.0229521597482861,0.0353933117616258,0.0198699265253283,-0.0111347997742706,0.0174009988130257,-0.00586657276754491,0.0326466094692662,0.00188974137918063,-0.0193186233167976,-0.00881629972409761,0.00743807539062174,-0.027756190174613,-0.0206800064626041,0.00488647043931028,0.0314874040985585,-0.0231959356301458,-0.00611838236303329,-0.0360875016122834,-0.0142979488001503,-8.80945969566709e-05,-0.00331093810019034,0.0169592128489829,0.0104517065354229,-0.011792899886832,-0.0409147316224783,0.0199957295699831,-0.0277807313511136,0.0214934167250727,0.0206339529062005,-0.00132665290216491,0.00839623464360256,-0.0180243790927811,0.00933349923201776,0.0289814849912199,0.00974169421669564,0.00503575380444845,-0.00165302379842355,-0.00746354327358681,0.0155962774971514,0.0307056450346066,-0.0387805018573251
"ERR1",-0.050903430045936,-0.0257636629893192,0.0336736927778663,0.0182451173168769,0.0267092973460098,-0.00468207746896625,-0.0303804662719569,-9.7524713517044e-05,-0.0280811192926348,-0.0395126558305586,-0.0153534634515854,-0.00335642846068664,-0.00384978411398565,-0.025120242807999,0.00125419154579927,0.0197109294194434,-0.0047889946493614,0.00262777937953005,-0.000590200326374855,0.0110268428360328,0.0248730863571105,0.00132682832747478,0.0318103738670643,-0.0103953826312508,0.0111053125226463,-0.00221696874172739,-0.0149214405109551,0.00997995337049934,0.0448681928521128,-0.00621942078610192,-0.0465014596921999,-0.0727259388805766,-0.0158337039780955,0.00289636895761249,0.00338557696585636,0.0011122210083857,0.00729409984677832,-0.0180584735546916,-0.0359467737209651,-0.0360126973467546,-0.0391574320449687,0.017071909057573,0.0268839998553493,-0.0176539796116974,-0.0224778145129046,0.00926335358512568,-0.0365842662096212,0.0239725974109531,-0.0349514773240534,-0.0215039475297544,0.0309369512372359,0.0488914508734543,-0.015872647179058,0.0152466140476343,0.0168552275753224,-0.00774572038482482,0.0381178722141259,0.0409080710190083,-0.00983139678978211,-0.0213364249855718,-0.0235728506012484,0.0370201115905932,-0.0661523884603272,-0.00343117589706902,0.0160820199008134,0.0543859696159003,-0.00679697650970122,-0.0222408113119501,0.0162885358736318,-0.0582764265085793,-0.0211044860671288,-0.0143867857343705,0.0189595878390462,-0.0072762218139241,-0.0255212238225025,0.00195776960462328,-0.0388147244263826,0.0160557246638545,0.0211025394018492,0.0202375197355117,-0.0369562043517087,-0.0133781891577542,0.00587551950260141,-0.0087930824812388,-0.0512947951013066,0.00312747461505803,-0.0502222509690345,0.0121596376499268,-0.0124411834293195,-0.026855508171186,-0.00590855903585219
"ERR2",0.0266827100935467,-0.0205649153592621,-0.0131473165076543,-0.0167351166202522,0.0137047472904018,0.019126957233269,0.0415505102388484,0.0353986458199439,0.0462680838904911,-0.0427548889605538,-0.0215398554292503,0.0102481038736849,0.017468473702801,0.0445962304199316,0.0530973044858338,-0.0314622313263806,0.0467970129284987,0.0154990751018943,0.00311063719849936,-0.0397564720691907,0.00478166559435102,-0.0392874544591354,-0.0341544609987927,0.0334138083110768,0.0435723956817907,0.0111143985338127,0.0491743634186889,0.00857555569188587,0.00246235457567592,-0.0364381410300657,0.05869027407717,-0.0297260207308934,0.011098740278152,-0.0172781025350109,0.0298523446707421,0.0365797261746699,-0.0252689430330093,-0.0269642988897103,0.0123604112298746,-0.0268401015482541,0.0617331094559495,-0.0360487912787871,-0.0419203685092588,-0.0239091155403629,0.0205148534182637,-0.0324729381027848,0.0519583866793197,-0.00262996656687268,0.0270004360327958,-0.0388757486791628,0.00353499137591703,0.025811103499153,0.000365161536845304,0.00108902068571713,-0.0173960690082703,-0.0151963567213366,-0.0646044427646129,-0.0768497180851694,-0.0252468312426084,0.00407069243272012,0.0071882982743523,-0.0559018508843441,0.0554666328009002,0.0246005523202589,0.00918029943642116,-0.0588797606584309,0.00710192675059312,-0.0166323284489519,0.0394700004858679,0.0447760913560169,0.000494078901838053,0.0689632075179552,-0.0133542900964794,0.0117819894628425,-0.0276913726266567,-0.0142137270807843,0.0544936893824127,0.0156719441122503,0.00169087056767063,0.0113382047361001,0.0296770627991334,-0.0155546330273791,0.012524114297974,0.0207188920833175,-0.012654406610522,-0.040564038450586,0.000121678594920344,-0.00766294509883672,-0.00534144239569107,0.0610208049421716,-0.0492801670766349
"ERR3",0.00986591524949677,0.0567638409686975,-0.00949134046208105,-0.0447892286144298,-0.0578477461397949,-0.015747164708103,0.0241084307514087,-0.0455618292060174,0.000340698340876226,0.0210139549126295,0.0200773503250263,0.0190171053506166,0.0184377501478229,-0.0797914076785052,-0.0387680878025507,0.0540380537779471,-0.0491650648440354,0.0196927637558712,-0.0334381800146607,0.00511424960878303,0.0142016912256486,0.0446071554896259,-0.0206432868771661,0.0390189943404791,-0.0228598955795329,-0.00142698750912653,-0.00503695610882399,-0.0115763100951663,-0.00791368531174087,-0.0351979484009538,-0.0426387769524579,-0.0246469753986316,0.0347922079882611,0.0155597508377889,0.00424953209399813,0.00844321848266612,0.0532994845085632,-0.0416503894471647,0.020290849753099,-0.00197324046142475,-0.0438861869734476,-0.000584763128754233,0.0326437967706161,0.0403048268143866,-0.0266338921834024,0.00127261420046266,-0.0254727208155879,-0.00488542369356976,-0.0282394996611353,0.032617990039476,-0.00132882204651104,-0.00788241361323863,-0.00399581933419745,0.0197575274144592,-0.0340437613267962,-0.0175280353467075,-0.0189426494037126,0.00209663661902875,-0.000811630777356772,-0.0524024775795961,0.014601487316561,-0.019749766717819,-0.00846583892615369,-0.0405335424830419,0.0283718194723913,-0.0214873101893048,-0.00236692655338607,0.0319841180254859,-0.00465477152508855,0.0242809648231839,0.0244287430559304,-0.0327494752870413,0.0240581850635358,0.0248442864973416,-0.0342545257593448,0.0566897902076197,-0.0471479849474494,-0.0564488244991828,-0.00595735293615859,-0.049260867670895,0.0503814996349216,0.00338077405238877,0.0127718377380489,-0.0154857808634975,0.0627702179521086,-0.0366151959561827,0.0223302226681337,-0.0323928695067177,0.00575391226856001,-0.0386263200285151,0.050965382113125
"ESR1",0.0254687515570054,-0.00638925911779332,0.0252218492408915,0.0068137130861406,0.0442530756414531,0.0137867849315453,-0.0242915321108429,-0.00853592609665721,0.0583543159760445,0.00617240471002132,0.00869844027088596,-0.0186759954625463,-0.0124776030821503,0.00289069145364584,0.00165092311698499,0.00600043985456495,-0.00183296688599909,-0.0138247455593336,0.0363282599946601,0.0311187034862267,0.0183593389452714,-0.0256421495177726,-1.14115524229625e-06,-0.0384420492042217,0.0396943048869678,0.0211702458768423,-0.0131239745074679,-0.0187778181119434,0.00268118802592603,0.00360909841899486,-0.0301325068683843,0.00619825367063784,0.0132602750632189,0.00650914867367087,-0.0503867930956715,-0.0265865928628873,0.041101494749338,0.022385990284368,-0.00592371008774247,0.00145472908243214,0.0207263730452971,0.00465162272451641,-0.00561867786486184,-0.00160488023885752,0.0522911533792061,0.000649392304933782,0.0255851942902685,0.0151879217838096,-0.0325806269897618,0.0391199186684164,-0.0119469295946699,0.0369625109226103,0.0165905795673312,0.0220182669807915,0.0250454612499693,-0.0116188869394517,0.00706576450365758,0.0478602834103753,0.011378275923766,-0.00455549322864129,-0.0108097250127457,0.0090561329406356,0.00551469657386381,0.0489605377024261,0.00164637760115739,0.013575634922788,0.0155523976415873,0.00560032200239322,0.0222819891318215,0.0147170940487411,0.0129759008788254,-0.0276775617426159,0.0548939367602176,0.0139141189262568,-0.0130147584416502,-0.0295968121447035,0.015358652299253,0.0456946110515497,-0.00730542269678243,-0.00155561670238511,-0.0327803106976319,-0.0189513429718809,-0.0319988780808226,0.0352002344058485,0.0393792830118448,0.0197772579130338,0.0281117747536208,0.0104974125701716,-0.0382944456520611,-0.0507143235609312,0.0580600372980855
"ESR2",0.000570905814352255,0.0111954830179932,0.0110274109599047,-0.0060543998853051,-0.0340931415661113,-0.0104866412204399,-0.00167155349178,-0.0130808991956739,-0.0493169542153486,-0.0199933999850075,-0.00908026352185849,0.0216316815792374,-0.00636434527095257,-0.00537537469921752,0.0241070395457049,-0.00589471378040419,0.022378653071797,-0.00399746730411604,-0.0026637719791493,-0.0164016809394444,-0.00571198624389879,0.0155056894135862,0.00759435443603663,0.0162633024172841,-0.00587472876890282,-0.0068293208905972,0.0197175064946995,0.00920008548285541,-0.00969358756021781,0.00849270665454668,0.0242580851824379,0.0178837178198797,-0.00483164565869378,-0.0131345567247083,-0.0168764578276789,0.00596284921063558,-0.0524853816892557,-0.030692219192086,-0.000647734903594141,-0.00124178473663456,0.024973692788519,-0.0226629652963915,0.00960531971493037,-0.00174086396231465,-0.0220173437499354,0.0017182218493623,-0.0220347063746393,-0.00375197808301426,0.00864659649099866,-0.0369816049567354,0.0148536967697388,-0.0110923046992603,0.013677004903551,-0.00178836068087192,-0.0366807494137744,0.0253255369705816,-0.00353048111764926,-0.0293616368875547,0.00924759246072852,0.0261616629720404,0.0128865368119338,-0.0137512975742692,-0.0211434918531485,-0.0190771571223292,0.00107512710299942,-0.016770355059509,-0.00479523562768425,-0.0121701088863673,0.00549271595207673,-0.00901216051537658,-0.0325163696605867,0.03727402867338,-0.0311295811981785,0.0187180658664981,-0.00581155240156377,0.0373787642834118,0.000495402423989287,-0.0415666171601519,0.0136108635877889,-0.00103321915591413,-0.00154929020731765,0.0316977895216212,0.0328453933786113,-0.0183422605015737,-0.0273135324647366,-0.00693461626183145,-0.0199179110949431,0.000574245507482929,0.0131691329864224,0.0413284978703014,-0.0424539662215748
"ETS1",0.00259116895139773,-0.00484715817626137,-0.0130196946025641,-0.0101534517178032,-0.00672219591191435,-0.0134192529000822,-0.0112192966462918,-0.0242086407628534,-0.0210659259712577,0.0125876496377893,0.000410390505597441,-0.00877756906755946,-0.0106958363518475,-0.0176610478539396,-0.00864270890576777,-0.0246169765837371,0.0171874756051899,-0.00755681884598902,0.00191251128916602,0.00581004366450084,0.0397201477050252,0.000947035712152854,-0.00892298158318506,0.0194904118892514,-0.0226445109604977,-0.0307061033781805,-0.00923045634197614,0.0207148718042129,0.00266000716431868,0.00993196518904071,0.0122680141479011,0.00909390995152661,-0.0209307079376029,-0.00292325170809578,0.0294688478318269,-0.00922307103975437,-0.00975672518007467,-0.0211117861058304,0.00175945539213559,-0.00207847561564324,0.0213379710938873,-0.00970077128470384,-0.00375763854817735,-0.0199083350701737,0.00811407858864598,-0.0288130910660377,0.027419188464449,0.0456200961917432,-0.00400830927773854,-0.00180184846973986,-0.0315612101688762,-0.0170502095950178,-0.00629570330298746,0.00743989399896799,-0.0190282412477155,-0.00535907343209857,-0.0239865250071725,0.0119439513299844,0.00815940433823863,0.0467139514212942,0.000287866755361372,0.0181084364416713,-0.00236558647120987,0.00777172144840428,-0.0210877802709839,0.0133381856616859,0.018303084129215,0.0127173130614001,0.0323215406306346,0.00114008501318382,0.0157632991618086,-0.00622850332543549,-0.00949500716011983,0.0198829869183072,0.0350848702992419,-0.0221576449778126,0.0186471718961001,0.00159497724004843,-0.00764140564617055,0.00942905802888877,0.0132401842383961,0.0171279661640087,-0.00460985391693146,-0.00816273062472306,-0.00514457801788148,0.0257673935649347,0.00851439708395597,0.0523966423848026,-0.0222392900022569,-0.00824485280747255,0.0309215127335895
"ETS2",-0.0156168542506789,-0.0243144586983755,-0.0102495682328077,-0.00424529151882925,0.0086254327006648,0.00125500868500789,-0.0114820343554193,-0.0155211747186522,-0.00519586788562138,0.000630760305578914,-0.00455451516307311,-0.000425286238480363,0.0136992608272982,0.0134408832441916,-0.013351057588254,-0.00491957909446699,-0.0059862922967977,0.012410456453626,-0.0429123984805753,0.0115084085580883,-0.00409748986214281,0.0382656493916996,0.010686226442106,-0.0062046823269121,-0.006567726483956,0.00221837252560959,0.00225602148766719,-0.0125836641998757,-0.00872991832387576,0.0148397341737498,0.00411168022446095,-0.0138398678215273,0.0059231588113396,0.0318063023544439,0.0524532581967684,-0.00543913051329495,0.0172782826903671,0.0064380122072838,0.0290672005071579,0.00909357967739964,-0.000333515561750924,-0.0136361673042351,0.00397885668558306,0.0108206515712874,0.00168184854330467,0.0140852045453897,0.00435194585652739,-0.000789283445673843,0.0071770215230357,-0.00947920924811436,0.00375387866335893,0.0126878794785596,0.00963552787002446,-0.0169032641460763,-0.0134850206258604,0.00258718689621148,0.0123558234143339,-0.00661240536287014,0.00763027137934049,0.00775870135465737,0.00146118450003476,-0.00368975986648392,-0.00912374675286473,-0.00530854384627435,0.016530101775481,0.0105090456645573,0.00959428566237176,-0.00543839783001886,-0.00971458816213035,0.0107372400733125,-0.0132113859192717,0.0102699233023778,0.013603420554606,-0.00170725673913882,0.0254383795322475,0.00246801874034408,0.00438506943006151,-0.00234925063545769,0.00494122531425892,0.00436441611515266,-0.00883282705665462,-0.0132509891954418,-0.0067888198009265,0.0125830701631548,-0.0272370887611836,-0.0285316878251473,0.0432761452353934,-0.000803464715058566,0.000238416190720963,0.0291549439411592,0.0246132202077386
"ETV2",-0.000952431916121513,-0.0205440720486241,0.00824515599772966,0.036781402130125,0.00331929632895618,0.011338700176845,-0.0490197733975028,0.0187187866178742,-0.00563500633840303,0.00317456011037143,0.0193278700571516,-0.0131160602948344,-0.00572693817128911,0.00893368365325688,0.0204943179199391,0.0211557264485283,-0.0150342730265912,-0.00430447863152861,0.00836466719062979,-0.0123315250808013,0.00530064528965176,-0.0135208729162575,0.00166923916578061,0.0165458529473545,0.00538187210697765,-0.0164693488454625,0.000910184578458383,-0.0229979781335825,0.012655189758313,0.00165411011962507,-0.0397080043093442,0.0202952547135585,-0.0114742952680282,0.0281388978996339,0.00612618430437279,-0.00260581179634765,-0.01859785156946,0.00635617252923568,-0.021211746169933,-0.017372168656262,-0.0338611291011808,-0.00982913904963053,-0.00788977215624553,-0.0083439113375469,-0.0194644450002269,0.0155870604506995,0.0111576323358444,0.010483740123472,-0.0128545932940514,0.00259349265276515,0.0053889069226334,-0.0249111606971546,0.00870232118503554,0.00906354584376639,-0.00760427121066487,0.00941674744623713,0.0262734018885895,-0.0280309738887489,0.000160367433636756,-0.0416823648590312,-0.00908733616830809,-0.00804120889444474,-0.0109600691124635,0.000989239507070846,-0.0244382792228725,0.00682023658723198,-0.00845610635393587,0.0164237042241568,-0.0122672290075241,0.00445315717831053,-0.0218205112174776,-0.00299015541871457,0.00475274392359928,0.0139914762422681,-0.0216943637222,-0.0395322565959868,-0.0225376985315736,-0.0194734523866839,-0.0184212237378238,-0.035797940238922,-0.0327740622765855,0.0109946734444957,0.015602166555031,-0.0133511153761308,-0.00470040398042469,-0.0368225386212923,-0.0104941114377947,-0.0244907060604727,0.0259120269192152,0.016695386003523,-0.00356013847088799
"ETV4",-0.0118551136203,0.00489673229003584,0.0226219629092812,0.0102269466852254,0.0127445960280788,0.00698290882066348,0.0109099465079332,-0.0038634515465671,0.0176717932197925,-0.00299187629000677,-0.0235801415107187,0.00418863246539232,-0.00708393341404807,0.00868404318793705,0.0187661204403197,-0.00887868944718505,-0.022338938343177,-0.0156710301489374,-0.0292596378345181,-0.00737417451033876,-0.00782534248688266,0.001005850929699,-0.0151443228539587,-0.014843617535929,-0.0187644800097357,0.00871525497547525,-0.00551968772982394,0.00357013568288975,-0.00965095767563382,0.00488316952200548,0.0019887091404085,0.0217084166348886,0.0255790813193981,0.0176129674632418,-0.00256154702828012,0.0262816253812561,0.0176953090597996,-0.0136615706158812,-0.00429394257030966,-0.0334711427266981,0.0125694586812174,-0.0170935563904916,0.0152995364725777,0.00755217986229243,-0.00738645296347444,-0.0118869323638267,0.00283923047393872,0.0190579199329344,0.0219274920425753,-0.0489585534840062,0.00247433741887332,-0.00364982275297936,0.00371842449376975,0.00840235069975174,0.00202689649970304,0.00716032728283358,-0.00540555225392645,0.000682266945327094,0.0120438436789801,-0.013636602706673,0.00421220175346091,-0.00119869011723455,0.019173540821663,0.0131149631173033,0.00314691605772207,0.00342063752508585,0.0150163367299391,0.0041343615696718,0.0101139099325705,0.0252320753714881,0.0201437166656991,0.00600532126382299,0.0288861757418766,-0.0291688089352442,0.00695461857927984,0.0326951774596357,0.0215383007013349,0.00365560358995031,-0.00818984742887878,0.00569566316183991,-0.00396235054124043,0.00119748834297281,0.00594219252474449,-0.0476487769190366,0.0263037830775749,0.00740104154942136,-0.000681119413557705,9.8350250483357e-05,0.00197381179643579,-0.0189892070247612,0.016806640594458
"ETV5",-0.0126044783413247,0.0147579575219366,0.0104195620093185,-0.00546291761374614,0.00844157982982939,-0.01662678828635,0.00414662558305492,-0.00319930315469388,-0.00749662249403714,-0.0125314931581061,-0.0065040134378396,-0.016148780225471,0.00260978985639804,-0.0149753745232196,-0.0234527888013294,0.0165447963348487,-0.011688574758355,0.0383616956743896,0.0107647179487952,0.00264514459673432,-0.0277447777727602,0.00615904234469079,0.0213221205320474,0.00302010483261906,0.00732266498104907,0.00252846388072183,-0.0353372867825386,-0.00448378272644635,0.0100775954685288,0.0055169446940782,0.00650720777488746,-0.0185676854550838,0.00620810651984414,0.00224511905904778,0.00517932923586591,-0.0218032260003675,-0.00386897145493968,-0.00810213588807615,0.020417231223941,0.0119349889626901,-0.00464828154513058,0.0338169267501565,-0.0173244911751445,0.00416785867132282,0.00495521990867462,0.00747798035434132,-0.00573982807648462,-0.00194478191286215,0.0140910417654992,-0.0036706967215229,0.00215456654586531,0.0183430808604978,-0.00602611614594865,0.00900299495995816,0.0260637064587772,-0.0175688639633709,-0.00897482799275437,0.0149550375349362,-0.00475702517430776,-0.00836256923219906,0.00755010024886989,-0.00132124288965719,-0.00453932042639872,-0.00429202589357676,-0.0239014656792358,0.00826043646677655,0.00367618569895733,-0.0108122526595362,-0.00157121941404306,0.0215586056091618,0.00445759327563364,-0.0152239473405808,-0.0184509716068988,-0.0136313775096742,0.000169979611352493,0.0167820212593123,0.0228272791552022,0.0179763489042656,-0.000859428912102615,-0.0186864109754756,0.0208686248968212,0.00247545263978783,-0.0419791865609086,-0.00271196088761081,-0.00600732168890689,-0.00846567057561493,-0.00670998025362248,-0.00620476451469973,0.00263624901471103,0.0164127541332753,-0.0108474244499486
"EVI1",0.0127859951910345,-0.0176204957049352,0.007244284755237,0.0118856526179575,0.00928410951362737,0.00014603314293775,-0.0149970482985094,0.0114832180566397,0.0420391109222822,-0.0119158725214368,0.0334410348221248,0.0367724173511495,0.0499196473281244,0.0347845783241243,-0.00740978131850441,-0.013465011804962,-0.00529019606854658,0.0176417923285152,-0.0092962032957192,0.00368845498441127,-0.0345758236266315,0.0300138700224964,-0.0134010450032674,-0.0170148827191384,0.0108545037262104,-0.00883295951043523,0.00360285447982944,0.0023719966532571,0.00649428788108364,0.00677485939148186,0.00317070407145588,0.00378871946311308,0.0098520302376984,0.0484629352630412,-0.0276074810508598,-0.00971230563020238,-0.0258286581390362,-0.0250796816088797,-0.00595634552762828,0.0515331809070673,0.00427984948105096,-0.00136236889719712,0.00124950397237525,-0.0133381437134868,0.0168938764598278,0.0104575194981251,-0.0125634982853755,-0.0223537801843108,-0.00207647771902769,0.0359443181747456,-0.0223144787924502,-0.00725460952881038,-0.018012814085483,0.0385967780923379,-0.00628614619064975,0.01890410140049,0.0093182780434879,-0.00926857467898223,-0.00865410125522168,0.00669079988242966,-0.0137126454320565,0.0122503499740213,-0.0135410705020119,0.0346582972119769,-0.00621312145749684,-0.0384689671690913,-0.0129790724933971,-0.000732281196775799,0.0278747796816261,0.0310656310460125,0.024060859355937,0.0469841934276085,0.0022308954199853,0.0135794712188729,0.0365468333504348,-0.00973623956456672,0.0295281379134516,-0.013938460526352,0.0409907197771829,0.0206043200169457,-0.0211530104116769,0.0423874995728196,0.036038192182298,-0.00297530529928534,0.0114734215086552,0.00256481839940989,-0.00504517321653171,0.0121376475716995,0.0201566667275341,-0.0140251712736137,-0.00559858660478288
"FEV",-0.0257194291886006,0.00657672705384929,-0.0133915680509699,-0.022675885503358,0.00477256291547219,-0.00964981291248867,0.0032543109049037,0.0120286023062586,-0.0127963816629236,0.0135491783798396,-0.0133852554754373,-0.00790954290715016,-0.00424008322994404,0.00763943487293238,0.00105859633833497,0.0114216734026178,-0.0259667314638456,0.0265592239958061,0.00303549765848755,-0.0162713347922245,-0.000658690107129228,-0.0214079137250411,0.00572187842964537,0.00296352777250374,0.0110389547369835,0.00809892615290932,-0.00610554041451161,0.0114222059520998,0.0163561081487833,-0.0395910853578233,0.0239206975321969,0.0129982467602434,0.00833946857957025,-0.0205134418818642,0.0114314754964805,-0.00852894195073945,0.000736400619241501,0.0168132899868224,-0.000971800642286833,0.00900260153801542,0.0066889457914658,0.00242184365106016,0.0128182868404554,0.0126630199638249,0.0301217195134271,0.00187479820507703,-0.00780943389574371,-0.00516552897644822,0.0162501624850806,-0.0115802732588019,0.0120897813538151,0.00741546342441104,0.00729570559068634,0.00124823860648272,-0.00437457253459128,0.00493407035992702,0.00745209641125464,0.0022978442743271,0.00683653155423073,-0.0105148419607541,-0.0199891729542335,-0.00133050228382494,0.00608815792005612,0.00241117152792889,-0.0069062957966677,-0.0083581576324943,0.0387040438775872,-0.00224111644163972,0.0182618163297041,0.0185066070549691,-0.0120161937099388,0.00572442181787393,-0.0036649259234033,-0.00506771568693913,-0.0035469659869135,-0.0164403379841746,0.00490164278817295,-0.0126212490857139,-0.0170536085432342,0.0144241562583517,0.0117704542763594,0.00151522406559299,-0.00371230338909787,-0.00310848507553335,0.00429215706120819,-0.0151121868317473,-0.0110389745620124,0.0139195359003465,-0.0167160886556198,-0.00900216314366711,-0.0117246255248716
"FEZF1",-0.000580446948144471,-0.0101775635494752,0.00679712169179412,-0.00246390716649352,0.00103844680791136,-0.0002735731956329,0.015120186117228,-0.0170515654218171,-0.00905934713792364,-0.0132183597216531,-0.0253851169639283,-0.0221827507026394,0.00320620111256528,-0.00227408698915271,-0.0168576994506206,0.0252619619340327,0.0169596347993157,-0.00490068985533324,0.0229500317878158,-0.00359149503179075,-0.0132690754987601,-0.0078008820008205,-0.00283495636137433,-0.00712459278718518,0.0201570357088417,-0.00335500188667109,0.014370814685908,-0.0272080881079494,-0.00918529063057005,0.0228246867635514,0.000393661302649547,-0.000343467474931906,0.0159681174974349,0.0250622830137985,0.0211499293583571,0.0042883627401302,0.0259138335780183,-0.0045057755530461,-0.00170950902430635,-0.0102170592265337,0.0154384117910855,-0.0105160812997255,0.00378498333727556,-0.0185024223767871,-0.00230759147742096,0.0129803875344513,-0.0037048592575724,0.000121924016928613,0.00756436710122006,-0.00405747270982978,0.0185311602104583,0.000834645317131213,-3.08169974271973e-05,-0.0045406892615305,0.0152141911638721,0.00893961285962253,0.0269305921492943,-0.0138184211306696,-0.00194891599142039,0.0091152152720601,0.0179621445030201,-0.0208759196606769,0.00780534730138554,-0.00422830149650694,0.0316341993299704,0.0216515740975943,-0.0196427560278267,0.0143791560009138,-0.00521438267455703,-0.0104071978445137,0.0418653830979808,0.0173585149055666,-0.00247647462024863,-0.0154833791601835,0.00466285873158363,-0.0023627343783589,-0.000738808051779541,0.00499102905818271,0.0144542864460933,-0.036332550751472,-0.0123152202886337,0.00100665724094016,-0.000813240336568009,0.0116687095120631,-0.0179251979796783,0.0284737703727973,-0.0186929214895359,-0.0123049369259614,-0.00440261843979015,0.000470209589118753,0.0121989128377966
"FLI1",0.0110769250041438,0.000334048999893057,0.00493946750679035,-0.00360260612487442,0.00850616543196419,0.0181444737215024,0.0103863032373628,-0.00563756962514139,0.00280821788872285,-0.00484985685418197,0.0126908711803419,0.0112270507121768,-0.00402031868018892,0.0208767741144071,0.0303354349148713,-0.010838439437351,-0.00536280682290566,0.00180766801335399,0.030017008577725,-0.0029157902009722,-0.0113071791032594,-0.006722550528176,-0.0400122241956815,-0.00413046234589056,-0.00575605026883468,-0.00666344341572574,0.00392521523739211,0.00866028247353804,0.00651694002920041,0.00844663802294539,-0.00253345261743281,-0.0106456361655467,0.0110630953818056,-0.014877289031225,-0.0316269418730166,-0.00441694163981085,-0.0022153822329196,-0.00885004063509363,-0.00273447416552457,0.0107030219886185,0.00435516275038828,0.00508205623966826,0.00714055311929117,-0.00986674670805629,-0.0127560657431343,0.00478446495329411,-0.023940009597728,-0.0158483640633602,0.00185618451458499,0.0127366434333734,0.00183674485271226,-0.00316127240715445,-0.0187082795429145,-0.0147006801860824,-0.00206113182837157,0.0147155977277083,-0.000132452506568678,0.000952197716147235,0.00840906973592399,0.0162896042018225,-0.0229869453563062,0.0132249854803977,0.00942068225058763,-0.00336609225918984,-0.0157940712494958,0.00781238106947852,-0.0170960713418285,-0.00429022777669849,0.00455261060835663,-0.0131412648852409,0.00252016536091613,-0.0127649724712794,-9.72690172429519e-05,0.00191467908827721,-0.00368960009590258,-0.00707313565922364,0.000456948821399556,0.0113585245037572,0.0005407259723226,0.0122087808605931,-0.0056337359922111,-0.00164779083096173,0.0123050412510276,0.0123498541748528,-0.0108780165258612,-0.0100527723628281,-0.0321213454664445,-0.024390152102458,0.00338068061442561,-0.0191198909105768,-0.0105066407053051
"FOXC1",-0.0198856889595436,0.0404377800759529,0.00777106871642498,-0.00586572637966929,0.00457547066011619,-0.0102183000457556,-0.0202759779414517,0.0232033772029334,-0.00224177379375351,-0.00756478090986619,0.0149271392734917,-0.0190882760788532,0.0115918830980543,-0.0168422912827066,0.0414579395187566,-0.0142881573156966,0.00743334204784018,0.000471524095538179,-0.00619413449677263,-0.0148225649458603,-0.00223786887822128,0.014544514513066,0.0247785586248326,0.0447149133982191,0.0219686277200412,0.0467403161323767,0.0148785693684561,0.00494775760023954,0.0382378407149781,0.0518341096636849,-0.00877887296469743,0.0105243464584731,-0.0163317142135542,0.0143670318959399,-0.00148390201285846,-0.0105492748609247,0.0240466012527536,0.0244890590983101,0.0317503223346896,-0.0180023637261265,0.00885436891643184,-0.00718537788703117,-0.00509855064764115,0.0238867241482254,0.0135858533481893,0.0180017960794617,-0.00777782287881782,-0.0263181439860945,0.00339258689359142,0.0313885478928014,0.0214751312828836,-0.0196894477232547,0.00801611033495412,0.0131125830337579,0.0143056858632287,0.01153403060988,-0.0113325241512526,0.00595172954583352,-0.00614534897329738,-0.00854591211226151,0.0392246172503505,0.0170707908273811,0.0242312907887983,0.0131660769652498,0.000844456022636708,-0.0403067500383274,0.00405210757446138,0.0299040720099682,0.00450035542679723,-0.00597233800870411,-0.0509659678817067,-0.0219001805444715,0.0143467081651794,0.0197799423661788,-0.00335728497540098,0.0146460903412793,-0.00575445952332943,0.0438033509319951,-0.0198267318128898,0.0260841598569127,-0.0117139357665104,0.00570088412706516,0.00183501994938706,0.0323974233512814,0.0370947641971663,0.00052582302655165,0.000833600655319284,0.00586644851508913,0.0133618777508467,-0.0364922288494151,-0.00817155987920104
"FOXH1",0.00848406455486295,0.00295033409836759,-0.00231824407649021,0.00526617546282515,0.0181529295576984,-0.0254316219580938,-0.0169494846385733,0.00710962251469782,-0.0325335012085671,0.0261514447602523,0.00668735687505121,-0.0205395603084551,-0.0214430062891587,0.0200320157633585,0.0493279438697005,-0.00426844829478956,-0.0101456251853959,0.00190991264547828,-0.0136393755773351,-0.00586129510082182,-0.00672051231051704,0.0125035061849762,-0.00318997796252923,0.0188113599494101,0.0162823201254444,-0.0290817387520672,-0.00853333411840011,0.0288593272850073,0.035087678252376,0.0440152429701112,0.0293604329761973,0.0121617946994803,-0.0377184904983208,0.0214441511144361,-0.00661398624881888,0.0241771129049746,-0.0120092301767626,-0.0310060174266488,0.0294471946002973,-0.0388665122317895,0.0013233124367295,0.0417159993217137,-0.00443602506251623,-0.00445774007200171,0.00415465085007035,0.00698336990501607,0.00163418094789444,0.000211297536026092,0.0450481881770894,0.00782121238021061,-0.0146574308640982,-0.0221891484220009,-0.00213186580018289,-0.0377251744136601,0.0145552520675752,-0.0124619836916276,0.0508270892612717,-0.0466602407691209,-0.0380786994863567,0.00226624810317745,0.0299401833001617,0.00939244322328465,-0.0169831082684124,0.0361731828633387,0.0554613992387049,0.0036924812613841,0.0114050666358055,-0.00213964018416224,0.0470511361178542,0.0166126896385696,-0.031659087164818,-0.00716658585567086,0.0352526969972407,0.0127074258200975,0.0109602293921396,-0.0364092807624631,0.0166779493507104,0.00314587840123574,0.00255726684336173,-0.00529131296825859,-0.00944995717752664,0.0138524830457176,0.0256709899971892,0.00392276189542475,-0.027297081559802,-0.00902710641456849,0.0111070122409759,-0.0379849783047645,-0.0383817724900715,0.00948623024182856,0.000317888403326914
"FOXI1",0.0444161532598644,-0.0134750434667825,0.00366236505715658,-0.0232420905361686,-0.0168912104854259,-0.0170521822896689,-0.0161858263921067,0.044238521665008,-0.00738369995690242,0.000572660006459428,-0.0181278545979289,-0.010090320386306,0.033963497755044,-0.0444136354841049,0.00312353032953608,0.0320287173983048,-0.0143297847047219,0.000608843439097451,-0.0183974397861682,0.00783535106383234,0.00205939617080673,0.0241762154189848,-0.0100516894110236,-0.0274203170369635,-0.00898871370348699,0.0271355647763981,0.0113133342806815,0.0135271685382416,-0.0162596410490092,-0.0109307612699647,-0.00292437543157535,0.0284820054025366,0.0236537636358086,-0.0418475107396466,0.0328860452598788,0.0010432377112825,0.00419630842579743,0.0178448449619117,0.0335351638095273,0.0430601848575365,-0.00370877052068137,-0.00602338300653923,-0.00402560231592119,-0.00837297451506354,0.0232929139395579,0.0106224225190335,-0.0313535565453622,0.0107047075213067,0.031644073676316,-0.0138824240378985,-0.0209750074093061,0.0310891978625017,0.0358927691032685,-0.0366799884159414,-0.0239632817554434,0.0229286943103296,0.0304628808709963,0.00780088514920314,-0.0230032808003567,-0.0100450861927875,-0.0617394992321673,0.0236756278911733,0.00281018084150953,-0.0186720546801596,-0.0151712529462556,-0.0370230191689508,-0.0122191096145183,0.00404294091575282,-0.0556584649671008,0.020017535239517,-0.0388408218955036,-0.011602900621875,-0.0154248078734879,0.00514644636130414,0.00818128643490598,0.0456709510981519,-0.0382350163079215,-0.0493380223322458,0.0484413364942328,-0.000197381503934785,-0.0555940737779449,0.0245239747747337,-0.0304868715586242,-0.0435366392514118,0.00595746919856788,-0.0117170976050293,0.0306322918737292,-0.00281423301167205,0.00342226781929645,0.00891885509571991,-0.0275192438743033
"FOXJ2",-0.00937660724100522,-0.00465044881404588,0.00694447170741413,-0.0231273058368728,-0.0404694671352975,-0.000300466522904613,-0.0200217664197981,0.0143524553284978,-0.00193953272693616,0.00835566959897159,0.00338197728803459,0.00181290719828418,-0.0311648797711635,0.0108204575188813,0.0120883755492998,0.0244285150296157,-0.00570281360310687,-0.0185059831354955,0.0174898704848624,0.00476763147719027,0.00109221538073322,0.00515470423441543,0.0189223984101804,-0.00738733291270035,-0.0199652029496264,-0.0230260987719751,-0.00842555954714818,-0.0164539821476336,0.00267459815857411,-0.0176329973396911,0.0185599849787364,-0.000943090976160952,0.00207288024378818,0.012846660958827,-0.0203816337497032,-0.00598183837152262,0.000364433741165131,-0.00670803151600707,0.0232568991220412,0.0201528047009695,-0.0418432162079449,0.0148166181363465,0.0331532737162266,0.00381509646135813,-0.0207696141778276,0.0212111034795067,0.0227698097451491,-0.00257112354974772,0.00483521808767155,0.00635043522115269,-0.0261449016002082,-0.00681968495699116,0.00580708454074936,-0.0288476903542995,-0.0155616160571883,0.00962148345245933,0.0270350728785124,-0.0101806726181411,-0.00264960418999451,-0.0144547151134863,-0.0200544264927025,0.00549373748187383,0.00615664708818906,0.00437898004716778,0.0108523241426845,-0.013381501290138,0.0209676804642011,-0.00155701301683228,0.035400054584291,0.027711144386118,-0.0067214099221694,0.0187517089147004,0.0123743384254663,-0.0328104484648687,0.0206523518788821,0.00102986702265067,0.0271385934687028,-0.00732512984182854,-0.0100227723174868,-0.00170596497155991,0.00256206058680576,-0.00548175776146947,0.0278988495286136,0.00810353285929867,-0.00762450167624947,0.0225536644645584,0.0116480311579299,-0.0144436810589551,0.0335109154430658,0.0156100996945326,0.00662438973010907
"FOXJ3",-0.00187651822246749,-0.00480503614224705,-0.00686937622353389,0.0195877314467137,0.0205522347159813,0.0332656797830169,0.0146723304378028,0.0141583551036836,-0.0230650419586276,0.00427699841056914,-0.00797610453813103,0.00718047242085135,-0.0229612567669316,-0.0218721696211472,0.0201597389875512,-0.0107812784889725,-0.0185411391805972,0.00719344399315816,-0.00997856654074425,0.00916487730516658,-0.00574142357631703,0.012353799185046,0.0262312114476365,0.0107378119620189,0.0294326415869664,-0.0364060768095743,-0.00411636734501488,-0.0121636314795156,0.0157027714763106,-0.000815098468212283,-0.0280209746621382,-0.02615622500495,0.0310854893896395,-0.00560100227408941,-0.000663054660745998,-0.00543037321339792,0.00432734882780109,0.0168631347070674,-0.00561835243161921,0.0112235638960388,0.0116867676424068,0.00203306688771184,0.0115264370041384,0.0113146771122151,0.0179591948213755,0.0105774751773873,-0.017112815278371,-0.000656732769883301,0.00918663713102685,0.00858523344032205,0.0237953597244339,0.00671149826861404,-0.0134698198980868,0.0131170316621914,-0.00344161055647206,0.0297685913981941,-0.0131887706507021,-0.0114709004450697,-0.0135602949402813,-0.00416686022278918,-0.00287775596038693,-0.0105299812499883,-0.000647837615606617,0.00731851528473445,-0.0185323414577223,-0.0109113233305327,-0.0193598538772821,0.00285198281799874,-0.0467277142886161,-0.0164339440345909,-0.0231401717042448,-0.0134798763947229,-0.0123859358984159,-0.0163988226494635,0.00262348210715382,-0.0369122203120535,-0.00397056011811637,-0.0189151406586089,0.0261181422740117,0.0312287835032522,-0.00563791370461385,-0.0181399611614102,-0.0028018097864646,0.00107819776576111,-5.07785643790028e-05,0.00218819274807731,-0.0144205750061951,-0.000714705615665501,-0.0128984887299639,0.00267904774597029,-0.0302513722178873
"FOXK1",0.0112228796171647,-0.0183464114241049,0.0130383674939732,0.0312807232463133,0.00250015628402715,-0.00754452794975311,0.0123640968662149,0.00811246739611334,0.00544161002990283,-0.00872725186043021,-0.000252275408941317,0.0168667200851799,-0.0241744536783077,0.00443716717984347,0.00469793654210106,0.0275484513361167,-0.00476796728401232,0.0129663396888511,0.00751592175309705,0.00840337445839336,-0.0283501539386723,-0.00978280758651197,-0.00502259372639108,0.0149596586921098,-0.00934722938777688,0.00482203996921814,-0.00935838890025968,-0.00356703894857495,-0.0140789556995857,0.0162101387426287,-0.00730892648567746,0.0190073397984156,0.0128866096739636,-0.0110851619905825,-0.0236229839296445,-0.0151525762250442,0.0344584192805958,-0.0238334496622783,-0.0463259841472097,-0.00934736009963622,0.033974662485258,0.0491709794146594,-0.0127650231902684,-0.0220894011366611,-0.0242429305227861,-0.0407424824448006,-0.0174367718847987,-0.00710701420975938,0.0220085720147801,-0.0165628643457935,-0.0262074867296636,0.0252147425605505,0.0105839168510091,0.0108906260535221,0.010196670124351,-0.016396166975481,-0.0136519647381856,0.00139939390107371,0.0152321162105098,0.0138950072219818,-0.0308871815604967,0.0085390041236802,0.00935728364013886,-0.0017912360452621,0.0152317758210423,0.0398330138451843,0.00170841717871193,0.0350250221537212,-0.0300721241808533,-0.0383318133136282,-0.0202629936384067,0.000667484464207015,0.00944623031048175,-0.00352122513491118,0.0103116556493311,0.0247572847142435,-0.000765890175280453,-0.00814462665910465,-0.0280155434060938,0.00507352899778326,-0.0156823604334614,-0.00814415446133253,-0.0376984699938638,0.020707282004492,-0.0133037387357187,0.00517902747899062,0.00373491260341562,-0.00724728111373082,-0.00689766853451162,0.0134426938869095,-0.00222119940984361
"FOXO1",-0.0210590798871461,-0.0169049634255077,0.0563317501827085,0.00137976772761374,-0.0226533399473318,-0.0152977447430481,0.023962053007047,0.0161490579810185,0.00441917537912199,-0.00786861071522115,-0.0154432619727535,0.0120684949345526,-0.0108224777223368,-0.0288124696925178,-0.0065360478385943,0.0123137811476615,-0.00315040427622688,-0.000339486405527725,-0.0069920614207239,-0.0187642091132626,0.0021844877172486,-0.00339960540726436,0.0164148973041108,-0.00828659528689976,-0.0252392160851936,-0.00554517762610034,-0.027140256836897,-0.00242017783745644,-0.0216991448866038,-0.0122300226556495,-0.00557194031178329,-0.0366990636225561,0.0183079905601037,-0.0315819071342099,0.0157533223461713,0.0255054991528244,-0.0239604921864405,0.00846031171296219,0.0238955464053628,-0.0384729042343361,-0.0189036087001864,-0.0113722718503311,-0.02229303756046,0.0119392740207296,0.0297380661082077,-0.00432829221119676,-0.0110311202626874,-0.0248459422417125,0.0222776681867342,0.00146969927183922,0.00618797784956255,-0.0340919095453794,-0.0534087035122934,0.0192282380225752,-0.0042096086891965,-0.00887512259081428,-0.020884389791995,0.041157443577477,-0.0111223912069658,-0.00089673964647301,-0.0187211805198124,-0.0081303968392154,-0.0537175877037449,-0.00287414936796332,-0.00596163779616132,-0.00930290165528885,0.000189302452866109,-0.00655323137504326,-0.00729473971200728,0.00852453819974772,0.0380550642822521,-0.0210478631116364,-0.0235352052001719,-0.00626853902455657,-0.0431291365663006,-0.00902106740658857,-0.00804664102691791,-0.0483609677256336,0.0159719285061168,-0.0397212241343914,0.00420134253727866,0.0179892549290163,-0.0201435891491112,-0.0147626834217298,-0.0237809319083737,0.0158515945789612,0.00209224329822131,-0.0205978514410094,-0.00627051841676718,-0.0201206646771428,-0.0199707001742803
"FOXO4",-0.00529694389748095,0.0144675865948918,-0.0208320174683111,-0.00149947049162021,-0.0170473170642312,0.0160496056857834,-0.0126189767341882,-0.014568390936449,0.0272449403756963,0.0177944121346834,0.00285333371247235,-0.00596833638502374,-0.0156298154697519,-0.0044129703667665,-0.0158507072229004,-0.012823142309893,0.03481308574225,-0.0024753573151426,-0.0216812576896781,0.0349304526892746,0.0126493345261168,-0.0176314645332983,-0.00688150074663864,0.0174087038092887,0.0377938886718521,-0.000984640758540051,0.00166157006270948,0.0340130802371508,-0.0421679693867819,-0.0189846890088313,0.00264735798097808,-0.00999025203079014,-0.000619924749844314,0.00635704887316989,0.00817526980331875,0.0388248504244174,0.0269195721441032,-0.00904148403652004,0.00823589173431972,0.0149236251577738,0.0161784629757104,-0.00888624444762715,-0.00793133650253718,0.00483941586804183,0.0150068708849277,-0.0066506503817036,0.0268629113691611,0.00842360485356076,-0.0341805393598115,-0.0103910895530882,-0.017120753688367,0.0251616243692261,-0.0126155396247349,-0.00350654906170461,-0.0199081050191084,-0.0418794731413866,0.0150436669280974,0.0203714668028895,0.00877121317028941,0.0411121648593748,-0.000127801520077952,-0.00312519051161803,0.00623563476140812,0.0325879276597285,-0.00816734335000376,-0.00399239070344425,0.0372364496349016,0.00792849311126372,0.0151693170874424,0.0195362392790807,0.0179543781754511,-0.000700718926884144,0.00369189176740865,0.0139855899714443,0.00203854175142568,0.0182459111912278,0.0217288144245511,-0.00129042758121207,0.0138622920905816,-0.00395169604345693,0.000801556078181095,-0.0248435284074302,0.00104116438516977,0.00593067046153627,0.039080394825306,0.0247197185024277,0.0302633289360665,-0.00470982991162294,0.0228728038840331,-0.0150733294405448,0.00525807908666335
"FOXP1",0.0177703666823215,-0.00939845299869412,-0.0162180340335536,0.0157768552157488,0.0106807198981831,-0.0428996101796459,0.0087072124453949,-0.00802499403209355,0.011311223318823,0.0173425876462962,-0.0348070956495313,-0.00349157942301603,0.0174027268388512,0.00967620985725224,0.00686975884047964,-0.0169261906000751,-0.0165878623635097,0.00168644841793359,0.00100653660335568,-0.00839836211413998,-0.00273659264258648,0.0115681659557752,0.00891751710382255,0.00702775921761608,0.00837054350184724,0.00261710686563036,0.0211907047165779,-0.000756427494301832,0.0165447415760543,-0.0362013052036609,0.000863991834790696,0.00176573484071164,0.011828664104997,-0.00696042735334303,0.0238448624808805,0.0223962098787976,0.00912021925478204,-0.00839033029444034,0.0151626094139927,0.000898823451010887,-0.00803646103283251,-0.0307123856110474,0.0287719109987314,0.0194950213183323,0.033750574280991,0.00264501634349614,0.0159110998215555,0.0313000310321836,-0.00100321855744338,-0.0114942764654305,-0.0089903339012657,0.00794281317062269,0.00150703099998555,0.00922816345967168,0.00990392675100838,0.0181310578194564,0.0285121939114782,0.00440354743990709,-0.0178663896987417,0.00402297815313494,0.00391264426778598,-0.00315079197291518,0.0167007654460546,0.00158595067701446,0.0036134116039213,-0.0037656307165729,0.00326334721050921,-0.0112803544019084,0.0259232132714348,0.004351078472285,0.0218711986463484,-0.000691710276472043,-0.00889285146253023,-0.0273096425712221,0.0125215212584808,-0.0162370728779015,-0.00311222223211387,0.0139536291834561,0.00379071135815905,-0.00218045172974605,0.0124137257820184,0.0139919508841713,0.030226399946674,0.0355128476687301,-0.000605615791932722,-0.00416892510814654,-0.00213952513980933,-0.0151269160577156,0.00452122931701785,-0.019435048628442,0.0079022088839386
"FOXQ1",-0.0130512217740935,-0.0463770633730076,0.00988875943644963,-0.00089095009149589,0.00153953159156157,0.0112952416341348,0.0262196383482019,0.0146178493815824,-0.0139469735038472,-0.0136237383829761,0.0139614351847997,0.0206032280432687,0.0387886255961179,-0.0245902963264425,-0.0218146454986775,0.00976918454573412,0.00822788861465254,0.0215227252565733,0.000761531072874251,0.0172874817428276,0.00177993505883715,0.0147614143992546,0.0129216777206044,0.00831502298745958,-0.0263576871575653,-0.0167964596475542,0.0289514816544047,0.0172698975913329,0.0329133532629769,-0.0070542771850607,-0.0013420265899829,0.0307418120882334,0.0254903416547026,0.00471266612441543,0.0331074460199235,-0.0137341047160232,-0.010323679910292,-0.0159106477664528,-0.0242673651830889,-0.0531471861796005,0.00765976929599318,0.00348754343015827,-0.00282542769388529,-0.0401902550005179,0.0139199224737676,-0.00420779285253296,0.00207878200232469,0.0192683222981713,0.0134627297931589,0.0281665172957718,0.00203921339233977,0.0375599812288456,-0.0146460912826948,0.0340144711473733,-0.0482227960580866,-0.0286325540598734,-0.0238496557997337,-0.00319248362502928,-0.0102600467974428,0.00611217471937141,0.0183329446925872,-0.0234412573530742,0.0135844221448465,-0.0127384940258694,-0.0145646214711334,-0.0127977959078952,0.00514822513013012,0.0172631231762985,-0.0297485020424697,0.0400251531827267,0.0139165106932774,-0.0296574487095877,-0.008539031540046,0.021159774729207,-0.0194742116990663,0.0300807074279487,-0.0181870284625964,-0.0278446868531648,-0.0230854157666456,0.0146406602744773,-0.00259235205719859,0.00695590854477063,-0.00103735163293286,-0.0310722757047151,-0.0125506838467293,-0.0313397727314871,-0.00148986098369598,0.0326753019351379,-0.0330943565234745,0.0241118780629336,-0.0317284361887352
"GATA3",-0.0331647074846834,-0.000485398629450021,-0.0089885759182438,0.00423837593367418,-0.000873098680749134,-0.00476284094285502,-0.0124234956531638,0.00829986914248475,-0.00352091001764247,-0.0121218942658049,0.0211148836554841,0.0118134125173528,-0.0195853500800996,-0.0182899836743049,0.0190282354568552,-0.00312613394064162,-0.0430832248634639,-0.00101600403348659,0.0221996512836932,-0.0397331968530368,0.0255734184820428,-0.0318069583285341,-0.0177549823078963,0.00481541953595141,-0.00412265795912024,0.000758391827147092,-0.00122865271999504,0.00391496764595686,-0.0356601128989588,-0.0458866954048916,-0.0250363109035829,-0.0131083588289091,-0.0194956405586232,-0.0491556329492796,-0.0149828463925211,0.00913498936087373,0.00610609263549252,0.00987653018835089,0.0116814488114028,0.0312699343912072,-0.0087441018898765,-0.00839356624579046,-0.0145837346846129,-0.0356960781158495,-0.0203500861826166,-0.00515724323546949,-0.0183269143322823,-0.00480859470476081,0.00109091196288257,-0.0224238372394329,0.0158769358305813,0.00164634165667944,0.000749105584100368,-0.0283132283759599,-0.00606738322802916,0.00119378229025786,-0.00780772324864591,0.0261277586963766,0.00687282498816252,-0.000793097609892259,-0.0299932647775917,-0.00180797869842854,-0.00827373758393721,-0.0382728931641513,-0.00443378439425328,0.0243458830692838,-0.0105818558181205,-0.00911363318973953,0.00134788198868317,0.0195461331805211,0.00607005855948498,-0.0151740619283329,-0.0299692009581185,0.00189831741219069,-0.0493185586002584,-0.0590317955805408,0.0106872515550652,-0.0199030534193974,-0.022727040102062,0.00122041957618686,0.0341412896559672,-0.00479481263425829,-0.0417997294495878,0.035685451533183,0.0115407537961889,-0.00279760020869525,0.0369124100442135,-0.00595174825179581,-0.0110528425275656,0.00201645921168574,0.0100508094994779
"NR3C1",-0.0462429049614294,0.0389164980944179,-0.0170255840490164,-0.0127671454711435,0.0327636267621611,-0.0609704183896375,-0.0195003766821943,0.0445083180431433,-0.00842557125588165,0.0102807383457783,0.0161237602041894,0.00390204202719986,-0.00744031709998885,-0.00848518573516821,0.0154814681723134,0.0271209695220475,-0.0114172833873803,0.0388016300910746,0.0110043709941106,-0.00928212442594556,0.0487364886078906,-0.0131032731573977,0.0419044696149854,0.0176481059277424,0.00151216717598493,-0.0270065810350055,-0.00864423113509446,0.0385077766869005,-0.0241854899043005,-0.0612853423841883,0.0264461012112026,0.0127164823401304,-0.0270236536168595,-0.0593530193812762,0.0410872455054883,0.0237965607040215,-0.000118674185935601,0.00786212831759667,0.0238746663334284,-0.0571073180089378,0.0349433989368608,0.0381477858097468,0.0199479145758532,0.00238789741716354,-0.0169336375026741,-0.00483140460484826,-0.0224757471443958,0.0213469133223859,0.00150915759703906,0.00379955886094487,-0.0270172317791845,0.0088988295492663,-5.53888875575079e-05,0.0147085108758933,0.0265502629480074,0.0229116536755192,0.0303461455530263,-0.0162094361184786,0.0110051719485176,-0.0182722335025384,0.000962457040650897,0.0183645829588276,-0.00388207459020654,-0.0129110733895533,-0.0349900627481727,-0.0215553406532611,0.0249593318365331,-0.00899102841100741,-0.0539440133323611,0.00772967969943187,-0.0300210399362323,0.0294901434758508,0.00951862496451638,5.82243260930063e-05,0.0378689806578777,0.0045669176339943,0.0545787575387501,-0.00580817724332021,-0.0173874969107794,0.00626936677840106,0.0131740823600268,-0.00121374419589054,-0.000882179019183065,0.00641849353763845,0.0190816864439257,-0.0437402156847858,-0.0228054497161157,-0.0163104704878391,0.0266579981144658,0.000771195216957773,0.00134214722420561
"GFI1B",-0.0600358417247932,-0.0190136896414734,-0.0234838237618787,-0.0309452319860145,0.0206423902380355,-0.0519830169119175,-0.0107237450285118,0.0251954322110397,-0.0345433407919507,-0.0101816572756524,-0.0393494771848644,-0.0365829068951731,-0.00572823450850564,-0.020470671727193,-0.0529549292625236,-0.0437368521252412,0.00890297127422455,0.0141401623650358,-0.0171912119003362,-0.0126275751555193,-0.0394890037778354,-0.00030980181926868,-0.026542786205391,0.0114301686549652,-0.0155863184570448,0.00107957484046067,-0.0429823235338303,-0.0570605114677194,-0.0452586889006887,0.00759639494407476,-0.0406948394472531,0.0297080916367611,0.0339586421005658,0.0222435515724342,-0.0139639076608524,0.0268511245117828,-0.00346138470963974,0.0252460205565406,-0.0160778965946982,-0.0015614844659432,-0.0152801278961599,-0.00908348495079713,-0.0183289304586953,-0.0240577959456948,-0.0173585129826778,-0.00578295251950228,0.00160074243804882,-0.0195496235517594,0.028103190548728,-0.0143258828337145,-0.0235582184989763,0.0275852521059127,-0.0232603859779916,0.034727154104549,0.0109321676146087,0.0513219651133637,0.0507100457774366,0.00492717062941877,0.0174317042147544,-0.0147959147181944,0.0205688121883975,-0.052412795102765,-0.0101084496179601,-0.0358207032698403,-0.00718125768379426,-0.00856503798797059,-0.0703677552437277,-0.0206974302499352,-0.0244855693718903,-0.0314331856167349,-0.00225739307344111,-0.0153049993177914,-0.0507118991610315,-0.013386058808407,0.0130853252782169,-0.0416655628246067,-0.0414548423065147,-0.0232472407926841,-0.0112393069763716,-0.0321178902477157,0.032860037954939,-0.00971459795542599,0.012612305070581,-0.00716680293415024,0.0422450245791113,-0.00748937216935215,0.0163106137383631,-0.00478702160071924,0.0137661476975453,0.0242454790760685,-0.0423112418374305
"GFI1",0.00920630795611329,0.0267771695050873,0.00190348745126628,0.00921693990937624,-0.0103350145131181,0.0379198861434769,0.0200609946346227,-0.0174803805192031,0.0352060738477393,-0.00936455510144557,0.0511658516458312,0.00101412264197515,-0.0319817142408598,0.0480138325748364,0.0285941967403275,0.0641653181441262,-0.0186928030282213,0.00807292630096927,-0.000351467580376076,-0.000149863371925148,0.0414232081283879,-0.0107253937103856,0.0202558416100198,0.00562555347482085,-0.0247194914188621,0.0307617156049688,-0.00978877515894677,0.0229667839041341,0.0389171924067305,-0.0151635855322599,0.00932231867162727,-0.0131088115773113,-0.0567341945320269,-0.00601882280583034,-0.0147555377969343,-0.0161129596762656,-0.0234226571526815,-0.0197422759221849,0.00692109739991568,-0.00193793787605028,0.00802703040144266,0.00433129485104486,0.00269563125049218,0.039866792942408,0.00371429145337146,0.00895938364035797,0.00931602615687181,0.0158232003205309,-0.0211852942649759,0.0286995672893805,0.0223367748897177,-0.00874262322959917,0.0434005828997519,-0.0229836108526347,-0.00666224539121168,-0.0910184075526254,-0.0661700814615017,-0.0203339274468334,-0.0147024769075646,-0.0144845004356754,-0.0541902738091552,0.0159633663842997,-0.00692260081693161,0.0187896224901856,-0.0103301470560449,0.00573630807088744,0.024918438420161,0.0300183860368663,0.00307850700121539,0.00855700811548137,-0.000177971809587616,0.01934892098747,0.0300501226343948,0.0267097181951237,-0.0080709831044979,0.0439700149920326,0.0382551138961543,-0.0178707788286905,-0.0162656616336874,0.0238383673580646,-0.0295970573892236,0.00252028265164706,-0.0316325714700374,0.0243096737272741,-0.0376650252123162,-0.00726309063567033,-0.0246839215945414,0.0136586825471528,0.015117709370501,-0.0201675399845882,0.01509550679927
"GLI3",-0.0248062343471465,-0.0421029684013337,-0.0251944483934355,-0.0286067588309282,0.0548314703099231,0.00863572615061091,-0.0236437604252829,0.0176233957115712,0.00531661224432775,0.0134566196438224,0.0123219333283205,-0.0116569001541107,-0.00655698570549522,0.0287843390719038,-0.00699180918945946,0.0134149976583523,0.0334971297243895,0.00764008426123017,-0.0139885934371454,0.000645925069307272,0.0277764056766119,0.0337430033015358,-0.0103498379215117,0.00246472380743967,-0.0238426424973507,0.0151320088605817,-0.0125583472350436,-0.00899260669203138,0.0101537524261908,-0.00696058111666889,0.00380034732762594,-0.0202118136913929,-0.00661123603590166,0.0187632174154423,0.0655814688860713,-0.0101149087779494,0.0234863814484049,-0.0409362947867369,0.0123066653967626,0.00667236125875059,-0.01594491638615,0.000937226591444661,-0.000304388543618899,-0.0401730844809457,0.0286405479000545,-0.00947716716148653,-0.00989002491902168,-0.0108481931480819,-0.000322978320934706,-0.0256315365261893,-0.0137926093975034,0.00514249843918572,-0.0167451430420432,0.0121101373666264,-0.0106745502658831,-0.0175257167452298,0.00174452406791947,-0.00944742048052021,0.00322768130773881,0.000135389567981904,0.00708223339709366,0.00857201936043184,-0.00466640811219392,0.0130558010452991,-0.0320229880925947,0.00107304453759285,0.00455804490176284,-0.0229872681497235,0.0133181829029676,0.0504768109235632,-0.0128925366207342,-0.00423208741800244,0.0289008963380349,-0.022331224574595,0.025326857667499,0.0159488947237146,0.000913983165945635,0.00678224671850782,-0.0271926919603649,0.016066710715923,0.0238851097420072,-0.00182106713744625,-0.00953547261614651,-0.0203130995930444,0.0258040492222013,0.0171643157032581,0.0109155415417976,0.0224897133746599,0.00672692769510703,-0.0116233888051392,0.00771323097900798
"GRHL2",0.0395856880407375,0.00373231443184559,0.0326244781891102,0.0121678639621052,0.044347855459848,0.0408106705381358,0.0416842025707508,-0.00568754965742358,-0.00714015516846802,0.0744686906947059,0.0135950138970363,-0.0195249062257024,0.00567325072128369,0.0163532235306274,0.029548194628638,0.0670874723684772,0.0736533043685069,0.0294897727051048,-0.0149969081486915,0.0299650766905714,-0.0378679313493085,0.0335723799056786,0.00016227072255066,0.0315425660444575,0.0633523670885563,0.0212694585892096,-0.0218032076084657,0.0214379638466172,-0.00111365878741581,0.0213449737667011,-0.00881599937372698,-0.0254193457738401,0.0757785004565513,0.0130774033768813,0.0667504849584645,0.0190563001105701,0.0164708884783882,0.0127835954600361,-0.000616372846959284,0.0397893861382418,0.0140363886424569,0.0326143762100814,-0.0293114237521025,-0.0485706868378697,0.0123450861644957,0.0475040836587577,0.0496390332991908,0.00611480378115642,0.0235846893194195,0.0338509280062029,0.0492955998407619,-0.0114033379906836,0.0203651636954132,-0.0192298699703064,0.0229839754907858,-0.0110543443259395,0.016459927663956,-0.0284183467087718,0.0496908743424919,-0.00162662283801885,0.0360154876563434,0.0521412217430169,0.0318409764854726,-0.0124407957777842,0.0521079129054506,-0.0393996205891916,0.00419953107236028,0.0142121728080697,0.0151833709736776,-0.0030474889744843,0.0696647033679368,0.0207216398671682,-0.00717607513033031,0.00830405963082192,-0.0769961948709364,0.066999471703567,0.00714026905358107,-0.0295178585771582,0.0353435301444254,-0.00137385335061168,0.0189036501022853,0.014830370229473,0.0227980591906706,0.0327834846649606,-0.0120380604050097,0.0459953710127283,-0.0202625399965593,0.0374191056774072,-0.0113220918665929,0.0560341052239034,-0.0160734359400828
"HEN1",0.0193651322269405,-0.00062288787548912,0.00658047071113068,-0.00530964318278344,0.0081616649307496,-0.0217510183364262,-0.00330261886097528,0.023307535438383,-0.0177090530265392,-0.0213511495366926,-0.00924210235461935,0.00792138371178482,0.0125561799546657,0.0147224981266681,-0.006710269612288,-0.00979514226788548,-0.0393291443277996,0.0260585685510639,0.0110436775081177,-0.00506493070638469,0.0163980479943802,0.0270926459300635,0.010937427191672,-0.0304907670673665,0.0104255474704133,-0.00272150651571882,0.00157799636462687,-0.0332150652829236,-0.00901228543544132,0.0304536513809046,-0.00194778161773198,0.00612969866827563,0.00876729179613386,0.00964599189869234,0.0085072165359171,0.00679916200308581,-0.0172467081409977,0.0203886493594086,-0.00127016930478199,0.0391567043379639,0.00228274637431392,-0.0110652784084643,0.00306306909450406,-0.00890322693425848,-0.0132682131324467,-0.0227444886694491,0.00369281517190247,-0.0101569257769028,-0.00933197225180136,-0.00848380238285935,-0.00667008362652297,0.0116118407368284,-0.00322775350348914,-0.00718462698240758,0.0189540194822435,-0.0126935203518497,-0.0180352756323757,-0.0155847967897394,-0.0107592349386317,-0.00864164358706878,-0.0102380869582778,-0.0039264915690219,-0.0117627898451805,0.00347446924088483,-0.0312923780328782,-0.0137687556358428,0.00532255597800951,-0.00462596120869982,-0.00357738106654806,0.00836836712307768,-0.023734522381769,0.00154351551733407,-0.0189603815505538,-0.00399374971918186,0.00609257813203152,0.014413960901787,-0.02919085390914,-0.000540752528382366,-0.0340272413973511,-0.0265480102239893,0.00909813983277233,-0.0228691470026573,-0.0204989401604451,-0.00318698983831951,-0.00538606838847714,-0.023588673132135,-0.0159784423398753,-0.00321837010164569,0.00145326223814338,-0.00113166471863658,-0.00980799875701215
"HIC1",-0.00527367905813254,-0.0154802654202072,-0.00763575942829777,0.0113448394054101,-0.0185151538735462,0.00836238409006937,-0.035568192752451,-0.0254021082605744,0.0104103032143289,-0.00274770781799557,-0.00404196710979884,0.0141868122162008,-0.00256725032471349,-0.0351499853946356,-0.0176976358490785,0.0120350353759332,-0.00641550489078274,-0.00576430333379889,0.0236696813786212,0.0205669813781509,0.00216763945686139,-0.00763031233835314,-0.035931509188782,-0.0123086270775108,0.00403504670966605,0.0115229590011178,-0.0410496339474342,0.0197347852234324,-0.0117040897259283,0.022140198203035,0.0136886875058767,-0.0165026718617938,0.0503681421619299,0.0291275716873608,0.0250237678861922,0.00865460353261472,-0.0113983017172937,-0.0062573431312732,-0.02603665788047,0.0621333511047212,0.0191536011736364,0.00642106875250635,-0.0250573506023833,0.0137200555718452,0.00576583007861879,0.00356091814467827,0.0615659567053612,-0.00274965140712286,-0.0144410972971287,0.0167722775653381,-0.0377550825963272,-0.0233916876586212,-0.0163673242869382,0.0184760777619707,-0.0369129714638374,-0.00130141626201811,0.00744964321431426,0.00714615106810106,-0.00307375526273696,-0.0157558670759716,-0.0226069525363245,0.0458861415935468,-0.0223523233946587,0.00697575389383306,-0.0139479848124964,0.0188027142529519,0.0428613409124399,-0.0196715899071664,-0.0131714674241406,0.0115621334201063,0.00992307953822751,0.0274268331905774,0.0215517882190757,0.023190358712851,0.0228747767386793,-0.0172248242414171,-0.0188042155495951,-0.0119305623928685,-0.0139067904558802,-0.050664992904356,0.0543965256437528,0.00410399859149125,-0.0446845076424775,-0.0174087248816483,0.0355640322049382,-0.000165947809853261,-0.0115920397705563,0.012784121648348,0.0165952396347923,0.015710686584827,0.0281593713603452
"HIF1A",-0.00104620547703519,-0.0307238352589343,-0.0202759514720949,-0.00295868764006319,-0.0193791291505932,-0.00591532638591705,0.0453972843336332,0.0190902073747345,-0.054472693842792,0.0162271045171218,-0.0304759536299203,-0.00780206213205739,-0.000874751249233119,0.0370497605852858,-0.046223931500977,0.0123439696982491,0.0240890953819611,0.00949954666978077,0.0766170884661245,-0.0236430888058992,-0.00569818450094242,-0.00137424377604607,0.0917527109960337,-0.0242905541933508,-0.0491900562587102,-0.057963002282715,0.0446397842597246,0.023265454978892,0.0167421192159536,-0.0323418170275251,-0.0581710106706145,-0.0328134103771716,0.036405877568259,0.0181814389452217,0.0293087547112031,0.0318152268691115,-0.0501098631013982,0.104531737252968,-0.00142902494748727,-0.0262741733883785,-0.059132414274422,-0.0583336573591462,-0.0293143804519253,0.0309303532130957,0.0069701911789066,-0.00882754475299503,0.00172192230201233,-0.0892622911057322,0.0255503982190463,0.0032631675105298,0.0171615596830556,-0.00861379393316158,-0.015041957438634,0.0544703609964662,0.0282514697881563,0.0327995214797993,-0.026749869696195,-0.0742609847805507,-0.0360456575876554,0.0238283489135143,0.00461805833721281,0.00480929502872216,0.0535893484146122,-0.0185331626968041,0.0350940672071888,0.0189610354159497,-0.0365228189556775,0.0427681470312085,0.00314693570273128,-0.0263656653689375,-0.0241251287834107,0.020489845415681,0.0093222387687618,-0.000237341163507874,0.0165937269106869,0.0404385325288676,-0.0357340397699669,0.0118974834317948,-0.0645788589912622,-0.0503714341435704,-0.00547359436317158,0.0358516431850357,0.0480358717483671,0.0212279436091097,-0.0130337541354041,0.00337065014768233,-0.0674077595974095,0.0240339079386305,0.00926123968190773,0.0246085078468719,-0.0638049020738354
"HINFP",0.00773773464872509,0.00212093850444571,-0.0226814626711686,0.0400787541488318,-0.00152062465178201,0.0196028271390281,0.032400706194239,-0.00100736716243621,0.0277963328764664,-0.0482034276132707,-0.0310364775611309,0.0201403762951185,-0.0118912262214185,0.000259048581264902,0.0242619956219215,-0.0718655958428139,-0.00500257255390759,0.0702086708656039,0.00543986486035214,-0.0288175736778277,0.00634726181918736,-0.0465593708640268,-0.0533851856056153,-0.049054446423901,-0.00283510589681118,0.0073632261057467,-0.0261973473719016,0.0100549078803066,0.0368612912806709,0.0371192842567463,-0.0203015336156784,0.0130686775534636,0.0153544819527439,0.00699926574502111,-0.00369352276168995,-0.0233606500850065,0.02832452074832,-0.0146903701891931,0.0724059462248775,0.0177471166083834,0.0265550385068722,-0.0194128562910421,-0.05642514356394,0.0177510824874596,-0.0525216746328382,0.0174836864286775,-0.0164126301420203,0.0377992654277868,-0.00995181439451757,-0.0178521950469572,-0.0273708421871039,0.0458520799155993,-0.0255763634351119,-0.00727004791423795,0.0155519924853612,0.0552372543136019,0.0377585776413405,-0.0386916240095054,-0.00269534793508012,-0.0055338502180508,-0.00956101893086363,0.0356388888590154,-0.00388976298431922,0.0087101253374268,-0.0467676429933872,-0.00310047649658638,0.000910538227818634,-0.0153883926876595,-0.046262773359833,-0.0121868887518483,-0.00714316513489642,0.0175446648225482,0.0287293344469544,0.0207645532111609,-0.0543573958813951,-0.0574533677756638,-0.0303861669316331,-0.0149465462664136,-0.0294657355376241,-0.0054936956878115,-0.0178479090178451,0.0194778251913684,-0.00976320991693642,-0.0183089410411155,0.0272611670327419,-0.0816542366976824,0.00425712838699924,0.0250056628881579,0.0122936833485604,0.00116435463113554,0.0595737710033416
"HLF",-0.0387762420645179,-0.0411936152494777,0.0275042778701019,-0.0228050211191239,0.00419779221679676,-0.0596625476023361,0.0184768314771002,-0.0852068242934888,0.00180669824885182,0.0211434679332631,-0.00510202715419272,-0.0717279295692266,0.0130689194033319,-0.0295229687746242,-0.0121703656983877,-0.0189638894203248,0.00847868852059734,-0.00183903525451831,0.00637631320190476,0.0712788496477143,-0.00354376099314732,-0.0247632988652332,0.0084954142122486,0.00178442670044068,0.0193645844623849,0.0778986984958715,-0.0415664906157395,-0.0123132411593506,0.0078081717843709,0.0523147508565188,-0.03131505119173,-0.0356420404154498,-0.015791628927852,-0.0257683853965109,-0.00634450917595849,-0.0151733672449417,0.0374322988109896,-0.00149942362425487,-0.0506087151813989,-0.0148321731554373,-0.0222046408073154,-0.0318768418952843,0.0354311991147489,0.00706020975645263,-0.000521508276734109,-0.0573453154596844,-0.0154548482808151,-0.0478656962073926,-0.0090311856827075,-0.0729667563888539,-0.0394856149795509,-0.104142355540653,-0.0472233181482792,0.0209872905508306,-0.0611315583992198,-0.0252415497336967,-0.0300311775616452,-0.014960777427295,-0.072322397364316,0.00720225007712013,-0.0836968913294062,-0.0153020760861831,-0.0139714790942926,-0.00415520578522381,0.0193435848351832,0.0121090454288442,-0.0132452513573089,0.00959407712649354,0.0168080299033138,-0.013407924549549,-0.0362368273394906,-0.0689372597634618,0.0174595896833982,0.0275176191113335,0.0156778025693583,-0.043645588841241,-0.074891231986482,0.000611290201761754,0.0012518260630137,-0.00875033057979344,0.0459239574367322,-0.0133364285488129,0.0202180410579118,-0.0117472240374081,0.0347754496018703,-0.0382535797349423,-0.0388724773494361,-0.0117559429467302,-0.0032362997466904,-0.000495303072142248,-0.01731108304869
"HNF6",0.0422037944343088,0.0175815534816825,-0.0116781864639218,0.00782513890319623,-0.0267293231518407,0.0222713363974574,0.0171714453530249,-0.016665150470265,-0.0160995343390674,-0.0110711763225171,0.0283682219771114,0.00560353518271191,0.0210044528682749,0.00415626093268017,-0.032087903801666,-0.00669599585494551,-0.0252313706201271,0.00964427657714063,0.0199285170178042,0.0241297152483244,-0.0266434114117291,0.0148470127791485,-0.0155821919477643,-0.0165243938056847,-0.0191110183206003,0.0120784144398794,-0.0297401946606949,0.00499033989515878,0.0360086986175832,-0.0369679369068891,-0.0112885144737418,0.00346652982469768,0.0232033135679538,0.0210946895189146,-0.0220838267048273,-0.0327133407982826,0.0437031189537516,0.0329932082339705,0.0139607277002192,0.0203533656545023,-0.0115556390146125,-0.0320445844822124,0.0377229887064971,0.0197003159513679,-0.0022978933904151,0.0441207435921656,0.0346158476115568,0.00698293254679415,0.00407137873285882,0.0239536211321147,0.0254251601421094,-0.0357777845459681,-0.0241626908268105,0.02423845500037,0.0865264923928804,-0.0135970438772103,0.0135111626121902,-0.0149637745899323,0.0148325460274302,0.000283806461231829,-0.00173564114059669,-0.0119711509130126,-5.65357019283472e-05,0.0171081312513908,0.03768065250912,-0.049642466299331,-0.0509652346377623,0.0134469427824129,0.0119127059824087,-0.0264340705031007,-0.0428840725806634,0.0299596651766955,0.000998452260422907,-0.0598359015005694,0.0574716342854626,0.00266543174136225,0.00598651477735704,0.0238759393246626,0.0274366783732241,-0.0504605286899311,0.0446157182611575,0.00267503609841046,-0.0227620502256748,0.054859407364965,-0.00128033807713585,-0.0201070414836212,0.0249059761688858,-0.0407553084412539,0.0571212369417429,-0.00559001366965708,0.0245315165125835
"HSF1",-0.0357166989763942,0.0153203181967727,0.0104071086959367,-0.0106899842768814,0.0460193261086705,0.0152222897201966,-0.0364811239629193,-0.0103251006762536,-0.042797553306894,0.0153125045844543,-0.0109026320662907,0.0156592022311864,0.00474521319552695,0.0290243854460601,0.0217720232268187,0.0392969926302889,0.00958427400596107,0.00336743228246921,-0.00856653548949866,-0.0214181670732125,-0.0101338777349662,0.0119591340750611,0.0160415369457161,0.0155174826659532,0.00304946027244964,0.0561120203243725,-0.0147785265082332,-0.0106495261919449,-0.0277705311512626,-0.00247628149258262,-0.00752718752551533,-0.00151453751864714,-0.0435808308098613,-0.0206750405693352,0.000663161750904893,-0.0356030116701021,0.0135939411839196,-0.00262874649384714,-0.0168501228185054,0.0615611462171465,0.0069354852636526,0.0398886478364544,0.019225548520034,-0.0132147108694283,0.0595110170112982,-0.0106704158154197,0.00957285969911823,-0.0305175088346217,0.0150362687473338,-0.026614914037825,-0.0014987811098571,-0.0254921615965996,0.0117261829252127,-0.0295846373742211,0.00165571859461233,0.0240080970631367,0.0133803391280852,-0.0118791191834159,0.0179397076046917,0.0282376900931556,-0.00390887589193176,-0.0265704051839944,-0.0206220586784032,0.00265178559670481,0.0137718185692964,-0.026077695480386,-0.0476729967405908,-0.00537268204199861,0.00454069005793632,-0.00691075997384733,0.00286148515840071,-0.0326413395335892,0.0213789564862804,-0.0195866349196191,-0.0177483725031169,0.023104136622595,0.0090072555855904,-0.00234396808793242,-0.010879608818855,-0.00684261982630286,0.0229957713915944,-0.0190449162029463,0.00664575868668322,-0.00430171950986078,-0.0298436618777424,0.00362175400259643,-0.00559300244402959,-0.0453593748143057,0.0285960544625741,-0.037109523018877,0.0314908786572853
"HSF2",0.0627846384751202,-0.0215225325351802,0.0374518535434108,0.0176296641578233,-0.0334285589788052,-0.000376437197156285,0.0390989803621012,0.0245263642965322,0.00572317123122988,0.00520658384522878,0.0320308213788354,-0.00109237259020985,-0.0226101774901454,-0.0239325466446703,-0.0455420143687462,-0.01205723288551,-0.018647570726644,0.0411760694132453,-0.0412116204295328,0.0173473227287637,0.0311924423063403,0.0236623696834208,0.00125969257662398,0.0196690971913758,-0.0166522627623263,-0.0130559199044832,0.0522738401695165,-0.0289873536409379,0.0292787573936955,-0.0101818110682919,0.0194953814322139,-0.0378033332410294,0.0563273493033969,0.0149466068217748,-0.030474257737834,0.0112546231732864,0.0144211191973175,-0.000163415991452573,-0.00225269865122421,-0.076771625109074,-0.00435477743971004,-0.0200383001410401,0.0112751488633094,0.0202675062496318,-0.0492104576694845,0.0599730281090308,-1.19126091292621e-05,0.0330874717030337,0.0226876071390348,0.0415595394529193,0.00807330729946754,0.00498100152765338,0.0156599331068426,0.055915949672967,0.0206347161968888,0.0123970685335247,0.00237412996892807,0.0203452802107049,0.0169920428579021,-0.0206889365354853,0.0177919818917671,0.0594463608184561,-0.00348622623858259,-0.0177198242458341,-0.000970252783926546,-0.00840224479179254,0.0294916822471459,-0.00610423480135238,-0.0140441618180259,-0.00325627835881031,-0.048107674275034,0.0363224722695445,-0.0350011615140993,-0.0244493565717355,-0.020773957615735,0.000106990150309476,-0.023824141040506,0.00135154965586424,0.0549275831014512,0.00482083440767597,0.0115254746937504,0.0170038881400233,-0.0185199012220227,0.0339316258429617,-0.00985481395350614,0.00269130977896296,0.00324974239545604,0.011829549069166,0.00929655939828811,0.0197102239800115,0.0146160159615695
"HTF4",0.0115820700104768,0.00366602670809429,0.0178048993648465,-0.0329479513930719,-0.0278883462730561,-0.000537574167866276,-0.0203935168992764,-0.00138443106625967,0.00299768312212652,-0.0324919357770434,-0.0171196995632593,0.0155594475111842,-0.00475359737549451,0.0250472320321108,0.00162729590278297,-0.014755636096482,-0.0118384027697444,0.0141692698679846,-0.0220184323506043,0.0139816299047939,0.0155682738667914,-0.00804973144038163,-0.00290731453520602,-0.00991429479937573,0.00929941724397777,-0.0255570716814384,-0.0104111224371786,-0.00312452338283333,-0.0401823614452154,-0.0156416301256097,-0.0268004829074526,0.0331271166638376,-0.00095838209228513,-0.0172907386571093,0.0173536185250385,0.00773639031264299,-0.0180697857745021,-0.00976424352922991,0.0220224739031385,-0.0277738279011241,4.96287332078348e-05,0.006074840517133,-0.00781420378993467,-0.013442315592497,-0.0138738560459213,-0.00342100097630481,0.0267146920865687,0.0129054879807645,0.000401003183895975,0.0175743415447834,-0.0114379422290958,-0.00249202965899442,0.00776499664094343,0.00897531734539559,-0.0071519088344836,6.51895816165296e-05,-0.0331814520828094,0.0144736278239112,0.000369989483426084,0.0321880758064129,0.00826683086722288,-0.00536817182634693,-0.0035308387660138,0.0359994714703179,0.00891222749386549,-0.0218939302763164,-0.0092679697754928,0.0313916200939321,0.00447778423533272,-0.00771114734380629,0.0268152216166467,-0.00892137887560941,0.00637153303878363,0.0221429336380021,0.019296589257006,-0.0232695578930297,-0.00125784266578259,-0.00364987095376591,0.00177648214703141,0.0260558292587622,0.0149990654097588,0.00894264834303119,-0.0142176632628925,0.0190645424386908,0.00309406512617772,-0.0059624348452075,0.014802776931612,0.0117440078483388,0.0137033829994888,0.0154894747315876,0.00982767847779289
"HXA10",-0.0167059796844424,0.0315121106735105,0.00147297186450776,-0.0174027716716432,-0.00647208265170842,-0.00497424038861985,0.0123945938232409,0.00211452693364917,0.0109633832580656,-0.0413354581787207,-0.0220041080021661,-0.00398847528648783,-0.00881403837777357,-0.0192676961312913,0.0196382153741635,-0.0246708057437737,-0.0182336639082237,-0.0265016036943576,-0.0220247859311034,0.017349262544623,-0.0385706229423177,-0.0145040275174465,-0.00986311115655927,-0.0370414516658375,-0.00762139672925784,-0.0112657066747522,-0.0201622006337843,0.0326717777393779,-0.005231070602366,-0.0244375252857181,-0.0451603181646471,-0.00453525269114169,-0.0251412159099213,-0.00441623676170544,0.0413060780904059,0.0185535891583507,-0.0400104840128822,0.0429038646484436,-0.0187847907081776,0.00910792814002418,-0.00764891229649316,0.009348372687247,0.0036900806972772,-0.0167448610283087,0.00182985696704149,-0.030413530510838,-0.00292489816861271,0.0116727420407183,-0.0601264902770729,0.00625460050310616,-0.0475912684906895,0.047852722516671,0.0297988273135006,-0.0357278809588999,-0.038551932077909,-0.0435242085584059,-0.0238849967906643,-0.0265165730207806,-0.0298174803878228,0.000772700124690314,0.00833562373958746,-0.0121582766264347,-0.0116638557028132,0.00564007317159434,0.00699756333013678,0.00543822215624485,0.0186589623262063,-0.00453760284711328,0.0342375870902918,-0.044589090394208,-0.0115889001377845,-0.0336087237178035,0.032738339507972,-0.0142242319740422,-0.0490262428711249,-0.0257310255563072,-0.051161360875872,0.0238418955885413,-0.00710089818216427,-0.0315012324360408,-0.00771785706672729,-0.00285954452181611,-0.0393966411032061,0.000843456802332073,-0.0288686358088884,0.0327523100144256,-0.00375913663491339,-0.0216225207855389,0.0286304036120464,-0.0329604675120833,-0.0498527779778674
"HXA13",0.0115032347120647,-0.0379816250560752,0.0331518035705749,0.0344857079401019,0.0212186642663203,0.00756177275320867,-0.0194117244404601,0.00115471858877495,-0.00933172267409309,0.0218970896409842,-0.00385908916349842,0.0116630608269026,-0.0528675284913653,0.0327666667537833,0.0391552584520426,-0.0147814643281753,0.0154593088398458,0.0132418761579889,-0.00218960018293306,-0.0404688789392262,-0.0119196007216937,0.0052592877013372,0.0129569988088516,-0.0160897426597065,0.04276123179139,-0.0495932311492252,0.00332142451786812,0.00821467520300202,0.00766913752132158,-0.0023328070621399,-0.00700751405862061,-0.0168762027518364,0.00890152581039766,-0.00316838530588556,-0.0149594049398093,0.0185190756722832,0.0137688189448181,-0.0099136234926888,0.0206298301142767,0.0200530259434046,-0.018508067056208,0.0481972959852365,0.0413354116963203,0.0269941917242931,-0.00570123795265705,0.0222930009873855,-0.0377926713301076,0.0164307859014688,-0.0103206681778213,-0.00599170005889958,0.0275364060746258,-0.0220927623603411,-0.0409420597021392,0.0106011172582944,0.0514992715226418,0.00839731406151561,-0.0157418218250658,-0.0102958569699114,-0.00775530376232026,0.00204030866663192,0.0113545013442868,0.00788771702582182,-0.0451820035581234,0.0504231526215124,0.00414164509621964,0.000751805495589385,0.00982958353511929,-0.000229445601119277,-0.0209785860279404,0.0482236613887507,0.0166070912943647,0.0584506953992509,-0.00893758822113673,0.0413495076247611,0.0230520523017397,0.00298483998889793,0.00202540681168034,-0.0106875751644281,0.0334049709993937,-0.0379274673201364,-0.0348994588826249,0.0147207214509586,-0.0184223811915166,-0.0505974478893093,-0.0303728479049702,-0.03216361758306,-0.0173220660625948,-0.0396517011711682,-0.0557240649135914,0.00940881945000416,0.0134419830082064
"HXA1",-0.0113851711300845,-0.0334838954090821,-0.00860441454243264,-0.0238324998787501,0.0176221075723987,-0.00294741807033612,-0.0316500770883627,0.0297871069950679,0.0162693085698702,0.00833869050784783,-0.042968620152961,0.0284214024005474,-0.000412871838220402,0.0197495359995073,-0.0134631719609725,-0.0214455431216749,0.0183113179410806,-0.0468469012226377,-0.0654875629767517,-0.0149830903174268,-0.0451884173821286,0.000135501124086721,0.026197706593766,0.0519807931047656,-0.0261562630601069,-0.0272839269530837,-0.0337167317077281,-0.0509904974207396,0.0319083676316377,-0.0267704192301414,-0.0619405725782889,0.00393956193640375,-0.0167167958193175,-0.0560646624186603,-0.0574149035456426,-0.00996573282300565,-0.0066961873991603,0.0306295409401132,-0.0147641244005333,0.0334212815857632,-0.00872279349720819,-0.0137885383626862,0.0348726838781901,-0.0211134576145497,0.0107907876207368,-0.0184135120217221,-0.0131319796389123,-0.0152445223111224,-0.0169308966352344,-0.0272183223853131,-0.00952748546404436,-0.000515375411630171,-0.0227299876004406,-0.0290714952991615,-0.00613287602041886,-0.0431476487346752,-0.0143088966594046,0.000776721193354162,0.017427432820543,-0.0415781866403423,-0.0255060593767845,-0.00179450146209899,-0.0196041467904817,-0.0129371559441293,0.00562371680408201,-0.0347602938700748,-0.0100001668320716,0.0124891688316382,-0.0170983610389201,-0.0195904764055479,0.00975575075448537,-0.0286772656914632,-0.0193493727123619,-0.059372081106435,-0.0194153472203845,-0.0321243197726375,-0.0427459015235394,-0.0175404265611755,-0.038978973104033,-0.0383904307853756,-0.0287535917979493,0.0195082312777799,0.00203949100614985,-0.0018974376526976,0.0101028120616449,0.049128924570494,-0.0103100669219747,-0.0186416900069164,-0.00728462466026034,-0.0302051771438207,0.00151239973113482
"HXA9",0.0345912970334607,0.0192395021840967,-0.00417155772163958,0.0159962045301603,-0.0473945793739537,0.0344263898003247,0.0293293607951209,-0.0422379832197907,0.00880788276326933,0.0212903236952391,-0.003363925209251,-0.0111001697040083,0.0324027737835356,-0.00540581821357519,-0.0242261195307827,-0.0554095198206321,0.00119598975304195,0.0198069858922067,0.000994612539890403,-0.0697723736862371,-0.0179415030059362,-0.00328427310046386,-0.0141878611836635,0.000467725998152866,0.0570308767705315,0.022799952743981,-0.0188784577698595,-0.0305334016865395,0.0246584085114851,0.0195865607506745,0.0821206322684802,0.0350075618060761,0.0419382708211661,0.00648939738907464,0.00420887270281673,-0.00751484140964341,0.0171749721234814,0.0686123739492247,0.0375267431361937,0.0104957481529004,0.0215875160942093,0.00546866609856331,0.0240102913412418,-0.0587662311391418,-0.0345578349367857,-0.00926002026971721,0.0216193575427635,0.0109239287870245,0.00864850875945258,-0.00681288917973473,0.0336861587215327,-0.0227289751507841,-0.000273062003329057,-0.0166243819252793,0.0255863888782414,-0.0258370983730841,0.0445609016475508,0.0150832978161559,-0.0113728361215231,0.0224474353179233,-0.00947729893199111,-0.0227378769940317,0.0273881866639229,-0.0410366817355949,0.024206517792754,0.00494062120532957,-0.0333374606264432,0.059922431489406,-0.028026184770509,0.0266515052214392,0.0642450688785857,-0.0114159404463489,0.00917875128807215,0.00372230273534205,-0.0227360665448063,-0.0115548558657509,-0.00160748956218023,-0.0170694834202327,0.0307702659826397,-0.0110663535424451,-0.0617045521605619,-0.0486518415146009,0.0456227991827777,0.00800349214692135,0.0223279952365003,-0.0278660214135544,0.0252018109568633,0.0258257540791149,-0.00502519338868201,0.0323852542470295,-0.00596536118196567
"HXB13",-0.0142110029943281,0.0090731124849451,0.0187945665430798,-0.0377230305718732,-0.0122071240583398,-0.0265870269040801,0.0297258197308602,0.0385093403290835,0.0211038400149167,0.00679605089078758,0.0365292922752169,-0.0402760236356771,-0.0161344155758474,0.0328869186079838,-0.0381656812339884,0.0177029499350986,0.0216419693272936,-0.0276220456090354,-0.0196997401930731,0.0148718050783457,0.0113896375092521,-0.0211617804550506,-0.000816181372732823,0.0112219515893839,-0.0440090049959229,0.0784283326935041,-0.00359576990904952,0.0252242880740589,-0.0358670504174899,-0.0218306708435873,0.0440242048644792,0.00864743371729792,-0.0426259831589151,0.00394442556333473,0.0169923381790685,0.000265095665421323,-0.00250080432361187,-0.0203266165062011,0.0149953626966399,0.0457540681464989,0.0203381273868259,0.0203342928763908,-0.00863120172048118,0.0246008096423012,-0.0172893990404604,-0.000185200691582062,0.0606704371002622,-0.000584632940321922,-0.00535362594342807,-0.0139266992785751,-0.0277481333522231,0.0353811512458708,0.0041735170250681,0.0106799541316884,0.00048301180742932,0.014787099014002,0.0073636597127838,0.00730877683878422,-0.00938572704445339,-0.0120942405650885,0.00332607856472507,0.0588605346775048,0.0176605632023877,-0.0232588947188648,-0.00613919367542272,0.0577101309231842,-0.0223906108384898,0.00978751111208904,0.0126413732746577,-0.033736947449549,-0.0153985306097181,-0.0255635585411863,0.0407808960547706,-0.0122487739803606,0.0261201977591592,0.0230895816483296,-0.002093287648745,0.0230100757558001,0.00150571705447502,0.0153762128829504,0.0185388105051971,-0.00822618966682985,-0.000499477440589101,0.0037921768185235,0.0231540933008988,0.0263389702425199,0.0034088078772899,-0.00257006738695039,-0.00355390964034346,-0.0528226352435209,0.0137727931722966
"HXB4",0.0113330508619752,0.0472522162468891,-0.00872256481183134,-0.0307919469346449,-0.00961338296555769,-0.0363197814755546,0.0339308639199488,-0.000863087130286739,0.00762536159655055,-0.0575273241627174,0.025779748584169,-0.0158013945584507,-0.0564985247784424,-0.0257076454566359,-0.0178083975418424,-0.021776536617601,-0.0334854594859319,-0.031722770226854,0.0254013866920854,0.0139379940401975,0.000759392532575097,0.000782176207758336,-0.011062406557835,-0.0123103123038677,0.0161640076905978,-0.0540878991521971,-0.0482491628145509,-0.0433107430212422,-0.00182354783369852,-0.0320272203551761,-0.0462823218746119,-0.0300713901845331,0.0361907039420748,-0.0105542474437977,0.0485518996583055,0.0172810216972169,0.00638001004615732,-0.0200324422236997,0.0127798466886698,-0.0323250097153624,-0.0262813387380811,-0.0248962078365572,0.0148771678087229,0.0337645761984943,0.0191915058353299,-0.00545325382909477,0.0207634323658765,-0.00168380498024691,0.0253026372690768,0.0205654229714969,0.0177081681845702,-0.0109784552227967,0.0165678565990091,0.0100263549954039,-0.0347854235555805,0.00585780847929207,-0.0352601640728352,-0.0227964761555285,-0.031993774026007,0.0253791658909912,0.00553644473639322,0.0223883806640689,0.0121152720513413,-0.0209397163889708,-0.0141437089778098,0.0350404021162293,0.00904294309402768,0.00779458226476689,-0.0464889211237479,0.0314618133522536,0.0572987383131737,-0.0256790980006203,-0.0319073899873306,-0.0212258319494908,0.0126454813280035,0.00542449402470681,-0.0610031645870825,0.0304753574031112,-0.0555797927896898,0.0127381909368048,0.0109435049312235,-0.00949338467379647,0.0153687052972995,0.00454428202414717,-0.0409610229345156,-0.0567531152281842,-0.0506812047252369,-0.0259565001009697,-0.0095523596079012,-0.0106447165816835,-0.00392908576359794
"HXC9",-0.00803363362176495,0.0392689451519097,0.0120839044933682,0.0263088088811121,0.0176890877954738,0.0121423173101359,-0.0315046908234829,0.0194123964507723,0.0364930531765946,0.0215222944487218,-0.0581577218947735,0.00294425339020295,0.0443776913716091,-0.047574645442305,0.0128787796766809,0.028430048339596,0.0298959113857914,0.0464841332512838,-0.00845007587218784,0.00103549987669397,-0.00805803931663918,-0.00498421810247184,-0.000275569064305976,0.0282247202543497,-0.0279702612818975,-0.00689480774622524,0.0304707623774237,-0.0584259992177504,0.00656587180637633,0.0512419920064081,-0.00313132118114082,0.000626292564340233,0.00343116779233986,0.0031700366329273,0.0129511417136604,0.0106145009643302,-0.0135228052750804,0.0077498332025008,-0.0222792838769864,-0.0730999619082336,0.0371561138924873,-0.00879508027673209,-0.0502621663940497,-0.0290664682077256,-0.0267253118588336,-0.0252682015802325,-0.0311340416004557,0.0468481772280949,-0.0380843135317738,-0.0192913419614198,-0.0342109855431366,-0.0695635497609753,0.0091928164683551,0.0172324212341064,0.0150351756868361,-0.0374878749890709,0.0192401633709964,0.0180742614653016,0.0297698678598012,-0.0187663164738267,0.0260861312610043,-0.0315034416015385,-0.00449257019389226,0.0499957468533964,-0.0132633658294353,0.000584745265111128,-0.0602557736687005,-0.00309793889859409,-0.0148660674824152,0.032160405382677,-0.00493494106746395,0.0249539346262806,0.00727940596444739,-0.0351052654408251,-0.00709243874790946,0.00328567283190571,-0.013557689651,-0.0151567458489856,0.00586144161154064,0.0535530286113826,-0.0120492663039042,-0.0226123549495813,0.0408015777314288,0.0202639551714632,-0.0212089701569507,-0.0249041761497813,-0.0102023408375011,0.000203863634932215,-0.00333301865838056,0.0413322258307006,0.0221475184498727
"IKZF1",-0.00845704364129557,-0.0292288577759835,0.0380700517530056,-0.0284306895298942,-0.0194400996582676,-0.00473064955023959,-0.0327198529377305,-0.0255578106301321,-0.00602512788526587,-0.0110117135182349,0.0243837208082256,-0.019505262238877,-0.00731110196902458,-0.0062392635155072,-0.0166429865644739,0.0244224929882974,0.0169303892061271,0.0237550779824234,-0.0378809705347594,0.0150814511818848,-0.0427390311320023,0.00793870386494241,0.0099810433878277,-0.000295223754732002,-0.0115908957091556,-0.0125574787177109,-0.017308482544397,0.0332080403270915,0.00929914315029883,0.010893773951402,-0.000844824851843887,0.0139956975379119,-0.0285368568110238,0.0234323179984807,0.0586867886098763,-0.00715748269778628,-0.00777840797061603,-0.00576913261928568,0.0143129590946761,-0.0285629495737307,0.00229095450522797,-0.00245739434290792,0.0259407182015373,-0.0178467507419663,-0.035379509606154,-0.0157320622616384,0.0162754206384325,0.0162815633897267,-0.0030638407933964,-0.00839800695974048,-0.00680418343524277,-0.0316615923562266,0.0199982427907411,-0.00506403634436883,-0.0151642366381181,-0.00155934681773398,-0.0318029453045251,-0.0181814185480473,-0.00876177115559823,-0.00434656389712191,0.00718368353643989,0.00381732335306844,-0.0301216525724266,0.00180760708351186,0.00516598531406233,0.0127834864431813,0.0141288280216801,0.00186952086310891,-0.00202332744208521,-0.0118494261240234,0.034655389909048,-0.016185678844244,-0.0114417913597372,-0.0461212812006837,-0.021196637715813,0.00522975938348062,-0.00744561477030113,0.00337161006230225,0.00414680365494001,-0.0434037023367945,-0.00496624665941896,0.0315224681160426,-0.0113794299436439,-0.00148118181589696,-0.00753804038016739,0.00293775369770253,-0.0347460402381495,-0.0063474589753083,-0.0395143634777901,-0.0130535950257861,-0.022929705240287
"INSM1",0.0053130229758305,-0.00436480812710569,-0.016545927677374,0.0118231828577778,-0.00884379201320991,-0.017763417479084,0.0116128895394901,-0.00717731401058963,0.00800993804784497,0.00266765013628971,-0.0151754403965609,0.0333077978806021,0.0122396759535849,-0.0118392204238944,0.0153136587267583,0.0177784068829329,0.012229852612677,0.000414897054399226,-0.0163208983175911,-0.023726007255788,0.00778055185374185,0.0123720600836809,-0.0170525540573303,0.00295996384780552,-0.0173731277897154,-0.0173251197997675,0.0208423794436192,-0.00613087192140942,-0.00815536185076795,0.00860949459608361,0.039177779838398,-0.00101718266130219,-0.015767999807083,0.00017353646617205,-0.00996911048190809,-0.00893440523162826,0.00650467469944439,0.00607217432748067,-0.00240039232234252,0.0326066776042612,-0.0308307283171177,0.0110078284857683,-0.0133388657921581,0.00464889236769403,0.0252480774130437,-0.0153442098408403,-0.0118661475397593,-0.0037717588610107,-0.000240646882700032,0.0105560709868236,-0.00418047559989618,0.00745197425620957,-0.0169657430976739,0.0047021730935822,0.00701859318401626,-0.0115536173971923,0.0197874629465872,0.0229691062207054,0.00261364154659746,0.0040001405890062,-0.00358287429797048,-0.0296972464131353,0.00971196116797664,-0.0459260189461429,-0.00517714078434486,-0.0316544012136416,0.0134422031897153,0.000889737972699749,0.0430270303412477,-0.0172209962487623,0.00459460986260002,0.00196673954453511,-0.0116666127653628,0.00332802373478327,0.0268909393952182,0.0153307424980748,0.0133707619438845,-0.019606828473369,-0.00075949473931499,0.0106262315019782,-0.0114130442070068,0.0110838034683381,0.0027643085294502,0.00302327299965439,-0.011108963198261,0.01896554966625,0.00906617797867929,0.0312085642452579,-0.00543871205276828,0.00319671989385422,-0.00569532483574364
"IRF3",-0.000735244929839415,-0.00400878642361644,-0.0128441753187695,0.0174150204866759,-0.0153679251229578,0.00100120021984652,0.0137472075801406,-0.0215975444742408,-0.0151443450439045,0.00769177776663788,0.00693571735633704,-0.0123268772670747,0.0019637369986687,0.00853797502333487,0.00498205068798109,0.00794856072403398,0.00482177601690979,0.00398467095575744,-0.0325200152847051,-0.00921591215688735,-0.00629671415408063,0.00171211216367424,0.0159580290350887,-0.0101360100656541,-0.0102196134446652,-0.00162833146241645,0.0155216761357736,-0.0158267535703923,0.0240779860905203,0.00135988525959947,-0.000251157854113346,0.00686922528591309,-0.0292805991025727,0.00720023057409127,-0.0133443674557086,0.00829073920202783,0.000508248530223509,-0.00979701823087717,-0.00257272292111572,0.0309054888720639,0.0106417639215283,-0.010138795971061,0.0010995015935181,0.0112423942869396,0.0127991434935537,-0.00169632027883474,0.0171188564093844,-0.00935222420362709,0.00926089970562555,0.0118076761372916,-0.0137454318314268,0.0100347804715549,0.00152308889230349,0.0192225463535066,-0.000451052997925267,0.0340377844330561,-0.00197541979248823,0.0190981543633629,-0.000143496191329063,-0.000134050810082951,-0.0185355638868933,-0.0124487177393035,0.00395356348704772,0.0273666959863646,0.00441530234469779,-0.0211268929084719,0.0180893555675449,-0.000646319230904922,0.0299225127087661,0.0145023141013417,0.0179597492890074,-0.014881442575003,-0.0292836403966536,-0.00819121410015121,-0.0021549662187122,-0.0119300112164344,-0.015251010294909,0.0086231009613714,0.00817694188489433,0.00440600668673549,-0.00462280771803634,0.0267094409326351,-0.00498518050596862,-0.0195051686616856,-0.0173363083573803,-0.0216035230420742,0.00220508027004677,-0.013372769708931,-0.00811261270448851,-0.00880422719584892,-0.00167450571259058
"IRF7",-0.00360897651521845,0.00342547747512436,0.0197777649170352,-0.0296955507184591,0.00599730808531367,0.0324402000010925,0.0143888864186752,-0.00889866077103564,-0.024937497589917,-0.00886485081541627,-0.00227492580256689,-0.0230515382207375,0.0193604904556284,-0.0338936712983468,0.0277600581652645,-0.00179108321847316,-0.0104827892780019,-0.0222770758122168,-0.0209677934446666,0.0161102610371673,-0.0292795427233587,0.0123571059206651,-0.0156453798894071,-0.00426624000800665,-0.0302247746502788,-0.0493735012612633,-0.0335768449639504,-0.0287836247253298,-0.0141899375971439,0.00614164781043236,0.00859697567011749,0.00584089786489624,0.0157842246212676,0.00740702218854021,-0.00883191698856544,0.0202060852390003,-0.0129720002277608,0.00736219856615037,-0.0228850186712695,-0.0151470798186865,-0.0164452636712024,0.0207600407169653,-0.0223191231718201,-0.0233435222727011,-0.0101128341459381,-0.037456302010138,0.00273261290715728,-0.0157713821118502,-0.048999462455936,0.0108128565147027,-0.0365135999698771,-0.0133802413770014,-0.027802288890917,-0.00817849778994547,0.000783188746987751,-0.0136912361567037,-0.00531533976357818,-0.0087223484295191,0.000451268438344481,-0.0213440605547263,-0.00244859873747456,-0.0180466079881345,-0.0066146918796334,-0.00129349592491278,-0.0359266944971138,0.00654314015780552,-0.0219657176844592,0.00778794982554478,-0.0445772557434479,0.0174796144134672,0.000748140961542366,-0.0169802212749349,0.0134155725948169,0.0107117107800501,0.0391319052074228,-0.030660220302954,0.0109825675301662,0.00802914043814185,0.00283254863959032,0.0104423529446651,0.0220273643683781,0.00141566389528143,0.00807719090402528,0.00829690149413169,-0.00853093356538017,-0.030486225438528,-0.0121882647508117,0.00271154518881651,-0.0143776505234339,-0.014300090345823,-0.00932382929701698
"IRF9",0.0157602818648418,-0.0264416860346159,0.0060798822201968,-0.00683036212697038,-0.0243319099072896,-0.0332234679556725,-0.010405673357209,0.0382057958175468,0.0128248395763986,-0.00130041705940577,0.0236846480624236,0.00329652497568959,0.0215931940606641,0.00787555981407452,0.0175338314439907,0.004800861411194,-0.0147719346793002,0.0190982438616763,-0.00220457615040478,-0.0117416448287643,0.00672974461489601,0.0224740841596223,0.0340436061495488,-0.0173843694697845,0.00317991683653277,0.052410386822789,0.0221537489062264,0.0219289115205796,0.0310727593929596,-0.011697086393135,0.0132403719571001,0.0270893041725899,-0.0496254710108394,0.0133694157218772,0.00212476889534776,-0.0250043212262312,-0.00705231625713184,-0.0215241293970996,0.00102604169544244,0.0138787717305448,0.0214523663444925,0.0223233186603487,-0.0149492909364079,0.0211272035288411,0.0267308484026701,0.0235049427234107,-0.0125243686461515,-0.00583425100710919,-0.007329903874293,0.0139703259400953,0.0153959614781516,-0.00614346303981105,0.0274658873734886,0.0110862862907651,-0.00876808655262437,0.0037862779043946,0.00338494382848842,-0.0134415071298069,-0.0228606803942543,0.0404416716507958,-0.00343994086271513,0.0269474506005026,0.00719303735030374,0.0173756828480174,-0.0117331261289048,0.00782498234123239,-0.0242936473103719,0.0269291763879601,-0.00300685275847545,-0.0343744182932771,-0.015932758864162,0.0112340122435316,0.0388783222658202,0.0166130061617351,-0.00989291517886646,0.00468384219193462,0.00523448061893257,0.00193968651634592,0.00441018782997059,0.00449116590721432,-0.00760103616788247,0.0416320683657527,0.00143642371748303,0.0135885487478376,-0.00744876301153355,0.000823779779324103,0.0175496076050562,-0.00176036224891487,0.0278456623851114,0.00971271506642957,0.0244255993439103
"ISL1",0.00976311049306115,-0.0308478761886146,-0.00531026194782912,0.0309003236240092,-0.00820832726077529,-0.0309405723458067,-0.0175750091903479,0.00553932904559249,0.0266253871360462,-0.0438590356941147,-0.00639691670979903,0.0216138293784514,0.00890748705677583,0.0379210272087073,0.0176165297695441,-0.0253949852478916,0.0246666288422487,0.00574820329900054,0.00189341007931856,-0.0448380564752693,0.00812778846536773,0.000121460394481738,0.0102987976165127,-0.0394265047737777,-0.0194383464924566,0.0399194102233797,0.0292400119648754,-0.0184202794123948,0.014644463466743,0.0656482981004029,-0.0460424982048685,5.88035321487299e-05,-0.0109886851265701,-0.00709932083247984,0.0315313874477301,0.032786941931437,-0.0229609746996193,0.035651011679484,0.021925863203662,0.0149306218904358,0.0128325171287643,0.0120139980914529,-0.0482525243107969,-0.0580548722202105,-0.00848968318041758,0.0161415281357213,0.00465626171013687,0.00650055460006621,-0.0477482340146822,0.00429572240453469,-0.030175560250206,0.00821159155953093,0.0124758040243265,0.0329901861035578,-0.0281476122848722,-0.0335919155033823,-0.000659175911400541,0.0187702016692127,-0.00374877886002936,-0.0443682518961208,-0.0359674504822661,-0.0212448976826385,0.0271244682476246,0.0286897204699868,0.0477308674787897,0.0487092562266177,0.0199170865427773,-0.0188247577755542,-0.0533628625600725,-0.023180656249753,-0.0304089870158004,0.0359014096591936,-0.00601685061474443,0.0249546108328016,-0.0324258241270891,0.0117143541251905,-0.0243324081064178,-0.000429403735103207,-0.0547581934850352,-0.00380993980419491,-0.00891863923171716,-0.0365859738419398,-0.0177383538695285,0.0122246931116687,-0.00579864802018912,-0.0112893287701108,0.00255404740550695,-0.00325888276231773,0.0208386621361434,-0.0479449803841002,0.028581048019
"KAISO",-0.0172274237515855,-0.0216998286670573,0.000202917329271816,0.0241380239510251,0.0091944969710253,0.0250163885969288,0.00645813940783754,0.00308618959395463,0.0062743951628105,-0.0203020775770199,-0.00388285048817277,0.00319442543082034,0.0403243813235951,-0.0243709219925767,-0.00572956730160848,-0.0189528834787991,0.0374813256433078,0.0283863688668534,-0.0339736219779686,0.000649275314583933,0.00694384538751594,-0.0144197323884876,-0.00509662788751429,0.000258203550462823,0.0381799835633082,0.00961165956552149,0.0291540833444268,-0.0141976541283528,0.0261941975543496,0.0149339099984825,0.0317283845683371,-0.0121957077353414,0.0201154393786552,0.0279647664559856,0.0122919077626059,-0.0401219722633811,0.0325990583544883,0.0090759253951699,-0.00366582065310085,-0.0210061997627238,0.00665845415045115,0.0101765959248968,-0.0227677536142539,-0.0360989945331882,-0.0104428192816793,-0.0137685949024329,0.00234340015170452,-0.0205459319608304,0.0104194665263488,-0.00422626176860638,0.0257300489920189,-0.0308538055502393,-0.0166372201564764,-0.00478601016170923,-0.0113782510401993,0.00587044677527571,0.0305077323544712,0.0284761421843929,-0.019821307747393,-0.0143294220592474,0.0202670755854211,0.00448047515803369,-0.0203904078330481,0.0115553860714454,-0.0044055430723781,0.00415811220295249,0.0084788535536087,0.0291307269994542,0.0271728977274075,-0.0154669881763623,0.0250470222567519,0.0329078069819744,0.000158909100630436,0.00407448261215446,0.00102885272238654,0.032062664740712,-0.0151944477812634,6.4544000960044e-05,-0.0113943667779912,0.00372205947637571,0.0173133413798179,-0.00910472883851454,0.045710689780382,0.00293992922521561,-0.0434667044438127,0.0147139488146559,0.00971157386839846,0.0197578958622937,3.84918997768829e-05,0.00805948836965341,-0.00855397276926557
"KLF8",0.00856744397083333,-0.0240370580138064,-0.00451216135557467,-0.0133047993790333,0.0131364457747645,0.0396404837452079,0.00526418776877866,-0.00853806981351841,-0.0175011676024351,-0.0214681734786838,0.00712049589999454,0.0183946958540847,0.00370820497664019,-0.0054916549857783,0.0483629564349517,-0.0112153043050036,-0.020977637359558,-0.00189260593519553,0.0155803547917206,-0.0225588420995128,-0.00570757499413124,-0.00620331717936748,0.00939452141665334,-0.00215754847898052,-0.00253483634656577,0.0110676630333664,-0.0246188217749142,0.00301715555162416,0.00242827147862828,0.000499578262602851,0.00742036333269978,-0.00772846124293006,0.00587180906273203,-0.00125143742931282,-0.0122932837292643,-0.00169701852828506,-0.00407904868228328,-0.021675549574364,0.0101329263885228,-0.00879758054100553,0.00421943921102536,0.0158632421767087,0.0295952336007095,0.016719818381246,-0.0151035233476689,0.00893828502381024,-0.000255816939450363,-0.00751922723053112,0.0327515456424379,-0.00871333246725947,0.00394207102949652,-0.0011435316731234,0.0231627314309877,0.000258869309677045,-0.00126032512816991,-0.0314469533408584,-0.00976439050617571,-0.0183384759604316,0.0219016170462225,0.00818203207570131,0.0235037032777634,-0.00426209450334686,-0.00312387134840826,0.007301039987037,-0.0171964858608043,0.0126513552930892,-0.0245920595206851,-0.00239778574226044,0.0332337944852603,-0.0173845452694139,-0.0133391337713814,-0.0287045064386235,0.00209393378887895,0.00387245227398087,0.00228647138659995,-0.0051381933040392,0.0195871952919389,-0.00848297499065342,-5.24274957825534e-06,-0.0145337182179895,0.012035870102846,-0.0135291404141273,0.0118860367197162,-0.0163225137077656,0.0213361241285234,0.00645375924801984,-0.0275868791755412,-0.00754817110498803,-0.0118570966913274,0.00891720866906052,0.0145573692731146
"LEF1",-0.00436844569430353,-0.00367666334444486,0.0368846508374673,-0.00676841258361212,0.0134378910746559,0.00757376614100145,0.00807473236608644,0.0431791984137763,-0.00869301675493613,0.000926673804398694,0.019992553138344,-0.00504203443493074,-0.02324853143584,-0.000288937805428209,-0.0021774790142646,0.00959509810440976,-0.00211866758042173,0.0238720460540142,-0.00970217059126102,0.013571423633068,0.0222314033669864,-0.021346693177828,0.0257441903148485,-0.00901531384820121,0.0198282768543259,0.00371503874911477,0.0214712487887071,-0.0212080231911455,-0.00235100370495661,0.0186091063023124,-0.015771086848989,-0.0104861077933643,-0.0211147767654434,0.00365476799466131,0.0119019199872285,-0.0212880963717245,0.0159888479264519,0.0263392901494395,-0.0168222879920784,-0.0147437345506047,0.0273258186751752,0.00511532269755621,-0.0201269861410785,0.00115555204736313,-0.00104937522476434,-0.0125808728317327,-0.023989438194881,-0.00642993492482923,0.00113945068110956,-0.00920219509645498,0.0353069844635996,-0.010842913191634,0.0012542046459534,0.00727627631041942,-0.00316241147081185,0.0112582834543759,-0.00576663814949796,0.00807218357184436,0.0340111858654766,-0.0184355371752771,0.0049047239392361,0.0046767058928268,0.0223349722552058,0.00494368393217459,-0.00474492751892084,0.00100032530372954,0.0125930581884303,0.00168289094735965,-0.0178360839969985,0.0200593838951922,0.0223942324349234,0.0351473394538455,0.0250067407898496,0.0133427696260862,0.00383613159690706,-0.0011996726326167,-0.00672182739451447,0.0042019902550675,-0.00390443781471154,0.0140787733873473,-0.00306054242281261,0.000639720661857004,-0.00633411255144086,0.00142359761254667,-0.0196674705119363,0.0398029181806886,-0.0146730779258998,0.00834683956434073,-0.0159630232148841,-0.00161100557004377,0.0150077902524966
"LHX2",0.00449885714205438,0.0235264153356961,-0.00397649228346868,0.0334892917556031,0.0191571699234229,-0.0351409037199765,-0.0133757849841964,-0.00413372480085638,0.00955577689210122,-0.0289642445471158,-0.0174886859480577,0.0181223567226056,0.0190631880372318,-0.00522084301860486,-0.0170361484508192,0.0159538655369999,0.0383357429732033,-0.000428932503387013,-0.0151836363779974,-0.000889990907667728,-0.0337596007485282,0.0510278510205706,-0.0101028386013816,0.0215791730664502,-0.0117956840697108,-0.0101872378575365,0.0318097192635568,0.0432746638923604,-0.0271223861756697,-0.00461781222846963,-0.0143393509372254,0.0618784634605786,0.0350155042149169,0.021435799830017,0.00166917577321634,0.00529502575515196,0.0156363118483774,-0.0207447040619777,0.00761518900168243,-0.0043924729505917,0.0297904647040522,-0.0242540262280278,-0.00598773142182634,-0.0366328926663408,0.0101684452874501,0.046189089700727,0.0266397287086409,-0.0420020257708345,-0.00242095326283295,-0.00928352683804976,-0.0341478021871761,0.0463324336339864,0.0295424931618864,0.042634949872373,0.00463452534310106,-0.0382368748236411,0.0254693695763692,-0.0135632606503818,0.00574250481195492,-0.0302947357488255,0.00183914111261583,-0.025508731473833,0.00338826581010388,-0.00216578298683743,-0.0216241506130418,-0.0483092830863819,-0.000220077859671638,-0.0234571983029646,-0.0503495515583869,0.0255795391650152,0.0586263180282191,0.0237165214837282,0.0280431920378548,-0.000205036112548536,-0.0271180799708953,-0.016699550989334,-0.00612192039454805,-0.0481588410549978,0.011118027229737,-0.0182831507829684,-0.00807540478892047,0.009520020364197,0.0255180515675556,-0.0104546588677966,0.054398368503013,-0.0106633293746628,-0.0182893954431131,0.0537720302069029,-0.0303375784893533,-0.0342708327154931,-0.0284164202269647
"LHX3",0.015418985488476,-0.0171981861470997,0.0249209528193161,-0.0235308373788862,0.0219369295583973,0.0193055916860483,-0.0211629583000508,0.0380844287577912,-0.00645988396975079,0.00752272984053576,0.0114285107181564,0.00125164853717593,0.0227525415537775,0.0328978779410627,0.0248551708359539,0.0120291179877112,0.0278192751559531,-0.00739016451250782,-0.0035230985364549,0.00335805050112432,0.012898506915571,-0.0167753982111659,-0.0145755354367622,0.00636143524715197,0.0129473516920059,0.000369034082164228,-0.0106807828327574,-0.0020768006002218,-0.00305805735183557,-0.00539248713859911,0.0102430454936245,0.00933336691150676,0.0208006891312194,0.00372039292711048,0.0153691629509019,0.0206418426370197,0.00278687653428718,0.0204747919092043,0.0031869912802482,0.00048086940079849,-0.036259189118893,0.0426049477886788,-0.0221016034899259,0.0144732631900162,0.00455305439576101,-0.0318713102098138,-0.00611091193420464,0.0232639809349544,-0.0295798847651662,0.00148327054840334,-0.0042917723303777,-0.0284723866874623,-0.00380540874884027,-0.00511331372780665,0.0463068597644498,0.00335587142953395,0.00881075905984323,0.0194436464856636,-0.0184033826435131,0.0132120196834605,-0.0146820157665808,0.0339720584312402,0.0491674302888146,-0.0192554944268745,-0.00164426665676295,-0.027918297620159,-0.0271630465158101,-0.000496078517743945,-0.00377423713017466,0.00068884112353308,0.00560425417611887,0.0120081616975465,0.00283440643265274,-0.00833467506860646,0.0259007015156243,-0.0298572363218127,-0.0406176804058316,0.0446808856441208,-0.00105921441044932,-0.0160666836415025,-0.0129029710089594,0.00388339390818798,-0.0176564547517345,0.00844713183084742,-0.0231293593622841,0.0174698017043553,0.00972882195075168,0.00562781637565483,0.0239655411789948,0.013043018825371,-0.000914795036008877
"LYL1",-0.00944518030583461,0.0124481472238297,-0.0123728711176947,-0.00486876106494834,0.0358472047682981,-0.006571832734998,-0.00223725424969807,-0.00192579913136649,0.0282288770811825,0.0197491597051579,0.0311182611790891,0.0200763224560296,-0.000495557757469068,-0.00857342611357929,-0.00363216075360419,0.0102983694856546,-0.00129524355160238,0.0133813930301703,-0.020302776358399,-0.017320087055524,0.000181325988259929,-0.0112233761580314,0.00923515056795432,0.00650063699119209,0.0177638884800269,0.0213358404876297,-0.0075651206881713,0.0189044945287081,0.00296572995184318,0.00326534072183575,-0.0123312435805925,0.00535142124820418,0.0135059339168727,0.0180774598612966,-0.00925262026136807,-0.0258979754162548,0.0227414684373938,0.0280563621788404,0.00411434206538517,-0.029081398229165,-0.00934030602337249,-0.00882631868944016,0.00538113271078228,-0.00869388728001595,-0.0253347239351587,0.00295243673613572,-0.0238036636103452,0.00326228275124595,-0.000768712651704505,-0.00973945332801885,-0.000503970009430362,0.00519867888457827,-0.0134648293665112,0.00399808031105997,-0.00736382755193749,0.00912034828627889,0.00487157953532544,0.0048490101072322,0.00933116890154812,-8.83307059430618e-05,-0.000401480119520112,0.00215379231021097,-0.00441728117796877,0.00149404783293463,0.00135648928621737,0.0329614728746547,-0.00505942326192283,-0.00107368913745574,-0.00727321784176532,0.0317440071467367,-0.000963502867092915,-0.014009970056561,-0.023668945574345,-0.00547662411798435,0.0209964983839528,-0.00905267354746358,-0.0105608255143532,-0.0300170258397338,-0.00478095755633188,0.00735522551636806,0.0170708627249736,0.00311530103108777,0.0250804814584013,-0.00337958527590379,-0.00526630288197191,0.0146334415922065,0.0196980964047223,0.0106891647512099,0.0258988278484717,-0.00158714254641014,-0.0318887017955372
"MAFB",-0.0603682034893326,-0.00762636716133131,0.0101778248779922,0.0102010963899644,0.0166296376596247,0.0374346396131357,0.038395232103932,-0.0277818969780495,-0.0173967241308132,0.0354077181719922,-0.019281997142999,0.0189837158820561,-0.00107028295761305,0.00873271844966377,0.015169404263146,-0.0081442502673864,0.00366970429021724,-0.0270084936648684,-0.0188790793230105,-0.0169874213073707,-0.00247783321218094,0.0145739749434163,0.0232558111016805,0.000466488399912163,-0.0151451734173415,-0.00762202976504588,0.00401282085841543,0.00268080152642829,0.0100554440242555,-0.00793260572511968,-0.00360924504367958,-0.0286488199906432,-0.0318009100812308,0.00814403392307127,0.0218968411522463,0.00840143148780862,0.0128878917365751,0.0203221378295016,0.00891850195633183,0.0209330161758533,0.00205793993623434,0.0300785736276343,-0.00017229041819471,0.0193900719124693,0.00873133752392312,-0.00468010534178079,0.0114969245636346,-0.0144604012650823,-0.0287002537793451,-0.0250815794004699,0.00941317237044281,-0.0163480352814678,-0.0179841315938727,0.0024639584150412,-0.0301699343246928,0.0258378618688049,0.0317771917963532,-0.0259967648909395,0.00466006144782844,0.030618416812196,-0.00833997395849157,0.00738935529503902,-0.0072890455803773,0.0660223981034536,-0.00250953252671451,0.00844784867730736,-0.0275803950082637,0.00275825124572151,0.00508516395765045,0.0550891805495258,-0.00233793877312678,-0.0189523758236069,0.0169796530040094,-0.00174700714164182,-0.000237475229293385,0.0488041500994391,0.0184573484829567,-0.0268971396734732,-0.0188325207044836,0.0394658479461924,-0.0320133493035277,0.0236883100874181,0.015447747003581,-0.040231781015902,0.0432208724876653,0.0264735617714543,0.00368753862818624,-0.0115647204893799,0.0423880666294854,0.0211633548736024,0.0266984691172246
"MAFF",0.0206118121371559,0.00694744968407457,0.0102072598015309,0.00902534326186595,-0.0185392568908363,-0.0411039460361877,0.00140227504241928,-0.0144413201313426,-0.00602695669199215,0.0249406102997367,0.0297940630382136,0.00388688305699541,-0.0126748192306079,0.000498447037482623,0.0103922720673432,-0.0135705032574337,-0.0146422011258934,0.0283365890235224,0.00909636819647825,-0.000185516682546109,-0.0314499218279431,0.0130992728027792,-0.015173635436593,0.0183032076023701,-0.0197255173948104,0.0183762061519954,0.00444540440237251,-0.0122243427745333,-0.0192398596858069,0.00481584629711438,0.0113232035991968,0.0190197512838166,-0.011495106797878,0.0281243657249193,0.01232342336247,-0.000823011421602852,0.000918878575513417,0.0333873381315431,-0.00115549703992129,0.0370587858450451,0.0110721318958511,-0.00406569730294316,-0.0164913380542457,0.00479505570235851,-0.0540108632036394,0.0225464812011266,-0.00724980159872747,-0.000622447003514244,-0.0423063431985654,0.0127560596152674,-0.00523890998486819,-0.00703740845129638,0.0120460750669198,0.0331611136442221,0.0245760533303919,-0.00902737924545352,0.00411533211412235,0.00996594132344298,0.00802731979689797,0.00130990424419533,-0.0207913304078695,-0.000946783589934183,0.00662886184327427,-0.0143040189080233,0.0296266629104881,0.0101992484522039,0.00308953493617978,-0.0176175809983996,-0.00463437458827201,-0.00764075827279794,0.0225890847979565,0.0121460924459792,0.0420496580244384,0.0162413662966894,0.0167064482506797,-0.00185453211186527,0.0242357791807358,-0.00895322037067339,-0.0123296424952591,-0.0438348444474851,0.00559952726847302,-0.00921977662928708,-0.0184213496450904,0.00389353789791657,0.00766211441121704,0.0302072856364785,0.00982290385121925,0.00509194383847466,-0.0257034454270645,0.00670220990664381,-0.0190868303537752
"MAF",0.0419284425861832,0.0210702157674995,0.0294455367792268,0.00435337961126156,0.0204498304160948,0.00097113078568827,-0.0182342345915328,-0.019046926734488,0.0023746603437557,-0.00803897554358832,-0.00962071715088944,-0.00876941304223948,0.0420142898946833,-0.0161042993754918,-0.0189609309488286,-0.0414246506956169,0.0288178586658047,-0.000721404836184653,0.026999430139834,-0.012258203231055,0.00489572205324911,0.0202069563207547,0.0301025520011963,0.000125069299352559,0.0364523379445633,-0.022195782272514,0.044348764257599,0.00237846448924365,0.00945390434770936,-0.00376460797349405,0.00691557130280616,0.00410944205242557,0.0139711208076449,0.00327673842690614,-0.0344273695693246,0.0348954756533725,-0.0237766439433916,0.0108511015319047,0.0263764075629759,0.0107688273331845,-0.0280279174026176,0.00487234197633452,-0.00301437698090861,0.00896093163960276,-0.0101770812845434,2.18972567823257e-05,-0.0156835025128561,-0.0217227490526934,0.0063546095192744,0.00838659214584529,-0.0426829865094504,0.0322079112233655,-0.00489872395662384,0.00173797044842282,0.00815310858233337,0.0180457839817765,-0.0126959988495254,-0.0060137974093607,-0.00229439997341513,0.0246884669449252,-0.0255364242733338,0.00929728170395747,0.0187805764001762,-0.027422439444519,0.0355510066155195,-0.0024337085618774,-0.00304215614436027,-0.00407743569716785,-0.0113391397760998,-0.0180042467753122,-0.00841006365269043,-0.0285991417849243,-0.0298409153865048,0.00034675315158075,-0.00791181538268245,-0.0212633262731418,0.0123289677729302,-0.0104310746259032,0.00400122538233756,0.0298054511087799,-0.00699429800694366,-0.00911785961576324,-0.00515700311097072,0.0574106593376322,-0.0293137146493629,-0.0285858595636425,0.00696958564673043,0.0391480674358736,0.0371699055408023,-0.0183930318765235,-0.0170770235010998
"MAX",0.0511194037145104,-0.0228387747296898,0.00278643946634044,0.037955421274238,0.00102608942398638,0.0210384080710756,-0.0804790088363993,-0.0390827024080816,-0.0199468390744561,-0.0446039722040932,-0.00947217344454905,0.00384601277081502,-0.0155922357607676,0.0307251203547401,0.0392357743579963,-0.0321820584443598,-0.0150496432641289,-0.0310069685577474,0.00827485197857224,-0.00821447044254145,0.00490643252133014,-0.0206238684530707,-0.0119498789786664,0.0241303955540794,-0.0113117688634458,0.0393516590805276,-0.0025885863247042,-0.0474862936511428,-0.0265343961306639,0.00863857261614134,0.000992873839659355,-0.06185590664693,0.0805290426694778,0.0426899995967696,-0.00843683188587275,-0.0626067074632937,-0.0210804035472664,0.00676216306345961,0.0558622977190462,0.0151834304209705,-0.0179678499205534,0.00736203440891102,0.0315627557102139,0.0214353611232543,0.00691855326622396,0.0374087551948237,-0.0450014693175842,0.030540556201908,-0.0493076152427783,-0.0263306497232297,0.00213490844574553,-0.0281304009768812,0.000681952716262935,0.0388749239290149,0.0201746610842248,0.0246859861517081,-0.0140276212512118,-0.0202297897401805,0.0228008540232252,-0.00167660005628416,0.0877625281213255,-0.0012102583297475,0.0229214670344046,-0.00650029166668579,-0.0364063890650723,0.0434724351337506,-0.0857313451642242,0.0402773887677135,0.0570892840383972,0.0423762221333381,0.0141241025462329,0.023270761514227,-0.0137490690502804,-0.0147979768343997,0.00524885675819209,0.00246602861544364,0.0499680475538643,0.0220867402010746,0.0167722299184187,-0.0149941198290786,0.0881263152519355,0.0254406813510712,-0.04359537750215,0.0230209385898764,-0.063043576429573,0.0544039125633933,-0.00177262561281818,0.0235813208957367,-0.0204788847794293,0.0606600564365859,0.0377469171130769
"MBD2",0.00391857702401926,-0.00130105933869208,-0.0166994003027084,-0.0141452614409391,-0.0196227137384965,-0.00263725634405357,0.00701070621333085,0.0301935563219996,0.00265198593830666,0.0328988630517019,-0.0088170684158337,0.00331196379949218,0.00424653474170662,-0.0211058088094799,0.00977801000657073,0.0105072461043967,0.0120357571402286,0.0212222437865183,-0.0153245067952489,-0.00325775875692886,0.0125193091410117,0.000131900091119228,0.000598732668050465,0.0249116985722634,0.00768799098745888,0.0025023776644214,0.0054730129790746,-0.00608142086442327,-0.00249040632970506,-0.00549215130505662,-0.00643365028432068,-0.0126599533918356,-0.0247954939356989,-0.00776115254780908,-0.0037007486680089,0.000305948869713113,-0.00732317920516419,-0.0149661142016214,-0.0285295624697611,0.0060949593134109,0.00136396912813895,0.0156975020785464,0.00696292229080193,0.00701942919250091,0.00255597617392282,-0.00373244078135161,-0.0367292205331797,0.00794936424611938,-0.0145549174418691,-0.0258566385357141,-0.0183961392307939,-0.0132536532617443,-0.000357213188822203,-0.0235398207144361,-0.00135811804383206,-0.00233484039954228,-0.00266218580180029,-0.00171476389816836,0.00747441948236905,0.00735437105726265,-0.000762226790709986,-0.00274318145171239,-0.0139310462696699,0.0111204871548515,-0.0345974418722947,-0.0293325027711028,-0.00557127238316874,0.0137626629646448,-0.0585024709526174,-0.0138457353846655,0.0196512427480621,0.00991249158269853,0.00574816551513146,0.00829958891749217,-0.0202799655617826,0.0191495886905604,-0.0193731970966486,-0.0168579065087986,-0.0248424614910687,0.0106360803409376,-0.0272243444328616,-0.0244425824535023,-0.0112122184919386,-0.00180544860323376,-0.00931367436575264,0.0144839718479702,0.0181401630118486,0.0156390892012862,0.00107055349275259,-0.00989158597070425,-0.0122475433276086
"MECP2",-0.00192583388176045,0.0214956636885236,-0.00918178681230125,-0.00159217517529039,-0.00668406879610944,-0.0106627101769052,-0.018397254886713,-0.0114973703042895,0.000614177730646584,-0.0126280746051869,-0.0197283584970876,0.0147558019894409,0.0183742347094631,0.00947973199017808,-0.0180479195101714,0.0105090486524635,0.00268859144478096,0.0116150509590477,0.00517613702295851,-0.00479426619625135,-0.000838109571000343,-0.0103765443729129,-0.0137656402661354,0.00168999432442021,-0.00815134726378146,-0.00601725699598849,0.00152098853198892,-0.0362579075289681,-0.0270215414080723,-0.00342291479296593,0.00981577875820115,0.000205437132302881,-0.0103680220686307,-0.0106810748586774,0.018878585850377,0.02761485524263,0.0060328626581246,-0.0169641373056371,0.00778550939154293,-0.0308541491575503,-0.0157113373779713,0.0067554384795702,-0.00597655766760165,-0.0122237925869084,-0.0324466113852349,0.00752044520146297,-0.00935453651639677,-0.0118362662219098,-0.0295743467043702,-0.0104592561368861,-0.0123225390878093,0.0163211516861371,0.00393523037472341,-0.00855187016637009,0.00879494874546365,0.0131828751683045,0.00882048905074952,-0.00689520429547559,0.0189508883889613,-0.0164281547301039,-0.0144664838387956,0.0214117946660066,0.0114860207326167,-0.00637625617179729,-0.000874679626687596,0.00330774574795595,-0.027853684374369,-0.00726687172957858,-0.00102598854243844,-0.0115169296525309,-0.0170876699679909,-0.0186392515733112,-0.0163438659887072,0.00506005332233308,-0.00160493720978156,-0.0289677306300122,0.0177848637740227,0.00175202885139628,0.00229424455195985,-0.0183563763254625,-0.00637818338495722,0.00207537632623041,-0.0078366917921404,0.0145665019907658,0.0179204694370316,0.0261487231696719,-0.0148732878297617,0.00820266142658924,5.66522699341613e-05,0.00302579924949346,-0.013516844887985
"MEIS1",-0.0347480905873027,-0.0155327731728743,0.0327943133565221,-0.0359581964745951,0.0383068902265288,-0.000715432768797222,-0.007811838322742,0.0399080942039396,0.0221681056450665,-0.0223507266636414,-0.0272043799671602,0.0325733078829987,-0.00649028882050698,0.0228705850673413,0.0240741715162304,0.0464276044557895,-0.047010376354998,-0.000966181121196268,0.0114327168539392,0.022527681757765,0.0079636006746684,0.0428681351117524,0.00203156682090274,-0.00025856803701867,-0.0576903597200616,-0.0105051717399176,0.00374603346011821,0.012944694983183,0.0297111074653422,-0.0642309402775418,-0.0566943865049663,-0.0113484000967815,-0.0309685073005794,-0.0060733371511151,0.0421500571225121,-0.0246569632775793,-0.0557736979267322,-0.057459308621181,-0.00783767312329823,-0.0206060545904876,-0.0079645585750053,-0.0550309875667766,-0.00743282088111887,0.0477549137493418,0.0136573761375316,-0.0260202308225068,0.0488711265906702,-0.0466891256414239,0.0194912701210679,0.00124011981553721,-0.0271982029620042,0.0192683801783467,0.0142632086118296,0.0139834363454379,0.0187036936771093,0.0742260702488822,-0.0137297521772837,-0.0500756962251681,0.0180652147726317,-0.0165347873265176,0.0214125447918279,0.054111107233798,-0.0144394829966364,0.0211245856598787,-0.00309665192480439,0.0103933198081934,0.030405380542007,-0.0122946622478948,0.0333965193592406,-0.0258255066665866,-0.0597244160380874,0.00436251571608732,0.0322690840922694,0.0386355239552978,0.0330259332037521,0.0603716328973793,0.013777996222058,0.0267294427805595,0.0176098866500471,0.0323301659288923,-0.0021161642882892,0.0461394451395682,-0.0302515219413221,-0.00886774032150113,0.034787179441955,-0.0155100273307332,-0.0492327625150068,0.0140060937316849,-0.0282381813974269,-0.0417913794223566,-0.0274358929251213
"MEIS2",0.0083378853374261,-0.0147969653760112,0.00647890416851451,-0.0235765330804188,0.00221562928627569,-0.0322217586775047,-0.00385554689264,0.0555277478306633,-0.0118930573542177,-0.0322576962040464,0.0261115522022791,0.00616041764077816,0.0345715669017185,0.0165111022726062,-0.00637556540051832,-0.00980868276463113,-0.0182211607516777,-0.0115344651988635,0.0194293198320817,0.00127747059403392,0.00185744557659996,-0.0163459777707969,0.0249459090961347,-0.0390946222090615,-0.00692709737671176,0.00921181044819152,-0.0176618043960533,-0.00750001872037637,-0.00146395433478777,0.0343398470088695,-0.0328616750474821,0.002476988017146,-0.00248402865579761,0.00813235175990114,5.28827245446757e-05,0.0161781753584787,-0.0180659520806322,0.0127648902268252,0.00239594291409159,-0.0110917969937703,-0.00117255429383485,-0.0334661593949468,-0.0260827981278168,-0.0348549491944475,-0.0221694009247386,0.0033804790405968,-0.0198595685050309,-0.00794878347893823,-0.0128921999365763,-0.0229522612499613,-0.0247046601955172,-0.0180845613322146,-0.000789636778990862,-0.0368418949209986,-0.0225840651758987,-0.00211790905526682,0.0180638094656938,-0.0060730000533072,-0.0299748239153008,0.0116150354636212,0.00597380022712814,-0.0371295557958507,-0.0267470486651677,0.0108016722027264,0.0205415018428117,0.0122866204847326,-0.000286105394352318,0.0302659510092696,0.022265516952597,-0.000875739551716811,0.0235685239036115,-0.031344075586108,-0.00142438969425825,-0.00432824241060814,0.00258294815799629,-0.0063009643208791,0.0203424571393632,-0.0143047856952633,0.0213078146390661,0.0099752090578642,-0.00606365818175428,-0.0220641604570382,-0.023997320191807,-0.00663894777621424,0.00206522983246996,-0.0148511450351657,0.00808259949041491,-0.0176153176923622,-0.0280928349570254,-0.0056040181181928,-0.0392039625751109
"MTF1",-0.0275629700724102,0.0166439147859635,-0.0134312469159814,-0.0187907321577879,0.0144726308184496,-0.016533340854786,-0.0361985418475976,-0.0107564352067521,0.0313750632957404,0.00464548997667577,0.00605666516445103,-0.0459049164278811,-0.0175314356274077,-0.0145165953397755,0.0436511932553338,0.0306897673205779,-0.00485125557201125,-0.0162784181096331,0.00754637117348926,-0.00161869823350566,-0.0385495648545947,-0.00544234277951166,0.00550809519257983,-0.0167555141689223,0.00678605045145546,-0.0249397599474694,0.0074490367833796,0.0212897983601956,-0.00854874921882295,0.00368909435901875,0.00462095294075464,-0.0163864185648309,0.0196962174072522,-0.00902621546640844,-0.000219670077147744,-0.0110190199544554,-0.0156690432103546,-0.037247316148434,0.013751977757481,0.0111790810630291,0.0298883105147626,-0.00801072629119454,-0.0161326697825083,0.0343677923660238,0.0222981356274202,-0.0606635810453035,-0.0239674147530681,-0.0112647621520937,0.0162607958818492,-0.0183660628889119,0.00350636217472128,0.0154643650614921,-0.0312346157116444,0.00493918059211461,-0.0402741854184868,-0.00841221585488129,-0.00796107098144154,-0.0363229722519937,0.0315747482572967,0.0228498589133807,0.0125480951069971,-0.0108673757298742,-0.0160960155904529,0.0331278182085108,0.00270453161408494,0.0139577908053186,0.00353460597967097,0.0149367343285371,0.00914496021781823,0.05099135417973,-0.0148515450736408,0.0173647413668796,-0.00123393970070053,0.0192547139450814,0.0157664004748717,0.00282607995236096,-0.0136480136912989,-0.00307473531320213,-0.0108868226556578,0.0307965501665906,-0.00148655933502038,0.0151872223159294,-0.0089324513661203,-0.0070158315486159,0.00170205909576529,0.0225787475978101,0.0237516301857364,-0.00224692808994861,-0.0149487400124271,-0.0373094658677623,0.0038103743195964
"MXI1",-0.00131050813554891,0.0290961761933837,0.00679443785575226,0.00735945808452094,0.0100934377806217,0.0147559377001509,0.0245632636250936,0.00518530035931891,0.0101871496136196,-0.00712668453956642,0.0233155561364852,0.0172487513034715,-0.00606567035582569,0.00439287430688683,-0.00578895922737942,-0.0153052130680826,0.00112495010016695,0.0130264202082258,0.0257080030486712,0.0146245860797626,0.0263120015697856,-0.00790262303079804,0.0165388979714173,0.00529332048160436,-0.00540687964131415,0.00952971020111809,-0.0135849986074282,0.0164928908894709,0.0127592134750558,-0.00459399790931148,-0.0140215794982415,0.051515101038241,-0.0277829706545719,0.0624793024429723,0.0234773228858232,0.0245056720600384,-0.00519864178805743,0.0174815946785142,2.58701146717342e-05,0.0623624287013189,-0.00090154704898607,-0.00238611041870824,0.00155589239420375,0.00670832468953315,-0.00405266740734282,0.0507468111031577,0.0196625427333157,0.0104952468416646,-0.00991848890345617,3.18996393437829e-05,0.0268835074000241,0.00494772973574367,-0.0110798998399813,-0.00866740956941209,0.0356198417659016,-0.00585983409419412,0.0146991844766554,0.00209594345976518,-0.0154790326600127,0.0134367930882877,0.0179935382264512,0.0452248402213283,0.022707987572492,0.00456415256257653,-0.000629712647181124,0.00995388329368587,0.0154111635211807,0.0243515575777555,0.0164482397334819,-0.00964688282708136,0.0677118256994092,-0.000402122944428306,0.00889244153108283,0.0228208660879177,0.0117220677040233,-0.00870041278563714,-0.0447027594312795,0.0149685526340073,0.00500146160758684,-0.0135071171732761,0.0118761112865755,0.0122845936052164,0.0161586354561417,0.00605974107316457,-0.045721620360162,-0.0342915165903494,0.00427294540584561,-0.000835999605029405,0.00982818013915209,0.0352407291569862,-0.0349666904480196
"MYB",0.00384112776577552,0.0187162446876333,-0.00702478653972673,-0.0227086153981379,0.00645537036774202,-0.00182076562696869,0.0166518095686265,-0.0290599694654344,-0.00651416582024094,-0.00601263871551128,-0.0077505857044094,-0.0349997952229257,0.0141462077315029,0.0140823142004457,-0.0114262024399513,-0.0149436573810109,0.00703866197330802,-0.0125916427239745,-0.00418603987221303,0.021732512577275,0.00124434146316601,0.0110593220472973,-0.0160070412493314,0.00267338115472068,0.0208229857277757,0.0298422315028613,0.02184670182283,-0.0268710930647046,-0.0128680995391611,-0.0052973984244797,-0.00823558085278205,0.00979326346410847,0.0341394948098776,-0.00663203798789283,-0.0133545190284002,0.00810238577058847,0.0588845724821921,0.0253101578244797,0.0106181140793377,-0.00853166277588475,0.0201663684601252,0.0347412038955429,-0.00437792203586975,0.00727813212353282,-0.00246914758304107,-0.00323594593531638,-0.0246612719464689,0.0174382798837833,0.0307766367960484,-0.0185543603025726,0.0211836094266976,-0.0464098325345009,0.00181658818895286,-0.0137515304292381,0.00293760056923468,-0.0371049249750485,-0.0117079996589641,-0.00676922087295393,0.0351916205231399,0.0540192917414035,0.00924322615443974,-0.000762451731972234,-0.0254397903752833,0.013300332483415,0.00138091666814149,0.0365707728078981,0.00708563180213936,-0.0150919124324969,0.0140338763533819,0.00532341100648686,0.0178978181282471,0.0410785958638411,0.00570155209237155,0.0139210465755544,-0.0128320477524838,0.0318528184794456,0.00584927028599768,-0.0177155196322256,0.0048466655678565,0.0191879496554113,-0.0186497203161919,-0.0114055400698318,0.0232052119356368,-0.00794545853090558,0.0166709045575591,0.00856892913967117,-0.0256076024908907,-0.00020638193269783,0.0163951655663643,0.0538126522446726,0.0715922620701583
"MYCN",-0.013197739623227,-0.0265184827858207,0.0374684760665352,-0.0227622629088817,-0.0222594750165046,0.0140898835365885,0.0478077881627891,0.015718890435396,-0.0552757234555775,0.0844517347508503,0.0212448507650801,0.00157719468904023,0.0330438950262087,-0.0491417829348047,0.00299765850852048,0.0240746890323474,0.0127768558045735,0.00127747278467562,-0.047993929691286,0.00205317590238224,-0.013621607913785,0.0497046128023912,-0.00563396259842391,0.0199863284579963,0.0305730211349696,-0.0364466551306985,-0.0188525644857926,-0.00852932811287902,-0.0507983771407309,0.0974533306021122,-0.0399086462519101,-0.0163319082050224,-0.000330702400776439,-0.0048832890943937,0.026403171533768,-0.00259363689403667,0.00193551431897046,-0.0154225637649354,-0.0515624628007385,0.00614478630375366,-0.02395694780879,0.0139890724182674,0.0399301394802714,0.0534409809561346,-0.00567914023154809,-0.00240320595262967,0.00931924142332151,-0.0433869858276677,0.0317789115424885,0.0238671303006756,-0.0137465953418724,0.0173018131943696,0.0210215166654096,0.0287779032684145,-0.065053665832874,-0.0162642169094841,0.00457029213514207,0.0134463788034045,0.00406114974781411,-0.00867150685531042,-0.0545287710462441,-0.0150642087576941,0.021755081522491,-0.0121408338558244,0.0351942875361882,-0.011920628213669,0.0263022712610917,0.004362770994846,0.0101180235438779,0.00166229428633548,0.0013189368380036,0.00602241876475927,0.000992517957776063,-0.00541335402790922,-0.0116298485997725,0.0386983835268505,0.0613215123044073,0.0369634319729644,0.0099131478847742,-0.0258737711552864,0.0427049460211841,-0.0159479011200424,0.00737111999745579,-0.0260850543120736,0.0262237466928525,0.0317642744876442,0.00926130062282707,-0.0104706004590567,-0.0278422304421615,-0.0120932862169755,-0.0452628662535516
"MYC",-0.0261621718372607,0.0551534390064528,-0.00884777678302842,-0.0303048692627029,0.001246788984171,-0.00475411966214826,0.0331277209754086,0.0265693332823545,0.0167534639559893,0.00421419695669155,0.0184332525084267,-0.0339214879685145,-0.00969555160608927,0.00102055300353195,-0.00303409876345037,0.00495363481509873,0.00429512037361938,-0.0291249085240334,-0.00517426099175179,0.0176561842840579,-0.00809264676036927,-0.0126062139830753,-0.00678986586680061,0.00825700420318805,0.00942892837332306,0.033102002264009,-0.0156587623925593,0.0589832180484678,0.0407953058290698,-0.0560931678857489,0.0136819286826733,0.0385566122190528,-0.0140593004701884,-0.07438990204951,-0.0135044499783114,0.0675663811113326,0.063710647195032,-0.0420069377969215,0.0102729108298567,-0.0310889117127148,0.0243751794940804,-0.0320213182910733,-0.0465080908963535,-0.000864769026438302,0.0393018234465819,-0.065123225687659,0.0303493377087147,0.0281224019085994,-0.0140764185729014,0.00377954226279023,0.024753794535487,-0.0137286420719819,-0.00489766665792095,-0.0164394553942573,0.0346270328254718,0.00726610594584784,0.00673059898675761,-0.0137409580606298,-0.0291954991884713,-0.0205622856511564,-0.0728709283235343,0.00686820164493856,-0.016030782387614,-0.0338055400785771,-0.0270108512259297,-0.0148908911622128,0.00201547983412412,-0.0328370560218086,-0.0613969515452426,-0.0460203818273028,0.00415696946478673,-0.0332385295313596,-0.0137868757443796,0.0123584150734792,-0.0166440208249473,0.0174927464190193,0.012256925208938,-0.0317603490962033,-0.0093632205260593,0.00766726033246472,-0.0805574841399824,-0.0210254149989666,-0.0133008648155261,0.0190402446399885,0.0518351642051061,-0.0353884915828762,-0.0224027624782293,-0.0218083831917754,0.0297145736137516,-0.0754578380281059,0.0152214566701127
"MYF6",0.0213872923625779,-0.010776855929844,0.00127279450328749,-0.0192446925443848,0.0113999240845914,0.0140724907074739,-0.00518670618231825,-0.00827230899062153,0.0116640282440395,0.0106521552382965,0.0226716688780391,0.00862227128799201,0.0315451232699866,-0.0421201720564808,0.02112262494859,-0.0132602066867897,0.0186862684882,-0.018598813713903,0.00547896461850336,-0.000847518177976565,0.00070092801822809,-0.00277315164017004,-0.0182654612494578,0.0313560447507257,-0.0338963497848211,0.0104976147738844,0.021925253797341,0.00505035454759231,0.0313101191170985,-0.00165062663503695,0.015816978654952,0.0146279454074377,-0.00700248320240565,0.00446399170972595,0.00776641338164196,-0.00336250474552924,0.0181194834235715,0.00570317323999197,0.0157947462040857,0.0245949789868074,0.0102489682626627,-0.00256769708309221,0.0214161455039355,-0.000785992986363034,-0.00161660181329171,-0.00160004920799026,0.00705135706596662,0.0096191098754309,-0.00357586702517455,0.00448725515331054,0.0360464581092214,-0.00466375157798834,0.0103067458902017,-0.00728942998684106,-0.00194408301356954,-0.000701176567878619,0.017732925051121,0.0227275882570748,0.00758046143253528,0.00830264088409566,-0.00388014884947529,0.0137065900664207,0.0256420747543622,-0.0132752097680113,0.00297850724339087,0.00827435847099567,-0.00446257823055461,-0.0400154524475455,-0.00839355999156781,-0.013509252436954,0.0209675200486368,-0.0415861051440796,0.0119828156270036,0.0309309068136865,-0.00727484792399885,-0.0272488994638915,-0.0278370298086104,-0.00439509466071897,-0.0284472813754242,0.00730135697025914,-0.00839827131786374,0.0464122089451678,0.00174018663825359,0.00189913652248938,-0.00723478393768061,0.006140162742093,-0.0162056313350772,0.010102044303917,0.0320560072057132,-0.00870499042400705,0.0210484324503454
"MZF1",0.0207714230374624,0.0113708618045202,0.00135422254530374,0.00299880734600391,-0.0123742340345371,-0.0134338121644572,-0.0196971025170025,0.00993421327893638,-0.0128244477452286,-0.0089274683795279,0.0117837270240193,-0.010222387707208,0.00305217423249188,0.0103016099599635,0.00831084761330061,0.00742550756659425,-0.00134274456102239,-0.0133926744226371,0.0163343908018552,0.00326140347975058,5.73264928485271e-05,0.0058411041118158,-0.0145141629221556,0.00866256659745914,-0.017261780095967,0.00409931822620373,0.00585991179042124,0.0228635263023303,-0.0160933507610257,0.0115010739032467,0.00146439067244706,0.0321955639891755,-0.00363928264995823,-0.00868130202207669,-0.00443008261750567,0.00680981728208123,0.0364421774933394,0.00076189465294738,-0.0176786572314524,-0.0102112524712539,-0.0262338200586937,-0.0231089243173838,-0.00198222908279384,-0.00268905952839883,0.00189770866754818,-0.0202552431006934,0.00298033102925373,0.00768615814390951,0.00482029340104272,0.00522785064295263,0.00775053457571431,-0.0249837578652841,0.00909145282656934,-0.0106360743746758,-0.00126441737782081,-0.00394651126041647,-0.0180591270075377,-0.0186113278795676,0.0140632693493327,-0.0326996664283506,-0.00449317891775246,0.00441428655681813,0.0143137049874031,-0.00873337817359265,-0.0332836749812977,-0.0258683405472701,-0.0190855583354823,0.00918629191564622,0.00978238910739362,-0.0199698950637928,-0.00527223404666655,-0.00668109222471454,-0.00680808160137388,-0.00228479142837217,0.00840374051092185,0.014338656889622,-0.0174678407077011,-0.0140236055649562,-0.000788508590245482,0.00365920856397811,-0.00251506442122268,0.00155111319209599,0.0276686748695805,-0.0149457944502508,0.0257949069626412,0.00557940976253107,-0.0168632437749713,-0.025781384389962,-0.00912808828679048,-0.0180486393318352,-0.00868876826989528
"NF2L1",-0.0135024738573303,0.0422308312660688,0.0226442278013891,-0.0327999024924166,-0.00531932670369971,0.0128078469740265,0.0369407830125036,0.0155738504986199,0.0468477345425507,0.00609726059711902,-0.0286847876962276,-0.0477851077200973,-0.00519820832271225,0.00925380104638797,0.0621146447749017,0.0507963846190817,0.0166169426622211,-0.0429904107143177,-0.000881051693182794,0.00104290044618708,-0.00891093421237522,-0.051080206317545,-0.0143220930960201,0.0254757141896572,0.00422860462905649,-0.0254364331069966,-0.0179063115198465,-0.0606075291414285,0.0358747723315823,0.0372062483341002,0.0507310632393098,0.0098804951081454,0.0177256497477933,-0.0423114976655062,-0.0210468956204369,-0.00795405293372948,-0.025378900274388,-0.00853934933137182,-0.00227314960730466,0.0401827247350708,0.033822763718152,0.024655409320326,0.0518321497613482,0.0260379826697327,-0.0210028131729382,0.0141702107928141,-0.00305004886563005,0.0482853178919593,-0.0165447888606447,-0.0570164090404846,-0.00760661631421122,-0.0099304219564263,-0.00571772099667048,0.0424172491336377,0.0603874814174478,0.0165159980163743,-0.0472796211889925,0.0457749072901319,-0.000360767989687912,-0.00474460844528446,-0.0313984196439869,0.0378678267108644,-0.00135350915348719,-0.0104529060949117,0.0216760383416965,-0.0189150449648744,0.0307891715704335,0.0479484953994518,-0.0467340682732842,0.0372158608838943,0.0353621711403455,0.00658587192092155,0.0451884084625565,-0.0120810290158257,0.00693110434123081,0.00348047507939371,-0.0529042817921756,-0.0143907303815438,-0.0315707397182052,0.0115824592910396,0.0209614238720265,0.0368672116121089,0.0318888862455852,0.00764471941832272,0.0018448704737678,0.0390871132996345,-0.0465167979423887,-0.0180643887170326,-0.0107037126970464,-0.0114694178987557,0.0378700257537752
"NFAC1",0.00846966978813517,0.0156420919934317,0.00352238818873059,-0.0299523668298673,0.00834245320475137,-0.0250874470093222,-0.0129613889215351,-0.000245679343881073,0.0101372173321122,-0.0131086623906703,4.62491742125061e-05,-0.00880293038099153,-0.0257221468421273,0.00932145522838036,-0.00593243705223382,0.00818214560094454,-0.0287868716475823,0.0189741842928044,-0.0110912860606635,0.0293182761541714,-0.00460929063130409,0.012327820948579,-0.00362266254936269,-0.00644778775748073,0.00323129363228289,-0.000153578741259724,-0.0158449673572476,0.0312405507717706,-0.00295878320083703,-0.00282028484414543,0.00160405181616161,0.00110684982366342,-0.0258871545928832,-0.0185048508368649,0.000913796589834721,-0.000303210287458273,0.00111358811298465,-0.0058211033774864,0.00356596045048892,-0.0234444548311092,0.0177726800124492,-0.00483840052605234,0.0119302244955081,-0.00899826573144273,-0.00258141490340037,-0.0211152336149911,-0.0291743364098484,-0.0118663213650667,0.0289871408413361,0.0170555586272291,-0.00169449791191322,-0.0208277719077514,0.00316852774719726,-0.0148813495370518,-0.0102474122124384,-0.00944257976390287,0.00239074637098253,-0.00144362152815497,-0.00485827731843657,-0.0192351796683815,0.00849693924317188,-0.0123484631401288,-0.0223877477018765,0.00465297538066838,0.00505141605196706,0.00392745188905978,0.00693686491569875,0.0157418559770335,0.00310264996760745,-0.00742224089880285,0.0109662163032737,-0.0139921045670728,-0.0102483274068285,-0.0202764592320386,-0.0264060754130571,0.0191098341035038,-0.0132346871567584,0.00739577983686885,-0.0050152098422598,0.000189913753631516,0.0174657875668165,-0.00338698092804994,-0.000723537026174261,0.0192046214493668,-0.00552059690757368,0.0099440037769377,-0.0341246610996748,0.0121461619337534,0.0089015081211302,0.00145436263973445,-0.0106916363288795
"NFAC2",-0.0525198055764554,-0.00659577692221594,0.00861636960698616,0.0172500129920164,-0.0196551190756036,0.0262759777416226,-0.0300189751208909,-0.0318430501857033,0.00529231630601375,-0.0102032436114607,-0.0327760222489581,-0.0200709086762084,0.00489053601511243,-0.012825045444437,0.00144739588351484,-0.0056186860804744,0.0524668154633434,0.0131131161901636,-0.017275539417331,0.00287866322805736,-0.0313837490605973,-0.0260392540746321,-0.0292083547231338,0.00984583038456177,-0.0199870031839068,-0.0124671151673414,-0.0122236316994731,-0.0262814675392842,0.00205393585021973,-0.000433815078688677,0.00236758063518087,-0.014532001166082,-0.0110497251706201,-0.0134634901697208,-0.00406194896414571,-0.0188651022234943,0.0206761835032854,-0.0133315072291134,-0.0193135853485524,-0.0377463725309577,-0.00516375611786517,-0.0255051144906073,0.0101149579265053,0.00314915373298331,0.0233336249337926,-0.0576997575696304,-0.0104164569218415,-0.0279418074564793,-0.0597241499843969,-0.0243197422972167,-0.00507320749255095,0.00749621221503777,-0.0504186891054489,0.000724851895901939,0.00876302168713099,0.017290333555635,-0.00835910820552313,0.0262464284928422,0.022196367238541,-0.00459059614654662,-0.00481243094888017,-0.00187259953311436,-0.00738636740252529,0.00894297368596443,-0.00452244545022541,-0.0127760248830121,-0.0189246655789751,0.0148337493015124,0.0179127394663286,0.0178111675935611,0.00991182295873818,-0.00116844047625068,-0.0114419435131514,0.000381729949466495,-0.0438282470292898,0.0155351135432585,0.0132255599216715,0.00952305095668518,-0.0041668989803349,-0.0117582000202054,0.0312037582126949,-0.0382764284571578,0.033101295483519,0.00165477114578409,-0.0212597914733807,0.00272183781576783,0.00348349944901204,-0.0250422999747262,0.00821258065084085,-0.0226759044725259,0.0245027429935595
"NFAC3",0.00349537053401769,0.0146612781265237,0.0264329131384722,-0.0189846966000636,0.0127502367633626,-0.00764396337440691,0.000804716343675033,-0.000258069079869053,0.00466679598909715,0.0278066350431707,0.00582108006964414,0.0156365477931394,0.020895327376432,-0.0180024616859372,0.00371135755015423,0.00839610437511853,-0.0286056272251616,-0.00415691003388516,0.0143080248285574,-0.0151077899853592,0.0111161046004802,0.0356128851926491,0.0317056457625426,0.0152751672356476,-0.00574822306924887,-0.00916218989196839,0.00534985882200211,0.00794982085895546,0.0323223837202973,-0.00360577228317934,-0.0301263789858648,0.0199324796973081,0.0198345436775253,0.00773899229811449,0.0340639258587494,0.0263798917783043,0.000943193290567902,0.0132910422574023,0.00546433951953905,0.0592460684408717,-0.0133220452818678,0.0159188345584104,-0.0213791192567592,0.0105342198792997,-0.0102815020621472,0.0432214400978168,0.0165956996152946,0.0207081753958008,0.0332567997853144,0.0263105028306064,0.00760813006518507,0.00943648174557493,0.00734227417068077,-0.0324948899637842,-0.00766432980279004,-0.0199993680844055,-0.0311785422447957,-0.00883337287531876,-0.0138398889479339,0.00930571751832204,-0.0143802810260911,-0.0119288022623618,0.00871723609904745,-0.00160171488440326,0.0078509948303127,-0.0233416831862328,0.0372607988044233,-0.0164999795772286,0.0463127033794873,-0.0105975911082265,0.0175887274215312,-0.0250999046235674,-0.00214168359563491,-0.0102557365829203,0.0146765838811543,-0.0123045876203004,-0.0111889501931367,0.0291013649417511,0.0374893104850909,0.00553742240027767,-0.0252922338882315,-0.00379589538726796,-0.0123917883179298,0.0127188429910997,-0.00165250182226217,-0.0260100524375242,-0.0164201398276563,-0.0015400670939803,-0.020893254991847,0.0490527429973081,-0.0174003808289599
"NFAC4",0.011044450025624,0.015231006125148,0.0115737455410154,0.0169403953019445,0.00690430537341609,-0.0234050958700392,-0.0171628779578728,-0.00325668841816655,0.00496088908947864,-0.0275141273632519,0.0320588966133729,0.00263044595822631,-0.0183679359701091,0.0229730577649424,0.0216835619010081,0.00347314939155275,-0.0116245516252926,-0.00589756172804642,0.0298014195504699,0.00278513240599449,0.00464537135890454,0.0404338545118051,-0.0174220027218766,-0.00842536750701433,-0.0148248387544972,-0.0196019647082676,-0.00129723536680151,0.0226426145466108,0.00852110951426913,0.0102941874881608,0.0218966956658405,-0.0116439941179982,0.0233140866561372,0.0113082262231767,-0.0253330923717038,0.000152519631709754,-0.00236773317238639,-0.00801966139740761,0.021973049055268,0.0311430046522051,0.0256828834192897,-0.0047367513216554,0.00782045737744502,0.0122593997000652,0.00637663103271742,0.0132757249855309,0.0429049987285758,0.0193274169879807,0.0267488927148855,0.0237073943390631,0.0132259617059605,0.0161732904446305,-0.0104145372897058,0.00666790788834523,0.00272793107809568,0.0318718027400843,0.0725572218971411,0.00886819425649238,-0.00686883697233996,-0.0147609498670374,0.01863475368285,0.017025425782464,0.00347309023997272,-0.0153569399343609,0.0474945714133987,0.0154093979436911,0.00821690395461542,0.00803973243792059,0.00126878885237587,-0.019045903835485,0.00383027749404169,-0.00931403985692873,-0.0107715934208641,0.0184600362223567,0.0398694677178862,-0.0146991259673918,0.0283922492114685,-0.0101541775107537,-0.00316379739750261,-0.00983867098082685,0.0199493981356705,0.00412959691405088,-0.0114682391508876,-0.0070964386231893,0.00910374275462435,0.00252389511172336,0.00998564160769133,0.0168037582976639,-0.0280136311314158,-0.000664679313616844,-0.0153644070885974
"NFIA",0.00707219745482327,-0.0120256067754312,-0.0125537133530975,0.00608614521629344,-0.0256307508847797,-0.00605270374709112,-0.0145342079253262,-0.0116835973165682,0.0191273376746063,-0.00701770831032481,-0.0323388506644137,0.0078446439322728,0.0329268156571215,-0.0540558120618411,-0.0411025378753236,-0.00555238780153168,0.0286212864969908,-0.0166430427240623,-0.0135689238802457,-0.00752634159663972,-0.0073874440473927,-0.0134024901411512,-0.0127466426004246,0.0263232332332835,0.0201583646918985,-0.00829554665685533,0.0144810174336086,-0.00598690297573945,0.000984572872392223,-0.00528238465911497,0.0309192021230736,0.0226106198159481,0.0099920907668116,0.0263938458780213,0.0414832816191972,0.0471323618155162,0.00737455123376895,-0.0217264469050393,0.0211849117677718,-0.00777026036427991,0.00421727225779924,0.0123398709840425,-0.00966516719077101,0.00299864647089535,0.0208841896577471,-0.0150769942436394,-0.0406659037898281,0.0029198929496211,-0.00773047943987951,-0.00301155302868611,0.0176930048214899,-0.0426338468128454,0.00102098872957699,0.00211107740726354,-0.00589536261174601,-0.0224205434469605,0.0414383161080343,7.38486860585504e-05,0.00506994711789578,0.0306270990135613,-0.0286113533659052,0.00760339475469791,0.0094074736210347,-0.0297151215406653,-0.0346389831808296,-0.00112988575298974,-0.0240711357054669,-0.0124627157412301,0.00421829777835917,0.0189576067678211,0.0118607979857188,0.00255048207329533,-0.00609835852715276,0.0133964394523222,0.00569011049577498,0.0198042240965981,-0.0128296308829738,0.0108514505073992,-0.0106102240300623,0.0157214344509791,0.0128128163142163,0.000930414051041802,0.0160813868044088,0.0293627623029725,-0.0180119621918192,0.0261154770721942,0.0137363890256645,0.00268266841496082,0.00738039097330571,0.00999144957487471,0.00644627156299899
"NFIC",-0.0349516734465738,0.01630863041488,0.0149057165165298,-0.0125596058484335,0.0218806363724253,-0.00588964310985806,0.00209308888074534,0.00324527876182869,-0.02177931177714,-0.00462367562660298,0.0364179552145328,0.00709032871486649,-0.0170992075989331,0.0143150886362765,0.0237485232774995,0.0218727909168469,-0.0114409363563698,0.0186373811010252,0.000713904775389284,-0.014084640833961,0.00564391029006383,-0.012226053527712,0.0194718136961128,0.00109052818154914,0.0228244914171026,0.0218745174096857,-0.0138403528311154,0.0325141469934215,-0.00928962321353608,-0.0152352020776953,0.0139721582804896,-0.00304044010018293,-0.0123782567653965,-0.0122799929615057,-0.0163880675230156,-0.00858982914907074,0.00911804111404679,-0.0118896638406318,-0.00708579972199237,-0.00142476754286222,-0.0122927011477201,-0.00205698061310708,-0.00792437215970339,0.0106689068275692,0.00726357735389292,0.0170654672750006,0.0370834570102103,0.00299411451682275,0.00263101937489592,-0.00148842925789902,0.00843339812027738,0.0103689333887218,0.0042233740699289,-0.00754008571940052,0.0201604270096053,0.015406508114781,-0.0162810186024781,0.00344938139470451,-0.00703570123018306,-0.0116204905415536,0.0246289225708016,-0.00954128918563341,-0.00379268545578629,0.0137515830355666,0.0274988337523139,0.00055189631953683,0.00163399105810739,0.0363001319426545,0.0293918816378797,0.00603457962696993,-0.0147027837711292,0.00516367190452269,-0.0076193367244112,0.0139393708844285,-0.0213594397308161,0.0144742440956707,0.0160154639788197,0.00750323829596259,0.00039905791297659,0.0144903740341444,-0.00706722708107172,-0.00215986313886782,0.00994239970867443,-0.0193466918731337,-0.00802322364396775,-0.0231845806183058,-0.0141643758022832,0.0182452996800636,-0.0211769837310654,-0.00864842157356401,0.00978969750859129
"NKX21",0.00201387486768831,0.039571375683252,-0.00907912404414378,-0.0101535578155341,0.00464049968628545,-0.0082918165137809,0.0155652699408692,0.00465384387103497,0.0182589154706858,0.058798182306613,-0.0133146115517866,-0.00670274497058867,0.0053039966248504,0.024926593291104,0.0380269773934527,0.0113369913988684,-0.014689280826999,-0.0308857333068553,-0.0184677979298218,-0.000892315346824191,0.00445007139869712,0.0130332447812956,0.00785194586029324,0.050723562464713,0.0386746557360581,-0.0125066087368871,-0.0141793434354779,-0.013472614035379,-0.00592041964427113,0.0162447654841208,0.0403244478717972,-0.0120420583288046,-0.00889170017995272,0.0508371112791599,0.00435528765077831,-0.0262301349756472,0.0160513477039698,-0.00325823331731276,-0.00135087254306751,-0.0157235532851789,-0.00339790534485959,0.0080226844344136,-0.0136400994128092,-0.000714517689963023,-0.00961525580817468,0.00677037823907317,0.00123106244540564,0.0549914531793108,-0.00299089507767356,-0.00845613252961522,0.00479027234766723,-0.00862065340087431,-0.00267566494543058,0.0040371397982489,-0.0281356520336083,-0.0174473749988853,-0.00960596762842881,0.00944047874232203,-0.0018204762991743,0.0101557052135293,0.00963785191213621,0.0157079401241032,-0.0126505610292141,0.00534695755502989,-0.0316695941519649,-0.028275398049418,0.0225294426722798,0.0174527403202171,-0.00528195876700795,-0.00225243675799444,-0.00707477635312225,-0.020985207487361,0.00595198780325516,-0.00978952388515878,-0.0124624443606113,-0.00865779440492807,-0.0283149103824746,0.00486163035935873,-0.00947289907796121,0.00492561364228799,0.0179890654181671,-0.00191651130942208,-0.0213643155240963,-0.0250748799899224,0.0164003628062672,0.0204253388261285,-0.0117838480869006,-0.0279939980693739,-0.0016294780884923,0.0197305746083657,-0.00996260257939933
"NKX25",-0.0134682547673119,-0.0253072806693338,-0.0104072507516948,-0.01371838242809,-0.00155561391913015,-0.00834684188236569,-0.0412385501723077,-0.0167468229292808,0.0125202113004091,-0.0133893367865662,-0.0227524901106286,-0.000498788801406189,-0.0243997984039642,0.00218738621592183,-0.0020976656629714,0.0194188331677902,-0.00940656017328795,-0.0110603955155459,-0.0239508994368723,0.0109497849789805,0.0090557069615314,-0.00356526092263302,-0.00906891987876052,-0.0311886526907175,-0.000475993329462918,-0.00444776952481596,0.0129762654067804,-0.0237212145176014,-0.0186474547397592,0.01283596184024,-0.00289356241441632,-0.0108675877092922,-0.00689062925108927,-0.013295296810602,-0.0278731803334392,-0.0038007519670307,0.0071123195864218,0.00258620746142219,0.00333769360977265,0.00254977051260202,-0.0266602350780181,-0.0270711976870293,0.0223888492105206,-0.0129672485200255,0.0194904297156643,0.0157533223126484,-0.0143319707164993,-0.0174840544760391,-0.00997084864211275,-0.0119409418611848,-0.00347431692746243,0.0100011228012419,-0.0143907602232437,-0.0150421248669403,-0.00930294200794932,-0.0133791026948669,-0.00298755170427381,-0.00196329769345597,-0.0118677658413526,-0.00456681186251094,0.000616368778778204,0.00214009803335228,-0.00601899274052302,-0.00781167088627831,0.00548665344328715,-0.0166558128061956,-0.00319261371005975,-0.0149788688304504,0.00898159723198078,-0.00684279916721845,0.00614698764554399,0.000738385619058476,-0.0155196185986363,-0.00868309608100068,-0.0183634763529087,-0.00935746445614301,-0.0195970340128197,-0.00663031124947693,0.00780068554875919,0.0118627751693228,-0.0310147555537706,-0.0342537519753826,-0.00882273313967646,-0.00168581767164912,-0.00379151185022944,-0.0102296132962824,-0.0191845476689971,-0.0235375340100199,-0.00308046898753418,-0.038128778300192,0.0205096849326952
"NKX28",0.0473068923303817,0.0139027937526528,-0.0109064671456589,0.0184883863488062,-0.00367008485725432,-0.0101837426872315,-0.032088441294871,0.0177878001206244,0.0140759792575985,-0.00223106266435363,0.013838378778267,0.00797332738366016,0.0217332902303219,0.00537279496810608,-0.0189647879690685,-0.0025737670638955,0.028392169892974,-0.0615350364568844,-0.0105096781929593,0.0235868474855545,0.0142342020940419,0.0343729762395572,0.0624331308340909,-0.0237104100451583,0.00964193464071922,-0.0126934289706654,-0.00201157405304914,-0.014575976834869,-0.00594736199532179,0.0478489282573501,0.0485989976909586,-0.0351034134439301,0.0607415377182849,0.00960992570678105,0.0277939774476228,-0.0437639441116026,0.0461196737706678,-0.0352073920955046,0.0304027170567723,0.0620893838160015,-0.0159643336465257,0.00328585657293739,-0.00618057341160982,-0.03804865483527,0.0394233316903878,-0.0144361349721409,-0.0217162474991613,0.0420693858530803,0.0126709517679566,0.0493284258428794,0.0208931514589675,0.0244731851361688,-0.0115335426131104,0.0208837399551188,-0.00243832626840012,0.0128330180902111,0.0170629939430933,0.0172704228628226,0.0563662456539234,-0.00292102816885355,0.0135303948175062,0.00186756556481751,0.0311241090363329,0.0441297624349127,0.00981985483819622,-0.0136873140652126,0.02414618114158,0.00986319137570583,-0.0442873679373336,0.0351715621132916,0.00715328005878289,0.0067124953198424,0.00543842250697639,-0.0254628088009943,0.0319832034654374,-0.000457938859261436,0.0270257318655811,-0.00717633414219475,0.0192986456751685,-0.0281634073727068,-0.00683788747193,0.012217658676702,0.00964611316939744,0.0667595927891862,0.00213823632521391,0.0435809665449355,-0.0114451399453356,0.00796516666948197,-0.0321764812311744,0.00206311797634066,-0.0456471116605981
"NKX31",-0.00508642632657358,0.0140745979819622,0.0173878335356311,0.0339562237807282,-0.00860649124036482,-0.0200508117105374,-0.0236028885130886,0.0119790738234803,0.0400208548296897,0.0344332274523685,0.024741512672474,-0.0186084508272299,0.0196531815258038,0.0047580736619462,0.0054874663216676,-0.0339481336927914,0.0107899113163154,-0.00968678231254191,0.0133841783932004,0.0105139053855559,0.0146147652628643,-0.00240659796380739,-0.0339153670287304,0.0209394887718637,0.00972515968304125,-0.0282543078175888,-0.0295999716799959,0.0246463958264424,0.00127173838278678,-0.024917098214493,-0.0174180495978279,-0.00640745050198467,-0.0093285965358533,-0.0277245086587267,0.00921246568965038,-0.0237086596517115,-0.0223497057985336,-0.00709727937423988,-0.0272981518199173,-0.0378908659456925,-0.00469584215980639,-0.0216170053888779,0.00287509871580858,0.0432239411254165,-0.0209105123757577,0.0568514081866822,0.049953809654521,0.0123734639537479,0.00656184106765623,-0.022615840822093,-0.0215291074685842,0.0149106868673248,-0.00544407399665399,-0.013042007162631,0.042897549322596,-0.00212163068220912,0.0394186496193114,0.0366057659054914,-0.0266354358895681,0.026620234178844,0.0169458167324002,0.045865688042221,-0.00876766455678913,0.0272353131508868,-0.0162055891974331,0.00485739039391174,0.0173428324794692,0.0155784216870658,-0.0160934795709038,0.0473501285284692,0.0113525397848567,-0.0095442926361466,-0.0289630528769803,0.0221284048621333,-0.000338816702058889,0.00600664314713895,0.0198373610669627,0.034966947341316,0.00258269575491462,-0.0454984671133794,0.0220224767163114,-0.0418197191563289,-0.00183424531957447,-0.0062351893115586,0.0224021924420139,-0.0388144951701076,0.0080793101459108,0.0354535758149097,-0.00234666831240319,-0.0292187468683362,0.0182912914348566
"NKX32",-0.0176998011265756,0.00324181754829717,-0.000855455224600729,-0.00501071790130806,0.0264805140950557,0.0367618719708404,0.0394410902233246,-0.0297443502955923,-0.00568014000330495,-0.0266050741854897,-0.0827455827845373,0.0415479650117252,0.0259909205062206,-0.030623909637057,0.00462580604277062,0.0024632101384632,-0.0449065639043273,0.00531109148592592,0.0192982226578943,-0.00251543336761474,-0.0364646992797469,-0.00783903400413584,0.054652638116374,0.0307800622690078,0.0389970998905243,0.0426831026262057,-0.0290449859351382,0.00377662945919684,-0.00167285840515839,0.0359575612024326,-0.00549629176340098,-0.00929633573551976,0.0507247199954861,0.0685722160618742,0.0261836843968658,0.014833080031469,0.0438782123214818,0.000971318839851953,-0.00225544838230028,0.0489547621058184,0.00493363321557369,0.0195718917836846,0.0052393603060802,-0.0258916530238148,0.00415595981754161,0.0130363333746653,-0.0512256545394543,0.0218589530298675,-0.00546995101674725,-0.0109936137236689,0.0313171566858274,-0.00291757004037712,0.00718349962009801,-0.0335634096372244,-0.0324611509994116,0.0099648138105232,0.00486638900744527,0.0348914488558013,0.0466217267169836,0.049406689314444,-0.0110173424253257,0.00797497708026874,0.0290815846496406,-0.0284664324269344,0.0215086928097703,0.0286141806756386,-0.0196099468412264,-0.0369499215058977,0.00464139145402076,-0.0401081166393105,-0.0374407282337694,0.0356596352535098,0.0301537532070788,0.0261531749020878,-0.0140068370081207,-0.0452168454554598,0.00330304073668112,0.00496491528868132,-0.0156917977799244,0.0177233398264033,-0.0247425850214294,0.0290229642394108,0.0232082037867403,0.0373384385531656,-0.0113840557970789,0.0495617601800814,0.0311600532952465,-0.0201585120875747,-0.02958700709979,0.0269548290959851,0.0533117078331941
"NKX61",-0.0285209153589522,0.0112227019896691,0.00849772968324828,0.0331655296265922,0.0114636040340966,0.00348619092628178,0.00808710992326567,0.00137203136250087,-0.0297468049733293,0.00825779799059166,-0.0149354036651864,0.0199941524608507,0.00870189128104075,0.0328349217372028,-0.0103258742429775,-0.000147919048160824,-0.00599952440134911,0.0154399176541893,-0.0141131745511224,0.0107575363704322,0.0128024362920856,0.00179893264871883,-0.00759204176328358,0.0306420128955067,-0.00424259746366562,0.0280473008026747,-0.0204320495524641,0.0230879297217912,0.00529762025184664,0.00265534050497,0.0182933763554139,0.0229313665759951,0.00590555101733766,-0.000929399503970778,-0.0198899920417782,0.00328398679414102,-0.0069468383013785,-0.024572964671607,-0.023075829627412,0.0206456986133314,0.0223885955144342,-0.0140212973441994,0.00543381564826884,-0.00557831812265812,0.0306492450448832,0.0110996221985585,-0.00783863122834323,-0.010485168889493,0.00602013384666112,0.00155490738782388,0.0122671098987414,-0.00137992126339528,0.000383065636351703,0.0249715212795169,0.0328048664664822,-0.0391145189637399,-0.00736942113563132,0.02007755434746,0.0271641238909395,0.00526650620730052,-0.00342912876066652,-0.0272728428267698,0.0171051198962763,0.00801083954201026,-0.0184056461938913,-0.0061223303056978,0.00089255775979514,0.00319337670667048,-0.0281039760884009,-0.0272599993207821,0.0231579840427011,-0.00488077860798862,-0.0139646968625204,-0.0087494892728688,-0.0305759427800093,-0.0330788142011597,-1.55592704336324e-05,0.0109827401168194,0.0232211403281357,-0.0116378717127859,0.0189716784420223,0.027117501447783,0.00771167956329702,-0.00645599475052549,-0.0132501617219024,0.00296576001542248,-0.0349835910720007,0.0288999666562662,0.00648258406909637,-0.00423592434784466,-0.0161856236336091
"NOBOX",-0.00929850392796765,-0.0250844186479194,0.0232982396638789,-0.0284586552838101,0.0212240804627642,0.0629975184100946,0.0459028493137769,0.0262274846932357,0.00857490232217188,0.0377859695241376,0.0693124598466448,-0.00693227592904026,0.0127671225526347,0.0509080062689501,-0.00632626265774965,0.046639594679166,0.0410660889182416,0.037354844764377,0.0195349750542616,0.000768403424911423,0.00298715952558672,-0.00380635726104401,0.00437574205983304,0.0246663648070985,0.00926643086933025,0.0842217039989206,0.00166653481230369,0.0642622846036244,-0.00142245313573194,-0.053634879011031,-0.0101204651250944,-0.0368884843212803,-0.049744074977645,0.00748771620180286,-0.0653703920240584,0.0382696559636169,0.0239510712478634,0.0231364695037136,0.0149725155821807,-0.00987648093247135,-0.0318083172374608,0.0014447200346769,0.0155659219040748,0.0343637203098216,-0.0611017851390262,-0.0706101555858495,0.0247976676713677,0.0358911375657315,0.00673723546780487,0.0146501429280106,0.0342305274484141,0.00851805832014997,0.0417508812967826,-0.00720254390648179,0.00204480513986815,0.0815488636497998,0.0320380011075087,0.00960423602515319,-0.00880922634065311,0.0308365855259316,-0.0264605695408383,-0.000752917909440073,0.0235802259665525,0.013521014505579,0.0205753948070947,-0.0442103710620297,0.03397271286514,-0.00928391858524339,-0.0126899091658984,-0.0815171425686133,-0.0240852815717006,-0.011890696835106,-0.0225796539922656,0.0148124796002174,0.0295683528110959,0.0311267623319756,0.0150722745883531,0.0213255600117824,0.00882147580090896,0.0400549679586191,0.0429860235385542,0.0188687922141021,0.0539252595732576,-0.00789506249265349,0.00181535837663144,-0.0296118130307693,0.00489918315424096,-0.0140629086303611,-0.0275049393157386,0.0494233229140349,0.022022564856477
"NR1D1",0.0039217780759046,0.00506207743291861,-0.0086131002330549,-0.0186765415165672,-0.01091181333755,-0.0148126310856668,0.0107580821727,-0.000295805968860197,0.0241475621736213,0.00897355723117779,0.00172623307208764,-0.0344266120638065,-0.00798545605827848,0.00436658603886506,0.00333324616140697,-0.0122013782797419,0.00171098533612281,0.0103982983618075,-0.0111937447778527,0.0144463504360353,0.00705331500394577,-0.0262459129577237,0.0213052169858057,0.00221593157998713,0.0010101310686817,0.0263671825455915,0.0192109319990685,-0.00598100091756676,0.0146021160414157,-0.0166712570577918,0.0115564105061129,-0.017114730571803,0.0180762270655689,0.0138171353385818,-0.00831832606711889,0.00548942034354391,-0.0261446187282568,0.00821751021880876,0.00898365519582506,0.0325153420706608,0.00939152391915592,0.0163586447504026,0.0221244887345054,-0.023155354237793,-0.00374639285932702,0.0148607405660109,0.00849021191362707,-0.00268084794865948,0.00309612525634927,0.0108809751655646,0.00717453293882549,-0.00263716115565167,0.00867472328923432,0.00321943093798422,0.0153748313255494,0.0202523911966427,0.0100480455671123,-0.00814539326350154,-0.00685011286818323,0.0186671407464196,0.0145608575743774,0.0071206792744889,0.0131897815170929,0.00200378334631667,0.0230869606546019,0.0131972076529687,0.024197238432276,-0.00404675406162645,0.00225392753904466,0.0144604467033061,-0.0267043925713562,0.0122084761137926,0.00725071134212646,-0.0190092512070636,-0.00178090502559912,0.00632392510892857,0.00072706796662197,0.0051695408878698,0.0215345283364599,-0.0148789408864523,-0.0082479223725094,0.0213127836049006,0.00576538873836799,-0.0164032306631323,-0.00675425642698947,0.0254518341641102,0.00467118258707361,0.0041951538170125,0.0112495762086643,-0.0155774435021165,0.0143375424081078
"NR1H3",-0.0323098152800324,0.0061697921561575,0.0012321753924499,-0.0498944080289941,-0.00337534078297084,0.00457085491722565,-0.0364197931637966,0.000850307107443249,0.0107534063081332,0.0107918372642354,0.0418319457413921,0.020493137219067,0.013010249989332,-0.00475779901983455,-0.0037333569294331,0.00562626366032066,-0.0166239685101613,0.0115789404011437,-0.0302155659865519,0.0281807949994449,-0.0273633496963096,0.00257939621888452,0.040046485128948,0.00297692077418146,0.0111008420858477,-0.0155413801684607,0.0090599141679114,0.00894713376933875,0.00827462169396223,-0.0032224204220285,0.000531478380290986,0.00759083952570062,-0.00105038864754691,0.0100213167730595,-0.00789627188975648,-0.03022301369417,-0.0137022192571808,-0.00871496727198256,0.0132754745542547,0.0626737463424714,0.00537889164871771,0.00381641473464673,-0.0156914130348677,0.00823191113114083,0.0219781281161338,0.0187554610579666,-0.023651185787793,-0.0178264484016615,0.012983228718042,0.00272469343672747,-0.0166487168893986,-0.0105237914842022,0.00446576013934368,-0.0120855253346039,-0.00592874322217938,-0.0239528241062432,-0.00795946991570815,-0.0104014767014579,0.0249784258003243,-0.00705012366251173,0.00506077982490019,-0.02224152047376,-0.0225555139055599,-0.00962580826544396,-0.0186746481975554,-0.0212003399451481,-0.00460138253633084,-0.00404381639154472,0.000295739048828495,0.00813547264937642,-0.0445812934155723,-0.027524956742541,0.000336165751203324,0.0077100698714478,-0.0122699411692172,0.0126518838967813,0.00462327710450185,0.0280967077249249,0.0245263222739764,-0.0342096724400731,-0.039919120480783,0.00628609507198023,0.0326361630104797,-0.032987620271907,0.00998923876869558,0.00324602062395309,-0.0258089759672699,0.00399606615684232,-0.0206642844423197,0.00540588721438888,-0.000567706970799663
"NR1H4",0.00308283372661176,-0.00718838772734385,0.022809756646231,-0.00969359194343728,-0.0159732429777883,-0.0149786593380838,0.00949967589367902,-0.00368163714616291,-0.00267700358538341,-0.0163862734110255,-0.00203772072512297,0.00248142108001764,0.00162741082188021,-0.0154866513226916,-0.00136582277586738,-0.0191510803508586,0.00203265802743941,-0.0017596386761659,-0.0320356056218765,-0.0201253431549713,0.0199174229654027,0.00169376973662449,-0.014801156010313,0.011840206733246,-0.0282876071355775,0.00391403861169018,0.0090852159383421,-0.0161209735976185,0.00535120053085084,-0.0246975535378929,-0.011383263859812,-0.00172984000413388,0.00453360755729144,0.0135394080920322,-0.0293708345675282,-0.0106127381067191,-0.0413225597896292,0.00163787314734624,-0.0185784583261674,-0.0056813979405638,-0.00427102644221323,-0.00118009651221496,-0.0227046236260877,-0.00503806218513954,-0.0135802384127851,0.00921524576933623,0.0112245551084108,0.0409357006767128,0.0237635882191684,-0.00158346452818596,-0.0321582291560739,0.00135354651232662,0.0182069776989924,0.00496437770786076,-0.00889483286043058,-0.0332510583815128,0.00386735561868602,-0.00171711177895644,0.0208663487132883,-0.0316685103645373,0.0109868848616541,-0.0244508460641509,-0.0115465789106146,0.00290736708766988,0.00560917422568607,-0.00768172585208574,-0.00878787134798083,0.0280160715409045,0.0100689557578607,-0.0295221114801866,-0.00633878342597142,-0.00364510125494996,0.00982695573386575,0.0320408185783309,-0.0188547874959346,0.0122913445826715,0.0116452550689545,0.0080327539880113,-0.0053030723932497,-0.000260552997443896,0.00150713178178021,0.0176645001646452,0.000701938668908879,-0.0200994126460949,0.00360145425513182,-0.0123944113578456,-0.00408844559092084,-0.00581232694828632,0.0148256084000772,-0.0101879522812834,-0.0107577188871005
"NR1I2",-0.00354904821254665,0.0264057516872924,-0.0330599689614954,-0.0129697122425223,-0.0109153480820266,0.00249946913277154,0.0242927253602027,-0.0186831893265643,-0.00798417538378848,0.0284046682744351,-0.0018166947915867,-0.00532439663648128,0.0299760958315848,-0.00129658838112593,-0.019209306467707,-0.0118256659134892,0.0408689891536086,0.0254095037232997,0.0202088304243515,-0.00680016876959371,-0.000518768936058656,-0.0210511522251504,-0.0184923693995584,-0.0243719819265952,0.0153383409444992,0.0318686027507027,-0.0169687048275459,-0.00312808200847291,-0.00302575439651761,0.0307555162206261,0.0317532568255939,-0.0164107990275259,0.0542390942681458,0.0227862305350857,0.0536539768540298,-0.00231015036771037,-0.0151561157323979,0.0358586692967477,0.0581604782369196,-0.0670668237383821,-0.0122578996823679,0.00909436233997811,-0.0252527285486344,0.0153412404104127,-0.0255040711518264,0.0225242954355678,0.0165778567612676,-0.00731629303703679,-0.00764586484578085,-0.012213784115324,-0.0186371146029166,0.00973015967269661,0.0330919748412783,-0.0347875703617407,-0.00446363556512367,-0.00350620911731431,-0.00289700948197059,0.00512027307608768,-0.00980998303290019,-0.0203108139547505,-0.00290182769144433,0.0203626060631161,-0.00661553745036826,-0.000189954791467637,0.000877217065736992,-0.040837384022397,0.043445425582733,0.02901403248206,0.0085160803455669,0.0216843052639059,-0.00896483648501075,0.00628457241062658,0.00338087273346004,-0.00830372891760675,-0.00347471764938411,0.00207516815498042,0.0363482338831883,0.0476570209855842,0.0025610620926133,0.0365985306869327,0.0139862969304772,0.00132373366781243,0.0162382963816008,-0.00438808005096807,-0.0346322203815861,-0.0226376644475492,-0.0254307721498771,0.00644876545186988,-0.0163969819590239,0.0360852981528436,0.0382398455028157
"NR1I3",-0.0137256657460521,-0.0213372855089225,0.00588051634072718,0.0100729683931818,0.0247307573188961,0.00721720938705616,-0.0180856161508553,0.00783375211714874,-0.0195747249150672,0.00846781892419832,-0.0341705584100868,-0.00173446521595521,0.0225228010493515,-0.0220384254202952,0.0123210110242575,0.0119918381157608,-0.0100303723518538,0.00396210202503238,0.026008514058802,0.00574522412103491,-0.00966527362022605,0.00368829067311484,0.0156975900422196,-0.00626959395559443,-0.014713117240716,-0.0389667199165947,-0.00447916440248793,0.0451987774193094,0.0148206961995056,-0.02132888574605,0.0400083446288438,-0.00976822191298049,-0.0182027379181526,-0.0142051924192449,-0.0142069648954685,0.0262667321487014,0.0144768927752592,0.0132549192609173,-0.0345967367606347,0.0147346534607924,0.004818257536052,-0.0261925468941646,0.0179223810157469,-0.0425828220190305,-0.0137176487625466,0.0259945997508777,-0.0148907912565732,0.0239455621306801,0.00186815096677768,-0.00685095276962358,-0.00762113023080871,0.0197819931587449,-0.0156169542963042,-0.00558239090384945,-0.0140822914837412,0.023983086455698,-0.00200581626139361,0.0202077935549079,0.0177991535944974,0.0209082721379547,0.0210309682438463,0.0377068451792757,-0.0249619449210908,-0.00945678697517187,-0.0122118072397456,0.0217791276138411,0.0227258767418773,0.0146453043675647,-0.0140374636927984,-0.00422198059565695,0.0308624520945715,-0.0316954421302705,-0.0397221591475735,0.0186643629302509,0.0329344119610028,-0.0124692410632134,-0.0341424318284908,-0.0191053582816972,0.0236326952608435,-0.0487236334492615,-0.0199295430243733,-0.0273034849497999,-0.00165897438712502,-0.0181093413404845,0.0503630642870217,-0.0163479801704946,0.00442517215937344,0.00166853325023966,-0.0412832415954649,-0.0085697485900501,-0.00644762931162128
"NR2C1",0.0442879119905253,0.0229860737586279,-0.00505360376135995,-0.0326225929329537,-0.0361235139005168,0.014059014420192,-0.0169682087885927,0.00111636883855246,0.00331485555908214,0.00663898680785536,-0.00337670772458254,0.0405379861900504,-0.0147013897003772,-0.010275203407602,-0.0428296345434743,0.00527670685424089,0.00020896195340321,0.0220580361162175,-0.0298588982228316,-0.0247558011280374,-0.0158931619270262,-0.0466546040311596,-0.011453663582113,-0.0322606624622073,-0.0115536416774939,-0.00336321325867234,-0.00688012771996138,0.0173529367414076,0.00278973566613395,-0.0404069565503196,0.0219310609759923,-0.0505141869494573,-0.0119662962198121,-0.0336801298707796,0.0226210241537314,0.0189606248153844,0.0346035415089667,-0.0160277784129754,0.0361808005958053,-0.0387539629599166,0.0124735083136243,-0.0192880444378497,0.00232188428238682,0.00869380940359221,-0.0270099151979228,0.0107148866177865,-0.00356073692247333,-0.0147159055469243,0.0155390734987232,0.0034117556854142,0.0203424394963746,0.0275991417739465,0.025382733852473,-0.0384639072672616,0.0125894356097691,-0.0292881490869242,-0.0106376875412922,-0.0238941601047003,-0.0213276881861608,0.0210936807706932,-0.0159069748969627,-0.0310967874730824,-0.00868785725837528,-0.022963214616888,0.0195351910941143,-0.00194836807309837,-0.0168210720078895,-0.0479605870232431,-0.0219276436121695,-0.00240781047340727,-0.019576620994796,-0.00506644998667685,-0.00284858365343929,-0.00605764020029955,0.0323802080064772,0.016178906900104,0.0145734461673415,0.0180062443879933,0.0393292157908984,-0.0272687598552975,-0.00912656211282824,0.00771277431159184,0.0130567456064545,0.00411666430658892,0.00995011951776519,0.0669201446788653,0.0192924361031965,-0.0148461855308941,0.0142899346139447,-0.0317098707505047,-0.0280308262554017
"NR2C2",-0.0286393626484937,0.0215687057803142,-0.000150070522603707,0.00376180258333084,0.00297332223353501,0.0318759488924747,0.0256959329695703,-0.00326508945458944,0.00373000628868614,-0.0134779237496642,-0.0165690739282464,-0.00745109345491612,0.0062365611706699,0.0165208030405695,-0.0468294195153781,0.0121255404686947,-0.00823711317818439,0.02982964122716,-0.00816768340895533,-0.000430121771373278,0.0129554270285896,0.025657567932339,0.00939887472062558,-0.0133128106484847,-0.00621031937251006,0.00152861272746522,-0.0215661686727455,0.0145196740198845,0.00423174132692524,0.00303735784193585,-0.0232571878906261,0.0244722644203887,0.00809015396227518,0.0401223032331587,0.0393924156228853,0.012335010422841,-0.0244668941528031,0.00921407736146028,-0.0238377487287695,0.0423871668003335,-0.014406062198512,0.0173971324505374,0.0493781253722903,0.0121262563998836,-0.000554186989187045,0.00902672959315638,0.00679197297351013,0.0204081975967899,0.015915800945971,0.0103032671690684,0.0326890918353749,-0.0223150598049889,-0.0247947994034604,0.0348672080146448,0.00188720000669002,0.0335701840276578,0.0130972144831375,0.00719827608025328,0.0485249441160146,0.000712303459682594,0.00833857377995664,0.0411543224435946,0.00655568823933594,0.0398240741966199,0.00439211814656751,-0.0323079145721759,0.00124534157324843,-0.0112139590725723,-0.0248383560383549,0.0243845703252368,0.0115238859622128,0.0151962567424934,0.0121728655549959,0.0244969952468483,-0.0170939417487953,0.0315436150018803,0.00496619639619865,0.0107505861326495,0.00898772006451343,0.0355066283572278,-0.0153820246937274,-0.0237532134312311,0.0201929677395887,-0.0392655585324135,0.0149216587359888,-0.0165463546798481,-0.00406133871680505,0.0241891611296157,0.00313847420451718,0.00428562268810968,-0.00887993582934052
"NR2E3",0.00262262345325632,-0.027169358661879,0.012896455411496,0.0111380658369558,-0.00124047786022996,-0.00715406798707782,-0.0132506787765211,-0.0278153137208259,0.00954370238800007,-0.00450186024856633,0.00817621260679233,0.00573115861307773,0.0151014582839714,-0.0118622083803738,-0.00709419239841044,-0.00788670841998744,-0.00545467076663789,0.0124306925548782,-0.00116929835847022,-0.00836875348619029,-0.00741545627893546,-0.00820411172804995,0.0143625452413571,0.0244806094816692,0.0194925148217901,3.50331668115968e-05,0.0212757952294492,-0.00273426601421268,-0.00234619307806107,-0.0211298981140104,0.0114846228153902,-0.0163961395050132,-0.000179692361159768,-0.00150548859457716,-0.0217760874836082,0.0183369905377937,0.0102587612314123,-0.00294775470928802,0.0239658187202632,-0.0304775600195193,-0.00522983310659892,0.0186680263009783,-0.015993495064091,-0.000132418672306804,0.00505678573463094,0.0211357232048135,-0.00587064051524292,-0.024958643112755,-0.0148181162025924,-0.0018202180392811,-0.0156706245605418,0.00588949858717931,0.0196483399805196,-0.000546839473404231,0.00654735145412277,-0.0068696771615727,0.0177220088956909,0.00781298135479047,-0.0108736214290335,0.00517925778941097,0.00892519555170147,0.00990963161543044,-0.00356132490636991,-0.0270340721679708,0.00956472336837328,-0.00280005727451988,0.00595168421317473,-0.00995059228427675,0.0159309614211229,0.0120071257693383,-0.00706362679427848,0.0145731802059838,0.000209828417392691,0.0150649484632556,-0.0136879294783329,0.00854941259821037,0.0118196699259457,0.00145153963932047,-0.00495502716576039,-0.0202764985504334,0.0148829861329748,-0.017757707484196,-0.00189096209660769,-0.0190745558693159,-0.00493796185505915,0.00961695880861877,-0.0198824586713015,0.0122918345026341,-0.0156770676609658,0.00534313340502216,0.0234363035632195
"NR4A1",0.0457037166107966,-0.0097998936740769,-0.0167781399387873,0.00221486228249901,-0.060217203083935,-0.00374179779656129,0.00754647575846346,0.00788065596434576,0.00525446605935871,0.0032476081496602,-0.00223108585199088,0.00920415988839697,-0.0189366473699422,0.0222326131402426,0.0407995290098025,-0.0188347646383915,0.0060040706417882,0.00948226696639386,0.0262304944384393,-0.00855517688511928,0.0205880745173581,0.0203711782602095,0.0159798224094285,0.00128253672732025,-0.00651750018409092,-0.0217590885976813,-0.00813186090770832,0.0190295037709372,-0.0303090613858596,-0.0434979980112306,-0.0167105442396767,-0.019595954158488,-0.00367481469772301,0.0258855671912921,0.00644739566293914,-0.00667739074687143,-0.0192946651620752,-0.00146070565062587,-0.00473905730555154,-0.0184307250246432,0.0110881312660545,-0.0336358466049869,0.0172885908228783,0.0148527102386573,0.00941368694446322,0.0161145724215601,0.0173335197882678,0.00276275283616785,0.0198581455023854,0.0194867189481535,0.00745989266222899,-0.00298738885300349,-0.0371456856333993,-0.0144774856857521,-0.00982495369053441,-0.0209785097987418,-0.00920839305879223,0.0208835558180053,0.0143168226703286,-0.00725191771724363,0.0259067257181429,-0.00358735066954957,0.0190566865542746,0.00964295463542502,0.0167190071278594,-0.0093862589924726,0.0110384080948747,-0.0115776917604874,-0.0195300360297378,-0.00844534375042019,-0.00699823843484655,-0.0415741642547026,-0.00256794675022493,-0.0132614872069796,-0.0314731097830849,-0.00787203822774009,0.013292437631097,0.0146704150168672,-0.00658186345796466,0.0165463875075407,-0.00791754134523692,0.0091524455483098,0.0229423640587529,0.0268364644671917,0.0154125173669595,-0.0101598421695641,-0.0203578173865713,0.0140430836103776,0.0195162866396915,0.0228020348297891,-0.00787890207149188
"NR4A2",-0.0106344388537226,0.0176345872541728,0.00426669707444968,-0.00267569847999523,0.0165209582527137,0.0371149061591163,0.00420882913513067,-0.0159383371043392,0.0230741288765112,-0.00211820157477413,0.0204508991692289,-0.0326104015372401,-0.0310987715227102,0.0291732876451969,-0.0145233027299875,-0.0051723363443206,-0.0258172666401769,-0.0492479960780519,0.00366372024379159,0.00879951894725178,-0.0236660952454382,0.0037665531377009,-0.00524013291570102,-0.0118078357642693,-0.0113108210927987,-0.00216433186397405,-0.0276673589207537,-0.0208892467659403,0.0227528107096716,0.0559602621401929,0.0025102012618476,0.0523389418942199,-0.0201814914443471,0.000619148543231718,-0.039040582359146,-0.0401456103816573,0.00850665427857847,0.00214839940511744,0.0145228260084847,0.0465027364081386,-0.00842192879397575,0.0395135051396726,-0.024877060746924,-0.0253721581588641,-0.00752232855078667,-0.00896086511235682,0.0016931614802197,-0.005522365306731,0.0139892216368819,-0.0217607780502521,0.0110780042635686,-0.044280185747758,0.0220566551020075,0.0307568874364829,-0.0033196847904156,0.0515137520116737,0.0169754901402307,0.0439882674862286,0.0382332166544614,0.0282541765791432,-0.0095662877454784,0.0161299331282918,0.0135691966196393,0.0391237694618673,-0.000146544855642816,0.0258891878898075,-0.00780966755814633,-0.0058622082130841,-0.022137602448522,0.0210582092773269,0.0235772494931903,0.0242329651874009,0.0147193890592065,-0.026470719603744,0.0526631584148499,-0.0283344119008635,-0.022025066392903,-0.0195280274811842,0.0164276654089283,-0.0241075307706811,-0.0365741556337849,-0.0129849405865387,-0.0246914970497162,0.00202845078614783,0.00112666106675035,0.0420284331243301,0.0308698955122044,0.00211820127010851,0.0114562931363392,-0.00297420267150297,0.027735712721121
"NR5A2",0.0442803636669135,0.0114398468587651,-0.0267242199863073,-0.031809726765331,0.0082025681146061,0.00210988886439606,-0.0275308543071514,0.00151034532627278,-0.0326385279719908,-0.0572925875075796,0.000550668608068164,-0.0337247371155947,-0.0081533525949532,-0.0149488784197414,-0.0543559699951704,-0.0225312133673673,-0.0175698535455464,0.0420796608305361,0.0158056775608765,0.0151456857421302,0.0754095716041025,0.0127443752379391,-0.0308999291513113,0.0250735247589689,-0.0349707933857788,0.0198837920841408,0.00435586412430461,0.00364582725144924,-0.0159833659532687,-0.00811260113923031,-0.020173110527024,0.00639586756940362,0.00373016723415335,-0.0405643974953295,0.00544051726016942,-0.0597779676547416,0.00131993135466214,0.0156186059239793,-0.0198556835998501,0.0344332220227493,-0.0399399024986271,-0.0190734115801487,-0.0139701301123426,0.0225912364105873,-0.012206404442104,0.028808623550231,0.019516896154381,0.0102991151135637,-0.0464818514662014,0.00961920540471154,-0.0794075003476957,-0.0514864394466804,0.052407781994024,0.0110498917286644,0.0330344283563625,-0.0734701812700768,0.0274254696770418,-0.0305565567418368,-0.0144202718997217,0.0247879899683022,-0.0200931436766206,-0.0332121902117652,-0.00447907931567295,-0.00295534865531814,-0.0360137421302918,0.00711834215233357,-0.0451475503051162,0.0313458660946596,0.0489948351521035,0.0230715475823585,-0.0160081317661772,0.0062610753458488,-0.0263308751303602,0.00342596199307453,0.00332172799763964,-0.0409077277613202,-0.00702271086031875,0.0112133597129739,0.00333744650272355,-0.00790370739201281,-0.0398890041511207,-0.0236385489049446,-0.0257856762742158,0.0208339847390219,-0.00163465142383279,0.0367732497803246,0.0248302161160217,-0.0110137869771481,0.0169015682623362,0.00632491464332459,-0.00846651544645317
"NR6A1",0.00414221467681253,0.00707250625639488,-0.00893305099364446,0.00241898181784117,0.0220340973929038,-0.013463249439463,0.00654184228201345,0.0252836158818715,-0.0139282404547361,0.0186587731577275,-0.0232012458037465,0.0132546656416132,0.0233123907574022,-0.0127873353671087,-0.0150221478645491,-0.000486305958132148,0.0200293306419431,0.0545930741911911,0.0159233063696131,-0.0145368437954321,0.00192299041802003,-0.0104043714343402,0.00424216949627619,-0.0091601921071739,0.0316186176965569,-0.00754708147759777,-0.0352991055094498,-0.0115463383051035,-0.0118837191718622,0.0257350059256891,0.00277774985696548,0.0232757713710238,0.0166864487557603,0.0112386526686223,-0.0193203280211664,0.0137400398415777,-0.00683081694233627,-0.00234764006869839,-0.0118121382278567,0.0247941307598649,0.0118228069988524,0.00978436485248705,-0.0166435309760439,-0.0168727607024941,0.0104128326612968,0.035770737803565,-0.0182936551256985,0.0199722970224641,0.0187843756644651,0.00232337943347141,-0.016407431680396,0.0183218648902138,0.0173977452907311,0.00742295690396741,0.0444126113542508,0.0295551094848453,0.0138992318927111,0.00168171977127129,0.0336642828159961,0.0380061929391326,-0.0429505843328065,-0.0118946192837678,0.00652365333099075,0.00776184756604258,0.0017202438487999,0.0262266502195241,-0.0254609229371584,-0.00458412998000267,-0.00637118852727979,-0.00603800597201005,-0.0098511309099714,0.00713566315816761,0.0298309412190399,-0.00508928834050454,-0.00612803114649332,0.00589228614093714,0.000128365573771615,0.0220759929821026,0.00724036709837215,0.0333980577622942,0.00202711691959967,-0.0079369490470373,-0.0128634461200141,0.0089524894420498,0.00492474526249488,-0.00442124933892922,-0.00327730310672063,0.00118293383738319,0.0231554048668038,0.0282125667348196,0.016338311316718
"NRF1",0.0123513232451531,-0.0107289596866104,0.0112564844726062,-0.00778106091777416,0.0082480191413343,0.00270052909781031,0.00294093788650215,0.0131301325924179,-0.00782091201139327,-0.00861399545934692,0.00578030909103554,0.0158720824578417,-0.00626845563231245,0.014910903713261,-0.00350256818702539,-0.00688890762272465,-0.00593780707157409,-0.00335081197393607,0.00491137531652041,0.00754335755261372,-0.0126671912353737,0.00215189774515514,0.00998056641802254,0.00344744186270064,-0.00215187628232518,-0.0323222602202755,0.00612000474396434,-0.00996662196418634,0.0428957414152859,-0.0187834631705976,0.00306828918177224,0.00487636153627645,-0.016401351084111,-0.00855444111415722,0.0158349664247341,0.0385645370346719,0.00325064582580371,-0.00272884670425362,0.00322274361793407,-0.0191579857308836,0.00821796756031799,0.0132370263755509,-0.0152759437202113,-0.0278191680029261,-0.00226445742518248,-0.0058413320104896,0.00911645571536095,0.000476184011139065,0.00319513398513726,-0.00637623995264644,0.018736644379753,0.000224539148203101,-0.00383305784163841,-0.0205961232154783,-8.70526240817133e-05,-0.0277175938162703,0.0164224662650919,0.00718054392353327,-0.0131349215236737,-0.0032550122431716,-0.0263011419396832,0.0028880843799747,0.00859821508212012,0.0284815000970077,0.00555999364076664,-0.0299098218944919,-0.0159448003178257,-0.0165484867217045,-0.00626611454949171,-0.0152072879132366,-0.0195844587798358,0.000623666823686884,-0.00279235677701541,0.00817480875208336,-0.0102782209481919,0.0139394421398438,0.000921459936579063,0.0140885499698395,0.00552813159382838,-0.0117488123873288,0.0336376565274983,0.00520293051834055,-0.022742395243348,0.00946040659114522,-0.0137084507407127,0.013643023846266,0.0126367933015784,0.0112456061755664,0.040038652930387,-0.0118125069778983,0.00507394961456318
"OLIG2",0.00955183621043939,0.00370058799065628,-0.00203300190731522,-0.0209875664251788,0.00793581675878398,-0.010215810825574,-0.00118899543375417,0.0171556853090612,-0.0124615275755461,0.0234556765667651,-0.0221216233725667,-0.00558086546118791,-0.0063160879075408,-0.0217491491342283,-0.00224157421090659,-0.00769992518648958,-0.00463267738794712,-0.0285805359122215,0.009324669896942,0.00683033836099426,0.0209538858076235,0.00775095194929653,0.000798742201665908,-0.00370608236666234,-0.00119713155992637,0.0413982144500178,-0.0175681481095579,-0.00727415272183082,0.00223316940166173,-0.0171310430868552,0.0101392965588732,-0.0204167209031074,-0.00754604383924833,0.0199044291556435,0.0039592561278506,0.00459129271485335,-0.0204444271929798,-0.0360513019759994,7.0658498728534e-05,0.0483381505280263,-0.0212027580946432,0.0148809954406858,0.0161183546469505,-0.00227672995532694,0.0150541854097637,-0.011427250586647,0.006461825529183,-0.0192571665424083,0.0211519676205483,0.038135503000824,0.0105693146785452,-0.00244681730511513,0.0270135412730837,0.00453557200832558,-0.0182475245621106,-0.027139646883948,-0.015204379922264,0.00104333227876048,-0.0061742434836779,0.00597067473425294,0.0274371150401789,0.00957132543256158,0.0280639506626045,0.0154149490812427,-0.00818904375798982,-0.0150899261752608,0.0112847744098007,-0.00276131126530277,-0.0232811719345553,0.00201468701375615,-0.011551960712339,0.0158800200470582,-0.000721795579890201,0.0286835091415545,0.00776654453592469,-0.0100279822599226,-0.00824053704347048,0.0177400076226817,0.00244717318266358,0.0147602871102912,0.0241714649801615,-0.000470614134492268,-0.0082257760749569,-0.0360513392831893,0.00108500097441731,-0.00609113335568043,0.00980548058735073,-0.0210475626004238,-0.0102024577335515,-0.00271693978299168,0.0164231234707898
"OSR2",0.00748520180811251,-0.0200627299310153,-0.0155397776470023,0.00609002480839465,0.0285072390457886,-0.00718546782529736,0.00153866529999187,0.00144801800033831,0.0209027665119885,-0.0112993605201801,0.0118076256499971,0.00253980454457405,0.00442658028627539,0.00028536267843394,0.010646737901382,-0.00610193064192554,0.00136897692165499,-0.0056771734210886,-0.00804806552002774,0.0168379678790269,0.013077810659445,-0.0113018788738115,-0.0204032109707244,0.00332647093047433,0.00876255914823365,-0.0183342141774386,-0.00182555362475601,-0.030193496964163,0.019516636598041,-0.00612384960507848,-0.0157698180516386,0.00717943118500629,0.00306687400410132,-0.0140727881647103,0.00248404400905246,-0.00688982330440847,-0.00613815022552955,0.00262897911389231,0.00753869295739716,-0.0164723025728793,0.0215695866160778,0.0022551289584588,0.0323441774362122,0.00602102480434045,-0.00230252994704603,-0.0221983316021933,0.0114436339374844,-0.0126375616135741,-0.00284116188740355,0.0136280694862395,-0.00405157899891105,0.00149850470388392,-0.00253748757823217,0.00801780631296051,-0.00245272870055136,0.0106430020772796,-0.0152117922029482,0.0154864698794216,-0.0106334325643317,0.00962886508380703,0.0124689277049853,0.0056358399726487,-0.00274998126591165,0.0183552312537878,0.0145105545875684,0.011914934560981,-0.00103514043432456,0.00642738625564207,0.0245676643428226,-0.0065360936408368,0.00193546253145825,-0.005598467159287,0.01278000887809,-0.00240014802960234,-0.00598226011322363,-0.026930619209811,0.0182219035196132,-0.0104099169429298,0.00853264392033122,0.012009939730334,-0.00531571053735618,-0.0360908945601938,0.00192330723198759,0.014458623447255,-0.0162570225368343,-0.00617099801199212,0.0203892125478832,-0.00721123026121169,0.0176529180738228,0.00697050347147739,0.00136767621174953
"OTX2",0.0469763826311298,0.0143637568116421,-0.0292933965815973,9.72339937905236e-06,0.0158708087153952,0.0196521768568318,-0.0477699283326589,0.00523432273679671,0.00440731522896708,0.00851007120238988,-5.34128604009995e-05,0.0258676279369292,-0.033974724076574,-0.0487870732933262,0.0181996829269036,-0.00189749714689453,-0.0119094984142156,0.0241274953854978,-0.00342518312195096,0.0219126226583422,0.00826496093801432,-0.0184304757230617,0.00319420863728084,-0.03081537584089,-0.0494800654304457,-0.0501236856616639,0.00382510319120912,-0.00396563030080965,0.0321635516338296,-0.00548640319324738,0.028113133636175,-0.0502323523162814,-0.0358075066832817,-0.0375461648670115,0.0317116057910026,-0.00167769537785504,0.0141715344287823,-0.0601019861203828,-0.0295094898530416,-0.0183627350273446,0.00751188170986018,0.0222443415846678,0.00601554316364162,0.0230298374043253,0.00333201121973222,-0.0145655298644585,-0.00130660231137889,0.0156041787301809,-0.00882326132447792,-0.00462454870785527,-0.0218063234208338,0.0214195303417512,0.0491344104651842,-0.00277320022924437,0.0284133605420518,0.0216316214107286,0.0294755930458457,0.0154325141502602,-0.0289462006483644,-0.0471562290969877,-0.0336933329805086,-0.0156496122301751,-0.00741461921611731,-0.0632493984039514,0.0492713364216399,-0.0179546499627028,0.0228627416403366,0.0790157560375597,0.09003563346882,0.0441162423906074,-0.000195260918176448,-0.00248056969126692,0.0221992271915069,0.0483514672804081,0.0118110763690749,0.0399743047617174,0.0394668112059589,-9.46030725367268e-06,0.0249283337298054,0.0144727538414873,0.0133319196620526,0.0246144862266557,-0.000253741285854451,-0.0223732032679533,-0.00825295889141246,-0.0451194059385011,-0.0307360842892411,-0.0223541508603923,0.0519341590790492,-0.0179743452682167,-0.0536251559065981
"OVOL1",-0.0191909294721163,0.0501880708916688,-0.0117535410268249,0.00336874451953614,-0.00852623951359681,0.0423273327096109,0.037352598236047,0.00291753120559698,0.0464803310496163,-0.032969352593638,-0.00628250628022297,0.0331505581330259,0.0108220455762719,-0.00187226797333974,0.000943612148008384,0.0301525755535287,-0.0699186140084737,-0.00721931568556461,-0.00379064790777147,0.0279682100414524,0.0094429741627123,-0.121700953141995,-0.0170619620817717,-0.0317608007590969,-0.044105195825498,0.00495103909184495,0.0379368288229453,0.00187216623502015,0.0502061260304185,-0.0589982615227707,-0.0154730815233899,-0.00573496578349725,-0.0363981026694227,-0.0273474263573845,-0.0177873477185945,-0.0491734198488786,-0.0108435115191153,0.00701237276025405,0.0174509081802979,-0.01263666379499,-0.0379380217781446,-0.0110141750985893,-0.0150764563221026,-0.0217246292270696,-0.0829148300239743,-0.0364494904897283,-0.0584057621392617,-0.0236628677785874,0.000713930599367678,0.0492234450094713,0.0407165241364279,0.00388143136474003,0.0381068145089872,-0.00403395046584386,0.00974744673844528,-0.0326551265080114,-0.0166105050383148,-0.0262512968442006,-0.0189269551701297,-0.0348301690555118,-0.014124007344746,0.00498007823350104,0.0138355228969288,-0.0162113775643502,0.0109876035278061,0.054379844936971,0.0402203554637249,0.0121464378696258,-0.0414414226718866,0.0125199437699476,-0.0157692232998017,0.0144309443572348,-0.00499736873841686,-0.0039777243707045,0.0247750676752542,-0.0136762782446041,-0.00323418359161371,-0.0478774464219368,0.0269248048594098,-0.0227235815957956,0.0643415897038459,-0.00610771261320298,-0.0201538361365181,0.0419642142597774,0.0261854617116943,-0.03182549352489,0.0196526286521912,-0.0154045655708652,-0.0153231659831761,0.0129182136008316,0.00799727034890249
"OZF",-0.00325662174961265,0.0323474165129738,-0.0177402745929076,0.0297736417586166,0.0301302392267382,0.00790437981479072,0.00622386571613089,-0.0122623103212277,0.0259418413604215,-0.0396931410049124,0.00732185871044668,-0.0305990507838585,-0.00460521068380832,-0.00556900179732367,0.0287125357415947,-0.00828789314092233,-0.0195145875729748,-0.0413363408020593,-0.0156509628545552,0.0188375230651899,0.0267891904124137,0.00747967366546954,-0.000689295816365237,-0.00893800175481772,2.95593514285013e-06,-0.0283201239652379,0.0732970325213949,-0.00149724866180977,0.0378970600938174,0.0209902931663038,-0.00370967442615557,0.0114144128696866,-0.0246447053392445,0.0398401330516507,0.00207426247811997,0.00866528497587761,-0.0150602195109115,-0.025585245153595,0.0147310421488265,0.0447051164987598,0.0136990732222177,0.0545351777126127,0.0376343242436486,-0.0055133296174318,0.0251562654367205,0.083777531270996,-0.02516408024219,-0.0106415318921873,0.00275490458614542,-0.00262592126035373,-0.00327889379890356,-0.0530372282150508,0.0601860139875507,-0.0130018121506081,-0.0100781421718493,0.00344999328280333,0.0229253679554748,0.0109861783099171,0.0153272614215905,0.0226313316367107,-0.00595312620214553,-0.0439397623795077,-0.0358896043383948,-0.0384006116438565,-0.0173041375687825,0.0220507590948022,-0.0110275186087489,0.0031560922132382,-0.00143524071580172,-0.00109721886933725,0.022736244644869,0.0269915630256706,0.0176001295598663,0.037050397607642,0.00204656252433061,0.0148562314895929,0.042415074720198,-0.0353767639187541,0.054687140385343,0.00345087920983031,-0.0189265540170757,0.0138321867495965,-0.019293428753604,-0.00489417578496638,-0.0200530987684708,-0.027637006925763,0.0074440975216482,-0.0354454573503164,-0.00598309420600603,-0.0043745634106085,-0.00306240726871861
"P53",0.0398449587619596,0.0732071103186395,-0.0612702721485159,0.0272594057477217,-0.0069881997498224,-0.00393460427942988,-0.0159355579769348,-0.0391969524671741,-0.0251803263141727,-0.031755272425038,-0.00424046798697481,0.000243163143932665,-0.0379577653104287,0.0188769877919312,-0.000746013831162056,-0.0198187636614632,0.0383615211657602,0.0342165131463423,-0.0115627026472128,0.0105889744392034,-0.0426539740716287,-0.0482969278198854,0.0168895712995247,0.0200589245006615,-0.0269398733572372,-0.00229227280389592,0.0176892556033139,-0.00688211042597833,0.00386782628233325,-0.0330994488689045,-0.0223667388296896,-0.0351045002454831,0.00886794576913892,-0.046316665016757,-0.0235128180003667,-0.0234607525152345,-0.0173507255921719,0.0159166438017131,0.0483077745264108,-0.0681516650333764,-0.0281137893602232,0.019757994416376,-0.0320937402043716,0.0200411621699435,0.00958104238304021,-0.00195953557043039,0.0116668579668533,0.0115630258660968,0.0202970558428836,-0.00158364553593488,-0.0189033700895939,0.0173852503499849,0.00858072532240335,0.00444466016290396,-0.0633548426259233,-0.0280125333593788,-0.0456997026049857,-0.0463661534857386,0.0311088526151404,0.0110713572934552,0.0195606374446459,0.0162603659230461,-0.00257029438229077,0.0299699767117165,-0.019510369021408,-0.035125371628704,-0.0178498242318525,-0.041869719850308,0.00548056622013666,-0.0235315353234081,0.0147770555880088,-0.0204022559749287,0.0303684014962862,-0.0433769114841089,-0.0272288873891578,0.0332189872047087,-0.0104863847711167,0.0223799807205912,0.0236391787425154,-0.0177982963182067,0.0214257538964294,-0.0348278836794007,0.00625735461154233,-0.00525668087073078,-0.00749327766115683,0.00135127592368826,-0.00166156443039578,0.0274659714592415,0.00706398905458402,-0.0201303396852213,-0.0404251491609643
"P63",-0.00936532592273843,0.0114101007623784,-0.00889705587259247,0.0249543566644542,-0.00664904917438677,0.0271068963651908,0.0498219879785219,-0.0324667953704175,0.0629585035342947,0.0221921544178333,0.0139738760858535,-0.0277276532658805,0.0158689171241646,-0.0143386753168657,0.0340469226919698,-0.000371100495882771,-0.0167653674240616,-0.0316681448571522,-0.0423039160034384,0.0187285778800679,-0.016338008107803,-0.00224421852222212,-0.0374333272351999,0.0314845781581501,0.0387912518615465,-0.0648537843804015,-0.0431077109135158,-0.00128558290400068,0.0298651961852157,-0.0219762581639512,0.0318283140440695,-0.0241136007911475,-0.0017299006391983,0.0104912966424088,-0.00910496710513951,-0.0107743964840783,-0.0331426256683191,0.00574127934320193,-0.0419846418461094,0.0446576574503981,0.0236059393105821,0.0091934953992444,0.0177573133098633,-0.0118132975555167,0.0382606442775745,-0.00745384381175472,0.0582197759848046,-0.0107279604816583,-0.0395848891749531,0.00914272465756683,-0.0270510900876022,-0.00412747472838494,-0.00214123993650345,0.00617007081842459,-0.0437352234415955,0.0330352192980015,0.0126194304578037,0.0380035644402682,-0.00362949126141081,-0.0294659721300725,0.0207630600373996,0.00722846580171731,0.0312920478653363,-0.00943694937847179,0.0463308872266616,-0.0255539840890408,0.0134991326419419,0.0233199307343905,0.0372565848808492,-0.00479351716736548,0.0159675575823919,-0.0556867483004743,-0.0274208542986826,0.0350720768597108,-0.0222634128750142,0.025819311662507,0.00158910808707265,0.0382872484895273,0.0220964499237898,-0.0442044812888176,0.00928108941887106,0.0381952949752961,0.0288293899717604,0.000212604654729687,0.013607836025978,-0.0393588531209171,0.0188130935714171,-0.0106332023367939,0.0274949562320801,0.0221117418310241,-0.0216883877459403
"P73",-0.0142241614965561,-0.0531478438931282,0.0220442517111614,-0.0508335425623136,0.00933306738921627,0.0231304718219582,-0.00215116293930444,0.0549959442450519,0.0472493978923531,-0.00793386518905555,-0.00741878352715529,0.0207131153917264,0.00181977913295565,-0.0121583261388202,-0.0275504273525788,0.00290562855257836,-0.0213825382410131,-0.00272844512185205,0.0220566891949756,0.00306692734443344,0.0147658461288375,0.0269367994438766,0.0370539188351606,0.00321285078684043,0.00378267687719697,0.0464486367601745,-0.0211255434077399,0.00421139058429756,-0.0100620936673922,0.0438507897284473,0.00139572102935124,0.00242652263678387,0.00875126954199894,0.0512140467843764,0.0319502663044103,0.0346045815626862,-0.00123591886455917,0.00514236644296443,0.00777498172065645,0.00187912472878178,0.0211960858236338,0.00902731641220282,0.0101206624637643,0.0124597789910646,-0.0296647325088835,-0.00999288904643903,-0.0280792391982477,0.0182787458180596,0.000789266199994363,-0.0146583719374145,0.000818417887495159,-0.0185873080423622,-0.0197306984240058,-0.000943008214844462,0.0773096060702752,0.00477721876675145,0.0652638023317943,-0.00534021373597697,-0.0231611316765714,0.0156072017359041,-0.00485696569135681,0.00745674317242641,-0.00368902985624534,-0.00698571235659492,-0.0313307160705093,0.0202783080020935,0.0017426060125476,0.00317004094418176,-0.0380143160708922,0.0391066231389412,-0.0126433072132182,0.0502753287844355,-0.00173380136671869,0.0278404692535345,0.0408746105689856,-0.0590739473819337,0.0214702855712864,-0.0392385955479837,-0.031163002583138,0.0632941336788013,-0.0257956103266265,-0.0486096577371689,0.0160670233439998,-0.00202354044767343,0.00571390512250983,0.0413653991118409,-0.0363243303576527,0.00658078891045215,-0.030904192757896,-0.00131155824677284,0.0425699661564816
"PAX5",0.00465275112012757,-0.00551537663368895,-0.00408253528476657,-0.00856856128549122,0.0183327551899214,0.00813676835326113,-0.0143318385964839,-0.00256782777629563,0.0460905948182604,-0.00272506528044697,-0.00731026097314572,-0.00752108735200945,-0.0115265906114146,0.00432346177999249,-0.00816602478194595,-0.0212372160152374,-0.00197467874313576,0.00355999097826388,-0.00253250226453746,-0.0151927437672393,0.0108278106997052,0.01038866947251,0.023256851742376,-0.0248781877376447,-0.0344279763785622,0.000820989070546022,-0.0110704168988442,0.000533988619019963,0.028668231637753,0.00348241147656528,0.0117653915489735,0.0093434493329496,0.0231729363831252,-0.00711743412731327,-0.00781151024698775,0.0206093592860022,0.0102900506883287,-0.0062509723869507,0.0137506686886376,-0.00762047957813921,0.0178607245658819,0.00864821031251048,-0.00301479426113828,-0.0259552563073658,-0.0013131711209061,-0.0121727505730721,-0.00316859486616279,0.00343210664163711,0.0132168915197744,-0.00589211279586785,0.00586010559417195,-0.0194079056377458,-0.0114814095059328,-0.00228142954057304,-0.0108822245022287,0.0272128354872948,0.00337436132325872,0.020729264933848,-0.00159279199830873,-0.0234158065104646,-0.00560140680979321,-0.00287694732497968,-0.00718595781496795,0.0159211205607243,-0.0023672676413593,-0.0188694639412762,0.0153332736348736,-0.00531972691565385,0.0112208770170474,0.0113624698566383,-0.00790353048147052,-0.00672650826757433,-0.00217033946840882,-0.00328215916120415,0.0130556941725593,0.00795723921890507,0.0129978079681959,0.00258996339798171,-0.0130881499507844,-0.0165222577723623,-0.000301254448027664,0.0108254362102542,-0.0128384793750206,-0.00839035842090901,-0.00220729155491309,0.00685484893794129,0.0130500874111716,0.0162006920749272,-0.0151765458092159,0.00332954833812853,-0.0130334003790334
"PAX6",-0.00931029886335778,0.0151891432563673,-0.000233878939738927,0.00202776406160265,-0.0396913048869152,-0.000345359470944005,0.0605284606266622,0.034439705621056,0.0476992045651623,0.0237604141137159,-0.039160254353979,-0.00654934325533008,-0.0120383988266898,0.0178663687569546,-0.0242158964947489,-0.011573986403495,0.00690856676043393,-0.00235997958623179,-0.00974280797148239,-0.0306520478996792,-0.0219806433259142,0.0195518914694155,0.0119104229686267,-0.0103451552129713,0.051261949846314,-0.0106739802371274,-0.0269918527301071,0.0158228049952183,0.0339780610866188,0.0103930174742823,0.029721024938733,-0.0296183431869192,0.0117134701762523,-0.0114296629784065,-0.00240761105061397,0.0252256390990784,-0.0072439847507699,0.0196069650479683,0.00913380775188811,-0.0891996866224715,0.0298726311405025,0.0253549437386904,0.0125022789381389,0.0191674465045141,-0.0165249601511545,-0.00284865196619244,0.033259817859929,0.0014938645796273,-0.0450289923298254,0.0211769715210519,0.00367487893253014,0.0715863173407829,-0.00103823031452112,0.0175900111623564,0.0101379039437482,0.0144673098242804,0.0156534708737484,0.0137502007766893,-0.00600327916364678,-0.0473160012900517,0.0316682191281226,-0.000281826015920208,-0.00521681854619451,0.0182704498881073,0.0299579070040067,-0.0283077672458979,-0.00250809100223692,-0.0127525605669114,-0.0130622313940245,-0.0383042016266575,0.0300046014497659,-0.0237752885849332,0.0203155897251129,-0.00672364927960864,0.0162577970183146,0.0211250885254093,-0.0213947885120217,0.00098029470717124,-0.0212505001172809,0.000403746708835069,0.00863689331416581,0.00198233378649467,0.0124360364578068,-0.064626603482425,0.0364312759092593,0.00697380487790351,0.0140657126418506,-0.0117475827737765,0.012186572272234,0.0363191466058934,-0.00749765477096517
"PBX1",0.0712060608606513,-0.0143180599181554,0.0276031353833684,-0.00559257871162199,0.00211162411480587,-0.0122275682054329,0.000934541051552149,-0.0037764403269247,0.00246211464857069,-0.00540949499171048,0.0449030177942124,-0.0270392416193951,0.00927482284970558,-0.0675491009735199,0.0113773950023135,-0.00840932851522116,0.00651732003919635,-0.0274683215101558,-0.0099451256014468,-0.0383523471567537,-0.0125274940610952,-0.0202433250388012,0.0237287061378496,0.0080321606696093,-0.0215070296791155,-0.0128671423611641,-0.0374178559652231,0.00131112426798912,-0.00480977203917214,0.0179048167130273,-0.00723122974959711,-0.0243771481465946,0.0219926400898056,0.000128407150128551,-0.0106740363679443,0.00644303082820662,0.00110581621698902,0.00999474056376114,-0.0227037030027711,-0.0542617308620352,0.0256494716406808,-0.00259795295437429,-0.0232422993650191,0.0128257806419402,-0.00357747584258929,-0.0138050971454155,-0.00518041581246501,0.0375288898652536,-0.00056292958296753,0.0397358055289575,-0.0151157562064615,-0.0439660113661471,0.0387522596801345,0.0352445833610794,-0.0114736857875558,-0.0427649530954772,-0.0284007185148504,0.00748688768705028,0.0107423101597604,0.00116466852797574,0.00683591570447335,0.000825562888999758,0.0153096532313535,0.0158022527984081,-0.0180732670375005,-0.00793580417173537,0.0105906708678609,-0.0431352278548266,0.0064626175227892,0.0155339859912633,0.00621854002882751,0.0300380472786317,0.0435855233985024,0.0063257649033333,-0.00131426598315446,0.00449472789151668,-0.0186706706581277,0.0199245109041037,0.0352587974169404,-0.00473595615065345,0.0219723229586799,0.00512211762233238,-0.0111876585129479,0.0239248081750875,-0.000384602692201007,0.00189420908213754,0.0302965901833695,-0.00673564744095984,-0.0127524892784158,0.00371802173497984,-0.0148521721361622
"PBX2",-0.0237678282580574,0.000378383797946663,0.00975007233465024,0.0231112417105493,0.049945568956306,0.0309283890932254,0.0326291857246564,0.00771499226326586,-0.0340825049043985,-0.0681280452361473,-0.013857562846316,0.0168395441024489,0.0559065228283283,0.0109147785873292,-0.00583470640314224,-0.000834301599439779,0.00125819554241297,-0.00960990124993687,0.0397602018849571,-0.0402700444923542,0.0173295774267576,-0.0140594595159859,0.00682448626511859,0.0413378562375614,-0.0494488144313348,0.0335083364693358,0.0342668100550211,0.000209782484317863,0.00306032701018078,-0.0128138590623853,-0.0348150559100609,0.0482227380462456,-0.021416252598101,-0.0416624733585032,-0.00595131092658684,0.0113832319455119,0.0340160462371488,-0.0051924287562135,-0.0116062355723636,0.0121401771956114,0.0043662542088898,0.0291921567521213,0.0214897392136405,0.0356975475527266,0.0100753594171405,0.0237591765318266,0.0131820804967568,0.000553318790946564,0.0204120814415653,0.0195852354534415,0.0465542785392932,0.0078577153536834,-0.0277409455101803,0.00751959256553995,-0.0216131193470045,0.0124207899847521,-0.00225132708068023,0.0369923442464481,0.00956954845809549,-0.0035459239467144,-0.00374394266121515,0.0134152924071434,-0.0146731865132862,-0.0188663903762468,-0.00477620971585952,-0.0284930776501271,0.0321262632201992,-0.012834890106783,-0.00701235316687661,0.00907204256299744,0.0462602204259321,-0.00829685190478089,-0.0178481205953638,0.00698403996124382,-0.0267057415776291,0.014505433604167,0.00911385869960673,-0.0133923392217207,-0.0102187267558011,0.00643507949634706,-0.0277311677319555,0.00914531142428805,0.0273988376302078,0.0173791992651562,-0.0185888003059434,-0.0157503905949029,-0.0410387178901054,0.0316872475526502,0.040782130677019,0.000254576487369216,0.0695154897360537
"PDX1",-0.0406077587802863,0.0174163870449932,-0.0333184634769452,0.0341091827460037,-0.00689893169990464,-0.0328835602539835,-0.0106001505849014,0.0588951776670496,0.021982853580429,0.035464338819525,-0.01189801495606,-0.0488945302680472,-0.047314882763425,-0.0305564976180604,0.00306158779453148,0.0016956183001719,0.0415696187275019,0.024752772039004,-0.0246662962070104,0.0726943965674865,-0.000310845012065089,-0.0132964804057789,-0.0145571025458161,0.0304839207553425,-0.0198151665805997,0.0361612313906031,-0.0215357960114105,-0.00472748335470767,-0.00397880205913124,0.0709434494272507,0.0514206617974948,-0.0507664895023111,0.02212310485147,0.0499345733704516,0.051711325370973,0.0576993461888413,0.0255189408429716,0.00718213519241242,0.0320870695664139,-0.00833991786684597,0.0120942508599601,-0.0279881765155114,-0.0474025721011522,-0.0451755390223441,0.00988044313893778,0.0339969912481473,-0.0592623546562882,0.0331271094370787,0.0309441153634145,-0.0502889218593698,0.00671665346948696,-0.0339000470060117,0.00906516164029843,-0.0567314902995433,-0.0338981334321011,-0.0236628041834645,-0.00893588869409557,0.0330306856815565,0.0390986266949431,0.00148268327388307,0.0239299535781562,-0.033543118465031,0.0200473095512531,-0.00830655035485587,0.073526702826597,0.0189103104911685,0.00420307687524277,0.0247877624199226,-0.0115142846908223,-0.0374836932424921,-0.0130542207328438,-0.0163212052936219,-0.0075879192675411,0.00596969923896921,0.0222135145943633,-0.00491971500494451,0.0183279503133945,-0.0174139055540773,-0.00273470397059405,-0.01061960034527,0.0542593446175608,0.0262505197827437,0.0595020042756987,0.0615059149030566,-0.00878737783617309,0.00807291672047166,0.0373077422931044,-0.00269335924068504,-0.0136765450164488,0.00912110904080893,-0.0253984896918053
"PEBB",-0.0397933953738171,-0.00196601663137236,-0.020317818213883,-0.00403799859269421,0.0362171735813116,0.0107068749649735,0.0174755744550212,-0.00211205072590708,0.00194416010605343,0.0313572042979927,0.0224052246328848,0.0234472339070074,-0.0243786178356615,0.00899385017566408,0.0280078510202945,0.000808040655017736,-0.0393686040209781,0.0132558427135654,0.0298781862619906,-0.0116027379892274,-0.00620892636381986,-0.00069641832582978,0.0182284873937778,0.00782394105508847,-0.017322082313345,0.0380047002273685,0.0119752903524705,0.0255624571504936,-0.0434707642082277,-0.00753919016576878,0.0109396064905412,0.00950783011617959,0.0357445151882164,-0.0209138410378069,0.00207568919957436,0.00740911313347051,-0.0132738405487307,-0.0267732186110207,-0.00894497107859594,0.0374255656660515,0.00359751675082043,0.045009547429585,-0.00776665558949385,0.0293739883701266,0.0113862430724816,-0.00935157135083841,0.00985418454670758,0.0384595971113989,-0.00675536308478986,-0.00532595236116148,0.00961854069777022,0.0505031645715464,0.00503817468055111,-0.0160966002252357,-0.0170300243989865,0.0425293943240725,-0.0314259229490723,-0.00218843880501816,-0.0233017903063266,0.0459076817337094,0.0244573383085402,-0.00158005620703965,-0.0304377289263965,-0.0361049124869389,0.0438431380503103,0.0217771235936496,-0.052681392908901,-0.0448566070250806,0.00721019993480195,-0.0243439830124617,-0.0237100818600513,-0.0184187794921221,0.00447375319844392,0.0035912712343661,-0.0227020890989711,-0.00888166971413973,0.00961577357065808,0.0438755076313919,-0.0270717161555368,0.0616820753550023,-0.01068289474286,0.0297061115633418,0.0121106357331877,-0.00198564212716368,0.0173030262213398,-0.00711381603491441,-0.0119249114440429,-0.0324239768471563,0.0207042268892443,-0.00825260798593826,-0.00956414854050812
"PIT1",0.00646433863629107,0.0158866659991229,0.00577926064923366,0.00497306023419651,0.00405659211302593,-0.00284502402270675,0.0170279691896499,0.0481596376206779,-0.013219290872335,0.0292683783221849,0.00040274288048049,-0.0140641870800861,0.0291597120551259,0.0106456693970313,-0.00657852893849523,0.0115092926797967,-0.0163387471128964,0.0398054738865133,-0.00329597679414028,0.00763817630214036,-0.00177461139000633,-0.011962520853134,0.0126191613477133,0.0192375435332439,0.0235935064696819,-0.0247278852290991,0.0264329031678168,-0.000287302309843155,0.0117149610712384,-0.00572199956664006,-0.00285630973702663,-0.0172079097908706,-0.0200925898619934,0.00425290752499113,0.0303079797450668,0.025925539100074,0.00769059516421824,-0.0132556349307559,-0.0259874570786355,0.053431587895008,0.0370633451064197,0.00192156376720974,0.0124659069233925,-0.00388477482410162,0.00452168421680205,-0.0490702033013796,0.0153160833789094,-0.00190950127684429,0.0327854253977559,-0.00404933814368831,0.00375122147039385,0.0076008523587171,0.00466481073354666,0.0142956044010624,0.0159907274958497,-0.0104612029363,0.00773737675552446,0.00939710590163773,0.0340538074295618,-0.0146764929681656,-0.00111634283775435,-0.00805094309353831,-0.00799772226800793,-0.00838250467262088,0.0329379823265741,0.00378768726506003,-0.00451712014693668,-0.0139478250527055,0.0096277317681412,0.00433251547098851,0.0223116989726623,0.0148081283297892,0.0551767458741424,-0.0118313552413618,0.00724743078033826,-0.00514586307365256,0.0162961163351512,0.0503429348901308,0.0532364648027325,0.0207804191933415,0.0107595119809913,0.0202850199453444,0.00271739076682425,0.00790572782757339,0.00250348355641559,0.0209906405305743,0.00398893192823921,0.044280238392845,0.00403165758562827,0.00653330995072005,-0.000627826595896199
"PO2F1",0.000598799824180498,-0.00102121638185178,-0.00347418760812564,-0.00906911405909614,0.0149800737579893,-0.040421457762002,0.0440501231315944,0.00716147007906029,-0.0236954140693355,0.029739245934994,-0.00972506191840607,0.00197637633856036,-0.0134660707355901,0.0190257916931155,0.00829765223600098,-0.00526143165774048,0.0102821932103251,-0.025388115598344,-0.000882471087062991,0.0017356671550345,-0.0237617878586007,-0.0327733499865762,0.0336536115538626,-0.00831202706892487,0.000109638185028155,0.014607780386167,0.00869300584022971,-0.0029101030633244,-0.00987161851064324,-0.00165713441985637,-0.0156482829910383,0.0107683361727108,-0.0463033451497198,-0.0149592774594358,0.00929989893100015,0.00823653901580811,0.00309336558094556,0.0127854551469428,0.00232756540074838,0.0231693466937485,0.0200944423048684,0.00307223952570371,0.00886285165952834,-0.00823491359563669,-0.00817831851282814,-0.00714084110326812,0.023638552418194,-0.0024991527726003,0.0305361950399171,0.00597244107587518,-0.0142733257436965,-0.0299381897389273,-0.0256818189079315,-0.0163136053874478,-0.00637806158880473,0.0215521484316707,-0.0273830694367803,-0.0124370323020211,0.0180008166671916,0.0250531046962061,-0.029323691174995,0.0154033984816087,0.00932360262586151,0.0481009879336617,0.00279485025825265,-0.0200523555743319,0.0156815573042592,-0.00322573619492899,0.0278421383206985,-0.0404102489423522,-0.00934835111848676,0.00818563392703681,-0.0433768637643514,0.0126105252891387,-0.0230997982376981,0.018802695888094,0.0154425297110242,0.00325128420251864,0.0118450025298317,-0.0203409590989932,0.00458554252424729,-0.00471230975215759,0.0284622966751949,-0.011550408018013,-0.00681799253465714,0.0353886567660206,0.020718866436962,0.0631849963002414,-0.00332221592807664,0.00952558953919014,0.045675620270854
"PO2F2",-0.0187358643302191,-0.0417142447957324,-0.0236229716936998,0.0260714589408087,0.00246245423425141,0.00662032797334262,-0.0213149950926033,-0.0211533472165333,0.00597159523339252,0.00256377393298181,-0.0315401680960545,-0.0330843776122336,0.00113737455902682,-0.0514157908679542,0.0308818796972463,-0.0598199418317838,-0.0162269008902454,0.0143947966806479,-0.00880106379591696,0.0318500514659187,0.0236963691864218,-0.0241345385876709,-0.0613127960071701,-0.00427674694154505,-0.00555943451159964,0.0130792882476661,0.000853343795721359,-0.0341906696400458,-0.0150810055267674,0.03437606138731,0.0160139480999851,0.00626991919045939,0.0178806695790597,0.00216050857716709,-0.01997682289355,-0.0128291490253692,0.0184508188264109,0.0126288017357625,-0.0355137001105449,-0.00796289893464205,-0.0190003888830382,0.0110245971907965,-0.0231186611822922,-0.0021796903448637,0.00640992164580263,0.0339197235522337,-0.0419219487057957,-0.00465417227217779,-0.00621366090770298,-0.0420521069333503,-0.000305917977830238,0.00363400135913831,0.0208290088808979,0.0620962827952978,0.0148138410403082,0.00339455856115557,0.0237362376515538,0.0176947326135853,-0.0348872413021701,-0.0270798986211165,0.00222776610937775,-0.0201103135572399,0.0146237915005289,-0.00142001504114377,-0.0502120929455167,-0.0488718400113224,-0.0068203872350075,0.0261597041760469,-0.0309330494090379,0.0103158854132036,-0.0140845314225016,-0.00403583267368858,0.00091554558292185,0.00538316724693817,0.0144679885595347,-0.0220876506480868,-0.0254286511194151,0.0256082781486208,-0.017159214324642,0.00728145298144292,-0.00951433367645974,-0.0435202569472888,-0.0463162166053878,0.00624242450619301,-0.0175169058843825,-0.0158953131173853,-0.0240535938823235,-0.0338906722373986,0.0423123161918353,0.0059107745782827,-0.0137486845853166
"PO3F1",0.0255551396748162,0.0353370020520696,-0.0100120151024744,0.00285613058913974,-0.0286658592512166,0.0101329954389502,0.0235829110490946,-0.00440177806106896,0.00683468537486165,-0.0170409973511165,-0.011068684498044,-0.00346199555534102,-0.0166302070039364,0.00181481042391137,-0.0269240794716219,0.0173395757225919,-0.0350138117515822,0.00844319461240598,-0.0387866667107528,-0.0492546933003846,-0.0223212236879973,-0.0169430413257051,-0.0113607472354104,0.0154756870966331,0.0254036109516366,-0.00630907046760582,-0.0270878913589953,-0.0331989910249469,-0.00930467018082196,-0.03660780179453,-0.0484717330972897,-0.0474915671561721,-0.0128440851288944,-0.00674936089391254,0.0272992572227429,0.0106402806532127,0.0185208822767283,-0.0403488159564673,-0.025287770111407,-0.0157892702420227,0.00938615128111923,0.00538278334841405,0.0314721436813399,-0.00675361781930855,-0.0363046501561346,0.0101311178738165,0.0517032631676448,-0.03630240937465,-0.0163097051660894,-0.0395921380138451,0.0173770555901853,0.0436506361947023,-0.0505900432333486,0.0148810184693414,0.0252839858892493,-0.0348382737178393,-0.00289083267862841,-0.0333800977384851,0.018190704930738,-0.0145256947051929,0.00951356900174404,0.0229783408075156,-0.00979097999891247,-0.0193677933381377,0.0124235270988333,0.0236421889120978,0.0461450293211386,0.000681684588844079,-0.0453516549878756,-0.00871822685608795,0.0207442046091433,0.0279744622368078,-0.0362952815935663,0.044623598170016,0.00207446857990358,-0.0040640013038532,-0.0143173490495337,0.000711624993570649,-0.0357938237555391,0.0040377441791111,0.0210614366128784,0.0141241725769172,-0.0330753178063504,0.00337313090583706,0.0117689979792241,0.012315683390181,-0.0198097202704265,-0.0124789577562207,0.0314603021000663,0.0060202321462738,-0.0148976437139093
"PO3F2",-0.00752859113723457,0.0295131948447256,0.015376730181985,0.00246674725733395,-0.0157793510484118,0.00464781632021618,-0.0048622786488258,0.0115505448424328,0.0257377877002045,-0.0220187199341262,0.00654228573710591,-0.0183004874515108,0.0153014430944908,-0.0121283527714372,0.00389472914701953,0.0224465317750546,0.0120001814714635,-0.00563087416732135,0.00176902706560386,0.0443741970975672,0.0291225849738378,0.0279558031338159,-0.0100200211525132,-0.0358107513149843,-0.0114459076722606,-0.0280289574034685,0.0139251357874052,0.00535342147787783,-0.0290252998002251,0.0119795368045499,0.00971792700457962,0.0220332491098349,0.00466879593395888,0.00262015732363258,0.0453036002117196,-0.00801472245975596,0.00570712102653523,-0.0142130074642043,0.0143446961204738,0.0268389092326099,-0.0155303115395289,-0.00787129293029717,-0.000869914142316546,-0.00316429340946458,0.00569831579118939,-0.00223520885200957,0.0248521576335013,0.0232731409109464,-0.0343657886954724,-0.00130484664417514,0.00022748336032612,0.0168200710233001,0.0177691775553001,0.0337465378853727,0.0155444902634178,0.00345714922203084,0.0418486468628531,-0.0320332727463336,-0.00120161746211967,-0.00598082259356282,0.0127740316230823,-0.0120770923060089,0.0156602496258906,0.0247360267250789,-0.0282249963448966,-0.00913912843519003,0.0166236198137003,-0.00538654812619608,-0.00584184397659456,-0.0152901283354986,0.00739547901741754,-0.00223210822783153,-0.0109912537883546,0.00218410608014322,0.0407919935186073,-0.0094305265706181,0.0164749684486507,0.00466328568521913,-0.00799433894856649,-0.00862882886936865,-0.00426181887314546,0.0379447905266413,0.014490068511319,0.00087180445771631,-0.0176736312378138,-0.00902267771005617,0.0180837289368267,0.0294542532924435,-0.0385361739049811,-0.0116108623552166,0.00147437960528646
"PRD14",-0.00651409531310756,-0.0239805514129001,0.00382026220915469,-0.010715555520566,0.0180448561574184,0.00723975945159805,-0.0397509239778769,-0.0345366529150163,0.0203907854735905,0.0152998320481996,0.0163323815814379,-0.00198914790507093,-0.0454015930231357,-0.0235496014009755,0.0111321252700262,0.0132734781176853,-0.000530187929475325,0.00241574703165052,-0.0190574304060627,-0.0353604945820198,-0.0485578779595046,0.0340946244574829,0.0309459459545709,0.000901121584669042,-0.00850353048135446,0.0164824387111788,-0.0229473336706194,0.0427919765387307,-0.0248824777542099,0.00249873905352806,0.0233653569191068,0.0219689905516453,0.00555748422204505,-0.0415036319547332,0.0774319420388014,-0.0466072739895715,-0.00440735586080699,-0.016579130903139,-0.0463975508762838,0.0501531138941903,0.0435202474943929,0.0318669473623679,0.0237718031526222,-0.0134186381139458,-0.00551755392354319,-0.0274031072348453,0.000591527647431906,0.0107260034704234,0.0461657853095873,-0.0245937053365351,-0.0374769835262852,-0.0312504516962438,0.00419054270210662,0.00580099276282852,0.0117437826632979,0.0381522353187884,-0.0169124075986805,0.00998237713206252,-0.0590012758492338,0.0172315202262037,0.026821894183992,0.00121864089163379,-0.0270179329456392,-0.0490229645552362,-0.0567689708182677,-0.0242587575222502,-0.00614105762861281,0.0235325904203613,-0.00804592665587305,0.00745533237379266,-0.0299322761735812,0.0349090966978828,0.00126095473291084,-0.0174653696110546,0.00854254808901342,-0.0304825465447607,-0.046287369905922,0.0139937501543425,0.0328306543333056,-0.0286713494813144,0.0450505719496609,0.0086525829016076,-0.0298841610933566,0.00298450970317179,-0.000938180928211265,0.0513612497075055,-0.0305437659528778,0.0201522185815314,0.0172086005865042,0.00685849235287599,0.024047255838708
"PRDM1",0.0249473542383095,-0.0121448759959693,-0.0095244748129124,0.00377724092566523,0.0190538713972797,0.00107960933529255,0.00735140575186995,0.0036480764215428,-0.0300761337947534,0.0116039277512978,-0.00541686985552655,0.00480461202951865,-0.0341614660852862,0.0112313349497383,0.00546982262792855,-0.0300613170457173,0.0136517133372016,-0.0119417414573946,0.0198634706211287,-0.0129840492727084,-0.000201492071054823,-0.0315025825827545,0.00306576489468703,0.000609450808348515,0.0134790868904291,0.00253344664516418,-0.005360005091017,-0.0186896054221462,0.00939523747328166,-0.0221199619292252,-0.0145691399894251,-0.00202466280884191,0.0141439639739107,0.0186000304613963,0.0107497700052388,0.0138802673967384,0.00166451569667462,-0.000199536558140997,-0.00504500494192014,0.0146668061622969,0.0213698217007069,0.0170091420007436,0.0106878904185153,-0.0367418917231674,-0.00108332715021953,-0.00887675038510007,0.00961227235740306,-0.00312839231709804,-0.00857836198656011,-0.00863095748206946,0.0173048052486001,0.0395434242185574,-0.00381230422955618,-0.00230526943228295,-0.00621953245877289,-0.00869425821600697,-0.00720758007195284,-0.0107121382649343,-0.00561969503545037,-0.00740199403194071,0.00536093838184943,-0.00338648179227276,0.00357767301393289,-0.00661118463267834,-0.00507992871035056,0.00895650466370282,-0.00851755928416843,-0.0137016033726342,0.0152837722095428,0.0107007163916891,0.0130737343142033,0.00600648935903673,-0.00831448203241852,-0.0162165127820951,0.0115094695993805,-0.0226134241317945,-0.0165657726912936,-0.0258779903139634,-0.00430168415804323,0.00157312521867799,0.0032841347037203,0.0139487795692185,-0.0120385243823538,-0.0136827415291293,0.0189870865845375,-0.00556003946820564,-0.0149124475348869,0.0247255293781535,0.0264967835536511,-0.00981999011459831,0.0136272001919156
"PRDM6",-0.00422056541949601,-0.000865336454527862,-0.027050812220023,0.000683348364146988,-0.0028045175069144,-0.0115307542718849,0.0237138359310796,0.00337635404493157,-0.00586536691433149,0.00934831625863432,-0.0148427346406249,0.0254321176083632,-0.00583517899562118,0.00239285018541589,-0.00798141055293318,0.0123265556689253,-0.00897188946213281,-0.00275851489719313,-0.00185398518502441,0.0102041393972438,0.0108553505929487,-0.00239338610779751,-0.0175610550651122,-0.0201819420208182,0.0134402435729259,0.0116904851003877,0.0177197175374553,0.00472715190273982,0.0124007904598824,-0.025853046629543,-0.0191206835613856,-0.0116757827392387,-0.00819300175697348,0.00782942743400846,0.0113163416432981,-0.011802665986005,-0.0033259604811489,-0.00462138735888711,-0.0034497132108592,0.00519205271430552,0.00558923507035715,0.0221777698837675,0.00489138876348218,0.00363897247985283,0.0100278146018153,0.00812047972915564,0.0138516311781362,0.00277188734004507,-0.000609090914192579,-0.00865586028553692,0.012517208403634,0.00495654885347032,0.00542627403120692,0.00613593667272581,0.0119316431266715,0.0147994060190798,0.00311749913868487,-0.0158042265338724,-0.0316120243697803,-0.00425384612340193,0.0132680774978786,0.0267247972291987,0.00741707944013531,-0.0122375669414918,0.00335832567000609,-0.0419833292000999,-0.00166922937476229,-0.00521179798619631,-0.0229887144535066,0.0395298334667267,-0.00465692628494723,-0.00740626033433854,-0.011954946901836,0.00454882129280671,0.00863312101699143,0.00749937812782164,0.00736457227346431,-0.00111299097332438,-0.00308011924928325,0.0297904102167626,0.00348623132275802,0.0153480360883124,-0.0116534147445205,-0.00614759207279375,0.0180074209252096,0.00570329575518898,-0.0222290227589829,-0.00237626231376247,-0.0197357536789289,0.00724338723248695,-0.0137763807404956
"PGR",0.0376196224848766,-0.0242266843651333,0.0152911738084255,-0.00765322955178647,0.00832026124420634,0.0420892512176128,0.0360721677719832,-0.0169087350953031,-0.0185745293386628,-0.0417209814309933,-0.0223537699793752,0.0433914918062509,0.0240393012255537,0.0133016707799023,0.0172372312792166,-0.0175372087540768,-0.00617629376905963,-0.0168237688014663,0.016435572267423,-0.00200789364555612,-0.0320139366530202,0.0399067839591639,-0.0315919611935476,-0.0274513586972501,0.00908308685069609,0.0312014176320701,0.0194702765591204,0.00158950125880003,0.0325925017965898,-0.0107986247664485,-0.0568342886683359,-0.00242227121661027,0.0440457227395315,0.0191518084769873,-0.0219539727831664,-0.0320544836577875,-0.0175081636476811,0.0130895559097763,0.00301289337690673,0.0146868481601556,0.0164003785440881,-0.00935153630873736,-0.0151871925121701,0.0323790544192509,0.044292466195302,0.0204557641839517,0.0293887610541398,-0.0223360388130565,-0.0139446577038419,-0.00922809474618504,0.0298548507179356,0.01208455328661,0.0224445091371009,-0.022030462819295,-0.0194036905733854,-0.0327700903563444,-0.0169726676028087,0.0235334888833747,-0.00198982683330932,0.0273905506784911,0.0355741578181599,-0.0325833901492783,0.0405175443833508,0.013811899588113,0.0175094337904759,-0.0211943545179371,-0.0328725530392277,-0.00731980878155958,0.034037176690623,0.000658910947559307,0.0413189784246885,0.00357128957728653,0.00412089632573678,0.0218103122790767,-0.00560168561031644,-0.00143975436034198,-0.0147331256689378,0.0164127000072432,-0.0169565420253873,-0.0121826837923953,0.0289142485755718,0.00717712838770593,0.00774028740927653,-0.0118842347993587,-0.00950013848076809,0.0415534680126299,0.0281957762104096,0.0212181954387383,-0.00106383953529985,-0.00526221521218917,0.00285843814514563
"PRRX2",-0.0248936375059744,-0.0215567269159213,-0.0161379842250138,-0.0448631440470138,0.0112490698621311,-0.00124459186447372,0.025686805639197,-0.00970453116980831,-0.0179279081261135,-0.0267768781841242,0.00136797545777865,0.00925642229723116,-0.0285953454592672,-0.0184863580799762,-0.00273631729434608,0.000603526357096573,-0.0113274643007746,-0.00890776871146085,0.0200961209309499,0.0456966319349936,0.0123269337404223,-0.0118837814142276,0.0301887172428711,-0.0306750647310871,0.00847453259704314,-0.0234744447840033,-0.0187682653490654,-0.00996600613890007,0.0167253060938375,0.031115504816169,-0.0138607276287289,0.00533270244207619,0.0417650091923173,-0.0144132078465037,0.0486482161464529,-0.016727697631931,0.0299329986310474,0.0365076558061194,-0.0338633431109743,-0.0249641990493299,-0.00417433930886503,-0.00110559313885836,0.0170982292795631,-0.00796633084877659,0.0333435397891786,0.0156292615570511,-0.00801701470668697,-0.0110481885894747,-0.0088920653498889,-0.0160831171785866,-0.00944159988405602,-0.0176413025443645,0.000273034084093794,-8.75881610944259e-05,-0.0301914587443151,-0.0208643559548018,0.0391626829061608,-0.00229751480764842,0.00397133927052012,0.00512048925062321,0.0127229318014559,0.0387485912889248,-0.0238212997541883,-0.0118824730515421,0.00551715739978425,0.0408303051432049,-0.00270662782438532,0.0181020239346346,0.0595491140746621,0.024640520077084,0.0175265706132052,-0.0341225837268437,0.0360409541586412,-0.0194135529728828,0.00816680901678254,0.00132515851334725,-0.0110628062770078,0.0406644347001622,-0.00831715350892904,-0.037472550213534,-0.00247126967623699,-0.0195438317810574,-0.0173749358718451,0.0148667291498548,-0.00614286256986467,0.0233090563231204,0.00430397529037314,0.00750826764132586,-0.031268978413987,0.0135968002359528,0.0147597176236154
"PTF1A",-0.000467714906049271,0.00366108412002719,-0.0105289138118343,-0.00344953033023267,-0.000897625634440495,-0.0116942522509334,-0.00949817077737291,-0.00667322155373013,0.00873948962440029,-0.012504151466194,0.0353216821211768,-0.00930928071554077,-0.0214391102622525,-0.0132257517104875,-0.00228075631817854,-0.00657507962954967,0.00124661408481432,-0.00448650180465762,0.00260663763390334,-0.00561609523762675,-0.0029424152307826,0.0176530520872432,-0.000126994907572662,0.0254060855248548,0.0130861858683519,0.016688402739844,0.0110192192117044,-0.0114646378441698,-0.0158001513742011,-0.0134944860393426,-0.0194061907959079,0.0268653571282306,-0.00449081491598523,0.00424850044258678,0.0100345064617974,0.012380714052235,0.00207909203437474,0.0347443862365457,-0.00737921856228833,0.00541271432912528,-0.00146939398581381,-0.0260751252794817,-0.0153159762222014,-0.0139241903596094,0.00615505181689147,-0.0189581795913673,-0.00576578134387669,-0.0093104438489731,-0.00549781391347652,-0.00790645451381233,0.00131585358128837,-0.00212623387856447,0.023554034268751,-0.00293314155047347,0.00398945620158,0.0183512902740103,0.00544681361844428,0.00560300586089901,-0.0109681120947584,-0.0225448196946891,-0.00206609734049774,-0.00305378976753875,0.00771069660866839,0.00548104033486622,0.0274159897238266,0.00599703920312329,0.0209453451546694,0.0129434595642818,-0.00297338815848137,-0.00374229071987635,0.0091846760435155,0.000908269158597121,0.00525991153802685,0.00578703209155892,-0.00875141546140448,0.0056951845753036,0.00728203997369834,0.00129280169813359,0.00457586727997045,0.0030088641127671,-0.00621111827518886,0.0109491704809864,-0.00302052292732392,-0.0359781518142197,-0.0183986802490044,-0.0225834611136241,-0.0166176676978526,-0.00302630309428783,-0.029668433993416,-0.0098699269269592,-0.0145864509067874
"RARA",-0.0109475902071306,0.00529918640006081,0.0144653176911699,-0.0348615518558875,-0.00846524290650944,-0.00229163913079638,0.010511306666108,0.0083620243286152,0.00289157061656894,-0.0435567324659007,0.0036510332206266,-0.0130516627868379,-0.0174905046275034,0.00507663322155552,-0.0101869566697288,-0.00566338289241243,0.0233712702618823,-0.0249272054923408,0.0160609157417675,-0.0202064854694191,0.0204199830691915,0.00237091665361769,-0.023319224473131,0.0157641389126967,0.0292494349815465,-0.00512706926715471,-0.0128058131947394,-0.00142059540879995,0.01025524149712,0.0139363676728244,-0.0182517967971057,-0.0157674019532373,-0.00100367890561446,-0.0161027494015146,0.0059423101274854,0.0201409694580273,0.00851698659030153,-0.009589259306428,0.0210082780890989,0.0233098854133211,0.00469048168403352,0.00191963011219412,0.0202310951216754,-0.0160398538969507,-0.0375439850336392,-0.022061828632187,-0.0105641528186374,-0.00290054210155046,-0.0159545786702802,0.00133719323224742,0.0022229357913287,-0.00890742877917029,-0.000515801360675623,0.00451993212634459,-0.0147759455874308,-0.000617601390042695,-0.00631602954637021,0.0207994878447455,0.0061356461293285,-0.0054666792174862,-0.00165547659517579,0.00853328081470237,-0.0144597906854141,-0.0021500584625615,-0.00124198505860329,0.0057715752051509,0.00750302827216325,-0.00206381861289314,0.0207044251428485,0.0172946572091886,0.0168411996584195,-0.0183344653621386,-0.00649667486097932,0.0233318503946739,-0.015985676169566,-0.000917264773940408,-0.00492498302197391,-0.00985242814946544,-0.00716388862903818,0.0142648080959004,0.00698673456848482,0.0115183045815605,0.0180250894886863,-0.0215635748420648,0.0126310957400706,0.00810427845206399,-0.0147414075654214,-0.0099743911321937,0.000318286734394324,-0.00798139269192143,0.00774424962059423
"RARG",0.00276153633915364,0.000270694060330787,-0.00909637652393559,-0.0451696207203961,0.0315994483437434,-0.00932718546143947,0.013222062331242,-3.02686306234787e-05,-0.0169623401527953,-0.0200640834603154,0.0163064884844953,0.0195987743511365,0.0121652851208366,-0.0126293724757148,-0.0122142397695963,-0.00698561851643536,-0.00649161172051303,-0.023665818224348,-0.0242209118893422,0.0209830912014362,0.0243155273236795,0.00913008599124993,-0.00136309259181781,0.00545506152033766,-0.0278447768886848,-0.0160172326089858,-0.0165156613591498,0.0100197688569052,0.00819577177306608,-0.0263724157218521,-0.0193121274250207,-0.0163174519648093,-0.00293228757247875,0.0205975482533752,0.0242276743609052,0.00194739383944334,0.00247076377173843,-0.0129785136376062,0.0466045001101642,-0.0238603641772209,-0.0250016412201256,0.00347642215998066,-5.0410564037111e-05,-0.0115707284315474,0.00477874918688974,-0.0217081094882575,0.0215966710278261,-0.0168874641395245,-0.00536126167475428,-0.0033968488944017,-0.000940937115803863,-0.029140598556943,-0.0432909172432889,-0.000489838136744753,0.00959566664338058,-0.0262643170184265,-0.00691290851568804,0.000922177557687508,-0.0425973714214008,-0.0112912171458737,-0.0139755705326352,0.00210033335043974,0.0110047509469526,-0.0179940184247997,0.0100993685409619,-0.00763697652306119,-0.00791858903361924,0.00121664265532996,0.000431632278673484,0.00872987133178659,0.000885425845979995,-0.0545242553289253,-0.0313404196600456,-0.0292117314486562,0.0217933394362098,-0.0393411856016513,-0.0253567282526419,0.0290346205196476,-0.00511759541363102,0.0104806842855249,0.0187258904317773,-0.0132705078711146,0.0202258763594183,0.00276310245577118,-0.0124420700247227,0.00897043963573252,0.0129031292877684,-0.00385634811568468,0.0147620003858412,0.0261865246369325,-0.0149081346150871
"RELB",-0.0318500962099824,-0.0148275350260951,-0.00300438195749316,0.0154262369478164,-0.00907290094577987,-0.00489592295181967,0.0178417641008455,0.00390910731567171,-0.00578845420507386,-0.00548588371289675,-0.0436139319884325,-0.00455658027247435,0.0107691935389184,-0.0259736454547674,0.0144440437031141,0.00372210268199008,-0.00675967815948682,0.0256523902267523,-0.0479987251319024,0.0119320866807159,0.030078297547864,-0.00595009957423661,-0.0189360068483632,-0.0181669727996053,0.00181581327378285,0.00884327550262157,-0.0250974551701889,0.0105651289913697,0.0138779645321732,0.0371396272244593,0.0168801677914691,-0.00223780512096118,0.0203558385417136,0.0287756722063121,0.000325329499510654,-0.0227593375450139,-0.0319156478103632,0.0137400688906073,0.0146739349956756,0.0125718600626163,-0.0237370746569017,0.0037018159637217,0.00193356791498719,-0.00982469009652504,0.00739315719912457,0.00327305025449864,0.0206752639916012,-0.0481935728662122,0.0174839669555803,-0.0142798458505889,-0.0153609966644829,0.00147781571324447,-0.01402805762014,-0.0213918649732209,-0.0234600462730828,-0.0397811493320338,0.00297210375546279,-0.025876504713555,-0.0341373129732073,0.0219164383005798,-0.0137837014967002,-0.0164621130552328,-0.00195603805799064,-0.0175761740756168,-0.00283447377287284,-0.0242154966479053,-0.0316340924976443,-0.0627281720051821,-0.0137637744475863,0.0105604103775926,-0.00663653460506075,-0.00928083739417314,0.00719108080344733,-0.014488684311031,-0.000598998754538412,-0.00459803736444324,0.00416473553561683,-0.00478359426809019,0.0158361494017655,0.033508176664928,0.00780691515617718,-0.00880935512001856,-0.00974203588844836,0.0218374224531129,-0.0105974729872133,0.00867423795391085,0.0143470632873012,-0.0363254553665226,-0.0263765373549867,0.0454500978937648,-0.0197027473359735
"REL",-0.0359660210782912,0.00469342423213019,0.000976556936316003,0.010781866587931,-0.0300878819054915,0.00870947045312098,0.0311317709202307,-0.0257526224639643,0.0115309721300735,0.0149106349243924,0.00241448866216468,-0.00779810317504007,0.0340814654720709,0.0110072900561063,-0.0246433164385629,-0.0134096667145523,-0.00891290573153021,0.0362708959751279,0.0137483464783847,0.0264290103565932,0.0106148986383489,0.00829648718660051,0.00604133653413589,-0.0146515889035739,0.0315005372971953,0.0131874038611353,0.00354387711434394,-0.00466288728099338,0.0202474105905057,-0.0130721522414222,0.0339915428086412,0.00484083317778784,0.00108249431682156,-0.00552874363668983,0.00308882671479271,-0.00238170562259942,0.00490010484083419,-0.0114075135792194,0.0346318074810096,0.00616151448713063,0.0156724292682259,0.00732039104983606,0.00809319451178102,0.0140100664372902,0.0372829266549922,-0.00883410507403645,0.00193219688668199,0.00876360783459353,0.00147366120255231,-0.00122152566314803,-0.0160567125586899,0.0125645538518745,0.00020532756930662,0.00376873408586247,0.0518315792565986,0.0171511849085805,0.00283631985340446,-0.00352915650931404,-0.000208757350703915,-0.0150693723800618,0.0151743503828955,0.0129798152651139,0.0171661356147267,0.0273205752426331,0.00434166419876436,0.0107618421240973,0.00777568028759394,-0.00847328157661659,-0.00905970053334513,-0.0259425746290743,-0.00257609604125188,0.0100164506216893,-0.0238561704815577,-0.0207617253467812,0.0221898639474229,0.0454748084357124,-0.00937955042433499,0.00563800842169641,0.0257302196280201,-0.00378002031491344,-0.0283822575940042,-0.00235179907547797,0.00019019377064182,0.00297037801533227,0.00921731795753157,0.0141921767535451,0.00394443495845733,0.000384707243886886,5.44776912587943e-05,-0.00560154533068457,-0.0195757634169731
"REST",0.0115497593941965,-0.00394899106542548,-0.0278075862314098,-0.0180948770666526,0.00566706089709078,0.0140057724209993,0.0271009654542568,-0.0274926696884094,0.00904538911933215,0.0195287420065959,-0.00768053924391824,-0.0196538256592973,-0.022560063572246,0.000372758423023665,-0.0256133183166313,-0.00688682671645747,0.014425581004357,-0.0187987683175515,0.0057021654020974,0.0126429091098088,-0.00455130380311001,0.0299364922919114,-0.0232915195168681,0.0165354245413574,-0.00522266059510541,0.0195980893566485,0.00838243341472392,-0.0247942013449832,0.00410548196391387,0.0191575261900407,-0.0170679923393455,0.018324001391819,0.00675797859858975,-0.00103567155515428,0.0253387632642455,-0.0123592649142694,0.0158394904681515,-0.0104089975621547,-0.00489043619954858,0.00563237502473525,-0.00260199671744019,0.0135402113893674,-0.00495690754821198,0.00954536750580276,-0.0220999342730728,0.00270642023741649,0.0426672807111405,-0.0116847889942296,-0.000786997698703632,0.0100038255907748,-0.0283229387082379,-0.0252053230430731,-0.0104907784514671,0.0314851680902871,-0.00759360204021013,0.00468985451227973,0.00352836175271033,-0.00125448379102958,0.00168556573427799,0.0526536399954881,0.0035344328532079,0.0144598232290362,-0.0253060567104122,-0.00227004981471896,-0.00791616584119098,-0.00194382423965039,-0.0164490848104562,0.00344223473938349,0.0160831119438642,-0.0204472185527776,0.00934312483181119,0.0257062092814055,-0.00168106251959333,-0.0343681004628259,-0.0233035805167752,-0.0040172314653954,-0.011967618433972,-0.0105905570263268,0.0227127587928003,0.0103578315636238,0.0198338913999251,0.00313147083529044,-0.0176892461776334,0.000643748622114113,0.00966123024214437,0.00690908484552378,-0.038576566183208,-0.00183550601205258,-0.006024205059526,0.0100324823327895,-0.00729817343705162
"RFX1",0.0114899374228892,0.0137345751440413,-0.00766026137855741,-0.0249026598243374,-0.00239169952895302,-0.000529508089784538,0.0249126098550582,-0.00353555409949713,-0.00252918235974953,0.00430688882222968,0.00948861409953889,-0.0147438488426498,0.00478208937476921,-0.00710340752910463,-0.0158792479088356,0.0039002483671799,-0.00169285682311619,-0.0261476162870586,0.0212845575428499,0.00891317374398355,-0.00217175388853007,-0.015142203209136,-0.00240357730559868,0.00701385674759582,0.00173636391900876,0.0108217867269669,0.00791484139903111,-0.00137422764021498,-0.0160222742356616,0.0248728596788641,-0.0329062855733265,-0.00514097629926267,-0.00319705061888509,-0.0314712123881163,-0.00838018998229187,-0.00608284908531657,0.00238506968813089,0.000719293756249122,0.00605872221651029,-0.00954577839273712,0.00177219434152879,0.00897033863557788,-0.0153921991944081,0.0141570739738853,-0.0129547809399541,0.00344950454419073,-0.00655286475419735,0.00611867261921166,0.0153473976869334,0.00319056809537526,0.0154583506849874,0.0076316917554265,-0.0112066866049466,0.0210962196755987,-0.00701901184472185,-0.0150571389817438,-0.0185888199531868,-0.0221850246599134,-0.0221954427839316,-0.00515919483101784,-0.0113058704196836,-0.0141267076975089,0.0147682295252322,0.0140887073473903,0.0194861464229026,0.0246469303037635,0.00325923068174763,0.0116785230037742,-0.00326938094802595,0.000214678399561742,0.0167848779289599,-0.0402951600756516,-0.00617599620644758,-0.000967051895299293,0.012253672503741,-0.0134215745636906,0.00549349207663721,0.012434317814511,-0.00293692325764672,0.00856138548665576,0.0249665621577543,0.0174191004147158,-0.0132750145537952,0.00378295939020154,-0.00827411403989176,-0.0337769060455649,-0.00902952053438202,-0.0215301524579818,-0.00372954622142277,0.00443286488946527,-0.0175222167058985
"RFX2",-0.0424596989224017,-0.0366867937978867,-0.0158179349291546,0.0180846161696438,-0.00541623904494552,0.02982884459612,-0.0410399989275266,-0.000579685885323482,-0.00268706777678151,-0.0411171930720534,-0.0359904333355939,0.000213343218591425,0.00490776269689455,-0.00365261215343491,0.00856164769499992,0.00656760076628128,-0.0162593189149063,0.0109548095620593,-0.0280389865746584,0.0057726487527896,-0.0278025663922544,-0.0127811207602193,0.0269510351350275,-0.00518082959019344,-0.0132438589898445,0.0387706533273309,-0.0162848847015233,0.0175420367912873,-0.0160857612907012,-0.0471257859502818,0.0362597092988859,0.0192101051560576,0.00319077508625196,0.040205118001835,-0.027417191525297,-0.00789200666677722,-0.00411943437171051,0.0126350734759107,-0.0123740210246801,0.0180112173115595,0.00746530889021982,-0.0171716748600779,0.0154862938610354,0.00822338252406786,-0.0255820455689332,-0.0348652827947759,-0.0318851000977297,-0.03150942272098,-0.0284999774674844,-0.0188944387958648,0.00816434543658538,-0.025370803231971,-0.0138516657185547,-0.0480111793654988,-0.0140899842372094,0.00191566243533549,0.0077248125897274,0.0241371370034052,-0.015012000724825,0.0157764804890294,0.0048233101341804,0.0296442721910089,-0.0240249046775902,-0.0156774051989122,-0.0381925840754818,-0.0227156751243554,-0.0244621547063353,-0.000660626384659303,0.00418481225817306,0.0184125396870586,0.0134365204749619,0.0184011503888758,-0.0047159029323378,-0.00317144573082203,-0.0241473696821176,-0.00627071878139802,0.00122348749732116,-0.0364932557262921,-0.0194927700241109,-0.0293635954523452,-0.00863729169422268,0.0396562814203548,-0.025483359529938,-0.0169104893032616,-0.0021150381069265,-0.0267012149444089,-0.0329365479810699,0.0129163245575494,-0.0507495115492523,0.0188132208314202,0.00980883547533365
"RFX3",0.00247306858139231,-0.00403934807611148,-0.013756984137844,-0.0136293394659105,0.042483734363278,0.00305845996943238,0.0441734022520569,0.03417755142149,-0.0163312112645662,0.0320391516465136,0.0235037082650336,-0.0189607116280732,0.0103214696603198,0.00401588954990586,-0.0425167412945392,0.00839487108450115,-0.0260706531914059,-0.019214710744336,0.051368366706684,-0.0168903212534915,0.0387643084744553,0.0171184760409487,-0.0290367664046759,0.024764776065627,0.0331778021967072,-0.040503971010037,-0.018304512451663,-0.0187744929052198,0.0274782502241657,0.0297552631102668,0.0128234962544748,-0.0250008521752434,0.0174370636230046,-0.0069975519876316,0.0261058248856249,0.0402004235597214,-0.017629289766223,0.0182164268667877,0.0176540691268013,-0.0178850221260022,0.0068117314958229,0.00582284344538635,0.0170892527790585,0.00345351634143908,0.0475743147639864,0.0311360086334188,0.0207194269032981,-0.0113805614162456,0.0261694118115971,0.0137813275831011,0.00770165317912887,0.0178342898716376,0.0146241307486731,0.0374288986347227,0.00619182423736699,0.0268453912602179,0.00773367436477989,0.0184110015454752,0.031623115718176,-0.0456713766557429,0.00412539272894826,-0.0408792916595905,0.0134403662925751,0.0178528415630369,0.00430414722770305,0.030213418551595,0.0115809758920182,0.00431470832875868,0.0088840791803899,-0.0449775320278381,-0.0403628359374538,-0.00950979069274228,0.0130048386105324,0.0186632278610983,0.0565417062745337,-0.00921850294541374,0.0099155245532513,0.0208746757556525,0.0133639861160165,0.0258911125004827,-0.00195025544061141,-0.00969848625297425,0.0189550158268418,-0.0364635920794981,0.00846351505807118,0.0296838930444885,0.00566452894186086,0.0111008801790001,0.0302331095630972,-0.01324561133513,-0.0150302045301436
"RFX5",0.012295309372458,0.0268570059932011,-0.00423955921749217,-0.0146748697509575,-0.0173866571504201,-0.0222263204764317,0.0176073986971098,-0.00624236591338804,0.0257431829306025,0.0168093871829192,-0.00678833333221461,0.0150081128332042,0.0280999875732816,0.0173336423012752,0.0161811778384484,0.00490657676432877,0.0226617919986272,0.00344165662102134,-0.0255556857076278,0.00436665981492159,-0.029062338902629,-0.0055719036703969,0.0109894072204462,-0.00540569686903098,-0.00297609311241291,0.0128361843963871,0.00869441627924109,-0.0129359948412524,0.0106553920247258,0.0199424478042426,-0.00738032124880733,0.00194612079534039,0.00966930993260908,-0.0285467773137424,0.00225214010978364,6.39132578271232e-05,0.00966586059383632,0.0203976781243345,-8.82823719008221e-05,-0.01274325615597,-0.0384685975739512,0.0017690442436826,-0.0113109797162976,-0.0205923227823548,-0.00107068244454464,-0.0255782457831491,0.000100695160343512,0.0264218487187145,-0.00491621388387892,0.00579299383012881,-0.00295759443829581,0.0151274474389819,-0.0153912063288507,-0.0230641978855808,-0.00490506010086975,0.0100120763932556,0.00901996592998375,6.75496330211496e-05,-0.0327190051250721,0.00218867622083207,-0.00079422244670358,0.00840941288689674,0.0250471346566751,-0.0153789266587667,0.0101882223582795,-0.0107351793340866,0.00383722498772073,-0.0067292904406603,-0.00158794299386292,-0.00976183505919691,-0.0125712643113474,-0.00687435622525358,0.0176884636748067,-0.0317940245766614,-0.0124595782720241,0.00923958763476907,-0.0249286877613038,0.000690235578045179,-0.00300798947301913,-0.00396722603666155,-0.0171651508983694,-0.00721096702627915,-0.0166433326910646,-0.0068134939530815,-0.0301027709438065,0.0416804384756239,0.0263927995541052,-0.0255889512189109,0.0220448041303821,-0.0145322426155273,0.0297799896724133
"RORA",0.0280567556815979,-0.00518807486670475,0.00474197319287374,-0.0049480608958752,0.00149909352951805,-0.0119191010338034,-0.0106676143796359,0.0164838818930536,0.0169467488021581,0.0293260488752038,-0.023535084357436,-0.0125163780091114,-0.0104060641782843,0.00366209075425451,0.00706362857774346,0.0293569566712203,-0.0190322821545477,-0.0117202403423319,-0.00721606324102196,-0.0168396215970402,-0.0322123342754142,-0.0122418571553184,0.0129852944263019,0.00399951711317498,-0.0291464909531088,0.0133116446369355,-0.0225017202228741,0.0201782760627311,-0.0201068919180855,-0.0022805423791569,0.0210856520642326,0.010510502518767,-0.0179540341943549,-0.0269247572760163,0.019762650527905,0.0138751668213471,0.00113194941797462,-0.0103567748149076,0.00572365214969451,5.51483590945874e-05,-0.00204571734944837,-0.0113772137086785,0.00513344602632726,-0.0207147829854032,-0.0171633981503724,0.00977502310054319,-0.00299986962702435,0.00413786981691224,-0.00849717722085639,-0.00387620810086234,-0.0206830177769089,0.016139383410473,-0.0187419394117024,-0.00238358660111629,0.00138570949130572,0.0174092456803819,0.0265445529986919,0.0131492416773982,-0.00880318212572014,0.00308602169114797,-0.0264124784748499,0.025886895985388,0.00496326072368411,0.00467274901224484,-0.0104502505641928,-0.00391047088746366,-0.0103164463823715,-0.00480874002680109,-0.00975717564784894,-0.0199660386423877,0.0346141094940894,-0.0362410606278145,-0.016137021653685,0.0266571362346136,0.031469119718036,0.0112523020347119,-0.0364225942955291,0.00590623038212154,0.00755580631328471,0.0300674119614833,-0.0057783058576418,-0.0121053900954052,0.0167401904722071,-0.0336078619651613,-0.00808173421533132,-0.00149202585544713,-0.00527895047257245,0.0306662202109386,-0.0121776352652129,0.0472589208902495,-0.0145341950720647
"RORG",0.0129431727674428,0.0221641500292665,0.0065429280261297,0.023013563262213,-0.025278884369079,-0.0209629775242138,0.0367844233414121,-0.0269943819553153,-0.0451802936126338,-0.049730093975238,0.00849744028821634,0.00941649015710708,0.0218776802182543,-0.00492515748318172,0.00177158064200095,0.00175495079556447,0.0341446492780413,0.0205597776317155,-0.00712076265259913,0.00648372020506109,-0.00357066632869559,0.0094153535560196,-0.0462363881799853,-0.033910393237945,-0.00602821613547794,0.0378850737323323,-0.0260133772737461,0.00645237739571771,-0.0100510058134835,-0.000205897314663977,-0.0246727572610806,0.0117132752351366,0.0230402599324274,-0.0145110387738496,0.0110703788663494,0.0170445045032971,0.0385820394078494,-0.00853162540001571,-0.0042680223515478,0.00238873129415262,-0.0292840796787832,-0.00875942324701274,-0.0132879202018165,-0.0160004461455916,-0.024112558254821,-0.0012848941321069,0.000849953634282248,0.0119695580970054,-0.0296352559917524,0.0057913822604226,0.0223655887361835,0.00205078332674401,0.0309373841764514,0.0119655500739906,0.00286902055747223,0.0287923464781817,-0.0302172245755673,-0.0122845901415655,-0.00626637804065426,-0.0308903100129376,0.00639226020677872,-0.0252763456469424,-0.0290441402756142,-0.0139662084679215,-0.0420019026046589,-0.022300851118516,0.00534137794528132,0.0353390984228763,0.030812730230271,-0.0166551325189451,-0.0203547380075059,0.0219676618159979,-0.0327650852542064,0.00633410242945133,-0.0255824303603883,-0.00366915274829323,0.00911737321268324,0.0208010132787378,-0.0410110197213386,-0.0263298507117301,-0.0105642769602091,0.0073408048398449,0.0275698845804437,0.0204208788086693,0.0393953215275746,-0.00107291952921316,0.00652288663583061,-0.063290406650141,0.00635080758969204,0.00603261576414016,-0.0334196298663798
"RUNX2",0.0239557190853737,0.0122635016788312,0.0187186567722902,-2.45979221499907e-05,-7.60324870301661e-05,0.00193583348270497,-0.0224812038765114,0.0215543612533612,0.0447289165339581,0.00150581266063271,-0.0218311515356691,-0.00362290510252612,-0.00230427543580962,-0.0016200017451625,0.00834781292064991,-0.0184515808006834,0.0474739977943342,-0.0261872460024705,0.0132501348147201,0.0387634748248123,0.0114465742104578,-0.00846341111032822,0.0135164940703486,0.00300885872059483,-0.00188918924496469,-0.00724144522217895,-0.0117889142672104,-0.0257070145979518,0.00575398949299303,0.0169987219248078,0.0293544814365589,0.0149721755336727,-0.0219919212596067,-0.000647295927759846,0.00443860923095033,-0.0096036817635966,0.0231211348090919,0.0150735948272727,-0.0146575355624555,-0.00749175297221916,0.0153095349019405,0.0118804422980575,-0.0148769030958813,0.0049752905638253,-0.0442112042573382,-0.0105253486993972,-0.00941260279811416,0.00507559270004682,0.000773532908916347,0.0151280013455909,0.0162180601935221,-0.0138712590258078,-0.0287832113095825,0.00406853989398838,0.00387688118702477,0.0511009927322627,0.0210652984370391,0.0206995083224915,0.00175629571184471,-0.00185743430556735,-0.0317444562454123,-0.0108890985225389,0.00689172391231111,0.0170962413530978,-0.0392548642173349,-0.00434633270911239,-0.0104789404280304,0.013060476970277,-0.00174722814459755,-0.0194489047463797,0.00520952823233287,-0.01425365706662,0.00785151025668522,-0.0106497243822929,0.0226000933960977,0.0067240598099767,-0.0034492694940605,0.019869207780597,-0.0232915580935602,0.0101377245990908,0.0135226098121655,-0.00948122497488007,0.00170301013110057,0.00825156470525796,0.00943856594088485,-0.0201109060798653,-0.00176235194321118,0.0153572767707577,-0.0106562948980961,-0.0322615154258577,-0.0128043288489084
"RXRA",0.00947146221674787,-0.0147186637490509,-0.00485769664422944,0.00967542711233734,-0.00274477819351679,0.00606547270803214,-0.0219459247388392,0.00227000487485991,-0.00952255255336932,-0.00337869925019136,-0.0147222766135755,0.0223314100464825,0.0070681078785358,0.00149295914593614,0.00604772740256066,0.00268352930833806,-0.00969145851525197,-0.0090872977350136,0.00299874692860127,0.0172383050965896,0.00321894253599352,0.00448930348107125,0.0296837183829017,-0.0265170698243042,-0.00237434766254206,-0.0325715005909471,0.00770548936307635,-0.00924923959734899,0.00242558948707845,-0.0166811307404726,-0.000236657827338268,0.0110323261635503,-0.0129230476573595,-0.0223703790813794,-0.00173066389862384,-0.0131927809230595,-0.0183713993464568,0.00687517768774519,0.00167798068374059,-0.0201849321913583,-0.00968346613558501,-0.0166319641541082,-0.0226426678290262,-0.00405515687566915,-0.00639422546151083,0.00450470308120332,-0.00140436273586551,0.0149241270886199,0.0133440274212122,0.00187585771347489,-0.0482864537684822,-0.00796289554367759,0.0168663634135598,-0.0176052366499335,-0.0185988803778795,-0.0217302488048878,-0.00714328556459031,-0.00975688432391215,-0.0250078714625042,0.00577550198187449,-0.00761461022686905,-0.010127461286921,-0.000329152999954462,-0.0231310176337215,0.0126967369119638,-0.0263287740397002,-0.00425028634994755,0.0189229066053307,-0.0279954690121502,0.0125243923479267,-0.0156629840925121,0.00973990602322386,-0.00534567780628937,-0.0582559878689948,-0.003996695979418,0.0024529093810052,-0.0131526849061702,-0.00484258504298074,-0.00413892105686168,0.00307343151363947,-0.00967122664784775,0.00109914326155776,-0.02681979234249,-0.0101387607659015,-0.0098856218051048,0.0142173982933827,-0.00914473252740095,-0.024935825582082,-0.00857684185880742,0.0108752418140635,-0.0159050872385496
"RXRB",-0.0113450560561971,-0.00828433197498282,-0.0210155190454975,-0.0256967825314868,0.00154987591130694,-0.00685130641188492,-0.0154129174287282,0.0146581310162895,-0.0135161882381815,-0.0216630560016445,0.00844351176534935,0.00111207325175291,-0.0390714644393528,-0.00779727737621817,0.0303644875882391,-0.00311930858445606,-0.0592766129243828,-0.0254345561578165,0.0117413932935899,-0.028773870090877,-0.0165356487055007,-0.014119842673477,0.0116107069042665,0.0209195207231938,-0.0136783243337084,-0.0209482119024116,-0.0368071199388284,0.00997559272382599,-0.0305224863159548,-0.0372924123124008,0.000963365308882928,0.000818768509801531,0.0176864481863259,-0.00497326990255265,-0.0426228963182386,0.000717550465376326,-0.00245474604023455,0.010392737370915,-0.0252228039701519,0.0706769308112808,-0.0314732664983603,0.00867540725188513,0.00623871036175813,0.000608484990312541,-0.00212471424478396,-0.0170085146364163,0.0121514295523153,0.00700361993622336,0.00296320921387771,-0.0123810900692082,0.0393232639765797,-0.00957992662875603,-0.0274345091065911,0.013361035732498,0.0348867199319471,-0.0298127245678938,0.0019534299507886,-0.0035037125698796,0.0173075942113601,0.00717248587837166,0.00727355907924614,0.00527184330699088,0.0204714160113804,-0.0126746570537146,0.00391457619388511,-0.00223504148719446,-0.00331147279258296,0.00773146077664439,-0.0100343919017706,0.017653295305335,-0.00990930838466068,0.0231045264838312,-0.000452358880038778,0.0107845549377989,0.0226023948082638,-0.0305846723124561,0.0101239129941906,-0.000309527030542472,-0.0241794204974826,-0.0116600505683048,0.0434054291315032,0.02430244258005,-0.00876997182863801,-0.0270449580402166,0.0379081537945118,-0.000360762669314754,0.0440763182418142,-0.0141342133393572,0.0123830989976831,0.0115199168326698,-0.010205811606646
"RXRG",-0.0282890550533674,-0.0282976233871097,-0.0189055290791652,0.0262092430556252,0.0532333228679184,-0.0456612312410327,0.0183817814591892,0.0347223324709512,-0.0239804448594161,-0.0287167209721911,-0.037244896873301,-0.0207235857224481,-0.00928598091075674,-0.0419848107882558,-0.0588430527942601,-0.00190681621166086,0.0195797449174151,0.0218696988654143,-0.00122835870551759,-0.0180341173634381,0.0175372536961488,0.00592612272900155,0.00923935101380116,0.0130012587509178,0.0130969721187029,-0.000569266940877649,0.0194296758393378,-0.00589497916610073,-0.00538735659665383,-0.0041025225112081,0.00395047092452599,0.0322375047969708,-0.0126393611585504,-0.0567169349906183,-0.00374787642645343,-0.0282750909934681,-0.00296601759828525,-0.00210379764919019,0.0044670539416531,0.0197019335726133,-0.0013669737978099,0.0183788619555444,-0.0724356233276471,-0.0432161852217099,0.00454467603342504,0.00274025193875074,0.0050082135739226,-0.0213224372138704,-0.0575266394497654,0.00101321611785781,-0.00951337219915502,-0.00942594780017413,0.0307729680310896,0.0390284744142802,-0.0108197891981567,-0.0562584061539999,-0.0302451280825766,-0.0426989161709976,-0.00403308461281546,-0.0124298921442376,-0.0207507292249717,-0.019760490335928,-0.0401158575960212,-0.014101826583153,-0.0117700318754308,-0.00330492614991128,-0.0341341449941368,0.0107161036111527,0.0203491467190218,0.00805879250916632,-0.00661840936005517,-0.0278248417988152,-0.0118412315876175,-0.016420795820783,0.00640453737018985,0.0490079348280637,0.000228627677987535,-0.0511532059869229,-0.033670639916261,0.00117547696387314,0.00902068737371469,0.00335568129120816,0.0113462050081549,0.0117143583848693,0.00881686971414657,-0.0659298506458379,-0.0176292696734729,0.0202934723548994,0.00810966176653797,0.021713061953648,-0.0261813416392071
"SALL4",-0.00714541923738274,-0.00206325869221271,0.00902544459546193,-0.0110193741498619,-0.00558674575747614,0.00806177742147634,0.021746867703529,0.00192064496470076,-0.00469364060879418,0.0126863616726203,0.0178309154060739,0.00766776867902751,0.0175813292324692,0.0177614781437811,-0.0109478854079118,0.00636686631896989,0.0239143233341293,0.00111869121915346,-0.00146786337812336,0.0246652678971491,-0.0134150471191225,-0.0053685611286072,0.00390989693513161,0.0141511355260187,-0.00430964010462181,0.00951111701676522,0.00154187185961219,0.00909065113377296,0.00475938738938498,-0.012619953643818,-0.0252466651655271,0.0347065444144227,0.0198158056809986,0.000374201115975323,-0.0189255844222552,-0.00788372271950906,0.000301361641488912,0.0199864843029702,0.0139988301944056,-0.00922671887005496,-0.00897095775803447,0.00261745493113087,0.0084028544064133,-0.0211340499751294,-0.00503118773776438,0.0133795667935661,-0.0158996518093581,-0.000380309216229103,-0.00404057211083385,-0.00617193564569372,0.00135042858371701,-0.00772689209528698,-0.0004774898873809,0.00245469806995854,0.00427930377975128,0.0201121580881508,0.0111554280600835,0.0108183120514021,-0.013928494976779,-0.00572459052203577,0.0264835100463263,0.00289230556923373,-0.00652336653400892,-0.0161030126202586,0.009394111445283,0.0210312390207754,0.00572370774007828,-0.0012442261889279,-0.0101088970981427,0.00284125449791387,-0.0210909555455229,-0.00388208388917843,0.00722494234894422,-0.00518915006432157,0.00719739223421892,0.0119487087424527,0.0129904951698561,-0.0152191268308418,0.0170292204127809,-0.0055372633595711,-0.000715652851983771,0.0227799159790825,0.00251317432411227,0.0185931293284477,-0.00222124862904439,0.00949510073836022,0.00861736394291491,0.0191096391627818,-0.0118305835989043,-0.00918033318118324,-0.00400042766880759
"SMAD2",-0.0118575122605602,0.0122564082202703,0.00931509262899458,-0.0321173114261369,-0.0227644419957575,0.0155761285840024,0.0075357934526004,-0.0299727481863291,0.00798178218110152,-0.0114098165083659,0.00518891076155832,-0.0338510419394959,-0.0138160557942772,-0.00752781254974659,-0.00401561423891769,-0.0151335391290264,0.0227576186852214,-0.0139859210680668,0.00584693120650509,0.00314493706644798,-0.0369048441686366,-0.00332905805051701,0.0208965347685718,0.0172259583314496,0.0126499794647872,-0.0198732571330416,-0.0130363302135088,0.0148536883802118,-0.0094625469320108,-0.0203368282285313,0.0160005109587901,-0.0205275941944677,0.00240289351058616,-0.0124263374190861,-0.00128806230511213,-0.00370173898374892,-0.0277317370835447,-0.0206188458912345,0.0272151914664749,-0.0330801133901944,0.00225013293090933,-0.00325062551259837,-0.0132423733888377,-0.0341334144934763,-0.0176533285391462,-0.00968733297567604,-0.0276597411226825,0.0181403862067984,0.0362775277556118,0.0491013613310987,0.00137156962195431,-0.0122950669831509,-0.024446596182201,0.0229299428001438,-0.0385081256486488,-0.0184843132865772,-0.0184856589710427,-0.0421671379107469,0.0361522520622882,-0.0336925356829409,-0.0271741594153053,-0.00235117594107126,-0.0124912972322208,0.0227507748471614,-0.0199977183121862,-0.030033110442369,0.00791099504055052,-0.00415363297787087,0.0354982694628861,-0.0243464101562081,-0.00998030226683404,0.00699081633481659,0.00422200931045404,0.0423659922931915,-0.00354685969297532,-0.00330321703976146,0.0169244121827692,-0.00641937502757532,0.0351680683451804,-2.43991691654268e-05,-0.0295281337079399,-0.00770042213868304,-0.00337439551686,0.021928622826233,-0.0256059958768867,-0.0168533384266831,0.000747734161000564,0.00385278672640409,0.00783126416164285,-0.00305957907030756,-0.0226084962883389
"SMAD3",0.0382907223737873,-0.0102561889104495,-0.0161852732710042,0.0083819853289462,0.00985385443309012,0.00656903844168729,-0.00887893491287043,0.00955751974141274,-0.0173501015890013,0.0251574791217278,0.00327229233789657,-0.00502756097954623,0.0105229575376393,0.0103261124140444,-0.0104760455993839,0.0204140891647124,0.00251652521444398,-0.0124513591307124,-0.0176360852661837,0.003106633686085,-0.0087003488258342,0.000707138264048102,0.0136793808777662,-0.00697705512484167,-0.00742634030255548,0.0170737656227886,0.00296948437971959,-0.021540482012181,-0.0128454043531953,0.0139965455691732,-0.0131701289189863,-0.0135276975219009,8.59977046191675e-05,0.00274694394418542,-0.00158675568440825,-0.00510636875072478,-0.00357918505917169,-0.0174492959665732,-0.0177522070924425,-0.00919072885321878,8.35532276431512e-05,-0.0123301430880987,-0.000461720029761491,0.0013140790721946,0.00849984208734162,-0.00181428527960561,0.00170332984226942,-0.00292025159760473,0.00460943678654617,-0.00711392970787289,0.0163973470341513,-0.0168965402604481,0.0152155705188014,-0.00122278816159554,0.00815108148616319,-0.000491254131207925,-0.00315376181199565,0.0108775825371162,-0.0148151321960722,-0.00558456806999592,-0.0246549329468636,0.0127151048336511,0.00665933148112058,-0.00324508843009702,-0.00989143766593327,0.0128520724485054,-0.0106663007416826,-0.00288043690799372,0.0108532640892558,0.00662811962694249,0.0175010784487508,0.00421317843001635,-0.0127398094753726,-0.00405983443673654,0.00257990721740448,-0.00848891161684798,-0.0103652527214216,0.000391122381850219,0.0137982755668068,0.000615033156981233,0.00413862203201342,0.0035944427754846,-0.0215854338530189,0.0162098822484096,0.00891691441204348,-0.0210214834130535,-0.0167161851051783,-0.00562724330909479,-0.00127895797133218,0.0262049173300751,0.0136789292203513
"SMAD4",-0.00268710446956581,-0.01309870088712,-0.0375536683254862,0.0263437341107959,-0.00937531402980141,-0.00919276473536073,-0.0210531517680234,0.0277612023175369,-0.00085054088808781,-0.0254822380733115,-0.0282909293257913,0.0187276246742121,0.0440507585841253,0.0253943872011545,0.00403876946485165,-0.0154220613479807,-0.0252923784257822,0.033491577577403,-0.0117974870273359,-0.00971430716642097,0.0469341751645856,0.00122301201736676,-0.0240452198646477,-0.0276898022221254,-0.0208568375593617,0.00203553092793164,0.00927267946546775,-0.000232849098517564,0.00644916119409838,0.0422697924676545,-0.0197768633003363,0.038204240765679,0.017402100280332,-0.0101065376164862,-0.000445553547625047,-0.0310277504625344,0.0163620931935462,0.00898343093984225,0.00132166537117064,-0.0114077090506855,0.00802016803498748,0.0198522734576453,-0.00678178160320372,0.0354969560631633,-0.00573716061707961,-0.0129810344630395,0.0135363410077503,-0.0143115175964945,-0.0270150144787565,-0.0161965850163573,-0.0184545669937807,0.0257255412522918,0.0147677472654893,-0.0083109966806741,0.020329813737682,0.0246410836694834,0.022760868040089,0.00807685042958898,-0.0281029903285223,0.0384115411993877,0.0415661660314858,-0.0335814356607244,-0.0144119233117767,-0.00956101816480179,0.00809570406266288,0.018040696436365,0.0281511779336442,0.0178072184261142,-0.0335831875080225,-0.000860218237361443,-0.0210893254595211,-0.0191577717821213,0.00314363432751236,-0.0208322252759737,-0.00927545224078836,0.00511703631904794,-0.000575435674323421,0.00745993490161328,-0.0325179439713843,-0.0140396232096537,0.0164187716497573,0.00119568763905471,-0.015651805472881,-0.0544677290107846,0.0252541127916527,0.009509315552659,0.0108479124188121,-0.0282277738547341,-0.00720137066678015,-0.0224247066864718,0.00602165471778924
"SMCA1",-0.0140287674297662,0.0164410886841618,-0.012844059400179,0.00654469102015556,-0.0057280548204345,-0.00519561064622037,-0.0203578684055564,0.0259144124686474,0.000444771726064764,0.0160766688115112,-0.0271181904786238,0.0119354074735666,-0.0155085322718093,0.0374394182568485,0.00413693220669218,0.0288067948247803,-0.0124762167788911,0.00129700452199041,-0.00885081463892989,-0.0118073636238751,-0.0131521913208225,-0.0077901009689188,0.0156540351428532,-0.00934899427622484,0.0319977321473114,-0.0361309799388852,0.00282610786290823,0.0196004287848614,-0.00657231962331574,-0.0225791429480364,0.0120881881929251,0.0113164524982852,-0.016102449968626,-0.0163406956774796,-0.00446309883313393,0.0255293112739574,0.00227911331382477,-0.0152732733171659,0.017189780264621,0.0170455615319037,-0.0295363711783634,-0.0507003799968811,0.00448809825923276,0.000466596678995983,-0.0120834332831077,-0.0233320408160522,-0.0113158365842384,-0.017732476089991,0.0159284341629131,0.00996828419974284,0.00736552462578746,-0.0296848565409798,-0.00824358462428664,-0.0110227046750651,0.00502247388719972,-0.0137365774310936,-0.0139937902677749,0.00366832529065847,-0.022270281507895,-0.00457960484674979,0.00939851037019778,-0.0087817738066609,0.0401368804782697,0.00309744234479551,-0.00539401118553405,0.001858056203889,-0.0185291112068536,0.00317352684085065,0.0306404548580482,-0.0162936144658514,0.000471457032508141,-0.0192401673675441,-0.0131373826693819,-0.0333212220855,-0.0115202302206241,-0.0140337175256206,-0.0542521453631699,-0.00413031194676493,0.00241301152163437,-0.00597297705107656,-0.0390397372469191,0.0155741714885433,-0.0227989197207939,-0.0190671132526047,-0.0397972190143624,-0.0330748074574887,-0.0279685962187702,-0.0275474562304261,0.015130910344079,-0.00995538359550918,0.015320226127936
"SMCA5",-0.0201635564969087,0.0188796317672701,0.00978782748268732,-0.0243852801672207,-0.0185556987002955,0.00195161813367533,-0.0366234081143318,0.026381355696895,0.0122558381999675,0.00782859920810646,0.0312698071512641,0.0120939574653664,-0.00490977766811144,-0.00238558206909995,-0.0372032666443596,0.00030316112631226,0.0101490469027062,0.0131725494488524,-0.0216261879741797,-0.0145321084053877,0.00477835427016551,0.00753274543161396,-0.0150391670742523,-0.000805074969125074,-0.0270735182152189,0.0293525387336631,-0.0148344551527514,0.00587022973563702,0.0178475051490662,0.0234521558957268,0.00184397903124803,-0.00975195845917282,0.0113556715775608,-0.0202697376507248,-0.0191148112041828,-0.00906297081839863,5.37463045117252e-05,0.014476896023661,-0.0141998207861256,0.0459227113665551,0.0183918714659788,-0.0377647355418041,0.0322037827551137,0.000446894601237283,0.017623404526471,0.00732488537154213,-0.011876922381677,0.0121406592269743,0.00722792281291009,0.00451584111842538,0.0131882135269573,0.0332887931895845,-0.0384830989772956,0.0233324372291744,-0.00861887430689809,-0.0302382832192566,-0.0300822289153631,-0.0297484664727852,0.0184775991610302,-0.0020828295116623,0.00755248354996807,-0.0260747560848206,0.0146408799927726,0.00284444257046586,-0.0263764168710046,0.0089614919096654,0.00232507697914494,0.0268477097032407,0.00223211109703333,-0.0289473505794724,-0.0125115051944974,0.0133942313469653,0.0361242619077573,-0.0196477487051505,-0.0309639103428151,-0.00532237089358014,-0.0239576624630511,0.00768872595534543,-0.0246131554795735,0.0316851515168743,0.00274524825865224,0.00606889940942686,-0.0257943117446548,0.0174393495499071,-0.00062662244711715,-0.0324969543933577,-0.00345745100647655,-0.0268597113145809,0.0225955517677269,-0.0265142791232435,-0.0302475100550233
"SNAI1",-0.00985931205408659,-0.0228362099133057,0.0212038855571065,-0.0170649662587734,-0.0232090667345663,0.00528172393322254,-0.00778643083619073,0.034515087612301,0.00986658102594192,0.00950548368703725,-0.010009214315094,0.00382602557841269,0.0242369722337071,-0.0304941917167131,-0.0157456299743747,-0.0100261156323147,-0.0109717632737818,0.0192069012685415,0.0167340289737178,0.010633884182574,0.00446703983051808,-0.01262983518029,-0.0134242935743502,-0.00778511021332315,0.0133154538411408,-0.0270191302839599,0.0183032509480241,-0.00129309376223308,0.0373923693929835,0.026614923145969,0.00349574164500448,0.0131857583759568,0.00921940164620069,-0.0100867100536512,0.0085784789518344,-0.0174962795891194,0.00913351600424723,-0.00599898966202042,-0.0273620447970238,-0.00233167257149833,0.0155254413455441,-0.0048553484817625,-0.00990585109421427,-0.0060627644144783,0.00797403741980517,-0.00640640690717317,-0.00467878550538348,0.0161541617556632,0.0107434401604234,-0.00984673369296798,0.00959299907960175,0.00360047337464945,0.0023872527920712,-0.00962310957757218,0.00939984431477143,-0.000936576002008686,-0.0343442315779981,0.0340583377722786,0.0218659275867048,-0.0199193394908442,0.031322608867005,0.0167100974759373,-0.0312208372278011,0.0128449721340575,0.0197145536184611,-0.00348443562169635,-0.00460070386461381,-0.0491975629487204,-0.00311339038942353,-0.0237644800470287,-0.0184274582414876,0.0105725050321115,0.0229126026150933,-0.0127598949220319,0.0184485444214547,-0.00822443573800141,-0.00288841588574127,-0.007149235206121,-0.0108828823714772,0.022651690021056,-0.0284385497954198,-0.00267121823036006,-0.00931055592102281,-0.0226256322363632,0.0368856195589989,0.021478828774069,-0.00703156450808074,-0.0200313525345037,0.0341651024367309,-0.0350958833196173,0.0102464691583481
"SNAI2",-0.000488810546052444,-0.0204172491866121,0.0201258208060005,-0.0117275198823496,0.0250399847752675,-0.0256906036407169,0.0216690778712962,-0.000831926681872631,0.039095435041986,0.0304712511426001,-0.0201795678232056,0.00307561304957166,-0.00250405192118279,-0.0015820521278969,0.0246376839786213,0.0593440346674555,0.018062802225345,-0.00449003719338303,-0.0120089945059899,0.0119358539298241,0.0251806614909697,0.0271133962125547,-0.0116860721520138,0.0204461121519635,-0.00718964585875276,0.0123085488553578,-0.0106133789725762,0.0515816008764375,0.0168654504683146,-0.0116292867223438,0.00590881687012658,0.00720270248757676,0.00183385596844451,-0.0392076102974836,0.0413412885210594,0.0490974567437605,-0.000983453680823915,0.001201705055808,0.0208687870510417,0.0154197099601972,-0.00733135465648339,-0.0102962015209537,0.00104389372827876,0.0228495854419185,-0.0146961970164717,-0.0294145099529452,-0.0111739776945216,-0.0145654381746956,0.00136445788996716,0.00530699978710574,0.0201087947260271,-0.0226813498377089,-0.00824444547909354,0.0154703371147647,-0.0167562667701044,-0.0172413113636619,0.0474180513304267,0.0072264424486678,0.00175578922239602,0.0125568989713694,-0.0409916615968322,-0.00119928856458959,0.0224195978261209,0.0194389454486792,0.0304865601120379,0.00251202285890316,-0.0142076770633383,0.022169997567009,-0.00574352687852383,0.0213424833954732,0.00636938894209366,-0.0448688647056774,-0.0144522405674123,0.039222855570883,0.0277266684460493,-0.0515990426694055,-0.0271039761569337,-0.0197118799859847,0.0174679813889093,0.0178034631866061,0.0102277565586247,0.0197807868567447,0.0167109513483222,0.00998858906498139,0.0202661424370051,-0.030951533795094,-0.0149759415191387,0.0390389524565114,0.00473678552270369,0.0195098326490014,0.0364430647855985
"SOX10",0.0109627535365823,-0.00642298482656736,0.0150180028844648,-0.0216777570309002,0.0206702250961774,-0.00920514304707648,0.00630535899355561,0.00577889834324144,0.00139986898767837,-0.0195890598119162,0.00671984925277307,-0.00390622797775412,-0.0615666685867832,0.0151080381411333,0.00369827899038044,-0.0183389180297168,-0.0239523621201863,-0.0105809372068277,-0.0148055916885931,0.0309785496726186,0.0159477240998725,-0.00769878434717348,-0.00972630767299388,-0.0119504744581071,0.00248446199809256,0.0144746105418931,-0.00373535772829133,0.0086636905052081,0.0211270033103157,-0.0208627443431468,-0.0464237588384051,0.00934518706487894,0.0403776910753269,-0.000970831352956404,0.00967216824780074,-0.0235821418311806,-0.000471389345289034,-0.00294873692411956,-0.0353464693589181,-0.00961061314584574,-0.024594070542847,0.0237864477102123,-0.0363634362208897,0.0284140497209054,0.00793017750535872,0.0240906960801858,-0.0282504640489122,-0.0172014880335381,-0.0259984117469685,-0.014743114267854,-0.0232857204758809,0.0217614641822736,0.0105891727558015,-0.0292540064800546,-0.00414995426986068,0.00166583967486224,-0.000136685684488052,-0.0113251224416203,0.015327652847036,-0.00237828638161178,-0.0133290330247333,-0.0144474222397442,-0.02844091560955,-0.0413167633566552,-0.00266501837034412,-0.0458548920417482,0.0120562908226922,-0.0207928586293614,-0.0285672160884524,0.0105265882743169,0.0102344442192018,-0.0354988027847552,0.018896260478374,0.0294522635600071,0.00685955938818993,-0.0382698915863444,0.00219074056792838,0.0163468488239841,-0.00186880794960106,0.00388559468853777,0.0155438447356221,0.0170300636531573,-0.0400648253079225,0.0179149009608806,-0.0429634574910536,-0.0172707534195797,0.000364840199790169,-0.0344104537844976,0.00684626133165238,0.0166906881422419,0.0088388237144969
"SOX17",-0.0183608116709897,0.0344889767135853,0.00910512317702871,-0.0363355109821991,0.0187472347285842,0.0178984902005804,-0.0104623735891725,0.0131637476355175,0.0397584217445202,0.0182704201290743,-0.0372046405999948,0.0350703329930545,0.024455556770718,-0.00155729705341554,0.0190341940326606,0.0294017418808218,0.00605587704693081,-0.00501486593455442,-0.0264657085495552,0.0155958550498181,-0.00668565539866244,0.047499083620412,0.00972126302883507,-0.0118873047345707,0.0210507314889516,0.0385565198906009,0.00185170089493793,0.0428654991675626,0.0146661706260974,0.00451124636452254,0.00799604502594975,0.0353477828360744,0.0235655488528044,0.0130363378730169,0.00287485038307494,-0.018738258436887,-0.022625912424297,-0.0126339167004712,0.00640904297578119,-0.0204162355139487,-0.0011881540426533,-0.0172884345479152,0.0171374881204063,0.00508040343446683,0.0280905734789775,-0.00955057250212854,-0.0105714695674377,0.0229741053163036,0.0298092458147962,0.0435921271235679,0.00980518132702459,0.02204636614474,0.00241713875305162,-0.0378194346828337,-0.0353165979260797,-0.0278857214032565,-0.00179201029200274,-0.00227116904123012,0.0202979498695102,0.0264330812413392,0.0131965719617714,0.0139253076638465,-0.0194746659245619,-0.0307641928341975,-0.000434411695168503,-0.00921642097930484,0.0431841875522317,0.0124845444680732,0.0362485703486973,0.0412066106471188,-0.0183761917819348,0.0281007536424682,-0.0216233064497874,0.000534590145411536,0.0367587916111429,-0.0256102997926451,0.03684614029393,0.00999073820545035,-0.0142454058587541,0.00745004447019311,0.00993506342552709,-0.0143655065387814,-0.0283713901736413,0.0130000012356791,0.00702121263139732,0.0304809532610103,-0.0269152351198458,-0.0195566223542298,-0.0124010673797545,-0.00418950855343714,-0.00629410337238157
"SOX3",0.0437125671340087,0.0073884322218508,0.00604816506999168,-0.0134334854611842,0.0152818065613223,0.0182858385923149,0.00806819740091952,0.0373934657539733,0.0111039875075156,-0.0113879293677051,-0.00896872461944888,0.0172491057012942,-0.0224983444041636,0.046516824427842,0.00804610724087382,0.0262594995337414,0.00352112857768883,0.00388167848310776,-0.0341004886273473,-0.00283291351663317,2.29790529368651e-05,0.00647119534828288,-0.0391432549670295,0.00765909829688328,-0.00166614530581181,0.0035586189409341,0.0346352341786183,0.0479524943147838,-0.00562027570342253,0.0335387171331607,0.00316376819770761,0.0213653320165494,-0.0112638853932415,0.0134795521324853,0.0112232337469426,-0.00188424026832571,0.00807289752065146,-0.0312353875419201,-0.00686367331749344,-0.0152901221509306,-0.0344414768406175,0.0329600182948292,-0.0307538206248256,0.0292658378290036,0.0404450770830875,0.0246107809911452,0.0396613451578643,-0.00631303174060597,-0.00269802435978246,-0.02361560788252,-0.0179840897639335,-0.0411092832401823,0.00954546659117704,-0.0117575500644775,0.0251877069786113,-0.0212320146372982,0.0468379089418697,-0.0375012959234831,-0.00452153905454114,-0.00411554306111157,0.00254494607095772,0.027322805015321,0.00937238681530253,-0.0103971164525106,0.000821786251876106,-0.00444242504102026,-0.0194818172425847,0.0452790655520984,0.00890093726075506,0.00780462087312508,0.0548283139453585,-0.0274581912104488,0.0222542374775513,-0.00452702644353507,-0.0192903180315487,0.039800769793896,-0.00496877391193812,-0.0183745219123661,0.0119025709496159,-0.00933165222680784,0.0153316708420487,-0.00418237453385368,0.015449725638455,0.013213983302431,-0.0325155894601476,0.00230479267631092,0.0482860605786995,-0.00388043945213085,0.0217158630656644,0.00642706836281797,0.00991573836831216
"SOX5",-0.00935719797142371,0.0311197895191288,-0.0258397787667613,-0.0290533704220578,-0.0110211177030424,-0.0438305041408639,-0.00341608539114625,-0.0180423089015561,0.0185572666193534,-0.000207213845819455,-0.00799907665099036,-0.0091930356553872,-0.00809490007404895,-0.01037791397367,-0.0142821780696799,0.0333008782993008,-0.0146425416703376,-0.00518850322856819,-0.0419649202187393,0.0142129796407279,0.0338617436698462,-0.0282086455231242,0.0118174042342062,-0.00762546889619154,-0.0135288858095266,-0.00514412009279298,-0.0486002934007553,0.00702681272797338,0.0111796204276758,-0.0400076387267056,-0.0341439064734935,-0.00605235495127144,-0.0178422087767146,0.048461339301177,-0.00311378586780613,0.0140469993543709,0.011741201161806,0.0157849317258698,-0.00220155708088104,-0.0504479267976634,-0.0133580958837587,-0.0406546952311672,0.0354846436867578,0.00297054010528183,-0.0268958980141107,-0.0171602305126529,0.0247955624753588,0.0254894489318601,0.00689134403966321,0.0124958919112775,-0.01833686658288,0.00622701921122778,-0.00519073030932609,-0.0228136910772431,0.0206518145615998,-0.0235562131901205,-0.00474918907176124,-0.0474130834632568,0.00408245719233009,0.00816278590546244,-0.0213779406269591,-0.00859050772600638,0.0096547444178184,-0.000758664752787605,-0.00920610885230467,-0.0153268415455118,-0.0324287054079562,-0.0109802613108023,-0.0203123120626557,-0.0308790256595387,-0.0236072772961076,0.0159633556958957,-0.0033483546103895,0.0155520147292044,-0.00361936800264532,0.0117574705638967,-0.0466764097409432,-0.0134349284086374,-0.0261595607634877,-0.0127018182141774,0.00655984070672821,-0.0294808482022494,0.0193005552733682,-0.0230263049745034,0.0302522359410206,-0.0613049043880557,-0.0170188792891657,0.0386251816100596,0.0223719736960504,-0.0386625609327829,-0.0209925026117405
"SOX9",0.00615558850545215,0.0332296900253339,-0.0424663771772495,0.0146855620205241,-0.0490147079290592,0.00446827276242214,0.0289291826367717,-0.00247644876568125,-0.0148688350021846,0.0346524842410016,0.000374394263611146,-0.0238054076644995,0.0259558864767959,-0.0342907856375725,0.00420747361868325,-0.0260761427022263,0.0199735511300396,0.0308901781634826,-0.00160838245929259,0.0145764439935092,-0.00946827579522875,-0.0146861838623517,-0.0180194776723518,-0.0146296203657432,-0.00348198292130432,-0.0227060489690686,-0.0186936903485928,-0.0225366203202645,-0.027172360727026,0.0274082823155989,0.0333245175810526,-0.0252915942825319,-0.0464091213113871,-0.0303396397277043,-0.0471262679419227,0.0470455791592142,-0.0210321904391701,-0.000355919593209641,-0.00731982871986193,-0.0212467068144437,-0.0186166198076588,0.00431480507700002,0.0221902768373921,-0.00612840106581739,-0.01101526937753,-0.0168128720564329,-0.0109206612754303,0.0187289439464784,0.0138894194782883,-0.000295896771900265,0.0157651181529585,-0.0230569568335395,-0.0444149623893727,0.0334153490191955,0.0331101621072814,0.0188629489241409,-0.000834115757649746,-0.00242420607592571,-0.0185298732453262,-0.00079831112105569,0.0151043991138508,-0.019533020595193,0.0323220077709015,0.00784675930315334,0.00804146418185128,-0.00322036601896971,-0.0372519494657636,-0.028973368763245,-0.00512389361975914,-0.0176763486510396,0.0363014204018538,0.0193348348884905,-0.00813204978727207,-0.0296948661664704,0.00588187518505295,-0.0156025167334033,0.00109173747091755,-0.0336015748638926,-0.000674169931275176,0.0208839183201126,-0.0212496121374687,-0.00392208040704576,0.0343885161162414,-0.00162010232055989,0.00435792575388081,0.0307590015975335,-0.0149023994694243,0.0125622896275258,-0.0318302719562669,-0.02148372257371,-0.0113813743047115
"SRBP1",-0.000543052445100591,-0.00142682482218291,0.00461133036698799,0.010878113051765,0.0114777396540435,-0.00341931222947929,0.0138332258619884,0.0304762356958664,-0.0087904987645317,0.0262610610837301,-0.0113633189210128,-0.0253292722082426,-0.0164396245539803,-0.0175890722883671,-0.0438817301415475,0.0486206142569465,-0.0118998057347145,-0.0450228927782598,0.00703114086845622,0.0286552586976283,0.0188786350929507,0.00676578934515167,-0.0116898806381438,0.00867453048987333,-0.00435989195563513,-0.0171032804177225,0.00394541183532854,0.0280752150847542,-0.00452119458006077,0.0428636901321867,-0.02084681646785,0.00646634327349105,0.0304606114976936,-0.00463694737217084,0.0236919657813242,0.00861521175070088,-0.00139839312069432,0.00366423092727911,-0.00458298449106022,0.00328727065598794,0.0110532020995684,0.0272054532250779,0.0159041819874165,-0.00473762269647965,-0.00177625758387774,0.0146450165383126,-0.0214946427700763,0.0266086966101347,0.012435993995135,-0.00425904423377442,0.000385994523643371,-0.0280869436671297,0.0011604143931258,-0.00224674069874552,0.00743509323438306,0.0120196558047032,-0.0386305695756122,0.0107022827863215,-0.0276569809351576,-0.0125191367033495,0.0304998840237293,0.0112149769968228,0.00633526568101856,-0.00901869597956773,0.0232742114670411,-0.00467827392902733,0.000514162539637597,-0.0164678820269838,0.091971407395573,-0.0183071836816727,0.0216037564325021,-0.0154303209046521,0.0459596671752615,-0.0376103006638689,-0.00228690937097663,-0.0181826225316614,0.00401675411340375,0.00173209914606962,-0.00897944273716635,-0.0194608176748251,0.0300596373382212,0.0319393815915837,-0.00222855606886681,0.0133620293967784,0.0266547023707874,-0.00321027412890623,0.0146740128298344,0.036401498913997,0.0199884081746108,0.0345943878827492,0.00219900586703707
"SRBP2",0.00162233561383404,0.0042394303538547,-0.00922054516218785,0.00029093097934738,0.00538853157546444,-0.0212539476862223,-0.00740720084645862,-0.0103597894809582,-0.0302938189310915,-0.0186486053635239,-0.0276176692370912,-0.00415791806409452,0.000901157686649835,0.0203035785543965,-0.0107895132550087,-0.0164201312981818,-0.019068369086728,0.00493836596352522,-0.00986981693404855,-0.0191945354761386,-0.0014620196832515,-0.0250201213515563,-0.0142664196942125,-0.0226804114987409,-0.00316821963465908,0.00536082935006166,0.0111203063328543,0.000454383802721606,-0.00470201640081303,0.00489301113569052,0.00547187171260541,-0.0195183198683068,0.00525890090042589,-0.021764215724862,-0.00419160956515329,0.0142027686680466,-0.02408804196648,-0.0178576296063043,0.0243599458806285,-0.0117131924019673,0.00320950344526582,0.00650167290066031,0.00746232034903651,-0.00472390222481931,-0.00859267311037314,-0.0182872068348503,0.0198462925715468,-0.0350927861612274,0.00692251029322445,0.00125257310895279,-0.0153335046505926,-0.00673707231632189,-0.00803742677822344,-0.00610436793347574,-0.00603862184891786,-0.0340990693952078,0.00831750460885427,-0.000639228887650783,0.00693567876931521,-0.00451467907874789,-0.0268921416492862,-0.00299841530873349,0.0109429909681301,-0.0130405164655207,0.00303358186502262,-0.00438453922153456,0.00463424835212377,-0.00840976687710543,-0.00852264648579727,0.0101358245944702,0.0135929442584354,-0.00440486978298146,0.00117253353558963,0.00560322157557875,-0.00490154404237145,0.0174458095166574,-0.00767770928117508,0.000292615534914429,-0.0047597631584358,0.00720793969208718,-0.00791734483050036,-0.0370683527256562,0.0132423116233757,0.00148799633031747,-0.00119799295575854,0.00094738986771852,-0.00113567899562852,-0.0209366821351665,-0.0370946252319622,-0.00241131885874936,-0.0345131824442523
"SRF",0.00484345322816259,-0.0127693490959808,0.0323990294260093,0.0225461873706855,-0.0222565048132685,-0.0249161239900966,0.0205051088092764,0.0118284303520378,0.0308173254950218,0.0391941396104523,-0.0130232943422577,-0.00779402758003565,0.00575834934035284,0.0214947944038944,0.0386123568835375,-0.0303681735381026,0.0171179977915758,-0.0163805509562169,0.00393754997715026,-0.0309586499917475,0.0303998192552312,-0.0348430466073568,0.0229399401944468,0.0410631089654621,0.0302957886823986,0.000556104957522165,-0.010053840989818,0.0239933435341489,-0.0027042334777896,-0.0393279836449969,-0.0106666824843163,-0.0246330061961312,-0.020532821485093,0.0324572556109967,0.0233097779827625,0.0066165785727541,0.0339622641486871,-0.0199541367010273,0.00479117330868509,0.0792783675684753,-0.0372384130058909,0.0303561775736532,-0.00741288255343823,0.00388941092955526,-0.000697310443225706,0.0184723536395818,-0.0343669199306914,-0.0261203884477206,0.037623842873291,-0.0166587687299333,0.0382545492856766,0.00574196585111347,0.0348838825718888,-0.0151305580531335,-0.00410675279904352,0.00327611790066807,-0.00567399463632023,0.00388626901681251,0.0103025882259781,0.0283285905733223,-0.00668365471153104,-0.00413928654694616,0.0103625634317727,0.0226355900440461,-0.00973651457693194,-0.000100813186909443,0.021381331717752,0.00673635541489505,-0.0121729861578351,0.0214628203391902,-0.0324170049845617,-0.0193736536990927,-0.0150304424779245,-0.0199597639582162,-0.027321703940599,0.0174079066431955,-0.00258046143820652,-0.00321540847729269,0.00336681978785139,0.0111305986861089,-0.0483271563854702,-0.0610754107417801,-0.0329375352252122,0.0123206370221228,-0.00116471950902088,0.0218488138863676,0.0314817864835783,0.0235182840706922,0.014372859424923,0.00864436694454618,0.0340774411283083
"SRY",-0.0130467214360131,0.0242825470567989,-0.0053307439567563,-0.0234817401015252,0.0347834906891402,0.0134754346954791,-0.0148686133118912,-0.00233944719506462,-0.0131442802057399,-0.00999674574936069,0.0163543147005393,-0.0082884475849649,0.011754634197427,-0.0205582833756058,-0.0267679404792383,0.00448899715454194,-0.0112859489768793,0.00432907356691594,0.0155316240222256,-0.0309939131337832,0.00531782284479837,0.00902783891011958,-0.0114652246293135,-0.00421740959667848,-0.00433165692168118,-0.005034706987137,-0.0195229215620316,-0.00122183910669254,0.0255877572044733,0.0170618851334541,-0.00341260574049671,0.00939898775380605,0.018904645598792,-0.0108220394971047,-0.0248234162557381,-0.0243133019807499,0.0132513203590609,-0.0122032607580682,0.0182682229701153,-0.02011635612479,0.0052715083368856,0.0234849425249935,-0.0379353377653563,-0.00740730740479054,-0.00198513137274027,0.0291040756855872,-0.00779924742229762,-0.0162390897418567,0.0283728881111227,-0.0367711744967527,0.0090285570257144,-0.00865263470374266,0.0249117898638523,-0.00930190857110553,-0.00241877029747607,-0.00156771086161013,-0.0106465412609569,0.00506402303619598,-0.00386425369094937,-8.12026866352155e-05,-0.0121444834741371,0.00992219832357224,-0.0263391564802851,-0.019566385451237,-0.0112835086868276,0.00960356938046464,-0.00234022099619347,-0.0119322879316151,0.0240502936758682,0.0497722283743023,-0.0201751315527163,0.0252410991762348,0.0168126682304702,-0.00739664553192176,0.00924168866922481,-0.0119859965640922,-0.0186652850813485,0.0398494291954777,0.0128325191581691,0.0166270177291792,-0.0203025123901679,0.0487416573327795,0.00719137555129829,-0.00605905175911468,-0.0289779535400159,0.00744198665786379,-0.00846493023451316,-0.0105126530718132,-0.0169193697335483,0.0157418594717772,-0.0185895902381783
"STAT1",0.0206370758364082,0.00372784258319313,-0.00609421171704581,0.00406438611485964,0.00936233849666135,0.0208041949894747,-0.0138146623815018,-0.00379767755601944,0.0284726224939471,-0.0106723556979519,-0.00770637176720604,0.010894105992413,-0.0520188777825289,0.0162527929614394,0.0070964579252874,-0.0247578414940667,-0.000350575439724065,0.0172282249838568,-0.00584568894325469,-0.00894222849518074,0.0231034468583568,-0.0125584840346485,-0.011733018059882,0.00813072658401747,-0.0282017829327942,-0.0203875005443635,0.0296921912876187,0.0167399649225187,-0.0569505491978098,-0.0221076289775442,-0.0201922474555874,-0.0334824256568669,-0.0464175262983643,-0.00187514183540046,-0.00859001353364156,0.00128811378679223,0.00412894134434918,-0.00503378049288455,-0.000889961864236516,-0.0379150406919233,-0.00188315551246724,0.0289643661716425,-0.0127209488694559,-0.00510342541266461,-0.0213945576560006,0.00839966194388968,0.0514165659674382,-0.0111810950116821,-0.00904373609280044,-0.0251189376924031,0.0154620640987306,-0.00512190267235736,-0.00376358438226197,0.00547151739526212,0.0121729527837227,-0.0384038713056037,0.013014295362986,-0.010026058503005,0.024718059965023,0.00239006076440058,0.0104063139535417,0.0337833737320175,0.014186890584787,0.0376560968271688,-0.0245205546772289,-0.0126215488881335,-0.0362086884360156,-0.020977674667029,-0.0489944195439548,0.0317675182091352,-0.0033363406522785,-0.00833907803454557,-0.01381561163673,-0.0194830305003036,0.00840428471025235,-0.0257209319591429,-0.0281414810692948,0.0235343513311315,0.0475901528982916,-0.0252961272186255,-0.0367829840474204,0.00710140705272059,-0.0420639187785692,0.00993149137414283,0.0213826744366086,-0.0200286513217265,0.00326439542346387,-0.0144095272456992,-0.0106125207027159,0.00439048428302365,-0.0216694302486935
"STAT3",0.0106068271374046,0.0129822621868525,-0.00084241530646043,-0.0311147941820189,-0.00890267031509518,0.0220689900279516,-0.016392808066611,-0.0170938866492283,0.00317882718945782,0.00629726177877171,0.000740159718826821,-0.0325159324716038,0.0341276255186908,-0.0431923801683236,0.0173569534020114,-0.00608649207362292,0.00467037110817989,-0.00364474851000894,-0.0234534850127512,0.0025787834930336,-0.008922516159006,0.00461215289764598,0.00385173876880691,-0.0071272362242224,-0.00997179649771031,0.0338674132398364,-0.00627216314745115,-0.0492286792296712,0.0139163710686253,-0.0020414675784401,0.00609236326079963,0.00706433265805122,0.0311032458385004,-0.00451168434535615,0.0201172437805107,0.0264791701333505,0.00860434256191873,-0.0223794169412866,0.0137766030359271,0.015610146772661,0.0115913268221872,0.00857646149349372,-0.019967933704486,-0.0106231148941486,-0.00293721910915779,-0.0228349065656186,-0.00259188868589308,0.0120348554710561,0.0285656994112444,0.00162555412277401,-0.0297855985713726,-0.0103025702278645,0.039282444584873,0.0341970485550069,-0.00589221731623909,0.0297160474697171,0.0147282137761909,0.0109629530659237,-0.0235593181294679,-0.049370495272331,0.00525346810292958,-0.0313733483429374,0.0224076851680065,-0.00191963346681914,0.0162888970480321,0.00665811099899477,0.0176313997558225,0.0216200475108591,0.0223195237642273,-0.00826664891126395,-0.0025357634468383,0.00605162099114796,-0.00485173610192974,0.0112338298097723,-0.0300897388363401,-0.00100980183465626,0.0344221488500242,0.022714847950875,-0.0116288643003695,0.00253810350343858,-0.00305700558920363,-0.000558405392163825,0.014781698504441,0.0398603073327608,-0.00139547578774605,0.0011302248047607,0.00289643632875663,-6.40132071828221e-05,-0.0210907551228342,-0.0174977096808363,0.0210587170606099
"STAT4",-0.00571931299986334,-0.014954529834428,-0.00888865335920857,0.00635450150919294,-0.000829102258656577,0.0227773638787308,-0.00327794813463952,0.00544399787825843,-0.013357858446213,-0.0016151769840948,-0.00261148863558159,-0.00178943451238251,-0.00430400353637062,0.0325576403932968,0.0150702521083337,0.00536640747217193,0.00674463808151127,0.00984340324278086,-0.00277924399761911,-0.0140341731610508,-0.00389173242840337,-0.0169589666010361,0.0205205779878731,-0.0092066174772447,0.0054322022222908,-0.0143410416831021,-0.00551495197510393,0.0169973629168895,-0.0150665897487709,0.0187706607325681,0.014867855331142,0.0108597738498654,0.0255420906608347,0.000800890524968102,-0.0298622245613525,-0.0104509622314411,0.0196592122504003,0.00292189372184504,0.0361923414201627,-0.0225081268011282,-0.0222718499365934,0.00541332049667796,0.00605554436188699,0.00147039720821517,-0.00397246760330377,0.0374548834087111,0.0117246126733373,-0.0222986958471845,-0.0210183568895085,0.00864378354301817,-0.0114229457924033,0.0139372947036088,0.0104951556837013,-0.0196430607862164,-0.00603050751218203,0.0184823139367073,-0.00925603057860462,0.00612929739857153,-0.010200748358171,0.0301491890702943,0.01623610988878,0.00964780296248035,0.00269593102940272,-0.0205385124360342,0.0104455710016165,-0.0223639560745754,0.0276502545942989,0.0149088805031255,-0.000821329262561348,-0.0032511253178242,-0.0130277742931489,0.0090282725082366,0.0199522125204062,0.00517279849066492,0.00652559182738837,0.0192493489021467,-0.0417814463899094,0.00419839353674032,-0.0250430986168335,0.0198796969408345,0.0107362277469598,0.0138599256821736,-6.25027067209153e-05,-0.0502455866241919,0.00222038131824619,-0.0215710280741073,-0.0166190611771739,0.00441818327192999,-0.0137421645213107,-0.0371686100000527,0.0130664286929558
"STAT6",0.00558648487937918,-0.00710166158187114,0.0154120982935053,0.0166590146602679,0.00798469551383907,0.0267215436907738,0.00649510202171311,0.0203671192135188,0.048405418382462,-0.0163624394527937,-0.00267828160958374,-0.0117408984413469,0.0129923545993849,0.0419566908672194,-0.0093227048324393,0.0125890489754882,0.0161435066346579,0.0101363347351646,-0.0114116163911888,-0.0111550100882393,0.00686775046200865,-0.000950010200525809,-0.0212740792561863,0.0182406616607346,-0.00924617527809396,0.00451641106364799,-0.0353414637001007,0.0359219015421823,0.0232512891390331,-0.0135614062416673,0.0181468874394406,0.0121628228562899,0.0191118859334095,0.020743429445937,0.0189063266039587,0.0033213426157013,0.024602329294306,-0.00473657360339278,0.00815814237149999,0.0171298613331915,0.00429767591353907,0.00534844875384676,0.01571829978285,0.00856093622128275,-0.0334930110046964,-0.00830790508445349,0.00901278543754769,-8.77561579703255e-05,0.0316917654792933,0.0224761203479661,0.0246018947302048,-0.0365155057869755,-0.0357908910660533,0.015936822811321,-0.0114962904468654,-0.00953572828082742,0.00315470123584439,-0.0111517808752759,0.000680271374084722,0.00423997854971631,-0.0254407664844313,0.00178173762607855,-0.0191991850031404,-0.0385916231867516,0.0254102186523894,-0.0188532242863919,0.0122024462182637,-0.0230153867398417,-0.0188976036655332,-0.000528453862925377,-0.0176470499683286,-0.0122579956512425,0.0472210418694759,0.0188725599789777,0.00306080930025051,0.00478856977751837,-0.00119764706569121,0.0263321672829804,0.000175129807140932,0.00910803229719085,-0.0333838567584172,0.0182140149350359,0.013282354868644,-0.0200207018437309,0.0149047069689932,-0.0185644019321532,0.0134742758705208,0.050128361041328,0.0310765107542771,0.00948791280461993,0.0319863821647354
"STF1",-0.00210177960352864,-0.0116967412811766,-0.0128652394885705,0.0447983297628462,0.00868716902028561,0.0179145282073506,0.0216599361450121,-0.0365645846222738,0.05255602496571,0.0333811755473458,0.0170871192873381,0.0471639394074768,0.0140599459585107,-0.00131186959425916,0.0220667778262334,0.0117788199884725,-0.0215129479724409,-0.0108373440403001,0.0354087622902552,0.0182487945066195,-0.0588004375634879,-0.0112836808611258,0.0218388695473105,-0.00729742028429594,0.00672405622888695,-6.1585305300956e-05,0.00425924094899325,0.0189191936624265,-0.0254380645755519,0.0201866986046399,0.00930865201641107,-0.00274960423628192,0.00182689570487105,0.0126247545346402,0.00137189805388538,0.0365070366092063,-0.00465478182576566,0.0103251813915262,0.0353693871568193,-0.0166623261670367,0.0327608825515979,0.00233518025358254,0.0262264656600554,0.00233040326037249,0.00243912988173603,-0.00714483453933956,-0.0192418810011847,-0.000590265252152953,0.00987805116269496,0.00613294946190554,0.0417894805213209,0.0138101423986479,-0.0508564857544873,-0.009560472148568,-0.0286150590669624,0.0304239041120146,-0.0189913267600778,0.0185670255535841,0.00985394717439786,-0.00323485563244904,0.00906769642109232,0.0139324965124241,-0.0189119881176194,0.0341505153374282,-0.00652651389788821,0.000447568090436626,0.0331569637841024,-0.0370412570370546,-0.0267960673523123,-0.0339434663951995,0.00678675933923486,-0.0300816826552563,-0.01240287581744,0.0181599769357264,0.0211903363589372,0.0336328450458851,-0.00956314200765728,-0.0177644278294763,-0.0110333643621495,-0.0105939839987673,0.0142007777601801,-0.00623463997143906,0.027043853932456,-0.0249397837281326,0.00421221370362368,-0.013457669410186,-0.010268838630139,-0.00270886603623694,0.0278677770092312,-0.0225168105690777,-0.0231852776438618
"SUH",0.00132247988683752,-0.00102279583404023,0.0120946360062557,-0.00853645449534165,-0.000954803848441969,0.0143232541236829,0.000148807192970574,0.00600557206862905,0.0054274063892827,-0.000943361640771831,-0.0166110252281219,-0.00294238446067344,-0.00127495114900967,-0.00662613954408185,-0.00759164934272065,-0.0267646080900582,-0.00979830551879318,-0.0191884253823714,-0.0218769598627705,-0.0370191505412342,0.0120117415942722,0.0178637802118282,0.000310709742459701,-0.0229960406895965,-0.0157413637704511,0.0133184469009522,0.0247431386021539,0.0128878058934038,-0.0112862940110065,-0.0559009076912694,-0.00609997195540528,-0.0158243516247771,-0.00161482015062663,-0.00306413364497821,0.00729023785824145,0.0177861268908563,-0.0106323338636991,-0.0295963032920071,0.000347129791344117,-0.00120152875273305,-0.00110405437036835,-0.0141462968941976,-0.0108745345076123,0.000435052688051095,0.00766932804794923,0.0144622257909834,0.0225525662748895,-0.018517867018593,-0.0110453492789171,0.00662123485068579,0.0120100689045477,0.0061790634830621,0.000677407068782273,0.00817950081739829,-0.0263185201764569,0.01363067981853,0.0219961983069268,-0.0051517802400336,0.0113940029540214,-0.00887193041130303,-0.011359408097088,0.0119639415269411,-0.00801300474150089,-0.0185847097489539,-0.0144680226895043,0.0201472021580057,0.00513893968522268,-0.00564154078478189,-0.0131443921303192,-0.00698782177325518,0.00819648301055439,-0.0169503247339386,0.000663552460768982,-0.0326612505257368,-0.0158755400797435,-0.00119572169630455,0.0116262163485452,0.0102402679771068,0.014146356150257,0.0158816963101878,0.00131182873163939,-0.00995046311661536,-0.0160213485828403,-0.0179167929343521,0.00175583902053652,-0.000442223397702094,-0.0104004338607342,4.3008812118723e-05,-0.026267993063385,0.0138993395773362,-0.0276782238075703
"TAF1",0.00131250862724235,-0.00603716425659827,0.0184690071007034,1.26798591175801e-05,-0.0090476036810741,-0.00489946476079622,-0.0271022623947364,0.0101721803886586,0.00464703407986546,0.00549056135718327,0.00430357440928548,-0.0062482971649537,-0.00232392453974302,0.0103106243565226,0.0119783556396699,0.0238237880581863,-0.00916801512797387,-0.00157627169875382,-0.000935735939913546,-0.00835909564257982,0.00263751865548068,-0.0220488440604594,-0.000597022175924504,0.0033735449533328,0.00207407640927812,-0.0061389140159819,0.0242681289424902,0.0186434089998218,-0.0217682203063991,0.000595689428662841,-0.000858843423637543,0.00659764483276712,-0.00776267486499728,-0.0104018887665856,-0.0155449041883977,0.00703226353056221,-0.00759499225911684,0.0102914074090323,-0.0189237895309003,0.00154196418745441,0.00550743825482491,-0.00401098571823436,-0.0152946779971674,0.00724558983074565,0.0187476349222188,-0.00968323975211132,-0.00487319732835639,0.0089447982189648,0.00605740745381962,-0.00384950177541094,0.00641107462219337,0.000192966292083375,0.00364511389892064,0.00335454076241658,-0.0235536352995824,-0.00120063084072029,0.00074490662152252,0.0144390652275945,0.00444053372212326,0.00618928308057808,-0.0160036191015491,0.00207416209470998,0.0100804642943696,0.011082211822813,0.0341163277584435,0.00474797126157598,0.00545873266688378,-0.0160052552647385,0.0193292989800691,-0.0151034210039764,-0.0220866645300514,-0.00409210438958049,0.00431059217464568,0.0199380276384568,0.00626386964683768,-0.000650338340226154,0.00976580263570748,-0.0215334195343339,0.022814568726437,-0.00562120652244287,0.0104972203201775,0.000861672064746229,0.027095712372891,-0.0112232759635318,-0.0182540017640509,0.00574886379036227,0.0026697548248164,-0.00291735056144553,0.0082069754331917,0.00677296287808703,0.0120882105115557
"TBP",0.0327909198302735,-0.0202027229438981,0.00643720428579694,-0.0487952987018982,0.0724678148109534,0.0190432940405106,0.0268602095468361,0.0109662332016763,0.0387173431658899,0.0347192834439599,-0.00475168801525037,-0.0403383070892261,-0.0244717666789512,-0.0384726081398212,0.0381299407305767,0.0137942289170657,0.0127523573861789,0.0345585191864078,0.0324222457544386,0.0226598950608579,0.0252244293086005,-0.00101084346833704,-0.0392071748468796,0.0120396691236429,0.00307984276322085,0.0365030649987356,-0.00327284092023752,-0.0216836400484907,0.0144595225288802,0.029175636517343,0.0131069314133695,-0.0389806698965722,-0.0320968351228076,-0.0175035423167879,-0.00420030204096537,-0.0167493527867459,-0.0169531784811213,-0.035512138373927,0.0208184686916335,0.0122129258053689,-0.0218560091546007,0.0172078376478519,0.00603179829589706,-0.0248296889841157,-0.0356880490322518,-0.0162960306053734,0.0276924504835774,-0.016064419511316,0.0266489834644864,0.04988429451311,-0.00788566177513005,0.0107106309338573,-0.00880243193569698,-0.00464318096256271,0.00595447009708077,-0.00215734986812529,0.0131460120720721,0.0257368416215536,-0.0215075612631359,-0.00217393146331481,-0.0122553200383035,-0.00330607994743892,-0.00301601015383441,-0.012699511971201,0.0349271541709752,0.000864867405604071,0.0107453256838705,-0.0281935701554344,0.0800932306679839,-0.0152753228044163,0.0283992254637993,0.00205682739193796,0.00117407667186738,0.0132633595226174,-0.013689980581039,-0.0134151653955867,-0.0181169822970564,0.00463368740010315,0.00264842359742311,0.0210196043630313,0.000650772330541087,0.00539876392554793,0.0206363689317489,-0.0325286725606515,-0.0081689158593482,-0.010004046028926,-0.0121953363585048,-0.030431092412644,0.0121978493481914,-0.00267086489848702,-0.0254812854125308
"TBX21",0.0127283951433102,0.00317620873621552,-0.020162129691291,0.0137865575131135,-0.0132149508274505,-0.00107159541579571,0.0281296103154495,-0.00662482151855111,0.0141432743357058,0.0197376010245867,0.021006662708988,0.00776919126935102,0.00207424186583527,0.0033867307190966,-0.0217087087989418,0.00297053323770114,0.021231601405028,-0.00465612384077899,-0.0185547194890128,-0.00498579470285591,-0.00210603398700627,0.00161184386833727,-0.0142412327424966,0.0126661941190515,0.0113859972858711,-0.00534830198864759,-0.00452354424254616,0.0133404342118129,-0.0087324016430869,0.00786407603935452,0.00687087300500438,-0.00411861612819547,-0.0139428448991709,0.0190986816460801,-0.0130996266152812,0.0084927098095435,-0.0140558098753108,0.0164501222107626,-0.0195162653279205,-0.0309110453724466,0.024805460045824,0.00527708644754575,0.0116741785591106,0.0151417817352489,0.0143932777229613,-0.015846443225355,0.0183189283315277,0.00346199056524072,-0.00661148736862339,-0.0166471460234472,-0.0129232024831514,0.000332276600792282,0.00459922324814185,1.42571803211534e-05,0.00111200927928757,-0.01561054774311,0.0093233876723496,-0.0230806553092216,0.00844827328609766,0.00763433288252523,-0.00261895098230902,0.00658613848152833,0.0088115507087306,0.0206018700813845,-0.00727147870486132,-0.0134716296576784,0.0113627265822933,0.0163596642442668,-0.0207068156343445,-0.000604212114529827,0.00809546386094306,-0.00522515554209326,-0.0170423195022325,-0.0259947193464312,-0.000345660353889718,-0.0117890316676147,-0.00196128246540333,-0.00261776472354909,-0.00660735110890622,0.012166748730852,0.00924711321850654,0.0255775190308302,-0.00459112587142294,-0.010912526282434,0.00201264817382733,-0.00284329950556168,-0.0173460183678057,0.00124061831066889,0.0101108140154728,0.0122090399372623,0.00470617942646871
"TBX3",-0.0181873553762507,-0.00282070600382646,0.0205778041321823,0.0043378757993667,0.0154734114444623,-0.00780412194487364,0.0158574504707981,0.00933359401233678,0.0251298175071356,0.00332858964949798,-0.00469119347666496,0.00132526369542395,0.0108425146213534,0.0145594874090405,0.00926747811169628,-0.0278217283781973,0.00586900863540154,0.0203616805313778,-0.000362332877343528,-0.00451876284986113,-0.00480206504469822,0.0126453758461813,-0.010668692644366,0.0138329799237963,-0.0181005487825909,-0.0157984895422659,-0.00561082193929493,-0.0222608698884773,0.00534697728557351,0.0331836996043919,-0.0115674326852342,-0.00160322812879536,-0.0160517195214679,0.0190265518329348,-0.0280427881779686,0.0126925154585635,0.0138959221224411,-0.00843227503888752,0.00241983264692186,-0.0032174478794541,0.00676494581985239,0.0267236578485679,0.0290222735928684,0.0128072849161732,0.00109734175422823,0.0116025810329466,0.0268642568733216,0.0283692760591547,-0.0203898786381563,0.0208456104317098,0.00869697251229967,-0.00987937379359981,-0.0478772217255733,0.00610812075197693,0.00881683100647629,-0.00449319333990404,-0.0177572804841752,-0.00452247141797427,0.00290181011157677,0.0254265569986742,0.00325650822244926,0.00382708921574248,-0.0146215847069923,-0.00547599246423319,0.0114862572755894,-0.0224344366952466,0.0133407161135441,0.00458027383326729,-0.0173825322556378,-0.0206214713875195,0.00432404065916126,0.00324203118690156,-0.00413753175186648,0.0141182665400497,0.00833624556091282,0.0261637004997955,-0.00389028332850073,0.00870676159180103,-0.0269981645224405,-0.00177646491560249,0.0168067360738031,-0.00781854730386861,0.0186042911214658,0.0013514703199572,0.00487897261307787,0.00913051894873838,-0.00854137444755181,-0.00401843937119836,0.0332453437435885,0.0154199215676289,0.0272919371930936
"TCF7",-0.0029358103327016,0.00475310450127472,-0.0333097208597794,0.00550669622978987,0.00691752712249828,-0.0170161524709817,0.023266911121643,-0.0245625600142043,-0.027631536964373,0.0178691713098397,0.0169712452823134,-0.0291615238819666,-0.00481553197885273,0.00917362910522756,0.0201552099716814,-0.00391570740803606,0.00521393851295215,0.026007052967158,0.0116204287744689,-0.0085425375671381,-0.00589621417154895,-0.00255417492600777,0.0181474189882783,-0.0315495626683982,-0.0135318611125481,0.0069845880720539,-0.0073345313758455,-0.0190902057683453,-0.0141500274647577,-0.00391849041605319,-0.0115921491471193,-0.0166478609020363,0.0344173575512828,-0.00746567002666934,0.00999139399306952,-0.0177036928068522,-0.0199470630658269,-0.00337776479672126,0.00748047574150079,0.00805565074260337,-0.0345144224583588,-0.0155024289342694,-0.0129788360752956,0.017631383430277,-0.0119412357460799,-0.0315680539434777,0.0288695194709839,-0.0126793475498194,-0.0287782755060373,-0.0228371142573785,0.000214862134972569,0.0117685886339948,0.0190566825429187,0.00372383988849076,-0.00332461598111655,-0.0118111864504315,-0.00390303908039838,-0.0256653399454545,-0.00752428436064922,-0.00502402519252083,0.046654558180721,0.0190571902977192,-0.0109565856531946,-0.00236555474896646,-0.0114404481121089,-0.0577702739207629,-0.0145269510968593,-0.032873556198932,0.0143116243654361,-0.0605430709226079,0.00127651666661724,-0.0263730766371158,-0.0375177300949303,0.0193248686854024,-0.00464613677986294,0.00241276273609088,0.00906769622961601,0.00038027458988018,-0.00817995288881249,0.0127238119596586,0.00273532985141999,-0.00589837349461708,-0.00135080448375718,0.00274056572688489,0.00732751464142071,0.0190051992263506,-0.0312773312252927,-0.0286578399916586,-0.0165586113231535,0.00465257265231032,-0.0247522766941148
"TF65",0.0165154593687635,0.0203241898598066,0.00316866840819799,-0.00944735017675814,0.0328525975819633,0.0148081061881453,-0.035527676315519,-0.0107251783649855,-0.044957802263966,0.0428474711797662,0.0277537440210946,0.0401557358991332,-0.0095870401233401,0.0380649098051969,0.00838402511137221,0.00115493829831114,0.0235303186333082,0.000921847875126033,0.0163811322035052,0.0134060057068795,0.00286584469695621,-0.0274625071808528,0.00539113735606974,0.052636573033954,-0.0261183788708197,-0.0217667499009406,0.0211729244930793,-0.00735441915387338,-0.0159536799289487,0.0401847028324037,-0.0124067677222241,0.0313793218367473,-0.00132826705177512,-0.0216305163098532,0.0155076484681006,0.00407901809696508,0.0347318132046356,-0.0352898756032812,-0.0246848077559667,-0.0188327881599746,0.0338541491004211,-0.00820996244236437,0.0155834035601199,-0.0280363462654416,-0.0180567169917842,-0.000586069152879407,-0.0407581668499167,0.022705632035542,-0.00661985441008503,-0.00758312117621824,0.0152009556438769,0.023225683352513,0.00141911593218487,-0.0153950716504823,-0.0313029466233617,-0.00299146523688931,0.0364273443959913,-0.0308989156815277,0.0127520920940355,0.00575688928231241,0.0398671831561319,-0.0163179191246198,-0.0351341850096972,-0.00722760749027316,-0.0209068312987705,-0.0167554464014526,0.0303347801532018,0.00484699378359945,0.00474509566325051,0.0157033170924684,-0.0135276795462407,-0.0368053672458941,-0.0162255283564127,-0.0334109675762676,0.0248652986568431,-0.00455605063381455,0.0340125656770555,-0.011915221749936,0.00329322671812592,0.0171265046982612,-0.0152139149717167,0.0366729738545682,0.0121236308629085,0.00728790047363489,-0.0289147769726697,-0.0123236994828201,-0.0163690551262848,0.0397196055742544,-0.00982234121519494,0.0314319122342039,0.0254143641710311
"TFAP4",-0.00269039383575442,-0.016668935546087,-7.03274911691205e-05,0.0283022785805192,-0.00906059165122831,0.0253430024440697,-0.0036008710746591,-0.00444845482325156,0.023330033149583,0.0204568349621135,-0.0223979765082622,0.0186315200564296,0.00846286812362503,0.0199338819495804,0.0152964988111793,-0.0118076055651716,-0.00968859661391183,0.00295637841439444,0.0101862627917503,0.000699094328290585,0.00072771914423829,-0.0098281200713384,0.0181833197316632,0.0111501918194584,0.0119465330784196,-0.00953811610630338,-0.000820276011729398,0.00261480691568371,0.0111666765072062,-0.00335947285978516,-0.0261862258373862,-0.0146850627373489,0.00835056458834036,-0.00218053338105122,0.00223732345601218,0.0111697469867746,-0.031457386468834,0.0131405500175082,-0.00190007785034557,-0.00981722768238234,-0.00845422318592174,-0.0113731852272856,-0.0131399357736534,0.0213267576991217,0.00099360345074213,-0.0142033900312987,0.0198390477080087,-0.00604361651308866,0.029957068660807,0.0132003784919748,0.0045687689784679,0.029689455166045,0.0131499726121122,0.00253502932046896,-0.00142989625016297,-0.0048452097640012,-0.0364747031204564,0.00466224429266914,-0.00836457133827428,0.00888310337947339,-0.0108274004079873,0.00722334244181894,0.00101948494224181,0.00100817478681156,-0.00607535341632434,0.0280963292209224,-0.0150938139566037,-0.00313034083157722,0.068634922659001,0.008482958563109,-0.0207331842484767,-0.00547017742600702,0.000208399959414077,-0.00645087455223757,0.0399101985229304,-0.00765362790571304,-0.0124436401388146,0.0223339150921059,0.0107681443565412,0.0248269275477097,0.0150137367149253,-0.00469415928198315,0.0268045271449455,0.00105058208215027,0.0190667326414058,-0.0144733771786083,-0.0166608862029579,-0.0215478859477327,0.0365450620573145,0.009227816358396,-0.0102794595487362
"TFEB",0.0315010156940918,0.0133640763657678,0.00235454078980234,0.0244121006357269,-0.00245564877612879,0.0792911996861623,-0.0131338996465715,0.0421016747692127,0.0244464230104785,-0.0452330155623057,0.0439220220159474,-0.0418734823893269,0.0120368701251675,0.0108952955516085,-0.0244878536581316,-0.0165971303047828,0.0123461732081075,0.00193068338364628,-0.042054328998103,0.050588297009456,0.0218085097155685,-0.00866503071462374,0.00657855585906632,0.0697842435231474,-0.00398195181286138,0.0101093428639484,-0.0329256039402122,-0.0294114058298779,0.0119014715844873,0.0273077518418542,-0.0283360302395572,0.0253258095838579,0.0437751764137847,-0.0198315195212088,0.00542499782381769,0.0024954378269673,-0.0178156484633395,-0.00487338903738254,0.055951769048603,0.00528550339857148,0.00532147465871131,0.00387743381626865,-0.0447034153578497,-0.010437813971306,-0.0375351613835252,0.00506919039374995,-0.00863602514618856,0.0190544929501023,-0.0195425209515499,0.0142765391120816,-0.0494089225530842,0.00289454728411044,-0.0341616958353947,0.00471263387427251,0.0311272545536485,0.00262498845185838,-0.0182636223095805,0.029714962186119,0.00189717889902493,-0.019456481982928,-0.0221627270931276,0.00411766866962008,-0.0332246778339771,-0.0435895307445538,0.0460479254968083,-0.0218352795170813,-0.0353338703295494,-0.0590923104112889,0.0254917775777375,0.0498057204220638,0.0375905539345451,0.0108796458428121,-0.00640530407706718,0.0317245773515456,-0.0608674130172615,-0.0369760493769512,0.0537325674110186,-0.0399052240792201,0.0616217466507566,0.0564691241440309,-0.0155496184373137,0.0467573939513237,0.0198343132892847,0.0535750342112796,-0.00503619230188739,0.078379887017949,0.000112574287285952,0.0548286562577295,0.0247602100569226,0.00454054595860262,-0.0127491357250945
"TGIF1",-0.00898693435071858,-0.00543042486267894,-0.0335684421728658,0.0329840274316458,0.0201490684248108,0.0218727158744765,0.0129913795788992,-0.0154024300843396,-0.0135146072609294,0.019734382278174,-0.00704448947491433,0.00227772284885489,-0.00998801010206911,-0.0565618382754612,0.0117498384390581,-0.00285776904767674,0.00129810927158114,-0.00209490308670163,0.0119058544687825,0.0113329090989653,-0.0253075146539563,0.0202939675135096,-0.010843993422468,0.0195176416173623,-0.0099625051411582,0.00326434314408616,0.0365819565698108,-0.00521173580126066,0.0224317120947083,-0.0079379492167487,0.00722348314209803,-0.0169398304711795,0.00807239165657583,0.00196787495867912,-0.0112554873860382,-0.0110542386816076,0.00400393143336564,-0.0257012685921725,-0.00552758368098261,0.0253474067308306,0.0117128275685361,-0.0133773577731451,0.0201423886548363,-0.00592388350825118,-0.00653170610826202,-0.00772671134023439,0.0174324901045732,-0.0121851780560909,0.0200527771968567,-0.0227158155794237,-0.00793919432405982,0.0163624662513067,0.0178568862794408,0.025716803142178,0.0262703355618673,0.0178247452394875,-0.00272325431636906,-0.00584801755756547,0.0124711276529113,0.0185638331567724,-0.00730661684223922,0.0214983916023402,0.000739075129750921,0.0264440562682597,-0.0175013417547391,0.0248791023025792,-0.0063080721622172,-0.0135362963301085,-0.0222503380360496,-0.00562563897558342,0.0149152972946386,-0.0122984709771255,0.00198164870664208,0.011960635108895,0.0208410425472184,0.0077045738914171,0.00799693687486223,-0.0193310122218909,0.0153234876751159,-0.0149580582253084,0.0201851084966804,0.000290377006035591,-0.0175841302363343,-0.00635221314872474,0.0149718070008267,0.014342658898606,-0.0201253323188952,-0.00410831985381085,-0.030995904028924,0.0126072888752839,0.0100272234321136
"THAP1",-0.0132072162368131,0.0189947979905423,-0.00224758115354399,-0.000912482550646986,0.00110383142410677,0.000554699858899282,-0.0197368296420467,0.00773776683226784,-0.0200371158237826,-0.00069468399808499,0.00785719976636813,-0.0010495726610871,-0.00813923588674872,-0.00805904464766721,0.00213771483129508,-0.00599365901651937,-0.000927105938349823,0.0210572237011526,-0.022078087176229,-0.00936110955410131,0.00102003751949912,-0.0011237860174781,-0.00063596495483281,-0.00640508202241026,-0.023528718035381,0.0164558968443114,0.00381225476790166,-0.0115173266819058,-0.00575271380338756,0.0104679659821597,0.00527951737293446,-0.00522595296953853,-0.000816790581967851,-0.00514766958257664,-0.00863443380723158,0.00997334669162945,0.0192656901431167,-0.0154368170206706,0.0170360943047087,0.00658076623148532,0.00168126616461116,-0.000538888423460915,0.0172843802818647,-0.00602291006679662,-0.00794705525639951,0.00490443513560545,0.0152197734582192,-0.000736554600508045,0.0146641457548842,0.0113468348389874,0.00109132362426543,-0.00215203719641761,-0.000200752393613086,0.00752328708686997,0.00714795342478199,0.012481124935118,0.0127549241570354,0.00447264605414786,-0.00404059480141337,-0.0207237025018148,0.012334343935425,-0.00353778110118914,-0.0182353303053197,-0.023827310256439,-0.00962916223073047,-0.00812501245573855,-0.0159490412430543,-0.00815520116502625,0.000412519290096314,0.0112454089972421,0.0371040567179907,-0.000909119576266727,-0.0227782658999415,-0.0117337709491778,-0.00921201180779287,-0.00786012731430568,-0.0240564740382268,0.000951724191632982,-0.0152949281000365,-0.00216006508483551,-0.0223108901488974,0.00863397639610726,-0.0179971079116803,-0.00465567733366002,0.00257469852324674,0.0197194842231961,-0.00670861444013988,-0.0181704630557265,-0.0177280843882994,0.0185579426792228,-0.00725206248267838
"THRA",0.0268845429388685,-0.0102821160057447,-0.00325911472889993,0.0305433917120746,-0.0145101219101311,-0.0159258047957126,0.0107893962137668,-0.00235628193978113,-0.00711863779417671,0.0185652664038147,-0.025463235751629,0.000861388777320514,-0.00790082976319046,0.0139486042342714,0.0073912489037472,0.0292190449424351,0.0389849122370598,0.0298030435448903,-0.00409969781868409,0.00555737639382151,-0.00613103409592531,0.00745078711161776,-0.0203510434376786,-0.0132965797957548,-0.017993783471638,0.0129606525700822,-0.0141153645171264,-0.0209029898368743,0.0317039159898308,0.0190412859857342,0.00506297194821433,-0.0254024947697604,0.00851135761178762,0.0188874005149751,-0.0191583439824439,0.0303736861440277,-0.0046359506706006,-0.0358624637460344,0.00667401410645896,-0.000928287591553236,-0.00253187727072928,0.0146481008631977,-0.0324084468958303,0.022001706846354,-0.0203148498031524,-0.0109032615646071,0.0118133107939437,-0.000488823272947199,-0.0212846072648555,-0.0175438693149589,0.00746239356662533,-0.0187460322641231,-0.0129826365403662,-0.0337092096120381,-0.0233434640206406,-0.00320543761676013,0.0225265113368976,0.0291584959480178,-0.0136553748756032,-0.00447691824135511,0.0343175005127242,-0.0219257124268393,0.0119927235623768,-0.00857497632254674,-0.00844577669252557,-0.0377757564702895,0.0188821143096815,0.00510706424510673,-0.0415202857467367,-0.00773320946875701,0.0302724858096403,-0.00654714308038395,-0.0100825226702023,-0.0197417084435678,0.0109425409496931,-0.0016660638268125,-0.0178197919989881,-0.0237352106307137,0.0166895303382277,-0.00559899716226186,-0.00466634612298219,0.019996569000629,-0.00753989613365682,0.00743886982916899,-0.0350101812246243,0.0338342532925472,0.003410463054482,-0.0307408738208906,0.0242616983262753,-0.0138635815933381,0.000968719289793656
"THRB",0.0304996793985117,-0.0120931704726136,-0.00328438539895912,-0.011070067003921,0.00925672968901135,0.00931674649588225,0.0236651868855473,0.027183678964591,0.00383311238778242,0.021557778479728,0.0168889606140543,0.0132208030473717,-0.0195456534908572,0.0272359498636241,-0.00190583468695978,0.0178515004293251,0.0188007397531219,0.00711975118630214,0.00270310821820089,-0.00808417096077849,0.0136734367074233,0.00117955604531335,0.00872932949421272,0.0181569248294651,0.012784763858168,0.0096016744316061,0.0372439119222504,-0.00407042162958653,-0.00725976344055667,-0.0332823141436461,0.00288148306999395,0.0219312689249593,-0.0232986058139539,-0.0100564522358606,0.00562948753835829,-0.00197844778266165,0.0115323064148515,-0.0210730439881279,0.0201132261710914,-0.00880465038618312,0.0146638530939671,0.0167175733417928,0.0269995566649526,-0.0285864384223783,-0.0218486761395493,-0.00757542939923267,-0.000536369876053943,-0.055161773677327,-0.0511275510658111,0.0175938103762028,0.0155840091082213,0.0278555440891727,0.0197613284817636,0.0283577063513013,0.0257683612801332,0.038440910870148,0.0314339096276371,-0.00328725213976264,-0.0362121718976537,0.00966449185817876,-0.0074283505949849,0.0192783529426804,0.00302127491899642,-0.017854165834187,0.00261300174757571,0.0176972337968574,-0.00940011496408846,0.00783851709566993,-0.00709515266405868,0.00918658317241077,0.0211031385241478,0.0289560463072573,0.00484952645279433,0.0209382428995004,-0.00603737354705496,-0.0209651414584432,-0.00348460051778962,-0.00470542112496222,0.000919193542747699,0.0085652247162571,-0.0107504868607625,-0.0326466045416715,-0.0065773302892086,-0.0077939090573591,-0.0206914148358459,-0.0108531805929757,-0.0145516021613718,0.0114210477546997,0.00685985884996526,-0.0036740824570496,0.0150023566226052
"TWIST1",0.00898510860701595,0.012312475862187,-0.0119648445776557,0.00515606060719749,-0.0116112717047185,-0.0168591785539542,-0.00488905664677248,-0.00158288579491863,0.0154034975724459,-0.0143474032938679,0.0242962583093815,-0.00667138071099832,0.00439343741142326,0.0269152574806787,0.000653608033451818,0.0210709755193432,-0.0116660530643211,-0.00345814764305871,0.0137174975701747,-0.00257005511668773,-0.0369892745850654,-0.00184097240383177,-0.00413712292930871,-0.0247189324960495,-0.00826415810489031,0.00932261684187604,0.00885661013367349,0.00128814442434943,0.00100022718362305,0.0163343659590238,0.0327036522602257,-0.0112640892572135,-0.00277121028321207,0.000435838737356867,-0.000167224245945119,-0.0284315945005327,-0.000601186262096557,0.0101148907832558,0.0142526520619587,0.0305419106424913,-0.0352064157333055,-0.0159825136311663,0.0247893904635245,-0.00820144011028198,0.00183089948279633,-0.0107610490614835,-0.0438567074092408,-0.00612579667253615,-0.0262537470328872,-0.0175445368864405,-0.00455000777696102,-0.0345321752579723,-0.034938179180391,0.0269423956984947,0.0165828722276023,0.0302506603364638,0.0285903319450594,0.0528062536081166,0.00584202985008189,0.0256904439883612,0.00562283948793316,0.0114103687643843,0.00580192802409657,0.0211418954396676,-0.00120199752194665,0.0141322846344838,-0.00785212470789801,0.000469745644848632,0.000666175489749016,-0.0160064543146192,0.00783843186462754,0.000861544798088303,-0.058740515550327,-0.0370491768756817,-0.0114346127320531,-0.0349989710986634,0.00635578016713434,-0.0322857413898318,0.0199446200463452,-0.00649124035122184,0.0277258745048289,-0.0081018711252464,-0.017931613140333,-3.04841689692892e-05,0.0112248843905849,-0.00773127371587454,0.00402669179896756,0.0262396500912438,0.00124683766659479,0.0149101027976187,0.0108699453865468
"TYY1",-0.00342311555770735,-0.0446176498060541,-0.0584049826625295,0.00309420991292852,-0.0123727997652439,-0.00630966686700841,0.0352837926478125,0.0364421673063379,-0.0392806032943566,-0.00731595411786862,-0.00901315770097154,0.0349288455427138,0.0234604674934935,-0.0245083740657699,-0.0101566469411535,0.00815853670888048,-0.0175718523229039,-0.0263926740035335,0.029344839027184,-0.00740873478443189,0.0207898628502844,0.0405054405093672,0.00386169055244001,-0.00592655176999146,-0.000964770779306147,-0.0274862070237093,0.0106305708380077,-0.0125504696229891,-0.0188289696903636,-0.0302623427664342,0.013620915540169,0.0100276979369778,-0.0462893678576634,-0.0120162991005814,0.0297773904142558,0.00277141346620846,0.0654834708823463,0.037675725866637,0.0101534027476008,0.0177456888648163,-0.0129754331370626,0.00128846365017365,0.00385851549789013,-0.0111434861793561,-0.0206470243294894,-0.00646257970841287,-0.00375824091624798,0.0272013439954048,0.0165222826972696,-0.0418382611502977,-0.0314881040882958,0.000293197976333259,0.00467743433817513,-0.022559834573477,0.0160772356520542,0.0242669893374573,0.00992203595173669,-0.0561620021373629,-0.00336729918603954,-0.0354982960504686,-0.00334841731961175,-0.0218154295834072,-0.00072408838999257,-0.013603170121823,0.0331117849242073,-0.00233398196577576,0.0164430938959675,0.024214236415054,-0.0395690421968952,0.00432558024959761,0.00904912154770436,-0.0146457451138398,0.0363962779966008,0.00929580254491953,-0.0161621481831547,0.0097394714190496,-0.016262239748488,-0.0280058306037311,0.0306058777905814,-0.0280922403808327,-0.00879892177194203,0.0217417154619629,0.0336888929293915,0.0162650495965326,-0.0151166386910316,-0.000278109352913092,-0.0144263311175199,0.00049144313961431,0.00534079942968364,0.00344632096942656,0.024226094330134
"VDR",0.0136448582744941,0.0223640724981842,0.0305013926548855,0.033685705097542,0.0233503133686736,0.00476797649250375,0.0111618918530088,-0.010348192225227,0.00216324280054438,0.00224406425838251,0.00162782908608139,0.0118545809177353,0.00869993104677173,-0.0295414720079293,-0.00791359922427762,0.000147016915687755,0.000677156470827398,0.00326860719314996,0.0142607804002709,-0.00553444768495589,-0.0342508062976511,-0.00999950978467617,-0.015160227159456,0.0121569913096633,0.00165183974211866,-0.0112314727937984,-0.0149781975991343,0.054696178368512,-0.0027659493565109,0.03202303323203,0.000284707968341842,-0.00540816378936819,0.000870733903672012,-0.00511389739551607,0.0219836625276142,0.0277468746713834,0.0167927943368965,0.0241784447800249,-0.00737170880542091,-0.0038496034523094,0.00375881729198294,-0.016891401325965,-0.0471037714161643,0.00346297688882978,-0.0091846531111942,0.0126961188420253,0.00510102509736893,0.0142063374415717,0.00944329008347668,-0.025907428728154,0.0110777679099339,-0.0318237180561699,-0.0186806829555558,-0.00590877631601576,-0.00292342173637105,-0.00114836187075553,-0.0273072967270571,-0.00965760256000941,0.00767208501748484,-0.0060983349543765,-0.0305050577557668,-0.00821742792805689,0.0102998859425325,-0.00343220860703446,0.0193871535443488,0.00760562303819483,0.00675094794211148,-0.0207251064788706,0.0147944757170063,-0.0182734180350754,0.0168663514279472,0.0295627885424367,0.0217802876755002,-0.0223590209116293,0.0130015435710815,-0.0189607409554579,-0.0198776387016878,0.0143423161055102,-0.00492123362072794,-0.0163257363743377,0.00452715451064921,0.0168839957036178,0.000963485496222644,-0.00139417066032452,-0.00656087539043244,-0.0109724096728024,0.0156587537266775,-0.0100584839859857,0.0222696599991787,0.00713976041758475,0.0335745491921646
"Z324A",0.0114919492098309,0.00146609454609845,-0.0112678763080605,0.0101242180982968,-0.00282142313457877,0.0045250080527812,-0.0162595276802843,-0.00658832213495067,0.0146219233092865,-0.00352187382569268,0.000260743451137372,0.00739879459704591,0.0247875243715927,-0.00447947592150773,0.0207501822076095,0.00927369413941325,0.00489405331589456,0.0233066586729115,0.0208670367225091,-0.0211184114336646,-0.00311856462238907,-0.00901323388526114,-0.0190095675447339,-0.00315107268718222,0.0200909918900715,0.00857317624386128,0.00483410037208991,0.0128167104083131,-0.0172460626068501,-0.00155170160323664,0.0109635553918223,0.0046622121053782,-0.0173358758724221,0.0140572325180757,0.0212889130791042,-0.0150812110661332,0.00779043119354362,-0.000680108235725084,0.00410576987600064,0.000427042939977216,-0.00480581604950109,-0.0147430791793641,-0.0207479844138666,-0.00478429414884395,0.0112563499501061,0.00888490576273464,-0.000989768612900461,0.00934267114978688,-0.00357981394385775,-0.00435088052724513,-0.000464528856067282,-4.37624135064655e-05,-0.00263760104471603,-0.00229353601380537,0.0163703477879142,0.0154228838935535,-0.00220699860379633,-0.00683540621805783,-0.00505463258193915,0.0102876590971151,-0.00215437613516161,0.039264358919701,-0.013505611767045,0.00786381363491167,-0.00305539548748123,0.0221055167189336,-0.00902939839204092,-0.00975299290527348,0.031328406341439,0.0144807567976228,-0.00227962511848765,0.00729868284901296,0.0201872573247078,-0.00168503224233641,-0.0175969091182514,0.0178850954496059,-0.0126809388825678,-0.00109061977315617,-0.0018217202004134,0.00096696705282017,0.0148895227614244,-0.00302730994739637,0.020538763751338,0.00447332772950925,0.0301892782698143,-0.0332729085816801,0.00547443796160166,0.00226495410888321,0.0163338577999166,0.0137088394974149,0.033161265392207
"Z354A",-0.00159470918150318,-0.023719073630613,-0.0120242738470207,0.0169467551450293,-0.00966999561737097,0.00633767741786529,-0.00794464691106974,-0.00126929929135978,-0.00645564235657814,-0.00757220568377472,0.00839966761045918,-0.00290655274724613,-0.0232705472924843,-0.00819125600879728,-0.00185445699575878,0.0182045354999992,0.018066163613215,-0.0175453760341103,0.00954110360607557,0.00768638878886738,0.016615855315564,0.00594066413432835,-0.0111230036193503,0.0271233543578222,-0.0327100705885999,0.0277475640761716,-0.00497425060255537,0.0145500044391451,0.0112942588637471,-0.0315702935699086,0.0177080179169629,0.021178234201843,0.0232709724691293,0.0137957318256712,0.011835184532238,-0.0135889418911341,0.00219887540038028,0.0133071364767688,0.000304973659787906,0.0234131209465669,0.00344020253341278,-0.00889720192482834,-0.00488911197728184,0.0239834593844935,0.0134806324086187,0.014280646492935,0.0102003572808722,0.0137418692208521,0.00608820948833237,0.015385418718788,0.00333724411241904,0.00481906563283101,0.0268390224968747,-0.0065428649856063,0.00280107178508618,0.0250007795450405,0.00172174934055082,0.0013695410036313,0.0184814688914451,0.0254394286458285,0.00256740581092411,0.00986196596837024,0.0157537373942395,0.0232422308302089,0.0047990235882614,0.0150893669663261,0.0277369611826161,-0.00133781759973402,0.0234004168648753,0.0105015533427143,0.0133055721519735,-0.0179873658186648,0.0184789700894585,0.0108474588823846,0.0110051778084271,-0.0222464430340261,-0.00450295240766173,0.02225080089386,0.00571008580122333,0.00749940998306171,0.0162788217736942,-0.00809504117157294,-0.0355643662673078,-0.0101898814719077,0.000232126769496179,-0.0409121381576866,-0.020197563199686,0.00926704889922452,-0.0059860724777021,0.00479250129497288,0.0118231611774725
"ZBT14",-0.00187825644902409,-0.0134987281088908,0.01200340080671,0.0106592848763285,0.0162246791987076,0.00404995091395002,0.0386318794110386,-0.005157319242184,-0.0170293091985487,0.0226278892005581,0.0274341281720475,-0.00633759683874849,-0.0153511638018118,-0.000914808160911638,-0.028221038139668,0.00837568890081125,0.0360366569487902,0.00315999832966171,-0.0165491794430378,0.0084111151192433,0.019511900896109,0.001896137258179,0.0289678006186018,-0.0110272478115207,0.0126911559541535,-0.0142955390422671,-0.0158423099011384,0.0145223283886516,-0.000301994836315147,-0.0159728705561124,-0.00244335500997479,0.00917796522434951,-0.00556346701424441,-0.00180571214898225,0.01238890710647,-0.0238281631497853,-0.0145423507278775,-0.00114482376150452,-0.00671126436569604,-0.0140275411596583,0.00652604167903795,-0.0217788671643404,-0.00669913958988183,0.000586805915540872,0.00065261297096121,0.00493756244917014,-0.0163854516564397,0.0113338951299353,0.0146575687246435,0.000140572935626528,-0.00732172213818106,-0.0298389858002027,-0.00102616586325225,-0.0122856713095617,-0.0210361630742845,0.0156797714194072,0.00468920433234229,-0.000305825297373929,0.0127738104992131,0.00935947494643445,0.00331208277616922,-0.00245275659495883,0.00224489404182674,-0.016347631737443,-0.00997949474821536,-0.033505443164812,0.0066021103447092,-0.0206349386348613,0.0231318637236478,0.0159300446656929,0.0175153191765158,-0.00509280905058563,-0.0112818172445075,-0.0154894824245105,-0.0159904953129713,-0.0114435004440578,0.0123682563528832,0.0133468081832874,0.00472190583054979,-0.000164409859236825,0.0114492683081584,0.00938106063663384,-0.0103009123503055,-0.0155969724699189,0.0121021210842948,-0.0140143791530857,-0.00578751044484554,0.000965396576703303,-0.0133893128499882,0.0106073104592136,-0.0110892435378929
"ZBT18",-0.00378586134579145,-0.00409450112729683,-0.00209127745866713,-0.00282163112734513,0.000934859633011155,-0.00473936770649059,-0.00592977143084365,-0.0016316347291874,-0.0294220697769774,0.0098808166226643,0.0275304674253406,-0.0192740376381445,-0.00096797141687877,0.0181110714782954,-0.00721611564727157,0.0103554169743209,-0.0102863246313522,-0.0195736440984284,0.00266974373898441,0.0142232426426866,-0.0289945913517155,-0.00342848600019997,0.00334507796572279,0.00289035664440779,-0.0032416020054699,-0.0144759435228236,-0.019810472385044,-0.0111540149193205,-0.0215098309400243,0.0206583412095191,0.0160831606075263,-0.00145097925373853,-0.0124285776467877,0.00961074331453425,-0.00860897518483465,0.0137200909281786,0.0375538815728333,-0.0166815861302286,-0.0219465522183131,0.0192087684498122,0.0014572582024705,-0.00557545246260213,-0.00121928945041989,-0.0297579632435606,-0.00606375764251249,5.66947857373058e-05,-0.00356644201678486,-0.0181870214951789,-0.00261290180949515,0.0230090827755179,0.00874076665583966,-0.00716607103824188,-0.0408170697262397,-0.00756901886633512,0.0141717591220605,0.0453118553458592,0.00583991120920404,0.0101399874760583,0.0244492846063181,0.00283346639981093,-0.0115130820633909,0.000789383440412046,-0.0106221275340462,0.0139384250475386,-0.00701735156908709,-0.0151534640982854,0.029161561421196,0.0202459776702049,-0.0288369389367539,0.0237409687199084,0.00507200405616313,0.0165558024220373,0.00301290823887989,0.0153683815136971,0.0153191084536523,0.0263829501057433,0.031389552026085,-0.00310593502242116,0.0276168046835465,-0.0140645619651445,0.00183381690028736,-0.000703608123446117,0.00554387420936678,-0.00288345149070638,0.00155518966322468,0.0269596384964086,0.0181764774878237,0.0220668534502514,-0.0166830326859489,-0.00699518941139698,0.0140581793357898
"ZBT48",0.0390458968140132,0.0273955534674896,-0.0112904131393387,0.0192482013480812,-0.00353888792917596,0.0117424337568769,-0.0146190254114792,0.0106505729975067,-0.0361583596129643,-0.0213459023607194,0.0212117296385781,-0.0255011157406624,0.00374277261225154,-0.0146011635491418,-0.00222463722820859,0.0109518440243141,-0.00835664225581514,-0.0345717610929794,-0.00455012477225002,0.025900105263941,-0.00783098212091151,-0.0130180979929225,-0.018674856179277,-0.00215028673199919,-0.0109659492638877,0.0170835081051147,-0.00110547769256284,-0.000437873060093751,-0.00133520760879763,-0.0133046142771527,-0.0234947803850238,0.00323481013211789,-0.013039555159454,0.0221496755927809,-0.00136465460325342,0.0126661093165514,-0.0544153267282222,-0.0148050877899312,-0.0213709472347533,0.0337065400284221,-0.00700725603296007,0.0149747604705392,0.0089364730519303,-0.00927927471162789,0.00380292964489289,0.017001963891198,-0.0102739555046118,-0.0177077735774377,-0.0263774443354616,-0.021160673010341,0.0176742286967591,-0.000950075931350872,-0.0364157637887939,0.0124912529008401,-0.00842818882382842,-0.0344682673821347,-0.00239248648140228,0.00746707147953287,-0.00563811090446502,-0.0163296556164506,0.018223137777138,-0.0289806627973048,0.0240096711943076,0.00928938448755031,0.0209445025393793,-0.0241543811413289,-0.0293730719793767,-0.0117349015541264,0.0022912912759488,0.00575033642111002,0.0133887579770127,-0.0241988114916727,0.0029862503043126,0.0137058362628871,-0.0410599692071337,-0.0223111086292319,0.0188009540822775,0.0269815114741899,-0.0407224726653402,0.00526274962403919,-0.0220566892700871,-0.0274657105725647,0.00842386092344741,-0.0320662190411365,0.00437230322478046,-0.0160160243408674,0.0212664804852483,5.38836686078983e-05,-0.0109072728327979,0.0077998946374443,0.0182332880214429
"ZBT7A",0.00693907467545217,0.0109198263499619,-0.0062141365136684,0.0111416437309795,-0.0216409288333783,-0.0181125760087468,0.0440804191398069,-0.0181444657397512,0.0249846084282723,-0.000491036872819629,-0.0125210678061944,0.0206755773502891,0.0106116609048066,-0.0176558522819425,-0.00132347104079919,0.0284151495676577,-0.0277074533356917,0.0113103131452396,0.0142226140013041,0.0405777204639621,0.00925415154172579,0.0123536736596584,0.00319490318638288,0.00970916917618198,0.00205421693666838,-0.00613986662479737,0.0234309878552454,-0.030704508634952,0.0199960894842338,-0.00552382832322267,0.0029679417598391,-0.00115846805599115,0.00384628700622373,0.0177333411813589,0.0378468291801162,0.017120330669282,-0.00496559728963025,0.00348512138709728,-0.0235820893609909,0.0134761383682722,-0.00154957852325926,0.0254658964662159,0.0171722107915984,0.0180583130902085,-0.0119969708533468,-0.00391820231703521,-0.0256110425291192,0.000452231844399977,0.000658175234185236,0.000976119902827831,-0.0431028111782318,-0.00814499709941059,0.0336317622075443,0.00197464971440047,0.0100786986100416,0.0104830988050651,0.010614114757715,-0.0156670128318379,-0.0309326162689823,0.0225260521247036,0.0254021022358009,0.000124092910475358,-0.00781880134127162,0.0239651893038065,-0.0292246351718183,-0.0187782050122821,-0.0118998313518541,0.0124406381869831,0.0206477208236606,-0.0267520906409239,-0.0060924961514273,-0.00660208918563681,-0.00407280479004877,0.00634955983559008,-0.00574555434955622,-0.0144679191521603,0.0089800250800825,0.0139012276316016,0.0142848625284541,0.0232939458002842,0.000105255108184559,-0.0139961413103981,0.0164369962241506,0.00361379339861018,0.00535646166848227,-0.022831880893924,-0.029650176535454,-0.0386743228759208,-0.00263559327006613,0.00243003143306771,0.0160819925614117
"ZBTB6",0.00695298609258282,0.0115613364850999,-0.00183748728822481,-0.0103504334922759,0.0156921521584789,-0.00738422438228037,0.0210110592776459,0.0106025948722362,-0.00383854264841016,0.00348032177147935,0.0173709178801999,0.00222737496711559,0.00435793538932052,-0.0117882707586041,0.0157309576351689,0.00611627872927279,0.0159257431081302,0.019625133570927,0.00248461659397765,-0.00367755836790904,-0.0104814025448418,-0.0111245086847283,-0.00483464689544014,-0.020099444391367,0.00609396659536848,0.0187450160137623,-0.003156735499036,0.00578338324352846,0.00892751163246397,-0.0156296217767162,0.000309566314199947,-0.00275103205974728,-0.01915106296601,-0.00985189437151702,0.000313860204686484,0.00800810233035984,0.0141143872330141,-0.0209138871531155,-0.0144198807738568,-0.00473644849595567,0.0181152057818287,-0.022552078395007,-0.00837769096640476,0.0102934292545237,0.0128970649448841,-0.0151715585881441,-0.0117449232764144,-0.00608945093692261,-0.00576436443072496,0.011351818829376,0.000855043586222463,0.0184913944912043,-0.00348217084746966,-0.000857490239198991,-0.00117171769602848,0.0234617203287271,0.00351883789323824,0.00661092795322143,-0.032053405402111,-0.0107579468608885,0.0119213015346635,0.00907008035090382,-0.0212351290769296,-0.00830040996330232,-0.0184866674247529,-0.00950900975246808,-0.00231001969278231,-0.0124102458142494,-0.000727128092107171,-0.00296539432031295,-0.010858529409896,0.00304508826033722,0.00112304554098743,0.00070521113793411,0.00137222320013331,0.0326715994426904,-0.0258647869484776,-0.00366970904067108,-0.0219716585862237,-0.012358844403433,0.0185976883501946,0.0186074700369171,-0.0137203983836409,0.0229069554505647,-0.0166325357470554,0.0316369815567017,0.000262933209885242,0.00951124304145815,0.00420045048869428,0.0102857295133091,0.018429610625241
"ZEB1",0.0165432233472469,-0.00814245906454765,-0.0272527873517241,0.0133161703323877,0.0104781885903673,-0.0103489115468571,-0.00640363345186024,-0.00585205945621319,-0.00337132655417746,0.00867465315239199,-0.00338989227915541,0.0168000668855989,0.00343680862892073,-0.00328793362665092,0.0170289242940592,0.0138738470225117,0.00257722887633316,-0.00191063432795011,0.0121632670442922,-0.0114731192081814,0.00436584648440743,-0.00662630335493459,0.01727427144226,0.0249918180647936,0.00519119961935731,0.0311202549938226,-0.00329001389530905,0.018583145508008,0.0242193043063967,0.0111953030604521,0.00144912062744113,-0.02212206193822,-0.00929937727906131,0.0208220223715669,0.0185681193660336,0.0036575235972501,-0.0148299481176511,0.00824328139717133,0.0129986037352281,0.0721297886134126,-0.00385997649152211,0.00478119492229821,-0.0125204813827302,-0.00294891607151156,-0.0492367996698844,-0.0127087210433884,-0.00537901287201747,0.0121788891287844,-0.0392095988796012,0.00568706825291211,0.0299091788900574,0.0135160211919448,0.0134438406955257,-0.0052686058142859,0.0239116526101628,0.000965160576472596,0.0252363698426602,0.0136305473532217,-0.00661770508194142,-0.0177892190234634,0.00665024495812845,0.0375144123070709,0.00813314463548015,0.00649933619773326,0.025269400217202,0.0130435361085773,0.0503879485999758,-0.0159414623903675,-0.0270238561591126,0.00152278789736751,-3.15546784853543e-05,0.0225084839908474,0.00184714048471691,-0.00806213188727293,0.00240466402716621,0.00712927977217628,-0.0163929120386433,0.00256574778335404,-0.000770114579442956,0.00555754749416856,0.00482086150370858,0.015491502466781,0.0294510486837796,0.000475560501203174,-0.0193186654452946,-0.0117007004339794,-0.00226020849930331,0.0260378390419627,-0.0223504767900515,0.00857042362617683,-0.00215433185120664
"ZFP28",0.000231654711730276,0.0140754349392112,-0.00959310124478229,-0.0129864106371763,-0.00438436154564201,0.0290523796049868,0.0103313841831789,-0.0187317842168684,-0.000758053986893126,0.0446967360578909,0.00794020752158226,-0.0049009995421232,0.00821775701498883,0.0171318944781547,-0.0208907260605206,-0.0102947376422963,-0.0105523182845816,-0.00773096295001986,0.0258574451815094,-0.0106286978866667,0.0056611678010038,0.00171853684120729,0.014694772627879,-0.0095146143484048,-0.00964754034301779,-0.0269666852232154,0.0173545830991751,-0.0169266382690238,-0.0244842889061853,-0.00553364304433395,0.0190561699479774,0.0056829748514936,0.00558673278109821,-0.0194055487416523,-0.0165504060731949,-0.00794620831585296,-0.00977313735510272,-0.00357652304079117,-0.00153495346800658,-0.031300643961489,-0.0265328009725226,0.00122767680212278,-0.00896480264149172,0.00309119975231944,-0.00621792443388682,0.0187820855980198,0.00509526377880188,0.0125006264483384,-0.00744362643551362,-0.0203562994212274,-0.0113113123438836,0.00915590250800827,-0.00379759926362647,0.00850383029471795,0.00488136952029613,-0.00489009806356689,-0.00545242025736848,0.00760190570620482,0.0042480604357822,0.00632611953275769,0.0116114097369543,5.72057583379154e-05,-0.0166636476493438,0.000340148459832458,-0.00749189868224135,-0.00802818234349191,-0.0158220115756803,0.00561527585912951,0.00320949926957277,0.00182905119265936,0.00357445715084799,0.0145542113673274,0.00426889076481062,0.0193023816929984,-0.00217257307609101,0.0199762161268162,-0.00172938240427023,-0.0106185489646284,-0.000241018781784335,-0.00623606880064601,0.00420579283696836,-0.0133153253329643,0.0153461376782948,-0.00589901580538746,-0.016221892716922,0.0140762192555406,0.00165981953775125,-0.00971923348796099,0.0103757882685501,0.00529178274399079,-0.0043180894907838
"ZFP42",0.0269730247410121,0.0414851263889805,0.043960633074547,0.00252142109898198,0.0450231842127935,-0.0174477205008208,-0.0202487408597609,-0.0193438357985883,0.0185377287468053,0.0136269270280045,0.0130776619524474,-0.039545013850603,-0.0338036414609549,-0.0055783939376622,0.0045000322978557,0.00426155812708626,-0.0312149902941945,0.0191051683456049,-0.0246534722514085,0.0263889071361765,0.00801625680639503,-0.0521575355373692,0.00675013241103174,0.0209988942340753,0.0334072523662483,-0.00023609795647837,-0.00344090815348612,-0.00278815734837139,0.00778058506103637,0.0350628863565734,-0.00977840167240683,3.74043177856275e-05,0.020582677589084,0.0275535044057374,-0.0432189109808464,0.0055360928296937,-0.0479576898295439,-0.000911249367734879,0.0235278267516228,0.0210309951850245,0.0273133726110652,-0.00615354682716017,-0.0189117877898705,0.0133970822265844,-0.0144940533687755,-0.033139809173044,0.00605780967697629,-0.0125048013717132,-0.00239392265522977,0.00472237405988816,-0.0223993649018783,-0.00537990717015711,0.0135686301665794,0.0303747305746121,-0.0198865645195665,-0.0211103399521932,-0.00622203147671718,0.030426031859251,0.0263692414169786,0.0222329444174558,-0.0168203847217224,0.0173328006725657,-0.0131217805225893,-0.00854448585189302,-0.0277565252483088,-0.00472537194544219,-0.00110266184764024,-0.0191605219220435,0.0360769285278897,0.0224633321432892,0.028177520496181,-0.00969858573138436,-0.0206693416542156,-0.0148747277992208,0.0092112068816086,0.00923211618430602,0.0339064658510686,0.0500894777323449,-0.00440863793222632,0.0302886897663038,-0.0114930821870831,-0.0130847211828364,-0.0376430726199041,0.00872664275125945,-0.0180876080493824,0.0409458641115219,0.0212715894549947,0.0249809375898364,-0.0129108771737219,-0.00223369612160843,-0.0526661897518777
"ZFP82",-0.00178918786971922,0.0104968125127994,-0.0107334429848834,-0.00765635408270719,-0.00489408573297118,0.00634197500699463,-0.0159516915848955,-0.00288188564102819,0.00392915146587207,-0.0159839519072708,-0.0140432209076757,-0.0207761952916594,-0.0138127310006659,-0.0147753886506449,-0.0111976120770194,0.0187802558521505,-0.0139693677262557,0.0181888887900723,-0.0010623165616941,0.00123016011288152,0.000537204126425647,0.0205597610670863,-0.00359538775512335,-0.00664431886342467,0.0187212019356614,-0.00665527282131803,-0.0106288653940064,-0.00890913300822407,-0.00181835196464076,-0.00485407031167152,-0.0249115666960848,-0.0308023991024811,0.00729008327323659,-0.0324832734262446,-0.00230320102201078,0.00577245535263043,0.0101281279626113,0.00546797382636968,-0.0148850542794299,-0.0098598785842635,-0.00894540835479013,-0.00412411256107046,0.00915005673580755,0.029379566956031,0.0123635000603323,-0.00794141997287236,-0.00419906203788473,0.00990721205161371,-0.019613870610186,-0.0271118487326895,0.00107028159955412,-0.0148191784258475,0.011327770562542,0.00808809401316545,-0.0116236985476283,-0.0147935486489608,-0.013892658820189,-0.00329786335643204,0.00427221160983676,-0.0228387211625989,0.00782816078267553,-0.0270604478569146,0.00506938900630563,-0.0030626297864864,0.0368243423937825,0.0397592008520311,-0.00912542892594201,-0.00670962882477283,-0.00755415781671136,-0.0406542275305144,0.0107937016209427,0.00422147916579312,0.000270978021870768,-0.0113596731595656,0.00831705534976694,0.0114462345194575,-0.0152470971852484,0.00608247191666984,-0.0136440067503795,0.000625936669674552,-0.0133164362978776,-0.0176250696103229,-0.0266600129791942,0.00810603593177616,-0.0106860229705767,-0.00907205594440485,-0.00609295624284281,-0.0277337318991929,-0.0156141055476479,0.00445696600569284,-0.0268237919980072
"ZFX",-0.0047698986239669,-0.00387547905597882,-0.0199352975584753,0.00789640711167301,0.00144045660747359,-0.00697364817101992,0.00888997576633426,0.00400846107527764,0.00620757384508507,-0.00653760614466679,0.0109070633204021,-0.00966295565491816,0.00876047749835445,-0.0192891620109897,0.000790550952011421,-0.0185449585140512,-0.000772521490831741,0.00907742148036927,-0.0200110946874687,0.00791841090329685,-0.0175001501061079,0.0110210165478231,0.00312964679036386,0.0098286050901741,-0.0140426219975098,0.0157523697302464,-0.0190233083403763,-0.0042533612073466,0.0280281616044588,-0.0391618830481726,0.00962528036485662,-0.00313725661233025,0.0109978164393775,0.0012961862924821,-0.0142506212930479,0.00352603168476245,0.00601612147226063,-0.00107510224510053,0.00531332309208743,0.0242911661368975,-0.0180659317216403,0.00946656422685748,-0.00677561574362691,0.0121480425919191,0.00925133886012279,-0.0299370986993404,0.0156346732490164,-0.0076019274740913,0.000587359609331732,-0.0172474200672944,0.00561421152914649,0.000300340963797545,0.0289889518084042,0.0143912949471775,-0.0132124244132952,0.0293725334279843,-0.00147686176733598,-0.0181889941171959,-0.00397682724568507,0.0136942689468028,-0.00903632103669424,-0.0251034410907951,-0.011917441023359,-0.0290663984192091,0.0181255050115435,0.00544465833620205,-0.00292507966873832,0.0204109283831565,-0.00031521210930855,0.00267996198584347,0.0117833608638664,0.00554186246938241,0.000391481734317036,-0.0324138932730636,0.016529690259991,-0.00857857668396482,0.0247154208573913,-0.00274277055271271,-0.000795017070581032,-0.00658586437647172,-0.0283434883240169,0.00406089237620473,-0.0100543763996022,0.00835123658460923,-0.00880042055581723,-0.00173576554733431,-0.0255370894171027,-0.00543255674102818,-0.00270614696750081,0.00668203267336043,0.0158179928606792
"ZIC1",-0.00538851977089225,0.0136558816166776,0.00840526934479365,0.0216445481078057,0.0244599198577777,0.0002126901059534,-0.0170540653202399,0.0153593349733408,0.000192923921779136,0.000360830413628266,0.00444254726157605,-0.0133247059175292,0.00565115848508177,0.00459819275462715,0.00664174658613571,-0.0130184570277975,-0.0159506207496161,0.0152836227477333,0.00587735489724879,0.0124461089335609,0.0176999028523382,0.00715795332012468,-0.00411026661938225,0.0322795022019029,0.0330636689183977,-0.00754620599503658,-0.00364192000958816,-0.00203666697791854,0.00043807182725195,0.0048371351424467,0.0248157356131664,-0.00339101035467744,0.00839419273426117,-0.00722132762885744,-0.0309446008105394,0.0103078049506108,0.000779896683783848,-0.000299325420215543,0.0188767107283399,-0.0660886510140271,0.0165958803659757,0.0293182741791024,-0.0343944721095411,0.00818553920876421,0.0128361159081879,0.00912004981465103,0.0101810465051918,-0.0125563987527615,0.00673069976508853,0.00371246582669288,0.00464853279559254,0.0274299198645656,-0.0136135642134421,-0.0188070565457957,0.0102849742152454,0.00531640682744369,-0.0162879985406223,0.00122761254451642,0.0121644440886412,-0.0192842629580589,-0.0237524100511123,-0.0317532449979008,0.0167637702276242,0.000369336870258693,0.011017365682669,0.0171836963856374,0.0152753024710907,0.0133751102943109,0.003209160173728,0.0054352038587848,0.00510079494435413,0.00219575402088215,0.00348018635589306,0.00084364370057669,-0.0130690050603724,-0.0281598953067697,0.000370661785395871,-0.00541344521945555,0.0102154832598219,0.0148960730673433,0.00901135390461005,0.03346014121431,-0.0092870928198409,-0.0041861622321908,0.0139952472397279,-0.0155414439626331,-0.0152201675474347,-0.00160498171403897,-0.0104035820966771,0.0481961986061924,-0.0230840069778405
"ZIC3",0.0166603327962725,0.0154202777469282,-0.000234825516960593,0.00242908633846745,-0.00606064724351948,-0.00980912455075646,-0.00342531380884933,0.0132267289650511,0.00203762710259614,0.000604640685122011,-0.00866130895230188,-0.00973038307342534,-0.0190681142438693,-0.0214079438017733,0.0188368749841045,0.000514367751739799,-0.0092957886651596,0.0166602980243204,0.0175142220813175,-0.0121139619261149,-0.0201139524280442,0.00435573504974934,0.00514811717335635,0.0337988773918351,-0.0208525719097668,0.0195230645706132,0.0199209142065323,0.00630035099872226,0.00156015094246118,0.00240183118598143,0.0150577068217668,-0.0108567630064147,-0.0239667144048342,0.0103480615917627,-0.0308012699250257,-0.00921784378160896,0.00206650026213259,-0.0118785359174326,0.015310783889932,0.000674820380376354,0.0112951644775983,0.00106471139500494,-0.00516554089956428,0.0151712145494271,0.00411325509729086,-0.0194246005138873,0.00101864845930946,0.0337306408698386,-0.0193179114266922,-0.00197852480195133,-0.00241553821282275,0.0178488275700846,-0.0126243008655203,-0.0217330045071123,0.00248236215401542,0.0148958532415313,0.0164734710656203,-0.00414004515513901,0.0069345060340185,-0.00975633509016486,-0.0183057208800978,0.00234334442227854,0.00060768083360964,0.0104052668379109,-0.0136054794090481,-0.0329383217358594,-0.0160045714688112,0.024444758033423,-0.0158129056610517,0.00306978456763629,0.0219508659758931,-0.0164532772263251,0.0154056401135336,0.0106784626812539,-0.00102939588432095,0.00023155967921025,0.0191933317331873,0.0101748910202054,0.0124657832826539,-0.011267619243172,0.0104041097907662,0.0107671803849289,-0.0164429195773958,-0.00593975490469361,-0.00939382455927717,0.0297846212576945,0.0176921655143892,0.01773944647293,-0.0170345998342471,0.00292487511025888,-0.0122186307179411
"ZIM3",0.00177689431862344,0.026368774626622,0.021077019587542,-0.0130484439096536,-0.00972161026868835,-0.00621224053720557,0.0138101142400668,-0.000490969794468667,0.000216656481114311,0.00153052248263491,0.0363185200631918,0.0235967643785508,0.0289536452377855,0.0074287464474966,-0.0111747220366411,0.0124072839248551,0.00901020372880021,0.0165967204332671,0.00713765335762529,0.00651409423085583,-0.0235202254331762,-0.024320390861934,0.0300481347492699,0.00361585239249366,-0.00212126814215895,-0.0325664202367422,0.0177048148039155,-0.0202643600054871,0.018999810596602,0.0404257951327664,0.0215677355750023,-0.00129248774941365,-0.010935137709568,0.00897151612642352,-4.78622725051373e-05,-0.0143058957731739,0.00814813072686227,-0.0174205349610286,0.00538027071325707,0.00481513658356175,-0.00347813987234632,-0.015962606834092,0.0163719730547602,-0.00145313410509662,-0.01389648792769,0.0175987669399949,0.00328544402762863,0.0375240392840798,-0.0109136937815469,0.00798764512020129,-0.00455880897379391,-0.00158112753685063,-0.0121691670010734,0.0142391028067598,-0.0251056493906904,-0.0157505951239608,0.0198699489665741,0.0327672642699065,0.000461114049823345,0.00124635822735701,0.00574263050606071,-0.00161371517611251,0.013203572657062,0.00278850407300756,-0.0297068618296542,0.00620888449402618,-0.0122213896235754,0.0227858389148672,-0.0241593069196121,0.0123248382753166,-0.0243812512692088,-0.0253956354532829,-0.0257698796850888,0.00754067472448527,0.0366741788468176,0.0241568943815906,-0.00266628130480093,-0.00565360674076702,0.0145948035906164,-6.62514669198536e-05,0.00105218740856704,-0.0177474610342628,0.0296871315215377,0.0174707576916425,-0.0111667247545088,-0.0228861732743494,-0.0028352105628828,0.0285950314951664,0.0102426167314325,0.00865774635118227,-0.00325093414612631
"ZKSC1",0.00320082561543742,-0.0209342553608349,0.00937339548827333,0.0554884631044642,0.0103578663207118,0.0211391261484725,0.0793851881928673,-0.00212044900861304,0.0528810585118637,0.0190399329252141,-0.0157433075561052,-0.0170600448142634,0.00748492124584982,-0.0113034506001935,-0.00188876712348403,-0.00602308510021623,0.0184507276507809,0.0139722942456195,0.00978658300577269,-0.0318600605359223,-0.0152628989251308,-0.0468638727877056,-0.0289735850177427,-0.0208571866808279,-0.0349579588569945,0.032950807732662,-0.0106710564336134,-0.0183688016562091,-0.00357196948775035,0.0187208393168366,0.0035417604008558,-0.000906849625244831,0.0299156478703946,-0.0347636075747533,-0.000545853876201126,0.0666819182872968,0.0305683849925453,-0.00345964092866891,0.0116262318031778,-0.00587884857190204,-0.0208276724213336,0.0262538222151033,0.0160287788857467,0.0304310922127468,0.00595925725658915,-0.0207013811453988,0.00679039067769114,-0.00198520303260501,-0.0139317240212171,0.00188146301032024,-0.020817725565568,-0.0134825614749326,0.00638468465156865,-0.0092920894226558,0.00101776815409135,-0.00195267857237859,0.0353732187029937,0.0127701764250197,-0.0203673087396663,0.00522860451633008,-0.000358585302527963,-0.00307683308234635,0.016254057863436,0.00777367707232607,0.00800626802018464,-0.0144221303705806,-0.028901853595725,0.00952127607376045,0.0212383002683683,-0.0245652441035142,-0.0475281390218354,-0.00183762376258831,0.0187531220222141,0.0458054520993562,-0.000818225962201806,-0.00534376066683813,-0.0557655380678837,-0.00404274257998861,-0.00240555880117501,-0.0105052808196917,-0.0129304893951176,-0.0520677834261028,0.028974855476142,0.0200923987649314,-0.0163684623462978,-0.0471329263188284,-0.0132215844238118,-0.0419814182525141,0.0219807864100836,0.0241322601391675,-0.0269405065416237
"ZN121",-0.0206071409294784,-0.00131462086023566,0.0065744317342507,0.0054017343949483,-0.00798011633862866,-0.0219561833876265,0.00827739050663467,0.0171075213342514,-0.0295709690585158,-0.020354671234158,0.0199784783770369,0.0169128507567545,-0.0167523912261748,0.0440539350705301,0.0124547175248755,0.0131993568411299,0.00512717937278001,-0.0262307660642886,-0.00384178094390914,0.0315464699058025,-0.000136506780720372,0.0111977053788033,-0.0298706998619925,0.0137041915796424,0.0326920263656977,0.0173665687785116,0.0359086351232216,0.0020227070859877,-0.0159198503161042,-0.00490503188329201,0.0163450659220401,-0.0187861241049533,-0.0439492706035845,-0.00351002069907793,0.0124861352637704,-0.0150935084180393,0.0117698788061847,-0.019815470145857,-0.00430895129241301,-0.00791888196055969,-0.03449445088062,0.0099605880711342,0.000284482193650823,0.0161516437641918,-0.0052903920473009,-0.00400614474316021,0.0176420378883842,-0.00530468059432459,0.0120165077110815,-0.0223392357504787,-0.010336439880645,-0.000365238460434478,0.0202863912111525,-0.00441044364417004,0.00132279278923978,-0.0187775671737315,0.0226141074288971,-0.00874528287820633,-0.00468203187743446,0.0188440919943371,-0.00755091925607973,-0.00429819991340483,0.033240921533902,0.000881256693582655,-0.0269484785173952,-0.00438762223010817,0.02108609240624,-0.0181084470878779,-0.0107866444577898,0.00208511011743823,-0.00924210543579538,0.00654913854014349,0.0183233758249073,0.0132760827320525,0.013511689885138,-0.0087446988741113,0.00959913408308956,0.00435858371312831,0.0068432068937262,0.00921770742966861,0.0093468819818507,-0.0237199831962652,0.017632961235666,0.0304034599730067,0.0180160746288551,-0.00235119200527684,0.00281898069652502,-0.00336077687825654,0.0225587541970124,0.000496099016389893,-0.00113029428141764
"ZN134",-0.0554296191832708,-0.0162195234246524,0.0178363586962431,-0.000811741497444053,0.0221332645746699,0.00983427001614625,0.0508606482144091,-0.00923005823615263,0.0471833599474109,5.50722654418643e-05,0.0088849694502534,-0.0392313916782818,0.0108903092651616,-0.0168261606502757,0.0177821486428486,-0.00121069065155612,0.0147868005581169,0.0104122094025514,-0.0111348726015892,0.0074300187494989,0.051965396966354,0.0178995743004113,-0.00072326902030093,-0.0250911889020704,-0.00927574839943732,-0.0381828988800794,-0.0493719507510145,-0.0100502349127564,-0.00668192644428376,-0.0111683410467311,0.0227557752283192,-0.000398068251701853,-0.0195945312857677,0.000626752129449913,0.0173887849681763,0.00610928806483361,-0.0366756520993354,0.00114103746354101,-0.0075622722637331,0.0340180154932542,0.0180628741916092,0.00684542780653263,-0.00665491316774404,-0.0173189666074081,-0.0112017567243791,-0.00393494953363395,-0.0215642134110963,0.0218751822056621,-0.0136516624562167,0.0190369347551799,0.0163022788721237,0.00347764369730595,-0.00389723394957446,-0.00559241239691064,0.00249307003120437,0.0256867993958992,-0.0287160575397626,0.0227776668047432,0.0194112482975244,0.0097355610695794,-0.00702127993786613,0.0111109107640771,-0.00961732493332116,0.0143844586697923,-0.00203288078034316,-0.0221903515866359,0.00818805705100726,-0.0160472117297644,0.0077592487250743,0.00312240660594727,0.00353390917067215,0.0219886276585286,-0.0151614955736154,-0.0224702421007624,-0.0201629471809376,0.0471879656000748,0.00478346284931676,0.030361596151442,0.0044484393865378,-0.0148470566266441,-0.017952637054928,0.0289239584558017,0.016079947137816,0.00566373267492608,0.012343669325067,0.00709705140408349,0.00306039453584976,0.00112291360734078,-0.0248030007028426,-0.0165298486106853,0.0383786566781581
"ZN136",0.0164379670477233,0.0219783046741285,-0.0169812455242108,0.00102430468141223,0.0047332154589562,0.0471378968065033,0.00280177880681974,0.0243517494156321,0.00529418102325849,0.00311019692716242,-0.00404576619739676,-0.011350621281447,0.0157815970987522,-0.0123187632780563,0.0403251859094306,-0.0131224544816891,-0.00700521950644865,-0.0515197551483297,-0.0291366847931777,0.02337604062479,0.0291262738489172,-0.00371402136656976,0.0139403035406875,0.0667692715280361,0.0040604114531946,0.00806865727315736,-0.00500159208285107,-0.0217019522332748,0.0227439929095458,0.022902075215805,0.0264397472081439,0.0309231417321675,-0.00123333940883297,-0.00768377248754282,-0.00380313731119253,0.00434469807877781,0.0029388338175046,-0.00760326713136245,-0.00643900965571186,0.0293583294672973,-0.00605389593246084,-0.0224022002609287,0.000977197436764388,0.0117275894209474,-0.0277675068055986,0.0225935485828173,0.038936868660072,-0.021935141963313,0.0313493148471375,0.041076324696141,0.00789553682726139,-0.00454185317294539,0.00793193782098524,-0.0137851655740625,0.028664993182532,0.00446264264527058,0.0145463363725444,0.00814805017350517,0.0104801247416112,-0.0339012538492958,0.00274358348146921,-0.0123466021436423,0.0336492029189274,-0.0384322271169138,0.0192033618235006,0.00997525497370342,0.0222932078433785,0.00942514216725359,-0.0189639900823791,0.0384230822481597,0.0484988212641638,0.0350024517686482,-0.0133517290829395,-0.0236564796505256,-0.0514326769991142,-0.0032886662578202,-0.025856169518757,-0.000324317389846757,-0.0345895933400878,0.0026836530152032,0.0390765819740851,-0.0423332591517517,0.0081091167933733,-0.00215643376314365,0.0584054729294348,0.000118547843245224,0.0122756975246218,-0.020975248746753,0.061737209428059,-0.00608901475948628,0.00555737443019642
"ZN140",-0.011806471532158,-0.00142529861502325,0.0253682763458912,0.0119371629136658,0.00452529136214829,-0.0163687583332634,-0.0209232328335955,-0.00223550497136348,-0.0325543101635297,-0.00312248595614419,0.00571087142389309,-0.00833941470257652,-0.0124875452844988,0.0169103918133617,0.00738736505955206,-0.0019876562667904,-0.00598895559368658,0.00249477164854284,-0.00080974484916069,-0.00153595688147531,-0.0146567012558093,0.0156416837167668,0.0179548468677551,0.0151365722037553,-0.00689883347099442,-0.00148463470833039,-0.0354113793278691,0.0102971125905909,-0.0137254274054473,0.00101108185113766,0.00587636870601016,-0.00236440296790473,0.00377347742516725,-0.0145161528932086,0.0441833531807978,-0.0108037883030704,0.00319793599892573,-0.0232653100499159,0.0334719852691797,0.0144226892131103,-0.0111174028205873,0.017612764250346,-0.0155382111507673,0.0273209189192937,-0.00900763626500964,-0.0210592653979664,0.0360276459761016,0.0110087345928121,-0.00586091919158792,-0.00651304403950324,0.0026679534090211,-0.00112649823443553,-0.00170901440585873,-0.0153892014545762,-0.0403271688599748,-0.000616122863235343,-0.0483604352537749,-0.012746976572526,-0.0190404386066327,0.0021838049933024,0.0184684979512203,0.00931215809752769,-0.0303006733346817,0.00973170063744488,-0.00331331057820105,-0.0152357789233942,-0.0203048133681216,-0.0109477358383551,-0.0587235420201882,0.0266094676518472,0.0319698591964774,-0.0132744320849593,-0.00385039519155137,-0.0020239245277946,-0.0388360487957683,0.00838892336644146,0.0231774566499566,-0.00629643008773571,-0.0119428213743499,0.00442180103878556,-0.00265920133478778,0.054583239294063,-0.0690559815458287,-0.00247611713658779,-0.0107048449212477,0.000551828922212579,-0.0170915571972304,-0.0182442237088007,-0.0249031837583384,0.0153824616459452,-0.00385367964078126
"ZN214",0.00743205554539821,0.0258682473391664,0.00511743846858318,0.0128363392446155,0.00594974742635871,-0.0100459014126585,0.0346410283877975,-0.0182931942691255,0.0153803062961038,-0.00459120205163903,-0.0271758035535594,0.0171347442530457,-0.0289135279784406,-0.00868535814352898,0.0432837908787864,0.0278306597379157,0.00282597442964081,-0.0176092551743119,-0.0293220418253758,-0.00385654099170525,0.00267536853304374,-0.0133692291477529,-0.0156201260300878,0.000520705050380498,-0.00950117590890503,0.020201012582757,0.0388956966274969,0.00222423658807977,0.0263762164461445,-0.0113042963344285,-0.00869657191151784,-0.00568982078652628,0.000727146923989822,-0.00980248526615889,0.0270832411914402,-0.0261220117426076,-0.000652668296649924,-0.0161165366915151,-0.0106363021359555,-0.0368792933375892,-0.020496613937574,-0.0241236717827383,-0.0183527611140459,0.0355721489329932,0.013959575422165,0.0173294397527168,-0.0142738891911901,-0.0183397741284166,-0.00675625212311725,0.0328799101725771,-0.00202255657917872,-0.0074123667714813,0.0201998309903183,-0.00598267498632389,-0.01586216449909,-0.00217509281680451,-0.0217074935514583,0.00503048523237278,0.00341856603603794,-0.0122732002055903,0.00193205099432375,0.0642074414494546,0.0448957387289155,0.0080852077209006,-0.00682779329042292,0.0134580015413155,-0.00923205381663009,0.0214714042053647,0.0383326769687971,-0.020253287514722,-0.0442458031767262,0.00498652987308071,0.00913524630623446,0.00783010586311967,-0.00862117604647491,0.00250904620514601,-0.0205273193778443,-0.0315811337588685,0.0190154213689832,-0.0164767269489599,-0.0100044449731769,0.0316720332562671,-0.0258869899182116,-0.00905889277152436,0.00212214578241844,0.0285644761149332,0.0300656732567485,-0.0368191575072557,0.00150997877639381,-0.00810338227986446,0.00882387341993147
"ZN250",-0.0225504694441216,-0.0233122233069077,0.0284468480698618,-0.00917757900989555,0.0593002332196164,0.000187255015915194,0.0146343668065349,0.0205588068413521,0.0120794580383995,-0.0115754056780781,0.00177954950616235,0.0132780991535471,-0.0340205125850372,-0.019104821390491,0.0174734473714946,-0.0338446429252013,-0.00584060672058073,0.0207182619358841,0.0449981787989931,0.0377623208585594,-0.00955365521872829,0.0152568921115219,-0.00857539465411994,-0.00811209236107796,0.0214819928628754,0.0145263567310099,-0.0301334616541162,0.0437434991876189,-0.00990490121335335,0.0193428643722373,0.00491711065514923,-0.0128086066312982,-0.000161159233405929,0.00448808329517865,-0.026200446915515,0.00576114067426726,0.0392923237091418,0.0178267822287332,0.0106968298714784,0.0095151280625434,0.00298712159659069,0.0111498886506037,0.0382943769583007,0.0539636700466708,0.0133225293580023,-0.0299490836354162,-0.00832780455520454,-0.0071958199584354,-0.00556792080965044,0.00322098404259187,0.0178349872393617,0.000965736846681717,-0.0168621210816706,0.00156674703906685,-0.022472320450643,-0.0219047702230537,-0.0605897852394118,-0.00613512440506815,-0.0020793481932668,0.0315992319456638,0.017129890272581,0.00346286673733912,0.0231105694975896,0.0215347975054058,0.00375245263527816,0.0298124228457364,0.00584165687197678,0.0310893783342382,-0.0489393984642859,0.01198544544949,0.0197402559776191,0.0177161851488956,0.037585823623713,-0.00966155563805695,0.0268157248394619,-0.00256057917868939,-0.0151007719156241,-0.00240981680226486,-0.0389215903301691,-0.00767371785995857,-0.00830004114695978,-0.00877848484727892,0.00664671000038712,-0.0230672353742199,0.0115442629514918,-0.0238861562389431,0.0206647101245498,0.0156847207515181,0.0630614310971736,-0.00592359048032754,0.024672342628123
"ZN257",-0.0163548926204198,-0.00718468963527449,0.0067593219491243,-0.0081273753393003,-0.0225523376467058,-0.011222595892165,-0.023957625440646,0.00787852002271499,0.00342975469039707,-0.01008550273825,-0.0338579309269111,-0.010164728566281,0.00459083952635946,-0.0148827652294277,-0.0078460782365445,0.000867432650793185,-0.0143615791725278,0.0184869556285001,-0.0151051793673029,-0.0194721953463821,0.00699606363814445,-0.0123079489315372,-0.0185782917352106,-0.00651188990682114,0.0224834544160362,0.0114083802829026,0.00487452716510404,0.00152729877366779,-0.00178255772496262,-0.0159323706687076,-0.00601118322902054,-0.0028487213287689,0.0234778370311304,-0.0336685234772945,0.00613088518824539,0.00122994127196409,-0.0160722905996224,-0.0160167074131657,0.0175758176124256,0.0215358333079881,0.0102099147615738,0.0175745255127725,0.0209993613920667,-0.0260736307585968,0.00767106406019153,-0.000311817864998949,0.00377525525267655,-0.00214097270358619,-0.0190903104084398,0.00588056238387046,-0.0150024860604917,0.0289168949912456,-0.0240484660840853,0.0245258120081184,-0.00691884047456881,-0.00204707624883651,-0.00137681711812997,0.014983155625368,0.000950038613520071,-0.0089322709049981,-0.0285916270547876,-0.0254345860466746,0.0116950655132307,0.0652474939234731,0.0256394289332097,0.050142748080353,0.0184198183393424,-0.0122512110620154,-0.0119478528866345,-0.0384908006557868,0.00562004878642465,-0.00773456515372113,0.0114172604449936,0.0159883390294198,0.0196012393410928,-0.0124071122361332,-0.0015255104184242,-0.0155730475643189,-0.0156222499997531,0.0130739058185615,-0.0144050304613958,-0.00864313123377683,-0.0192208594989026,0.0116722890293497,-0.00188246708449808,0.0179682048902519,-0.0171896540022635,-0.0351645387077115,0.0273887784696041,0.0123363445516553,-0.0310286157890226
"ZN260",0.0397860477943069,0.00504082724502337,0.0139893548217739,0.0224267141073578,0.0112781645569411,-0.0017748081178466,0.0372520656150623,-0.0202631192205712,-0.0173728975285609,0.0603274172566598,-0.00563844215635649,0.00322365745494683,0.033881212020553,-0.0076099434816091,-0.0228936391313796,-0.00387326873494103,-0.00379129900286607,0.00830188277658462,0.011555830904005,0.0116746551228077,0.00377589749834539,-0.0196987949377704,-0.0123197814878113,0.00358667562087033,-0.00221842411336052,0.0435171102466341,-0.0378438848859168,0.0156492521278581,-0.0192650161284338,0.00368402275574602,0.00693803464981946,0.0176710879233317,-0.00120293583283184,-0.0170602521369327,-0.017609801719139,-0.00637092831461289,-0.0216188814303034,0.00940563195614414,0.0386304561393352,0.00407896751746082,0.00246029208919082,-0.0577800389174865,-0.0210080114089144,0.000151014554560293,-0.0541057075736812,-0.0548665610392926,0.00743043446575069,0.00414566583033076,0.024843128817049,0.00103372879807826,0.00152070747468401,0.0296648112540318,-0.0523342613614203,0.00499835986695174,-0.00370050993783562,0.0154107550971104,-0.00954751716057133,0.0167061224869687,-0.0289472870605121,-0.030879698104054,0.0030741879638607,0.0398796530617602,0.0385697731608543,0.048679457400357,0.036082054592686,0.0161611199230128,0.0368996765271797,0.0170994787284512,-0.0237202801089703,0.019149526000981,0.0335261648168136,-0.0321453471904111,-0.000979551128018873,-0.0205474332503447,-0.0213796461520596,-0.00230913783209562,-0.00561581190700282,0.0135183791753522,0.00578880253780678,0.00303575255568044,0.00121468635391369,-0.0139365821521617,0.00964705289522148,-0.003416318584057,0.00988766116022057,0.0164969012552832,-0.0358807432486274,0.0364951935020461,-0.0211319007992023,0.0244824785794201,-0.0151801518625322
"ZN264",-0.00992588717260942,0.0111047556467026,-0.0103738668190276,0.0294938125226717,0.0171389697936088,0.0321133515313975,-0.0131068984170718,0.00976423003003951,-0.0126975188662524,-0.0059416789313465,-0.0651716370857786,0.0208895957630854,0.0377247698622761,-0.00288268991428683,-0.0269587699040326,-0.0083167734463414,0.0022581874159963,0.0130995952711494,-0.0030870405058115,0.0258557238788144,-0.0260783918481368,-0.0162198568970033,-0.00904305337729736,0.0438382508259879,-0.00212849849584983,0.0321096372180639,0.0228681381494597,0.00716265670420478,0.0132904058618711,-0.0435771003653564,-0.0155056440154777,0.00616949250567873,0.0103988423842605,-0.038558535060362,-0.034363929714212,0.0423611620429837,0.0024327970061804,0.0115564214234773,-0.0305124366620869,0.00248306904103118,0.0569413349257264,-0.0221658460448536,-0.0346311093453748,0.012979961452522,-0.0235010719489754,0.000874502460523863,0.0314853116040138,0.0293602461235879,0.00113801965832565,-0.0129441097382135,0.0134327236427038,0.00636837199671391,-0.0179350266797098,0.0202260329333914,-0.00598848296964302,-0.0223197509372621,-0.0113249479429527,-0.011374562003419,-0.0201967185556305,0.017957236035604,0.00203115926322805,-0.0251639359868554,-0.00493074319459256,-0.0162704467316696,-0.0166583063855807,-0.00334638042728798,-0.019631360276923,-0.0146304107572247,0.00315432754350697,-0.0283473505397082,-0.0256968277274063,-0.0305290324924123,-0.0239908826927302,-0.0491991008722421,-0.00124968653947905,-0.0498985722037667,0.0276483316628879,-0.0266867068390006,0.0368098505662938,0.0265420001565947,-0.00504752960277354,0.0263909278271945,-0.00987792903414237,0.000140960927210539,-0.0189640179680255,0.0271275434449865,0.028679867575837,-0.0305738488361811,0.0442268045753306,0.00449778908535255,-0.0186559010122266
"ZN274",0.00897559483328393,0.000225978808961894,0.0100741885744933,-0.00227372849255085,-0.000363973306802564,-0.0120753510310696,-0.00109155318774828,-0.00740745213478268,-0.0131509345153702,0.00955729599754899,0.00445171036505877,0.024499840095863,-0.0215561511405763,0.0113151353810745,-0.00417108815892079,-0.0165579164841777,0.0223205909417902,-0.00932685192934218,0.0265725037024321,-0.0164889189838619,0.011546047883122,-0.00148086434825201,0.010063656836183,0.000988358325064943,-0.0181507052338931,0.0295202040932212,0.0158539632557255,0.0294252486164306,-0.00221992823217941,0.00376486897287044,-0.0113619697601253,7.0955754166006e-05,-0.0101401636062082,0.000391695697897018,0.00762463183033472,0.000486039682215869,-0.00166436327602543,-0.0120404576134922,0.00106047312805132,-0.0172442656384179,-0.0105779802829115,-0.00413627007279016,-0.000489446341502365,0.0116721785384396,-0.00293678598577668,-0.00523896617327021,0.0326020365560186,-0.00690887961878291,-0.000505259399992889,0.0131066085306801,0.00618078592619881,-0.0165867647359676,0.0362419352901065,-0.00598377859042288,-0.0380533182944547,-0.00737861815591636,-0.0158212654687642,0.0196057124002143,-0.0116508053965445,0.0261241855716703,-0.0165422507201932,-0.00271696131574016,-0.00273322441673906,0.00277401433669577,0.00331838191473493,-0.0134949822622799,-0.00524829079728044,-0.010824337230619,0.0270198389561357,0.044281397967858,0.000170043426146122,-0.0242988552143734,0.0140957293241256,0.00823721164019495,0.0366933044240562,0.0346092821483546,-0.0339977763697705,-0.00472939722662124,0.0138576695359095,0.0219084784764194,-0.0103932024711916,0.00676068611102909,0.025962366319098,-0.0126417649741247,0.00219656833322371,0.041273874138965,-0.0398133894668555,0.0298384176777827,0.0288849927728794,-0.0199920330136709,-0.0213705936781309
"ZN317",0.0246141406144758,-0.00670991730728221,-0.00750889089387996,-0.0237540741539956,0.00748890574722997,-0.00451061210128681,-0.0130812430743993,0.00823201486329799,0.0258796935771015,0.0333515988295919,-0.006927267771258,0.0169003405587359,-0.00577435541179075,0.0491713805785285,-0.0216110055999908,-0.0383720827721319,0.00583915747751908,0.00810212333458834,0.0260863407765219,0.0279533826337632,0.00337856873383148,-0.00583623974636344,0.0075375330936151,0.00415355500370025,0.00666592971569664,-0.0238972659282631,-0.0145577237471176,-0.0295195688289338,0.0410613476610697,-0.0416356484495309,-0.0191507191958682,-0.025232074328257,0.00720579755812772,-0.00668787596265662,-0.0223761242408488,-0.00993349328851739,-0.0295942253497898,0.0104757663530946,0.00473120253733864,0.0259901940070796,-0.0107106301759991,-0.034010688143718,-0.0375015465975254,-0.0139943662973991,-0.0224104218753418,-0.0328854418368716,0.0138117110983731,0.00396915217795088,-0.017771606260789,-0.0139068388530475,-0.0145136129423339,0.0245769500357919,-0.0184027346455627,0.00652481371573141,-0.0437042536010285,-0.0273439161777439,-0.0100847868150898,-0.00855134019577043,-0.0378283933596914,0.020865409029937,0.0302837002034188,0.0285672829872065,-0.0211580219276993,-0.0117265888767179,0.0417222406449164,-0.0364268281961677,0.00235202402491785,0.0149632084846196,-0.0264951376446958,0.000343401121766979,0.00158274004090331,-0.0152608767042476,0.00276445974557458,-0.00882432510350599,-0.0061532077751861,-0.0319842556422301,0.00831701525421053,-0.0232550803431837,-0.026565031118167,0.00925269118637024,-0.0154411046211691,0.012663255852612,0.046104474042347,0.0225692832626839,-0.00150797412107439,-0.0100734511604533,-0.0187924541386253,0.0397707465621659,-0.0198035791941932,0.0475966863752354,-0.0178058025262206
"ZN320",0.00671543693005635,0.00951888477595583,0.0260373659185201,0.0128317328110762,-0.00961539511503694,-0.00907924731395704,0.000584290647114552,0.0051973203960109,-0.00797375934186966,0.011789613337938,0.00544975940039643,-0.0111810353608087,-0.0128209869060493,0.0193230128890772,-0.0139533938628652,0.033012937328178,-0.0331240285463487,0.0150502416818813,0.0132727012917265,-0.0146606234877205,0.00261732147491248,0.000517999287574459,0.00631716425153233,0.000619582372464594,0.0151928184733967,-0.00559410854610625,0.00531151375824903,0.0155646842432387,-0.007490507747857,0.0117513666680895,-0.00663386838961865,-0.0106696519927713,0.0161493468809283,0.0071632027351951,0.00306473975963869,-0.00780291151168763,-0.00987280760123111,0.00527288509662801,-0.0023526760045953,-0.00258403959493587,-0.014273659479607,-0.000993577445337379,-0.0180272881973157,-0.0334362580874576,-0.00177311103996815,0.00938758761892273,-0.000788192636314025,0.00700186840334724,-0.0172729962247347,0.00217932051574251,0.0149938615387124,0.00428434351257263,-0.00101808700765672,0.0122701499632643,0.0200172190886812,0.00165010434624761,0.0203072287739511,-0.00373191001010949,-0.00538785540440563,0.00203288944609158,0.00348476931599467,0.0145289144671043,-0.0153456885122038,0.00958299216074428,0.00436531834616581,-0.0266659604613015,-0.00520077612205002,0.00177926050390887,0.0261212313898491,0.0358228244911892,-0.0122164354484584,0.00227945130416768,-0.00539703357322768,0.00881061898879791,0.00631949342085337,-0.0131945581800203,-0.0164574859700168,-0.00953464489302893,-0.00266745695016083,0.0130055745468224,-0.0102579797437657,-0.000996262666658466,0.0142685616436626,0.00305242923541035,0.00192104434768792,-0.0153789603652662,0.00539334328107006,-0.000184078081683147,-0.00594125481740081,-0.0151595553240689,0.0382246126050879
"ZN322",-0.0149090276987797,0.00629645782331485,0.00789719590900623,0.0290122430715826,0.0071552332715422,-0.0325835204448616,0.00564180711041221,-0.00487795906159009,0.00456136623465284,0.0126041400930045,-0.00531141292370067,0.00221490481946126,0.0166847453645708,0.00999589497123072,-0.0348323011603341,0.00152967367763314,0.0133641582121062,0.00183629863715353,0.00776083761825058,-0.00525637666839492,-0.0201224665952637,-0.000968169939071615,-0.00275415581878159,-0.00321503166129223,0.00595890576137181,-0.0100724456587,0.00587883530116871,0.00622579564922856,0.0143245006644111,0.0250178777972593,-0.0193492560585397,-0.00826382448740363,0.0158267695976106,0.0103921191599448,0.00463808279151553,-0.0106858849744494,-0.00915140859815815,-0.0108872037500169,0.00895478508760845,-0.0232835864232655,-0.01063593384901,0.0262050896175569,0.0228494850373819,-0.0112955505926755,-0.00767206221491506,0.00944570335505584,0.00247398245065356,0.00372679300181607,0.0130238733991771,-0.00392101524116761,-0.000579159160368656,0.00788184092762823,0.0206031185828049,-0.0122235301917643,0.0137456241745364,-0.00843831719854526,-0.010158461172134,0.0105184919085822,-0.000740089875252654,0.00196748789682137,-0.00508033736891575,-0.00166387942017584,0.0169510618707062,-0.013036630696227,0.00291743109657213,0.00794731448439455,0.00845590046154357,-0.0094756804490659,0.00511336625553027,0.00673512578292876,-0.028484976538728,0.00437416696764535,0.0338342150341178,-0.0124488820814147,0.0247316762743152,-0.00535706127855635,-0.022798507412621,-0.0131661783026816,-0.00864640151441407,0.0167713815266617,0.00561324850793481,-0.00465672713639087,-0.0280766744883352,0.00179550400514307,-0.00754276823090798,-0.0105441290023264,-0.0157536771306268,0.00589785273517234,0.0305344904085278,-0.00873926090204005,-0.0386854495723829
"ZN329",-0.0142979152045238,0.00684281002458467,-0.000174099903183212,-0.0357901892380611,0.00502245093584752,-0.000165104560024034,0.0229867056947171,-0.0243409806478136,-0.0155196164249875,-0.00852288058006685,0.0217149617352787,0.0117973208134617,-0.0362725207058811,0.020094552973296,-0.0384584390702093,0.0233229576991442,-0.00803671642797497,-0.0202391066865278,0.00924109936566267,0.0105970868532153,0.0235290661473276,-0.0155318313696552,0.00181120412093976,-0.0298073484489721,-0.00481901574746094,-0.0143104431279411,-0.0305570111811854,-0.0170946511272597,0.0071021337809222,0.0321733522419439,0.00100021898720482,0.0317613342185621,0.0218400180240307,-0.0183870421871496,0.0132576355641512,0.00454406338943398,0.0224706703789615,0.0217249162424748,-0.0132635907319183,0.0182166294681319,0.00693103602430136,-0.00533870440418554,0.0187383524487185,0.0321725290863615,-0.0211066396434538,0.0274167450938777,-0.02525637289211,-0.0330783454168926,0.000905756848462612,0.00295163932484322,0.00031655477451787,-0.0248480983323108,0.0284288416384829,0.00470144143886151,-0.0101593082222445,0.0228036745867535,0.0339484063582808,0.0201091189130474,0.0117316719839511,-0.0124323315103152,-0.0243738228238297,-0.0274121685159685,-0.0403035628389495,-0.0129662344341663,-0.0186438172553704,0.0242244448603159,-0.0105374079704187,0.0097961824306132,-0.0109845939699802,-0.0114594499833001,0.0403081762317738,0.0218610221558479,-0.0123199699745728,-0.00450688037768396,-0.00487513780296756,-0.00352316265650105,-0.0154270212763431,0.0320163889978071,0.0078254383031249,-0.0296708420919105,0.018403283232294,0.019909807030495,-0.0284367135867381,-0.0130488941141321,-0.00916220568897668,-0.00899423641109914,0.0302637611901909,-0.0206215755614223,0.0370379558913698,0.013695417742107,-0.0232210902065004
"ZN331",0.0099887976240673,0.000742499619045124,0.0216192885984149,0.0231522757486709,-0.0110089547108642,0.00343538789680237,-0.0071847498882973,-0.00936682478978151,0.0085311795394925,0.0187855660716201,-0.0233362009082857,-0.00124665129558185,-0.0102403718690462,-0.0154574726725731,-0.0199659492876723,-0.00706014455129649,0.0131883380963756,-0.010376928908784,-0.00196001333107218,0.00482124863362914,0.00965002603638173,0.0191673214241349,8.56735479682247e-05,-0.0206306211645606,-0.0102723772317439,-0.0336174293119789,-0.00935472195203885,0.00609840900761046,-0.0108813135337938,0.00732270693299543,0.0136613297684614,0.00103310878265385,-0.015102898872442,0.00858610411952836,0.00412740285819868,-0.00214246391701898,-0.0231179447899962,0.0260046983489719,-0.0199588209144632,-0.0117546159749904,-0.00922961773342345,-0.0131393348777365,-0.00807893913150549,0.0114932382869659,0.00237817386906765,-0.00340021873048716,0.0206912928383586,0.0138736006506726,0.0159090856612724,-0.00401940597925946,0.000495940103927669,-0.00512907837430465,0.00278180246894502,0.00783767434743811,-0.0201128137402279,0.0207982937364162,0.00120731128772999,-0.00128130270235764,-0.0239373388871761,-0.00285094353791499,-0.0103543479619466,0.00121963465991388,0.00312662068628252,0.014887634983127,-0.0048372190554626,0.0115140187219519,1.82087249175349e-05,-0.00838152969039041,-0.00810007083256921,-0.037157949867127,-0.00470705416922537,-0.00315556876036313,-0.0200652582017272,-0.0229223595816819,-0.00149410545879268,-0.0042728131859224,0.0174147328552255,0.0072227410660107,0.0203388741288459,-0.0023207940303701,-0.00456609632632805,0.0145538459325311,-0.0157256088018913,0.00869275472213282,0.0277663293278294,0.0145532696036352,-0.0193419193776685,4.72296832943821e-05,-0.0343785477336618,-0.0068797075740228,0.0141003202243509
"ZN335",-0.00975434299245925,0.0125748499469629,-0.00581507970620874,-0.0110870165589934,0.0117175581152196,0.0241847254628586,0.000980528336701995,0.00737564934299361,0.0264567097642641,0.0149854238722131,-0.0109664012558224,0.0149393667232797,0.0162018356328974,0.019625672600979,0.024477880873171,0.00595410766143409,0.00284232216545038,0.00724396103289566,-0.012451802914377,0.0290888677698339,0.0067554449815105,0.0271445551576936,0.00125733456309688,0.00727025017502799,0.0166408277783249,-0.00236378892640048,0.0114562071695844,-0.0145170632319644,-0.0233876158240269,0.0111354162519834,0.0159334304312456,-0.0125838177892969,0.00709554480289437,-0.0164284468249298,0.00994611307387818,0.000536342855427005,-0.00143958073714194,0.0145716376084878,0.0120834094020754,-0.0166182323838758,0.0118213580068547,0.0114551102715654,0.011161296978546,-0.0171903570839507,0.0157573396640269,-0.0137250717103595,-0.00188656966925871,-0.0106045531759201,-0.00608632603927829,0.00611799579138155,0.017995821138305,0.016473820239469,-0.0214055388492036,0.00239194196182312,0.0142489884012235,-0.000729444171788695,-0.00218569046887759,0.0203101599250407,-0.00560629325698781,-0.0225598294733747,0.00671280348185178,0.00609133423720689,0.00478768776055055,-0.00531203927202113,0.0101362119608733,-0.0180182827637122,-0.00127931357803351,0.0192350262214201,0.00317642876112265,-0.00122273087325026,-0.00640323827102045,-0.00588522934287722,0.0138355312441014,-0.016488853528862,0.00907089957314532,0.00630000438608745,0.0154674309230807,-0.022188440485573,0.0128817459804321,0.0151433724858532,0.00766974191825704,0.000422839582424168,-0.00221226837970546,0.0317847103968445,-0.00320102666460266,-0.00305270435425283,-0.00392283788785304,0.0180704832617745,0.00333585975705822,-0.00383925794137399,-0.00018983109560256
"ZN350",0.0191155647270091,-0.0373325474530705,0.0433161896878715,-0.013482705189054,-0.00264247862491262,-0.0103012894925157,0.0056534502678444,-0.0104689002582233,-0.0140214533096233,0.00290778759608874,0.0204065076139627,0.00393846137603549,0.0403619572535307,0.00476007535185546,-0.00875338451523288,-0.0376816240358472,0.0449625144008446,0.000296077086948711,0.00476683832891668,0.00355724475196683,0.00435326342337239,-0.0253204381996679,0.0162255450031799,0.00340231317876306,-0.0135886998723525,0.0186603551271492,-0.0261460841581407,-0.0096810039312693,0.0118956223604535,0.00454772810403232,-0.00307276155154928,-0.0136616489854908,-0.00758083591073205,0.00846875455908752,-0.0108683242647472,-0.0187724163506445,-0.031792845051802,0.0207938665051384,-0.00605255865374289,0.0202263413885286,0.00537211359014748,-0.00183615119516405,-0.00649013231195464,0.00755860269561386,-0.0248969777286063,-0.0199511065469415,-0.0151571954128428,0.00784244176566444,-0.032765733978511,-0.00145884863536644,0.0091905213318227,0.00690716389514895,-0.00639199736916413,0.0129292208835173,-0.00289534765368363,0.0406080600133524,-0.00197877266684516,0.0180755628436108,0.00852134534542379,-0.0119348135726124,-0.00359455920382095,-0.000689432671955003,0.0131394674716258,-0.0142031999600406,0.0288091645979546,0.00490134037054243,-0.0116082489662964,6.47625036337405e-05,-0.0272099177501957,-0.0119155715931246,0.00685015075875929,-0.00236154326332127,-0.00350534164959018,0.00748196379609591,0.0169658801917796,0.00439783572137687,0.0172475782566139,-0.00128543436921205,-0.00833429943841988,-0.0186385174461883,0.00967870966618725,0.0211163745192872,0.019596255761679,0.0386000383947793,-0.0278936156725693,0.0129932600876386,-0.00960726623386272,0.0284152658099253,0.00856142726304657,-0.0133751094250201,-0.0234763547595223
"ZN382",-0.00586427312323378,-0.00628354277444476,0.0406931271770976,-0.0129977571069625,-0.000517229285869903,0.00690446913786511,-0.016647559728706,0.0222999262121663,-0.0275470103567047,0.0210111128630963,-0.0176131119859838,-0.0247911708921695,-0.00434359394238546,-0.0486634784198526,-0.0274277228164342,-0.0337687415886037,0.034460899211185,-0.0400357959542474,-0.019303336055364,0.00419951510401587,-0.0137148007294915,0.00411706098020304,-0.0113565449017879,0.0252064721805737,-0.0377867745875696,-0.0434042621769264,0.0159657770902821,0.0290223810972439,-0.00698316549566509,0.0268029653857599,-0.00335420778624772,0.0247483396633327,0.00863376478560834,0.0110425396002542,0.0570739805725124,-0.0326070735747945,-0.0049321989104485,-0.0208031432410964,-0.0198766424822586,0.0249872398503663,-0.0195678214924741,-0.00713250652999559,0.0486478894511435,0.0043635585882738,-0.0167259624428419,-0.00151476712548703,0.0492844859921983,0.00539476156705874,-0.00382037074083965,-0.0177795740362985,-0.0246337194400071,-0.0332944304052681,0.0384478122653457,0.000668007487794073,0.00306624797898698,-0.0180750250886184,0.0251147560748835,0.0066102900561231,0.0155452497819805,-0.00310555820145997,-0.00228369162199955,-0.0197043701023185,0.000123923632663959,0.0269504844213444,-0.0165873714716681,-0.00438825973882551,0.00377179327612678,-0.0451274353013367,-0.0071751852217932,0.00107747715000026,-0.0188399597286344,-0.0514561722552181,0.0160528284819097,-0.028869232907241,-0.0276891282761966,-0.0258989943262554,-0.0333786960366155,-0.0299655668000125,-0.0600234301652603,-0.00883902650638306,-0.000839347930230295,-0.00460422748833571,-0.0424775993898504,-0.0479680579350759,-0.0117410996379242,0.0193831058200858,-0.00565037791164727,-0.0372311359408466,-0.0285067056988278,0.00389850212795447,0.0266002135425801
"ZN384",-0.0103702895093979,0.0321825707670981,0.0214799839652626,0.0235666591489478,-0.0115159804888833,0.0140317923783499,-0.00408232184299934,-0.0187747525052443,-0.0317014038359327,-0.017665253593114,0.029408006122012,-0.00984223759794375,0.025346680143149,0.0106018247169349,-0.0101079301676442,0.0128217297876156,0.00882864092623781,0.00601310970988872,0.0261512734022254,0.0347208967846028,0.0452365954097021,0.0126112641675672,0.0199012666571718,-0.0207162119395434,-0.00530136850176786,-0.0373796917442578,0.0269813307223434,0.0195167133809887,-0.00633477590244658,0.0202106888857384,0.0163285974280868,0.0250669746123041,0.00834475313381266,0.0209467948261001,0.00552342026800357,0.00979570494230134,-0.0210927060662168,-0.00286608715330661,0.00510749822824991,0.00405108518471014,0.0117155268580724,0.0170362678494472,-0.0327408059061992,-0.00152003528646009,0.0135456617644336,-0.00790310312612214,0.00188277367324588,-0.0090262012423893,-0.008656392110091,0.0134422496887297,0.0198246880343579,0.0208730086348017,0.000244349113201593,0.00255241016914753,-0.000265926616180208,-0.00672092912434567,-0.00524177714093145,-0.0175038337911674,0.00850103848469324,0.00575763227594377,-0.010846320950101,0.0336059775755504,0.00387820949886749,-0.0246475115257642,0.0152107323873077,-0.00701249287665706,0.0116551752887773,0.00420501152114445,0.0121763644745649,-0.01319452566835,-0.0182793509155645,0.00759323112343536,-0.0155291708678998,-0.0112080268344383,0.00542882048051645,-0.00532967681471961,0.00110867439045169,0.021318622386299,-0.00500535166234126,-0.0138993155251281,0.011306957095507,0.0284790158903787,0.00364435210215807,-0.0295773577625007,0.00259955040406832,-0.00591070374014948,0.0331947494195162,0.00663178623335059,0.0240371395985158,0.00386586348593886,0.00834365424883037
"ZN394",0.0276511050616041,-0.0047123547541032,0.00672067420939827,0.0142691558613397,-0.00703019291805452,-0.013282035102063,-0.0182880855194929,0.000685599665350416,0.00366258525116278,-0.00169820138199908,0.00522138533529385,-0.0173580191391477,-0.0065108959509771,0.0140254168913876,-0.00610054287494885,-0.00584072763183186,0.0128006186268837,-0.00418931417389188,-0.0130979378386988,-0.012340029554335,-0.00929956616848374,-0.0114242263156213,-0.0126944338494099,0.00861354828076787,0.0129029655882864,0.0135888567461148,-0.0154923112924209,0.0301111672924292,0.00826862826766822,0.0125033769535962,0.00931745799615531,0.00750002298847862,-0.00065161331683164,0.00952243388024262,-0.00327280438634082,0.0237011794694154,-0.00743218766917093,0.0216048135654641,0.0123389350082333,0.00803342302849047,-0.0130631208549668,-0.00126502883020126,-0.0356776152004837,0.00807980898167508,-0.004678036241759,0.00297113391684007,-0.0065032894703289,0.00462595927219222,-0.000488672359142655,0.0137971266894369,-0.00985722913513661,0.00352115481670065,-0.0101284669455255,0.0153505875310994,0.00420936385464746,-0.0188650184741396,0.0418121997746236,-0.00711120530855333,-0.0153991378215606,0.00519679902920908,0.00295367551605494,-0.00580863728688929,-0.00513744285293639,-0.00353655098284714,0.0137792954508218,-0.0172554852034024,-0.0060849016359283,0.0186163719291549,-0.00578694121947739,0.00161245256429461,-0.0160346927156244,-0.00124253372353463,-0.000221672548729405,-0.00278281070615589,-0.0149818163786337,-0.00208230101146018,0.00527281091155981,-0.00144078171796586,0.00565062668221538,-0.00578133252372491,-0.00251792312168643,0.0241100311164321,0.0207418081167443,0.0219715686676597,0.00212097845117002,0.00580152753020507,0.00513665502479341,-0.00174160509449883,-0.00610760174969891,0.0115414880883886,-0.0194878858790689
"ZN418",-0.0032812077787044,0.0310071932904819,0.00418692712360096,0.0199027152881121,-0.00296812994710929,0.0305684844297624,-0.00179150184646375,0.00150097549078045,0.012056595964009,0.00467135091341757,-0.000186029380487262,-0.00814684748349186,-0.00315437145222207,0.027550443726087,-0.00285763487316655,-0.0248713653137258,-0.0160928231776866,0.0168893233552428,0.0224404287077501,0.0089895870272634,-0.0272002078074104,-0.0229125543028106,0.00171859667033895,0.0122168826058895,-0.0143501869329706,0.0222508216440747,0.00659494621908249,0.0054643560819207,0.0218251343760268,-0.0138698014046839,0.0289619756077978,-0.00213621074402242,0.0163776233479072,-0.0136589748029164,0.000158477449321419,0.0205039948432839,0.00537808790249499,-0.000661193515531979,-0.00397163770902144,0.00933602082201904,0.0164018832323707,0.00858261358272542,0.00350892322533155,-0.00453628684373307,0.0148261128113757,-0.0044394165810911,-0.000262613657423528,0.00822905332917189,-0.0399681351323962,0.0360076515465203,0.000336530946693207,0.0194112744364984,0.0314818221953253,0.00408555622772783,-0.0116356282886567,-0.00711887997106789,0.00178414522874129,-0.0102246090777135,-0.00753857601294079,0.0142680517779917,0.00598084261627547,0.0094603271823051,-0.00662495356530443,-0.0296144739819511,0.00371761390587735,0.0111423872545152,0.00214109655313334,0.00118300049003512,0.020931317002658,-0.00923456615603511,-0.0113568052676261,0.0261183684492547,-0.00357279746261598,-0.00241663896731127,0.00614136156224603,-0.00477473570018162,-0.00140415525076746,-0.00114296053316404,-0.0186982321068657,0.0165669175390065,-0.0244398498972439,0.0197960665380065,0.0259454513683432,-0.00973254397704749,-0.00431699043406159,-0.0183568598932277,0.0234351729356461,0.0140723146755102,0.0358451227523611,-0.00539059959902451,-0.0177300848290557
"ZN436",0.0311526016710682,0.0102672800228137,0.00267999344758632,-0.0119116516585778,0.00396443587599632,-0.0128855086818606,0.0186149099405719,0.00121724301925969,-0.0186608737859252,-0.000118875730271428,0.000912085486981318,-0.0119864309523514,-0.0161687643591177,0.0237439959754949,-0.011532617265688,0.00622399602583486,-0.0151706774798763,-0.00633782269218606,0.0142499090943892,0.00988776568966432,-0.00603101840104475,0.00645491482651411,-0.0102711162549829,0.00603873292100922,-0.00859557806208359,0.037750916467637,-0.012319227655444,0.014019183366974,-0.00314099522611101,-0.0326394076617293,-0.0070868544041569,0.00105202089422232,0.0153197683173541,0.004538748416359,0.0109712084583694,-0.011678245902137,-0.0211194030781227,0.0191988797349649,-0.0141944084956357,0.00863716583096123,-0.00622135852415793,-0.00808868185122642,0.0189396467069449,0.00991298659690263,-0.0206702476355062,-0.0197330255300477,0.00275205022847637,0.0277641670492013,-0.00430467537027412,-0.00355108080274031,0.00199374584603878,-0.00505428573168704,-0.00996987836080753,0.00369503716592947,-0.00313943213804125,-0.00495662611121106,0.00554148671197492,-0.00925910921767671,-0.0229499291124831,-0.017497212621364,-0.00170470270385,-0.00253327785003456,-0.00875839077350183,-0.00863081016651421,-0.000857433945214831,-0.0105966863970178,0.000699393712413087,0.0250479232193254,-0.000185381425600081,-0.0248149313337872,0.00623035976570603,0.0067850669127663,-0.0228333211708884,0.00271235830317263,0.000765284510255483,0.00168188238841888,-0.0117054091707123,-0.0104130897881108,0.00500033003529907,-0.0159110218899587,-0.012121078261625,0.00971955537489701,-0.0141576208154796,0.0053708586436476,-0.0228079999777007,-0.00882560104896137,0.00572850308537778,0.016368225902894,-0.00319343034269391,0.00891288632362917,0.0134260623469856
"ZN449",0.00930180577679154,0.0114287552568232,0.00919946281707516,-0.0124580317670565,0.00665426500305654,0.0196965501584996,-0.00238916063682637,0.0190265009274526,-0.0240991361487348,0.0054268089271119,0.0113772473454641,-0.0115308493831774,-0.0262440097717983,0.0177618742205954,0.00293775581483074,0.00507528839458359,-0.00541983893042207,-0.00438497686790317,0.0145173119808268,-0.00414028145474283,0.0130199560279899,-0.00449112107129743,-0.0146673097263235,0.0088436634431351,-0.0173070014665474,0.0170019088790214,0.0372861072744582,0.0372330229741378,0.0228814817325187,-0.00774911189436076,-0.0104070283109562,-0.0048843340464061,0.00573554575774528,-0.0514338030724951,0.00214624414135919,-0.00204164422992944,-0.0192891221763918,-0.0168887932553336,-0.0099168795376943,-0.0176006036858801,0.00408244567880365,-0.00578295413034021,0.00672052262096647,0.0314566957006032,-0.028491219639826,-0.0154156763141807,-0.0211388907215126,-0.005741169684537,-0.0148326228118487,0.0146091136067182,-0.0272779404382505,-0.00486467311900194,-0.0086066541254137,-0.00389171712154895,0.00154517110308409,-0.0513715031071455,-0.00190615211118734,-0.0112962255491569,-0.00375683474018773,0.0185031154364841,0.00714589835440666,0.00946038630686218,-0.00598900898276646,-0.0025428934737188,0.00239516578227299,0.00748729896647177,0.0102016868048699,0.00252508418904949,-0.0327852524382333,0.032073451933242,0.0188291922464878,-0.0248315122702535,-0.0049635059281182,-0.0057959010962427,-0.031738686062383,-0.0180846477373221,0.00174151195674873,0.00225973668574902,0.00195265147977562,0.00766902307189924,0.0153376891263413,0.00419816092119972,-0.00773071963663331,0.00998976294503161,0.0177223501185007,-0.0119900742325769,0.0301078594923969,-0.0183922785385744,0.0365950372333804,0.0121410883468295,-0.00459870604269886
"ZN490",-0.00968574503741486,0.0149519144372201,-0.0165500739502345,-0.0249162327624028,0.0123092204273943,-0.0157789968096825,0.0313372148046798,-0.01305186502226,0.02826239769899,0.0349090360643083,0.0337054833200831,0.0181223965901564,-0.0338520990098191,0.033009681150266,0.0322450308368972,0.00449277915638488,-0.00781049591344747,0.0310422271942721,-0.01859043486241,0.00731369002218098,-0.00260619596724658,0.0403152550337057,0.0118700907216738,-0.00197105898628837,-0.00608985237112597,0.0181008127851082,-0.0112842380181175,-0.00506695407763643,0.0415812035238325,0.0185585703785836,-0.000823931606651452,-0.0107425033682001,-0.00551045979155796,0.00890698557077651,0.0402467277368289,-0.0133963981433209,0.00332754467787762,0.0317109752226996,-0.00560163712294193,0.0406413960411105,0.0154107897626387,0.0172132683013362,-0.0126578078292966,-0.012639017121467,-0.015605680749107,-0.0036066932816455,-0.030750625047062,0.0133916004602961,-0.00868424755792015,-0.00268941717281653,0.00419901951728533,0.0325880700208387,-0.0270513249582826,0.0208469938721694,0.0277264070642716,0.00738834015132147,-0.00756909367792162,-0.0391065378755968,0.00631051453575463,0.00925495479543412,0.0220162239065948,0.00290762671272552,-0.00490995474875092,-0.000523745536893263,0.0167073495688188,-0.00511553831888599,0.0107363403806687,0.03376882237224,8.074838352825e-05,-0.0110216116142969,0.0219445084092913,-0.0229907877374107,0.034272388676224,0.0262995565837202,-0.00996702082479485,0.0126947107214422,0.0309153184089929,0.0123480779274151,-0.00166418940725451,-0.022242388152469,0.0367077960315979,-0.0154710422100491,0.0400365357287366,0.0113444735816843,0.00488949353037704,0.0394809052773108,0.00760467112786505,0.00973948691267418,-0.00175646274852842,-0.00635817126502525,-0.0235917873920319
"ZN502",-0.0311889341956701,-0.0283959166885279,-0.0212378225291657,0.0167698659266294,0.0119737540509558,0.0383003449553834,0.0109905476180141,0.00803592678514147,0.0126295478407466,0.00768477498852857,0.00070497157205144,0.0344396869402901,0.00357977287068053,-0.0439418385276468,0.0409372427979557,-0.00098020440855853,-0.0148525814974643,-0.034797468123682,0.00254801961022162,0.0488329294541076,0.0259434232735359,0.0227263456624093,0.0174267014515744,0.000619867931730264,-0.0397823733643682,-0.0318585877081541,0.0167334300931528,-0.0109621518570522,-0.00810865934309815,-0.00553673657038566,0.0092132836673455,0.0232827350313177,-0.00509726263201722,-0.0459111345725359,-0.00907700590413096,0.0166736906745202,0.0225619820398441,-0.0227937032175781,-0.00940176046950005,0.00158231301395276,0.0222478030017179,0.00899592852190222,0.0099551292383697,0.0104805538569988,0.00992233185203719,0.0264252556842854,-0.0292322093146252,0.00542035959950966,0.0165089588613622,0.000683186768296876,-0.00254572478972013,0.01219973725357,0.00146275750747579,0.00177886805992268,0.00151341810824841,-0.00149147151098306,-0.00879840528565658,-0.00610951839853969,-0.0407177603768357,0.025590031505524,0.0294319403166697,-0.0102691230169052,-0.0303555222502664,0.0200978711454937,-0.012126782129769,0.0219391198277364,-0.0110082839593875,-0.00466004300386916,0.0644882462950235,-0.0163818896372478,0.00913465551318781,-0.0173680780343986,-0.0139977317413869,0.0177022939249986,0.0148712905464209,0.0346297602238444,0.00516210809374677,0.00582633109062976,-0.0059704535441761,0.0300258843775712,-0.000600942691110091,0.000694534363193043,-0.0109312985296588,0.0145252576415757,0.0139481041126991,0.0648266107545434,0.00712553817241535,0.0110960319502868,0.008441444245913,-0.00260804193408936,0.0103248555651273
"ZN528",0.00898493953642584,0.0151583483308151,-0.0386128106712723,-0.0112195860440357,-0.0197536380692315,-0.00278099625919974,-0.0024130767394469,0.0119640137210477,-0.00918735560212315,0.0059930197668758,-0.0157797089132929,-0.0299822391049972,-0.0250839607388822,-0.00372551200703224,-0.0248536797272804,-0.00691542155587274,0.00262892674776247,0.0160028728019085,-0.0201997513668622,-0.0294247649151373,-0.0071597432018288,-0.00751721489870941,-0.014262070167494,-0.00584233069058023,-0.00270542364172583,-0.0167095719291614,0.0132254500578181,-0.0125575707070061,0.0162687809117377,0.0312004503020364,-0.0224216324623812,-0.0134215158721084,-0.00464885855047962,-0.0192576543787809,0.0192886713363107,-0.0279820292249464,-0.0271571568153779,-0.0344049167701633,-0.0185263479247093,0.0393239362174641,0.0156633199218408,-0.0158792620388307,0.00868802719417167,0.00174910901965848,0.00150155077645525,-0.00848279923058101,-0.0255546377683183,-0.0215293001502679,-0.0225937068597119,-0.00984968606622882,0.00608165680361504,-0.0101701921593918,-0.00612435071817668,-0.0197611807380632,-0.00628019180839615,0.0021437946860033,-0.0063650611917713,0.0291703606676909,0.0388282282322667,-0.00502839344123584,-0.0249099741078072,0.0189543755632239,-0.0105815501364402,0.00959225749648832,-0.0107427447525906,-0.0403273285424577,0.0134092312881426,-0.0540530365869931,-0.00293011843266367,-0.0110285856476203,-0.00535044736825879,-0.054231303331046,0.0308565898929485,-0.000858858630626452,-0.00164837493150061,-0.024930480480381,-0.00918147496372332,-0.0225119570989455,-0.0461557436918588,-0.0185543224020054,-0.0155352867458822,-0.0190324541861367,-0.00956107069839179,-0.0116405785998776,-0.00532751436720645,-0.00606698686403111,-0.0217321548248972,0.00790210700957262,0.0389663515800448,-0.0239951496152183,0.00767986282736164
"ZN547",-0.0116441668489243,-0.00592597980615454,0.0111863161498535,-0.0101959439370803,-0.0427659578389906,0.00906664512380162,-0.00258841631424431,0.0137136138635355,0.0166496868589453,0.00355298721807841,-0.023443771142953,-0.0217959410143958,-0.027344842210365,0.0374199745784796,0.0023780405269672,0.00496531616286954,-0.000736985091625012,-0.0287012534522456,-0.023929831543776,-0.0402103321157443,0.0171027109273442,0.0138957937116795,0.0160374329380334,-0.00429811210944411,-0.00266317028822226,-0.0214902573399201,0.000326033127097051,-0.0216882107606322,-0.0237143227559907,-0.0228029570810369,0.033412718481207,-0.00538419389364763,0.0106207553778056,-0.0273549148773044,-0.0125984951708517,0.0118195445739709,0.020418584549866,0.0114392464871258,-0.00331005004175554,0.00308388368415049,0.0180396186148303,0.00985436925118212,0.0166697067311429,0.0131309017074244,0.00203239511166649,-0.0395446451544381,0.0132136986262211,0.0221371430661372,-0.0177111768484534,-0.00703537327265679,-0.0164304984774663,0.0135159565188143,-0.0316134125942293,0.0117404586484768,0.0086135078789239,0.00538119852049593,-0.0295346978567112,0.040281981524762,0.0184149024091141,-0.00913848662049993,0.0031375998329085,0.028260011232455,-0.000773283489517001,0.0277587533626065,0.000236831724921772,-0.00338102122869874,0.00499862885166464,-0.0184303583169296,0.0152459397993239,0.0252768889004369,-0.0273985305937625,0.00375904460825366,0.0201834028790349,-0.0213547518431447,0.00948052760558413,-0.0160935017984686,-0.0118499351755776,-0.0100985448489822,0.0177453168387192,-0.00730449435643153,0.0026731761058477,-0.041789028603424,-0.027475286883037,0.00747013998807258,-0.00162552049063546,0.0170948959273191,0.0241598486019046,-0.0304981847282849,0.0176469896563328,0.0161001055579706,-0.00225301602669905
"ZN549",-0.00678194605584618,0.00103001970664613,0.0286474779078168,0.0359848047670568,0.0105939836620623,-0.00582319442341754,-0.0119198834013837,0.0166186245173282,0.0225221157986044,-0.0102294315099768,0.000146572073679231,-0.00754755843912525,-0.0152052208267583,0.0384965926742683,0.00283045618908559,-0.0226981011336092,-0.034550868967641,0.00622155537065151,0.00159128079268528,0.00155853809872676,-0.0161123295918478,0.0100158712382964,-0.00151293440569967,-0.0179233532184254,0.0103390555495826,-0.00842282953409335,-0.00129569375137406,0.00174389366000971,0.00945794058742171,-0.00632518186880742,-0.0453728532011577,-0.019851704384763,0.016205667793105,-0.0224450942654386,-0.00293152733923096,-0.0139824701115083,-0.0308373530940487,0.00173389489204401,-0.0200788102164815,0.0120678527745011,-0.00636998354240697,-0.0381125249162597,-0.000768129345674059,-0.0119994049957689,0.025531167492379,-0.0130449654890662,0.0170513281439902,-0.00203484199245179,-0.0192452025565217,-0.000105274838855512,-0.0243541455351547,-0.0276339290103427,-0.00187726270877912,-0.00784384804343645,-0.0131629915070213,0.01802180154852,-0.0348313101250552,-0.0258979851616491,-0.0278204187556252,0.0301980497433822,-0.0167671647829959,0.0139969669889277,0.0034085912578383,-0.0027046707796287,-0.0542098445128091,0.0307144589717425,-0.0213341628979108,0.0133903322528077,0.00394182733010524,0.0180388237695905,-0.0258880469169074,-0.0120682194337503,-0.0266370830674227,0.00157780378585198,-0.00181141315886015,0.000859664608646635,-0.00714996119826215,0.0266314324935546,-0.0300295265290756,-0.0051288899197387,-0.0163562957982351,0.00570475847314028,-0.00509882042716414,-0.0294803524703624,-0.00740627645498739,-0.00235139142515429,-0.0239061583850921,-0.0173899538155293,-0.0232471861497234,-0.0148037130972731,-0.0381298155026397
"ZN554",0.015578308477097,0.000518573444546123,-0.0124693577450298,0.00510263255584215,0.0200873593930485,0.0163546726122813,-0.00514042552214038,-0.0233243858080855,0.0189103518497959,-0.0064019358350448,-0.0229922288802465,0.00373063210635509,0.0121783229976338,-0.0107478707283171,-0.00107701482857575,0.0151841797390003,0.0165748752916771,-0.0066544973019247,-0.0192370167421941,-0.00533571963912932,-0.0168383249767325,-0.0121293234249996,0.0015793440238785,0.00692945653947669,0.00663686392273218,0.00483830509439162,-0.00163502295025824,0.000788505359005962,0.0122959503429973,0.0418077630639883,-0.00943621948395836,0.000516303654274545,0.0313991932004291,-0.00164226726887621,0.00282374470683258,-0.0211270688304518,0.0085076929524474,0.0414288673950082,0.00722626546400825,-0.0214897039513698,-0.00926542890562163,0.0170168750114582,-0.0223009598153067,0.00466054382018084,0.0103368058607262,-0.0214690877423554,0.00801370205618411,-0.0110743264979989,0.000663548323257788,-0.000660897532277601,0.000699034159194548,0.0183652937904028,0.0389123242700479,-0.000102902597980468,0.0160045396685986,0.00228289023120838,0.000129527764865891,-0.02614488071293,0.0120637153439405,0.00866173486952645,0.0156820274210555,-0.0146215213757002,-0.00978857158446957,0.0126957615109946,-0.00937943543310473,9.04477611518981e-05,-0.00617056871911289,0.0063689361181891,0.0207741048201,0.00871677381351475,-0.000481842023011858,0.000351733207438441,-0.00616463982227651,0.00747257421770408,-0.0118228038486211,-0.0116685247604733,-0.0108939191029989,-0.0226482587887314,0.016931823480948,0.0174722355752973,0.0144712042325901,-0.000491769856103722,0.0200426485129392,-0.0167565084627083,-0.012590192590558,-0.00505778503802653,-0.0246290766085227,-0.0129799341985146,0.0181493306913969,0.025236347237836,0.0242553486304902
"ZN563",-0.0112838047040515,0.000636245527986531,-0.0162900443752616,-0.00832070398170884,-0.000694697429782996,0.0138572942985036,-0.0157426611816973,0.0122462012384639,-0.0097416669657036,-0.000212857373674503,0.0152145261211343,-0.00236814404589247,0.0208232297160044,0.00199970916410375,-0.00102191895909235,-0.00675833677343658,0.000147233957578395,-0.0104045301900176,0.0120873942755633,0.00569047396036484,0.00718548911040178,0.0116047816942633,-0.0147269838083961,-0.00594659001864482,-0.0100953887938985,0.0141273067431359,0.00845034425628365,0.00919246133515162,0.0190275761512841,-0.0276655308068515,-0.00202625191994223,0.00777804140001967,0.000496710514661048,-0.0110315991048893,-0.0299470180750508,-0.00816157673867658,-0.00158844465452409,-0.0146697142261278,-0.00460447954046728,-0.00285046403044923,0.00385307081607587,0.0351036462561089,-0.0177433194281501,-0.0149235609630325,-0.00859796701146039,0.00892172773095686,-0.00668092114875376,0.00640025784410081,-0.0233381201738416,0.000824786032127314,-0.00173152639268225,0.0147308639302772,-0.00946997261259763,0.00941741954370986,-0.00148232348355563,0.0140627313738899,-0.0125456754471883,-0.00573144482593791,0.0181680859421829,-0.0210293471825636,0.00961791166805722,0.00375285219160454,-0.0060389801784095,0.00697576700078783,-0.0251613037189737,-0.0036760227050865,0.0170929680169521,-0.00892519270611931,0.00144534778215951,-0.02684965886956,0.0283823889796302,0.0145556102430321,0.0166357936005514,-0.00620583793208299,0.00387821995862186,-0.000183695237881038,0.0197139136787369,0.0114988077950231,-0.0110082799166587,-0.00614203255090077,-0.012419549138607,-0.00589144571468861,0.00360482936321187,0.00482113226373361,0.0150991906875132,-0.00334922282665165,0.0131486677640057,0.01825700703956,0.0111568735261349,-0.00527362859828776,-0.011603653298178
"ZN582",0.00710081364352355,0.02411798643163,-0.00595605717877718,-0.0385529468084036,-0.00826363186823888,-0.00520905449156367,-0.0496185275967224,0.0223792694726788,0.0198548462260109,0.0105161129067856,-0.0437568552826803,0.0243455604609253,-0.0142898346732815,0.00569071772562822,-0.00586283759478217,-0.0170325370828189,0.0118150140765144,-0.00539889672620618,0.0325676698717637,-0.0385041183262913,-0.0121592828712515,-0.0182219362154422,0.00572576528565459,-0.01148378318558,-0.00272312350589766,-0.0368211928464026,-0.0100047873180318,0.00269669703389603,-0.0182897014625844,0.00392614444067493,-0.0230233364111389,0.0170339965731068,-0.00361821787254003,0.0162467955964728,-0.0138829745048381,0.0241012234704149,-0.016915147662105,-0.0165777321261109,0.0326679990985629,-0.0178144170093435,0.0105871469092141,0.0171106736395079,0.00357497140544985,-0.0100374250037491,-0.005728694452352,-0.00786247353514161,-0.0248723710958354,-0.00251322214310027,-0.0225419379134063,0.00705776342106913,-0.0557209134901298,-0.0068564419725186,0.0170043609596984,-0.0225206949307918,0.0143528705879709,0.0245236698893045,-0.0440616951048587,-0.0229430329718813,-0.0190369662732633,-0.0351781202247216,-0.00246843209990907,-0.00599101557265205,0.000382936086460039,-0.0316058557945357,-0.0604792432638125,-0.01308488160689,0.0116209272656035,-0.0199167368674105,0.0309448980899185,0.00499280119727747,0.00198976489633163,-0.0189770788711649,0.0186095738634561,0.00897729047598562,-0.0101781663264645,-0.00235389861888366,-0.036859412435366,-0.00334271777132873,0.0126039453950265,-0.0386215107115772,0.00377869027988654,0.00681217180379681,0.00668987537166244,-0.0274957083709552,-0.0251276320464622,-0.0469435440413516,-0.0246792805200127,-0.0210223318109364,-0.0182180551971541,0.0165312512932365,0.0236259129722204
"ZN586",-0.037890985640768,0.00104637316671161,0.0185501170144719,0.0157147378015647,0.00896290204893578,-0.011241441742759,0.00602221246893595,0.00337284842311061,-0.00252054848167304,-0.0149990698131994,0.0084099318604604,0.0185240617058233,0.0123150685126216,-0.00537590130707178,0.0078904103573005,-0.012042877441605,0.0090173542342758,0.00070511971804709,0.0211031413960361,0.0150956163364552,0.0106824632405212,0.0119676072804233,0.029956946999433,-0.0312220578744919,0.00680392062283628,0.0168609742861145,0.00438180593020916,0.0112707585676547,-0.00711637168100446,0.0183970469136118,-0.00443743218015482,-0.0102639585146842,-0.0102896619097229,-0.00875207089557738,-0.0128232565839713,-0.000252497926683766,-0.00337879813880067,-0.0135406315131342,0.0104179751489857,-0.00390547136901898,-0.00451240002560785,-0.0151302299502455,0.014668504229605,0.000518398010423352,0.00781800400525188,0.00682947760101434,0.00145289998483118,0.0107553155050073,-0.00888766250796926,-0.00524034539760118,-0.0207003382547625,0.0075313288698287,-0.0187773763922547,0.0154462859405368,-0.0161432759923053,-0.0156974147228272,0.0375316112442193,-0.0131668858684834,0.0152479952529432,0.00387629125931476,-0.0160312880186164,0.0193225189464541,-0.00818946076850269,0.00137355484230379,-0.00827694238990797,0.00561943548135341,0.00499443765305727,0.0281258164282001,0.00534788426570597,0.00100128323205759,0.0027354445444775,0.0224962310160396,0.020278747774723,-0.0182145111656339,0.00207833391893806,-0.00982224339008166,-0.00768690801653907,-0.0114540828935282,0.000835972835445451,-0.00930237506861677,-0.0314804936270354,0.0013470938585965,-0.0180730901998508,0.0302543157349229,-0.0181944615212815,-0.00878378069115513,0.0058941125830249,0.00892329184567657,0.031373287957365,-0.00732171754348361,-0.0153814651017908
"ZN667",-0.008774931275786,-0.0220389563815557,0.00316761083550282,0.0117550787307039,0.00190447873790392,-0.00402937479997401,0.00304157702961197,0.0117989179978093,-0.0083551588477922,-0.0212194341582196,-0.00767855723977618,0.0123325376090402,0.00395749571112296,-0.0115180050623046,0.0209789030793551,-0.0208614013861686,-0.00408963468952963,-0.00093374285595711,0.00390851377266368,-0.00795890389080751,-0.0122715949501485,-0.00842454798551844,0.00730401038625556,-0.00372781805188652,-0.00306067037956232,-0.00967420121645308,-0.00519156198766133,0.0150239791038417,-0.0204909241966547,0.00420312615889703,-0.0127615901681456,-0.00483475620479879,-0.0171924966793695,0.000394592492364581,-0.00822312889277812,-0.00462478931867309,-0.00272278940469088,-0.0280192188138145,-0.0109715150838832,0.00958547885600705,0.00832387077478698,-0.016403653559987,-0.0178767379535045,0.031849504328851,-0.0267007153705546,0.0310843153002597,0.0118359601234016,-0.0352150901816826,-0.0194087124479924,0.00205859593341035,-0.00255010076411204,0.00409859004914337,0.0119270616464762,-0.000612039642769279,-0.00312473104831236,-0.0180800274077617,0.000325847440484757,0.0266976852351306,0.0308724420630218,0.00834814202557906,0.00163536803811376,0.0141837332546494,0.00046763571349381,0.0368077134600473,0.0126022132175734,0.0106720790879103,0.00665004645433511,0.000102769437953292,0.0228055826331897,-0.00720513350187418,-0.00840737791305439,0.0255510037918697,0.0228030075185007,0.00830106238718437,0.0196045901109048,0.029609361423255,-0.00519343851193532,0.0147074255750896,-0.0145957744470481,0.000339871658771086,0.00784047842652147,0.0312478637196974,-0.0097652387111411,0.00902470417598341,-0.00288676820491055,-0.0342914917655328,-0.00162949007433082,0.00308303158087373,-0.00189218848921302,0.0107741690474271,-0.0225239657657967
"ZN680",0.00807410848531797,0.00442825636731124,-0.0145434273070815,0.00912256032761093,0.0225646632340445,0.0146489562937416,-0.0104206406973423,-0.00915100506018072,0.017533320833086,-0.0329112653120186,-0.00355669958840445,-0.00652647926401024,-0.0307177518922781,0.0207078069505798,-0.00921360544609362,-0.0186461067950739,0.0185881157485207,-0.00554302979427192,-0.0221491145357844,0.00512057451112186,-0.015131923449819,0.013159145110597,0.00196948658187199,-0.0105445156139152,0.0251815775357551,0.00322483855889145,0.010079261256202,-0.0305566509001891,0.0186344094539314,0.000147582135092941,-0.0227718362679889,-0.0157295961587046,0.0417283909585905,0.0227207167517274,-0.0208206949489561,0.00897573154194128,0.00789007522222712,0.00138498210283742,-0.00348686511082312,-0.00519382752640072,0.00284627498927329,0.0108614714987782,-0.00988169230353405,0.00580962931262938,0.00178250606047499,0.0267125171301834,0.00574458239927057,0.0028642395351404,0.010490626132881,0.0176395300027673,0.0132991832354663,0.0143668182327675,0.0257045174535037,0.0054101179668147,-0.0187583300875181,0.0308413907760026,-0.0100120814450797,-0.0288897002486037,0.000541638652473541,0.0293447400493834,-0.0419707037124728,-0.0100538338032847,-0.0224615846099777,-0.00157326410725707,0.015781014038273,0.0121796932016108,0.00483047639590987,0.0227964683315441,0.0475431985190965,0.0215370710196178,0.0471168841439734,-0.0114530457754088,-0.0107111859462609,0.0231297733780806,-0.00928153830543459,-0.000548856933164527,-0.0244579299559652,-0.0239193261657502,0.00467435168081662,-0.017795059126587,0.0136682281388009,-0.0384089449793207,0.0177620010231443,0.0343365051259244,0.0159535427075581,0.00463114016722503,0.0302890043812596,-0.0111947367920196,-0.00307250734641927,0.000251599430934007,-0.0235275509995707
"ZN708",-0.0283659728981651,0.000347120347511554,-0.00570687727288734,-0.004066878997843,0.000473955297750909,-0.0157532699658097,0.0160095961638891,0.00547718895415734,-0.0449365215318741,-0.00958161802599766,-0.0125300197972894,0.0248642042820867,0.00928938954548359,-0.0400502585416917,0.00315163155641609,-0.00355020052839882,0.0102868568782384,0.00654511802209886,-0.000216135183318081,-0.00257218509184041,-0.00385541794118482,-0.0351839357503725,-0.0225772190041697,-0.0215749807113506,-0.0265867371808154,-0.00909784447524914,-0.0145375217385702,-0.0154975632251711,0.00185679336777446,-0.0221599520767843,-0.0275538876186061,-0.0100983124848767,-0.0175730162431999,-0.00543930879496075,0.00350921696199294,-0.00332948232704877,0.00639639690462817,-0.0133725131158501,0.0365796788997014,-0.0250530430004515,0.0130521059541756,0.0288474891240257,0.00929190692171469,-0.0264399403127486,-0.0357889874241291,0.0175042127285046,0.00826166023973137,-0.0218599894719175,-0.0283177992663592,0.00941697818232571,-0.0075528544142506,0.000861546775022316,-0.0102868751880408,0.0120561723329673,0.0136941064814701,0.000116006882473024,-0.00546244850849544,-0.0350988452780824,0.00897121231516562,-0.00375782791015942,-0.040842355380332,0.0190817960802681,-0.00677198239336577,-0.00604543892594786,0.0150462705457743,-0.0162920785440001,-0.0251237781441574,-0.0197612904868226,-0.000507839109162869,-0.0145573257640356,-0.00288937910516233,-0.0191310535543554,0.00235154912841052,-0.0258392571175843,-0.0549879259476397,0.00284029949596746,0.00705533289548688,0.0149251417145136,-0.0314349468372905,-0.00690472793964015,0.0189108702902324,0.00231869330196597,-0.00216817900088497,-0.0148629963352454,-0.00317258789338218,0.0193737208978817,-0.0178781206290245,0.0115475223650928,0.00530014438063458,0.00510395785544949,-0.00291926703215413
"ZN768",-0.0215313713636947,-0.0159991275426858,0.0238753391497304,-0.0111914310016929,0.0203627397758794,-0.000517437848863468,-0.00697679039315262,-0.0167707973344556,-0.0124593815971267,0.00440266955875037,0.0165251310037462,0.00351653371001754,0.0163795734542784,-0.0219084146772969,-0.0141763627868313,0.0114186579389885,-0.0116422734730101,0.012583789217628,0.00554707567469344,0.0171054845603145,0.00289185950788535,-0.0223165347136154,0.000478461216287213,-0.00745847499696703,-0.00447894926354428,-0.0115751057095827,-0.00513392606809567,0.00952753469361577,0.00223712566797593,-0.00238295181811007,-0.00650525074477282,0.019950439977914,0.0218939905736541,-0.0124600450191426,0.00055123289803761,-0.015394835798288,-0.00375437619818051,0.0150459189539242,-0.00083011754683971,0.0199367707783364,0.0193280909326797,-0.0156917294014692,-0.00904723868610667,-0.0336856602784229,0.0151991505311632,0.0093385440673791,-0.00159151239574111,-0.00162132528130752,0.000705512867990341,-0.00981967271020568,-0.00122135207293313,-0.000621914482897862,0.00890074623701875,-0.0160427523986913,0.0203651706630142,0.00331205342943046,0.00132475515307911,-0.0178402819214551,-0.0273323051202255,-0.0101175439059145,0.00174111799902295,-0.0124192946886219,0.0071523195436273,0.0166908244321067,-0.0141295378407251,-0.0123505968588744,0.0041766084223967,0.0084349991679487,-0.00131093600431727,0.00403014937543853,0.0414879213742365,0.0325520702261344,-0.00346397458684107,0.00360855248693677,0.00770976587584299,0.0273436975646903,0.0154901666180604,0.00886598132876938,-0.0243928658668981,-0.00583041856326261,-0.0109804449926396,0.0134691328762439,-0.00028113772122691,0.00351377480389487,0.0035359955910727,0.00397233328177277,-0.0162373489164422,0.0209077097119775,-0.000989459819793417,0.00297868929864944,0.0201962627142958
"ZN770",0.00428881887258427,-0.0123483277124191,-0.0124889172782893,-0.018941946239826,0.00196358474279007,0.00325973445760651,0.00371989439094879,-0.0179896965379125,0.00636493883613317,0.00714327425858472,-0.016987248555223,-0.00619157530583985,0.0139608398469246,-0.00879836343938191,-0.00821008974777816,-0.0237280922818573,-0.0155636109426423,-0.0208438854492708,-0.0110791416800604,-0.0105758338587449,0.00796237521702338,-0.0134183441680831,-0.00212656097817615,0.010878021007648,0.00921757662985438,-0.00076535092099483,-0.00696349242636123,-0.0066166210372608,-0.00891589128116914,0.00911034895973387,-0.00341141142678039,0.0047180531204227,0.00311298187104362,0.013054320107735,0.014364340553984,-0.00698893828160965,0.016610474717809,-0.0131113167430226,-0.00998768944041083,0.0169796348186125,0.014107873512,-0.00793822135991,-0.00446136028813042,0.0228037785020772,-0.0110949725884534,-0.00159203031818962,0.0157656361752869,0.00759280422731471,-0.0054320937001161,-0.00236498405348649,-0.0128625041083681,-0.0039113122186397,0.00589126846670666,0.0073017010912491,0.00448416624449528,-0.00647164539836855,-0.0192781965619175,0.0178876816618617,0.0100103148160896,0.00478431974237668,0.00330366541230793,0.0113458245454407,0.0162689759786067,-0.029076074553057,-0.00391005463093732,-0.00940163253382612,-0.0242838810555614,0.0158656163250606,-0.0249471895085637,-0.00528785660281513,-0.00234349289459098,0.00709278088467899,0.00525288048485206,0.00500267101556551,-0.00907950107086422,-0.00810990590232068,0.0128702527868957,0.00737135749353408,-0.0194649011501776,0.0194830862321424,0.0116547625603146,0.00346835608194431,-0.0265850140990655,0.00637000826716219,0.00397506320733626,0.030974770258543,-0.0104031656017481,-0.018383324127272,-0.00353008860695882,-0.030383872945005,-0.0202155668759662
"ZN816",0.0109802988532529,0.0134040700742952,0.0288586605557282,0.00602706423074602,0.0281027068539602,-0.0103074140831715,0.00907735603991006,-0.000614906152409131,0.00837778965358225,0.00443878526799866,-0.00285827899504218,-0.00402907625200043,0.00214920116043444,0.00766885666166315,-0.0106379089480406,-0.0185065149356721,0.0211984566062272,-0.0177533599727166,0.00557985727798976,0.00109205738004921,0.0250011682706437,-0.0164316185093521,-0.00856345113103587,-0.0153683809527124,0.00482486789303321,-0.0254204208966745,-0.00232378651305721,0.00696919751053797,0.00461466106440844,-0.00358489603427322,0.00342932687343646,0.00684685668308129,-0.00338255933402637,0.00957456061812591,0.023464845425362,0.00382890811440088,-0.0202076691368314,0.00506469477221625,0.00907632310565715,-0.0104026791391278,0.00937886443507436,0.00455591355081096,-0.000408249818285073,0.0082135406328252,0.00174026632817426,-0.0153452241978954,0.00899542975019857,0.0195956087426533,-0.00145970656380634,0.00495181226927276,-0.012331374757806,-0.00078723216341306,-0.0154492705374258,0.0283032498809509,-0.0176247102203845,-0.000250156482173811,0.0271047087717881,0.00332248917122335,0.015445536700954,-0.0137661580065805,0.00378969856220894,-0.023434898881033,-0.0104558445008113,0.00653723060427788,-0.000652580025669725,-0.018993425843995,-0.00221389247438472,-0.0206888070360383,-0.00644667628879091,-0.0177394052654747,0.0424737919133813,0.00379533967707943,-0.0114922288081631,0.0154929238407183,0.0011099054913302,-0.00359582169251305,0.00385638463293732,0.0082650990131108,-0.0164771442477031,-0.000175615217596853,-0.0144379595846694,-0.0364516444314454,0.0296826338524197,0.0190850826099159,0.0069331210754656,0.0274600083117463,0.00757552172232812,0.0350052541390166,0.0251644551000701,0.0113170110616735,-0.00261646759164556
"ZNF18",0.0147038520807959,0.0342678167160594,0.0179983086930747,0.0237987834673494,-0.033333239931959,-0.010475702617819,0.00683642603156965,-0.00437445157587194,-0.00645517841448698,0.00505353604895361,0.00111787050405766,0.000394816960708134,-0.000549384836477528,0.0275633015681206,-0.0149689189452192,-0.0141266187061287,0.00280903398962618,0.019440772784975,0.0221964077592005,-0.0123606040845602,0.0294591750220632,-0.0227900047825756,-0.0152757081743002,-0.00548848156018389,0.0120380552110885,0.0184906243628347,0.0284080293460409,-0.0039044213459361,-0.00253627499815474,0.0170018518981452,0.0137554295405263,0.0109744249641246,0.0131874836472762,-0.00835187757118128,-0.0133348323680281,-0.00266033448204461,0.0104374927505134,0.0104065339666372,0.00639556784139294,0.0118554408457664,-0.0190439266078597,0.0400887503324265,-0.000254118343082821,-0.0101934297526345,0.0190157380290029,0.0354580439460126,-0.00655211817394314,0.0142621730398875,-0.0105305761185684,0.0368651149100205,-0.0445804083831858,0.0216014710119944,-0.0242041932962207,0.0339934375785439,0.00888189720223099,0.0129841942204858,0.00674040379950744,-0.00897331690245882,0.0158995201768631,-0.00133647413290144,0.00382828534606147,0.0348857064529446,0.0428374524650254,0.0262484026191389,0.00392038022686801,-0.00402676842014017,-0.0193399961678611,-0.000660967947232403,-0.0158689681489285,0.0244043575278782,-0.0174664387625002,0.013081550627572,0.0104728615808322,0.0098679435783059,0.00222898673767791,0.0294956082558362,-0.00484482793914885,0.00859856443936254,0.00802365893391722,0.00685104242729649,0.0372161257550296,0.00803460380573006,-0.0246767101458788,0.00179417692161338,-0.00982814137774875,-0.00373363751645902,-0.0281119877468899,-0.00939788916796844,-0.00666785111700573,0.0161308189763994,0.00832431946939266
"ZNF41",0.0355891214081078,0.00403568384613873,-0.0188588056620195,0.00130040474853544,0.00808934692285322,-0.00369821975997238,0.0513595413550657,0.00966406079748433,-0.0184839621222986,0.0102920799359966,0.0199564814281118,-0.0107615810560383,-0.00968594119124887,-0.00705715226652167,0.00870476486487007,0.0273455736510717,0.0208431422393922,-0.0170354629180439,-0.000385405297989999,0.00867743606906857,0.0238835810459379,-0.000620737161561457,-0.00249072290904118,0.0106919220204235,-0.0286551645557947,-0.0200587964074107,-0.00320776264582568,-0.0192295917181098,0.00559134582256915,0.0132897979393259,0.00447024283559995,0.0214962185540068,-0.00285335440422247,0.0124773243581309,0.0149687398225329,0.00465093627437244,-0.0216049403306801,0.00896894618618142,0.0209821879317348,-0.0112095783942475,0.0311695682062729,0.0174313718943002,-0.0196736867910315,0.0167085282505643,0.0041049610410389,0.002915663523621,0.0178161003054441,-0.00976488023967502,0.0184467893995308,-0.0301501174938606,-0.0346895973856723,0.0145842779443631,0.011058846893317,-0.00790764457798416,0.0020995685802024,0.0331175548967244,-0.0020647848578546,0.01990534485761,0.00649367074644953,0.0115429595305623,0.02079226958809,0.00272967722397913,-0.00573023179076072,-0.0197747335926821,-0.026449422007037,0.00411444999711367,-0.0125946515882081,-0.0142835316828583,-0.011631283026843,0.0141895331005055,0.00880517760916091,0.0273835551030353,-0.00579007916260017,0.0331136579502374,0.0058045632712809,-0.0175034867449867,-0.00377966016145773,-0.0206070776795141,-0.00559368608347885,0.00587226345716705,0.0140699179976089,0.00983104646964838,-0.0172048564548673,-0.00262702540238184,-0.00451371577483532,-0.00327507298797388,0.0100656860580869,-0.0164750878301084,-0.0152968279706034,0.016211355816652,-0.00159288638112808
"ZNF76",0.0100522556846421,-0.04133208776474,-0.0281639957508849,0.00102932855097614,-0.010041078053094,-0.000768341702888495,-0.00314750569530163,-0.0193414146684232,-0.00901680648514784,0.0008688950817811,-0.00716160702323732,0.0108865622824641,-0.0142746828316435,-0.0393402565955422,-0.00146524593036969,0.000557679853819904,-0.019828102094095,-0.00961409941033381,-0.00304236216096883,0.0125981846028069,-0.0316160470243354,-0.0107731664740045,0.00697203464644848,0.0192837425549862,-0.0143856741510585,0.0262088052821081,0.0218108861626291,-0.0518838160197918,0.0036797787276688,-0.0149761492594171,-0.02295297426377,-0.0184355634250164,0.0093130447716276,-0.0243531229353561,-0.0380499028061491,-0.00325644273662029,-0.0358665711722946,-0.01374159121677,-0.020900450946564,0.0112971935172092,-0.00775852143021209,-0.00791625061592385,-0.012059863941799,0.0160116265337573,0.0199528686489645,-0.00670921996417925,0.0103723027857845,0.00540131722858839,-0.00600372107201299,0.00258234076267215,-0.00464244651405247,-0.0104821068482921,-0.00332832163324332,0.00328718132722855,-0.0367625266062545,0.0029420864230556,-0.0244903597589143,-0.00632158700202471,0.00528006152745803,0.00290351378283822,-0.019512260411387,0.0191271415428473,0.00257394813891124,0.0211136529638252,-0.020865101949508,0.00286212392212151,-0.0166204508677175,0.0146323028078902,-9.20867911681686e-05,-0.0289408707869681,0.00462369849017563,0.00649892014826144,0.00689075788582752,-0.00710127202628537,0.0065943273960981,-0.022833846110421,0.010064160174336,-0.0225519102694588,0.00387553235690946,0.0266624103423302,-0.00576923042757775,-0.00888192590089142,-0.0129517071309626,-0.0182100203294491,-0.00449921225738988,-0.000825020080890682,-0.0110750315154947,0.0267129720209339,-0.0213098485733974,-0.0130570193535212,-0.00300526824311732
"ZNF85",0.0251698765528348,0.0124158506956898,0.0283315176096747,-0.00981648728452057,0.00545533051420811,0.0164803140331328,-0.00638007844164992,0.0052089886926628,0.00849509141348231,-0.00794645721736376,-0.011468938501015,-0.0221417088874654,0.0148557466005659,0.0168056897702921,0.0358400264798893,0.0187433769285915,0.00021319323230161,0.0412724854511677,0.00179598693035721,-0.0017400874580667,0.0535687084602371,0.0205935542961849,0.00563469440595364,-0.004623801545085,0.0262700157343844,0.000954398450841122,-0.00409661178905066,-0.0109593303189498,-0.0143539845767232,0.0421930743564905,0.0188661003553595,-0.0269746573930893,0.0104539462713586,0.0246334583028166,-0.00708533598823973,-0.0103649626166078,0.0114262534117664,-0.0041160832683796,0.0157337088595918,0.0253488076523857,-0.0172781434489973,-0.00556662359396413,0.0210905762392917,0.00183750394812672,-0.0315472236834149,-0.018232599622589,0.0443140190214848,0.0041208322397821,-0.00475997470985385,-0.000573500494234506,0.0301609026362235,-0.0236030239701892,0.00885427219268423,-0.0144448209676932,-0.00421415881809184,0.0113143141076551,-0.0233307813518399,-0.0216137688515837,0.0255086006430264,-0.00611537589688464,0.0264983683026621,-0.042880038903625,0.0281889268470911,-0.0067512781792158,-0.035311447878821,-0.00718671573810528,-0.00470738671456163,0.0246615577606334,-0.0068270123666644,-0.0145416903480958,-0.006092720826149,0.00530656145696534,0.00133477103240258,0.0053777502382134,0.0214541601111892,-0.0229228772295007,0.0586732174589043,0.0169430021987382,-0.0228823277082063,-0.0314034647839707,0.0534151731116412,0.0114455107569015,0.000150705193362072,0.0229920704066884,-0.020812553846346,-0.0257893022242993,0.00451596611854276,0.0136038778999925,-0.00452611044439482,0.00718702813763243,0.000465924913329802
"ZNF8",-0.00876505484140322,-0.0272367498069418,-0.0141108094361453,0.0216136525308654,-0.0203096625425632,-0.000568767597374742,0.0201056758263273,-0.0329102277157664,0.0265475401659639,-0.0484329448889034,-0.0119454177792688,-0.0136048979926524,-0.0359406893362936,-0.0537271566973653,0.0853761037510509,-0.014371262565513,-0.0109855262567518,0.00809014916775619,-0.0129919278365814,0.0445044411718003,-0.021588141986035,-0.0468688418547227,0.00485138526872948,-0.0367831310759453,-0.00656863641957062,0.0160589999375962,-0.033030878148334,0.0236527784122269,0.03037773867568,0.0463839710340699,0.0562830933417632,0.0352145854648704,-0.0367604894825522,0.00172430808119168,0.00863639873467716,0.0102142134206296,0.00208217718690702,-0.0111095832051339,0.00738012072470698,-0.0323099074594716,-0.000989702594891568,0.015849091229321,-0.0124869153325979,0.00960663165665221,0.0425422072588701,0.0579826668937238,0.0172826814771826,-0.0210642198678255,0.0373068925843929,0.0200461871149839,-0.0133203612387665,-0.0134659673153749,0.0242839518614702,-0.0206161788940529,-0.0194679049060032,-0.0502040331189625,0.00390352583779111,0.0469443055112958,-0.0165608546484503,0.0207153663503705,-0.000922171475846129,0.011917710930088,-0.00275108540212736,0.00305408641111764,-0.0623431660739203,0.0249478924386087,-0.0267520495207265,-0.000167074360364345,0.0571491887826841,0.0151544783652604,-0.0120342639283899,0.00448260831571733,0.0130200704361065,-0.0220039153286855,-0.015335593195803,0.051098841530016,-0.0124134463223627,-0.00379774211172146,0.0455427176907447,0.0392708371827848,0.0349648112012889,-0.0232988441489349,-0.0480552644006586,0.0130212654130329,-0.0457662186289414,-0.0411911768726249,-0.0261412845868381,0.00952678666409698,-0.0097123770412558,0.0205917291144245,-0.0107499574399188
"ZSC22",-0.0256886547172645,0.000145748585629745,-0.0106598830516748,0.0154227080755218,0.0025392007327004,0.0120773002573687,0.016150608600646,0.00501282512171228,-0.0121622398401635,-0.00548928450073669,-0.00570490524449871,0.00636688186404732,0.00452704312777174,-0.0120615635511603,-0.0133443009839637,-0.0144845776346683,-0.00115428982156502,0.0146958522159763,0.00478652093236372,-0.0133494008465057,-0.0065722545224487,0.00777972619471466,0.000103356198078637,-0.0139281216371672,-0.0196183777262236,0.0106016651259473,-0.0313279802097137,-0.0106729637884377,0.0166864255044822,-0.0064776345827117,0.00703793378496839,0.00915400649406884,0.0209493830395389,-0.00771466516628132,0.00970786331623039,0.00999597085694103,0.00282412586752915,-0.0150636889966289,-0.00436097802860715,0.00726282422868173,-0.0126629444559751,0.0105016237705837,0.00164714044809119,-0.0013949575582577,-0.0205140250110344,-0.00730352075423035,-0.00145190326342701,0.00884433473368304,0.00516168710462325,0.0210568126617999,0.00351324678639579,0.00853715228380656,0.00800967661842865,-0.00651134309960337,0.00068633608289035,0.00375585187820828,-0.00712447591970382,-0.00219122174292724,0.0330237728174365,0.00608741160508619,0.0123417168007179,-0.00850604762991353,-0.0109986800381604,0.00993152862324093,0.0031544122664611,-0.000879335355216704,0.0025941350663346,-0.015046548774502,-0.0116497595334517,0.00633726098979743,0.000498228619900501,-0.00346937922236027,-0.0195002429002703,0.012715329448347,0.0076967635990584,-0.00105972947957252,0.00906853642639182,0.00647145939257936,-0.0093029999627174,-0.00645306283896507,0.00295903137437281,-0.0278166041691747,-0.00834200701996843,-0.0094915497100432,0.00614521634751138,-0.0323262040658818,0.0153050515676187,0.0161325211997875,0.00537876667871737,0.00688154315530666,0.00728059107275704
"ZSC31",0.000434630883640441,-0.000685946073181465,0.00131222597471056,0.0106322649555816,-0.0244312604405867,-0.00134565887490131,-0.00989037226279152,0.00431383017688853,-0.0056657431785521,0.0185057783041447,-0.0138198669746643,-0.0100033379304258,0.000971867038630505,-0.0213882613919169,-0.0148114052745387,0.00273486435409213,0.00540009010205627,-0.0164942249872461,0.00869934406906313,-0.0220900756600301,-0.0204131113372328,0.0041412239135547,-0.0125456931424789,-0.00426071139942938,-0.0176151565057011,-0.00731391873199648,0.00321820667310986,-0.00712551860073111,0.00115507638010481,0.0205755765605581,0.01262197000559,0.017380792114057,-0.00859636012580315,-0.00972783727350873,-0.0177248417767125,-0.00443130694232937,0.00876115700041731,-0.0190079518919804,-0.0124347212848172,-0.0172954212300675,-0.00216497989543846,-0.00841042963999947,0.000808806893565378,0.00712151279531242,-0.000984887236717127,-0.0169048388455397,-0.0253540201195821,0.00913194861624125,-0.0103858312059549,0.00442558823397716,0.00530196949048924,0.0156883128704048,0.00534316210497944,-0.0139005972429702,-0.00242069052714811,-0.00948414726263111,0.014135443328924,-0.00679097087270842,0.00998300609059539,-0.00350039989847461,0.00578564477944167,-0.0149904477111129,-0.0148744563642633,-0.0167011925829783,0.000201760395020287,-0.0235864734650553,-0.0190751893852736,0.0175486896234807,0.0066334712045227,-0.00330931007249474,-0.0109426374257688,0.00439547994270276,-0.0101968611634478,0.0122216340268151,-0.00719039751815168,-0.000795853481099494,-0.0110706067464677,-0.000448782296961019,-0.000664097826935668,0.000762572539227173,-0.00962524711286143,-0.000847136328948053,-0.00921155546987257,0.00374283560801715,-0.00908055796629745,-0.0174369158816257,0.0119998288375609,-0.00816861526023634,0.00793634991198322,-0.0014641760821533,-0.00574921493230586
"TFGroup_1",0.00284641693993636,0.0262462767840879,-0.00798278112886119,-0.0150897505755294,-4.0527870115798e-05,0.00488556218203458,-0.0147945784711702,0.00424514171630344,0.0171939936017585,-0.0153665691871309,0.0083995229412627,-0.00863553529468447,0.0161147495882012,-0.000134296958078101,-0.00527515049233406,0.0165037899552941,0.00989627135148713,0.0104500624753138,0.0381215844286238,0.00812889744260368,0.0141984330176639,0.0181359260182701,0.00533837980680101,0.00543280438690186,0.0117076164793949,0.0115361841714984,-0.00430698881324364,-0.0181925612473907,0.0170650726837478,0.00927385529177367,0.0108831419926809,-0.00837240704670396,0.00270241357952787,0.00327366683393658,0.00572947184196483,-0.0110956351930267,0.0123920433182579,0.0115142039328448,-0.000945292885532275,-0.0261411040100103,-0.00217284044796397,0.0296954584125604,-0.0128625392331316,-0.000921728163714455,0.00985307881980434,0.0433852688666499,0.0122914699777294,0.00821452662033907,-0.00143892708438457,0.0148082716518176,-0.0120454668381349,0.0110640567144528,-0.00173163948317741,-0.00831387922287275,0.0126378276495708,0.00771010660486093,0.0136442187271122,0.00806176386027922,0.00665601001234565,0.0143507922082748,-0.0073772220271391,-0.0107520909929323,0.00488054255802264,-0.00207494576894605,0.025700853646533,-0.0142626471487593,-0.0134180405312605,-0.000910911691849876,0.0459470282886841,-0.0132000930277463,0.0077432118358605,0.00385314096389642,0.021918144792004,-0.020606625072427,0.00295123177812704,0.00358545318462643,-0.00690977126992506,0.00669021423013809,-0.00618953594901287,0.0143574787476506,-0.00142460553928522,0.000452032437381772,0.0136388223488039,0.00901365943879056,0.00355851792053826,-0.0174517846630437,-0.00989077785187338,0.0290817945843482,0.00818731507860916,0.0129259639983332,-0.00585498803449366
"TFGroup_2",0.0174412975451725,0.0167874860673763,-0.00955163939821463,0.0500934020758567,-0.0348044116674887,-0.0342231716077127,0.0100235033889084,0.0626936968372115,-0.0118224179827402,0.0579450992758655,-0.014648364215445,-0.00948447741112302,0.0641796616455749,-0.0103377014169652,0.049059732126633,0.0227616271462796,-0.00539156408506192,-0.0286518830694876,0.0555779773191976,-0.0458343667484569,0.0282380356583053,-0.0484236193511005,-0.0285130739891918,0.00424602220763518,-0.0383639582038588,0.0405502696683938,0.0458524194551193,-0.00329421082983462,0.0122113877978146,-0.0147173241462304,0.0128131073721567,0.0376333852134588,-0.0383854798320942,-0.0300892907175204,0.0365597855276431,-0.0179382158840337,0.0391146745824959,0.0142522688833463,-0.0281935931285033,-0.00119494135430033,-0.0401889604721176,0.0643024628220278,-0.00770276587822474,-0.0189207990834231,0.103097002402972,-0.0248586898052947,-0.0084011824882337,-0.0176689775160457,-0.0433422074759538,0.0348716201801898,0.015291834983913,0.00250774827355036,0.0235794248461989,0.009439071529285,-0.0183639807565118,-0.010977021790899,0.0710574580476602,0.0200215720619338,0.0198128420773325,0.00786869498864353,-0.018858224473346,0.0268008755407536,-0.0474189814235245,-0.000517075924096081,0.0638300457511712,0.0223318718565473,-0.0300180276499716,-0.00437222953037986,-0.0175193753446724,0.016619847151447,0.0461323185735758,-0.00162430694540747,0.0357587670157658,0.00253821896108721,-0.0210654758373481,-0.0886194656145081,0.0344673945751827,0.0603990273324102,-0.0218029023554346,-0.0091978217425611,0.00460222676413975,0.00190675117906549,-0.0195661337996248,-0.00463913474169955,0.031611139712604,0.0965217594534878,-0.00260034981846187,-0.00304371083777968,-0.0062740255082243,-0.0490041782941361,0.0383452575475509
"TFGroup_3",0.0794514754112846,0.0236127977182037,0.0259713251725355,-0.0375508180139614,0.012134499573246,-0.00906202165141627,0.0290662740566753,0.00975676883613738,0.0267791152780737,-0.00438849190463881,0.0321260062453329,-0.00910597539680593,0.0257909618680127,0.0298779349362553,0.0655668191633689,0.0385305251576626,0.0210708171215782,0.0317173621531181,0.0144940980631602,-0.0293902994379957,-0.0209311297000959,0.0206311192535483,0.0300746629294225,0.0161922744098335,0.059715528311258,-0.0190725816783046,-0.0197476752912205,-0.00343422974808392,-0.0344711485710641,-0.0269465785127025,0.00442667389668499,-0.0169268551146315,0.0369010629063044,-0.07090344137713,0.0081889063246605,0.0211589691738076,-0.0217623109813268,0.0231168144558021,0.0458663874867025,0.0438648105208911,0.0302010899810983,0.0361334592855305,-0.0447201014439407,0.0186468050937501,0.0538814562420331,0.000312635484853416,-0.0435449953164474,-0.0395466865470755,0.0343670485471574,0.0161135548595487,0.0191267987662846,0.0242736703104329,-0.0103296491591002,0.0246034585868423,0.00310270910611853,-0.00391707436856626,0.0616881551729986,0.018467544343331,-0.0263768667072947,0.0155822797397321,-0.00607782804261235,0.0292477251609178,-0.0099483994019636,-0.0446628481458161,-0.0140631323098996,0.0204145103335781,-0.0354827988834661,-0.0133977183314621,0.0260705977915756,0.0189263503538938,0.0291351791477355,-0.0472496998782923,0.0397228784640061,0.024924639935764,-0.0216935975173206,-0.0526593132787473,0.0238849356313061,-0.00147876603801666,-0.00198204932811131,0.0217667029977665,-0.00457774829905577,0.0535768163697442,0.0161107497779002,-0.0286899868291677,0.000958383687914379,-0.0131208189274007,0.0281283303257947,-0.00955801709605675,0.033876427562713,0.015460480897508,0.0493751036531122
"TFGroup_4",0.0634961675944319,-0.0235554576672851,-0.0130348192370815,0.00777737873912274,-0.0256896201363822,0.0291371082847177,-0.0487988591106208,-0.00254023939026173,0.0421871210486637,0.0077888796754001,0.0202855367627072,-0.0394851910292045,0.0332320685496014,0.0171369895724047,-0.0317874460914389,0.000133425068385689,0.0209931162071129,-0.0260367893345617,-0.00746734261358519,-0.0181761405616081,-0.00091407688137943,0.0160799456757018,-0.000244524039984894,0.0112078798556498,0.0136222841959455,-0.0303025334637506,-0.00819834342585364,-0.00137731906403308,-0.0431566336626739,0.0240481253769128,0.0171952363888942,-0.00161530790049537,-0.00383098544802558,-0.0246724624753078,-0.0498522103023308,-0.0388643394347886,-0.00426228795615097,0.0232555253368137,-0.064076834487353,-0.0195685752101836,0.00268841180734895,-0.023406515270814,0.0637935166604837,-0.0063710303198855,0.0361987713931571,-0.0276395285031529,-0.0427016726033364,0.00498035052062241,0.00186073916119996,0.0126313997334742,0.00264743442659187,0.00207036760850685,-0.0134825645028953,0.0217942971797034,0.0213986639845385,0.0118542295866486,-0.0138531158284589,0.000496012832074435,-0.00476134333982672,-0.0253976349504131,-0.00664312187020608,0.00761273275816209,0.0436659557741995,-0.0121578536782981,0.00704162381974141,0.00317016725803495,-0.0260933577618528,-0.0327839435981438,0.0571007296339017,0.00799427023458489,-0.00560228131896923,-0.0209834040534264,0.0397888792870996,-0.0243062574157795,-0.0418869564336251,0.0045225907322609,0.0147888584850173,0.0279557105300643,-0.0165271851345908,-0.0122685387256045,0.0336943981109389,0.00985811432156328,-0.0113040240194084,0.0161704714344011,0.0288781139766195,-0.00902595638238977,-0.00647854338915731,-0.000692697289456263,-0.00443017430973955,-0.0229059530778225,0.0354723568969746
"TFGroup_5",0.00721609289060346,-0.00661571570970522,-0.00681529926476619,-0.0148434591745259,0.0188575690747434,0.0175918948136096,0.00318750581318157,0.0184478289837804,-0.00566095135883481,-0.0230789733460011,0.00917556319163659,0.0141671391895894,0.00614330609950878,0.0263683785313959,0.00814480425372921,-0.018682388395948,0.0124157569565788,-0.00263242481083676,0.00571028534808363,-0.00740924558094175,0.00988907434034176,0.0105689720253378,-0.00251796000523959,0.00813895410008437,0.0165354388573441,-0.0330009931889683,0.0102539349073252,-0.0129060025119726,0.00333143001542841,0.0234002652825882,0.0170372323535982,0.0324866209481555,-0.0264709811777078,-0.0364722538506173,-0.0323126759771951,-0.00414784573272543,-0.000364831176083796,0.0161484799238345,0.00857035887641455,-0.0296189206584785,0.0424644764621976,0.0301500225217725,-0.00321520335729669,0.00236412760371278,0.00403173559481729,-0.00756021427392634,0.00221095332013894,0.0149572862353929,0.00677356372539696,-0.0171778431175738,-0.00654948625582121,-0.0154913272623137,0.0136603098668906,-0.020638622466583,0.00991372699530248,-0.0126028171505421,0.016696494401355,0.0155510175397365,0.0154763212839322,0.00547048212031486,0.0157415491375894,-0.00685046940811045,-0.000462814857829305,-0.00842526886573538,-0.0129984895412181,9.24447095769683e-05,-0.012305334849517,-0.00550965074875799,-0.0456612319579769,-0.0145170927501683,-0.0274717458604635,-0.0404922450387744,0.00874073278912497,-0.0219801731855106,0.00858567292140285,0.00560224324189994,0.00145769937894962,-0.00287324857972202,0.016602627086412,-0.0305349691936934,0.00272951460687299,-0.00854898302031295,-0.0107503521262299,0.00716777220624138,0.0294478307021371,0.0246463972113166,0.0262172802803136,0.0240976390841577,0.00657183272912708,0.00215488014249629,0.00185516283032526
"TFGroup_6",0.000987149340831062,-0.0392368365579004,-0.00437177386591931,-0.017536818441342,-0.0128418214392985,0.00259555006517998,0.0175307958105569,-0.0215147745307732,0.00346526887614775,-0.0412811960431471,-0.00877147911767464,-0.0269748074071556,-0.0085462290836859,0.00816293969646181,-0.0047952846922727,-0.0490907223402466,-0.0327351621938498,-0.00848356898485686,-0.00310390765811285,-0.0439586843405004,-0.0181627216609246,-0.0323858003034181,0.0299649020943191,-0.0243810828303117,-0.000989905310885725,-0.0188892678110641,-0.0393367069724216,-0.00807785114266235,-0.00142359342992982,-0.0341632433953498,-0.00754882971621605,0.0166992055623323,0.0121121222760891,0.00245567121939782,-0.0220836629564322,-0.0100834887971732,-0.0297536255259087,-0.0312745054564445,-0.006943108355745,-0.0695147951153124,0.00694398360267562,0.00188513498259974,0.0259973424587548,-0.0298490682147459,-0.00470269739485137,0.00977742256486614,-0.0322581470857186,-0.0206992484533685,0.0168944078020567,-0.0158114201839716,-0.0100388494759962,0.00202685479274661,-0.00381996140842397,-0.0222490599895822,0.00963449983732926,-0.00171461537972731,-0.00877708027443526,0.0124201977101111,0.0272017198909515,0.0106652317041336,0.00302753127875101,-0.00441803758975717,0.0036739014454134,-0.000987916571853293,0.00429415967415905,-0.0104939862973133,-0.0487544770622709,0.015729446906772,0.00877341279303909,-0.0237682394546956,-0.0245888651559074,0.00380059565908406,-0.000970415169647858,0.00501798512131207,-0.0348864312560464,0.00686268108487734,0.0321781745796787,0.0235769016990276,-0.00699030803778327,-0.00798007685927911,-0.0173385974495474,-0.0213082871606298,-0.0343999441405414,0.0186015808086993,-0.0175486126513927,-0.048297846918992,-0.0131989176731794,-0.000777448612410455,-0.0521776391118159,0.0239798352578714,0.0142736163739839
"TFGroup_7",0.0487581618047129,-0.0140777442370447,0.0442250533498835,0.00878275841965562,0.0759867309135891,-0.0148631801339547,-0.0241863850430391,-0.0465065428747015,0.00559649387996199,-0.00475803970780878,0.0596266611518399,0.021361230567686,0.0358245917003349,0.0164589123138936,0.0153098102680298,-0.0480902578399966,0.0077813988081958,0.0106009880895982,0.0397621229667632,0.00347658415327178,0.0286977915133163,-0.0162928950583532,-0.00311408442225108,-0.0314726106131894,-0.0465150455428535,-0.0135023253834286,0.0124504396590485,0.0374331517441259,0.00802457641142678,0.0273820816128022,0.0420640573578563,0.00936908288036541,-0.00204399796243762,0.0238441367064484,0.00363105106726126,0.0185776963808667,0.0473386271082377,0.00974960739893064,0.0193537042906819,-0.0449398111257185,0.0068166796343635,0.00401499866113916,-0.0263748108199305,0.0106564289483577,0.00485017011814502,0.000982665597997378,0.0101739896841356,-0.00121846114868828,0.0727116836426109,-0.0489456602956858,0.0290159884920768,0.0167044953008491,0.015732320019761,0.034946712295619,0.0356699653778047,0.0705236376184986,0.0470953250604281,-0.00810508377982768,0.0222762558863721,0.0188606880756959,0.0568476260763836,-0.000643529027372086,-0.0128291318240325,0.0157857715668801,-0.027995638428107,0.0043627691080221,-0.026488538601342,0.0173016071540283,-0.0608984052668072,-0.0234540443401593,-0.0155757032613948,0.0515685421184108,0.00824118469788007,0.0232003267269464,0.0654787322500991,0.0134905716375728,-0.00388836503812729,-0.00852712103084964,-0.0304013732117719,0.0157728990727655,-0.0332310615684506,-0.00812985804871088,-0.0359518195294919,-0.0388510273782461,0.00853690513207359,0.0120797210124234,-0.00258529982463803,0.0853476804269838,-0.00370638163230587,0.0445806902245153,-0.0221684599020722
"TFGroup_8",-0.0335235038342189,0.00220425743243067,-0.0018046944523978,-0.0121039300248819,-0.010061406087906,-0.00567741764489426,-0.00977690289330262,-0.00717148752994494,-0.0177127765768458,-0.0162028640499497,-0.00778988421142096,-0.00288949772139294,-0.0115030059812968,0.01200597352775,0.0116608652733239,-0.0196473922321189,-0.00792984627586004,-0.00212500157007831,0.00195761906899995,-0.0156127334784538,-0.0275345582152683,-0.0298250114362199,0.0110601999277155,-0.0319335987064943,-0.0011052737049406,-0.0122942105287404,-0.0061925922587132,0.00353517789671291,-0.00537698703894272,0.00352670385424068,-0.00921310718632179,-0.0105567195601996,-0.00735398535261156,-0.0172722915318781,-0.00649391312679193,-0.00486072475660732,-0.00636140676554319,-0.0165746694709866,-0.00253301819444346,-0.0244510843923286,-0.0129573865500179,-0.0188475311997921,0.010930132264014,-0.0214987426932089,0.000453196799443128,0.0120008814342994,-0.000841187040057668,-0.00680622542180349,0.0305173395009769,0.00534339968921416,-0.0195677701603599,-0.0073445602737211,-0.0282249562924414,0.00721586625139366,-0.0158729511199984,-0.0162051609407559,-0.00203983039658584,-0.0160059127097818,-0.0212180996541071,-0.0018545878045827,-0.0125792430524584,-0.0281835799847057,-0.013006770644796,0.0127709990484126,-0.0171851699606838,0.000623794247548748,0.0130685915755119,0.0189650290851056,-0.00274274926302789,-0.0329103759803848,0.00848377984350657,-0.0340408204655774,-0.0100087249547558,-0.00182675057184182,-0.0100731999435212,0.00741791127078188,0.0214364737382027,-0.0138873867346704,-0.0118888254595245,-0.0230237157227911,0.00314430525775451,0.0127727583650885,-0.000314448391552499,-0.020669642867149,-0.00746982340371978,-4.65160582191178e-05,0.0131118404064591,0.0162900462940365,-0.0207429561746039,-0.0115597405435237,0.00359068507032307
"TFGroup_9",0.0134461506242383,0.0221058428038176,-0.000215712760214947,-0.00124635511001289,-0.00632882446229745,-0.0140059384355033,0.00578058622891737,-0.00875706392127318,-0.0170080230921188,0.0110337180823346,0.0344704279090247,-0.000974238084220185,0.0254882885999755,-0.0186073464551963,0.0134079186461076,-0.0197350582380872,-0.00315821386797162,0.0129133853771774,-0.00282330907291915,0.00866151830672342,-0.0026118328401727,-0.00621108403857097,0.0215090351261827,0.00339026921666535,0.0092487788094761,0.00325148445771938,-0.00543861661697408,0.0260657362492467,-0.00685034529476225,0.0107112473354301,-0.0157370997596339,-0.00440132933667084,-0.00359358981685687,0.000221716257130523,-0.016283605168258,-0.0196850550537509,0.0161381344837015,0.00878558742328022,0.0205862083587854,-0.00345006233908849,-0.0146729284502599,-0.0299089209986994,-0.0231293234462701,0.0169717781450384,-0.00961505005216818,-0.00630487614560314,0.00330483004634,-0.0137366383682087,0.0160647310659199,0.0232120066057757,-0.0062622795194904,0.00564347230755712,-0.0183218463841614,-0.000618957053335721,-0.00291835361929724,4.98227239558614e-05,-0.00226251473917449,-0.00923261089849947,-0.0146565841551991,0.00401684233789312,-0.00891081205526447,0.0122250556105635,-0.00590964798217166,0.0174820948783078,-0.0171024420502151,0.0194116431362909,0.0112512153900856,0.0248697516530203,0.00486588951926133,-0.0152819336662942,0.00364456793435399,0.0109963992510597,0.000931632152804435,0.00694142739809093,0.00792007804482301,0.0106116855314614,0.0164979047840123,0.000525861912404652,0.00734648830269853,-0.0145025859691601,0.00106041975395386,0.000612179406285837,0.0379950213237768,-0.000647150380571744,0.00498882769625614,-0.0345661223008683,0.00082133555396228,0.00433293854276099,0.0117952768092963,-0.00338580241713921,-0.0173161525350055
"TFGroup_10",0.0141430153657227,-0.0170994400598994,-0.00276480421284861,-0.0253345125753945,-0.0181161042240869,0.0085832771530091,-0.00988255988812132,0.0117010831914671,0.0298447493833031,-0.00968884102204308,-0.00498772111568899,-0.0202065614657911,-0.0287054946514066,-0.00835923922123236,-0.0227048230369544,-0.0223352495337362,-0.0107207484498647,0.0192842496285089,-0.035921456679715,0.00142342803242809,0.0104677771167933,-0.00716763330613852,0.00505040108746534,0.0163786041166555,-0.0352159205032641,0.0196367705299001,-0.0101216377547963,-0.009915195771049,0.0173681732838848,0.00630878321977997,-0.0188836679838298,-0.0312948473560922,-0.0477099937912225,-0.00971254651902794,-0.015722519554034,-0.015443232399948,0.0167572253119176,-0.00165489021000997,-0.0307283581460832,-0.0149320447708131,0.00113772986022061,0.0186201599843826,-0.00141558429531513,0.00659357726487479,-0.0214264368386505,-0.0167179035827581,0.0338467824133214,-0.00142560143321018,-0.0171362371220746,0.0159163168127321,0.0167130845011896,0.000874176909543715,0.000705286050969002,0.0287328219136897,0.00620586701225189,-0.00457239975513454,-0.00882567001476518,-0.0127894325632137,-0.0153452820966919,-0.00208470603211305,0.0200329093475467,-0.00289600575495276,-0.0302371955175637,0.015255385353473,0.0370912818778835,-0.0217767029920145,-0.0150796778247759,-0.0238963592045047,-0.0447763923025428,0.0190804602007032,-0.0125641226041281,-0.00675449559848906,-0.00182730662421708,-0.00358477683955514,-0.0409101809194376,-0.0153275920904563,-0.0281127231338725,0.0151213303953193,-0.00562401680131507,-0.00889492081182018,0.00218045061770268,-0.0262178282799766,-0.018856354252913,0.00107814399506739,0.00762142276689368,-0.014331980745602,0.0111762326270019,0.00721369344575615,-0.0337765037202626,-0.0125343736198434,0.00666752014404922
"TFGroup_11",0.0349446721104489,-0.0239364279774308,-0.0209050361572128,-0.00707830386659339,0.0140379309574335,-0.00829434060257684,-0.00574670353066755,-0.0319253283894327,-0.0414031205869626,-0.0095745821510573,0.0171355057468607,-0.0159354005879488,-0.000945692420724347,0.0160929442357778,0.00167714789996735,-0.0137491193473339,0.0131453328747473,0.0250064665067669,-0.0180517466393876,-0.0165011560847376,-0.0123646615023717,0.00649766293435553,0.00735003380997757,-0.000577893999621799,-0.00434163985145648,0.0302436612787328,-0.00484517179202024,0.0183353606560222,-0.0082875534903545,-0.00741705816539891,-0.0289154584004531,0.0123577748949857,-0.0109199932721732,0.017118306653527,0.00160002007755235,0.0113610863303468,0.0235073849877099,-0.0244273859194874,0.00014070900947311,-0.00776321310698582,8.24166288423036e-05,-0.000214762370540918,0.00917208690879605,0.0371347845281594,-0.00979214734737657,-0.0152746957512994,0.00970207458494306,0.00128260556173608,0.00384413533010945,-0.0109639326056861,-0.0190822503460923,0.0243439290529129,0.00149723132092584,-0.00415907169274306,0.00462380094038931,0.0239218863890765,-0.00800763281277919,0.0127866643831346,-0.0126563234468469,-0.0364302075714502,-0.00767245826235924,0.0220424369269128,-0.0260954063418427,-0.0135863515018383,0.0145524505893488,-0.00841370027266883,0.000795228283181551,-0.00354719496014995,-0.0314652179126593,-0.00159604530293636,-0.0179301675732816,-0.0096401075718413,-0.00979549544266327,-0.00582118871860006,-0.0136728716375598,-0.00947078390901632,-0.0200944713558928,-0.00444822733917216,-0.018688127744055,-0.016885792695859,0.00585119906902378,0.0177862516659201,-0.00296549763061971,-0.0123076496061301,-0.00695332514164213,0.010415208604278,0.00240561802563332,0.00961171212806176,-0.0150777289973945,0.000733774475208854,0.0202399867780219
"TFGroup_12",-0.0227766895601894,0.0115775865420222,0.0139498381248824,-0.00720628692687186,0.000303178707081377,-0.00702063822705252,-0.0294288472938328,-0.0383946326669828,0.0138917813176467,0.0365987113311148,0.0266988640153152,0.0231966356285603,-0.0221810555008739,0.00574028226650961,-0.0229509456884203,-3.37904312223751e-05,0.0147784511983163,-0.0290420420454585,0.0160812824263317,0.00785517268230377,-0.00731889479442791,-0.0202895374237171,0.00323395923961291,-0.039267209542186,0.0298323060675326,-0.000787415623804646,0.00603922818506761,-0.0156495149183562,0.00708282176852728,0.0262758840003856,0.0229842064808763,-0.0190643327016634,0.0180583677979195,0.0198022936420454,-0.00844823555148504,0.0268565737392222,-0.021920434739719,-0.0124846352125754,-0.00779105914447779,0.0183406648739753,0.00442093564375694,-0.0192451888561971,-0.040970999065815,-0.0180178971081708,-0.0330278596383754,0.0269190885988768,0.00912597418326502,0.00810910707365051,-0.00859478640920481,0.0292078025647767,0.00169323984775962,-0.00126089990666829,-0.016811482253042,0.0128205008695295,-0.00352505868989361,0.0096787473052874,-0.013708156674342,-0.0103168631315604,0.0290547409070079,0.00559804667002944,-0.00139266400308638,0.0348277530398707,0.0139792757777497,0.0387294299375384,0.0291409254357486,0.015223209214186,-0.0128383444582225,-0.0113878572466015,0.00717753200274625,0.0110231435952038,0.0170579555422318,0.0213354091297792,0.0250632359159461,-0.0228313036198179,0.00108162370339785,0.0499229309896644,0.0263671001977447,-0.000562044398595999,0.0059498905362851,-0.0112316057471776,-0.0101065665673452,-0.020138227252311,0.0153964931106472,-0.000398742847543729,-0.0306814169739192,0.00201288697883936,0.000108634813284192,-0.0145922674327548,0.00776058785100184,0.00377998556482505,-0.00717561059291971
"TFGroup_13",0.0145925065661486,0.0060598452161375,0.00566629869230923,0.0103369390968757,0.0218506234038609,-0.00581799747126703,0.0319469885227876,0.0198326416662822,0.00603680531256903,-0.0259790080163985,-0.0207492974832736,-0.0142357246596815,0.0139790078259208,-0.00689855174926579,0.0157827711996283,-0.0179171121694856,-0.0116069447356922,0.00184650138186111,0.0042374917061725,-0.00576642330058257,-0.0277340808892087,-0.0159603460437924,0.000350686700303636,0.0035889188365441,-0.00713699594873046,-0.0129220317705632,0.00210435845279748,-0.012354521006934,0.00819514706628642,0.00334303555305678,-0.0550522441582784,0.00324331286924701,-0.010427268469506,-0.00673410887033516,-0.0234894777296144,-0.0200334153999579,0.00355692048707788,0.00750250662690054,-0.00496279770841503,0.019784234781374,-0.0108898857598365,0.0100043927655962,0.0129888740619179,0.0157486665524073,0.0104401597394118,0.0133550143999384,-0.0291909016707026,-0.0179396826127021,-0.00685642197347174,-0.0130967723244002,0.00340070333785798,-0.0114852992306655,-0.00818638368874141,-0.0178300076154718,-0.008131523738648,-0.0232994504331734,0.0186062350385469,0.00754195570412391,-0.0244982109024501,0.00258021226724861,0.00632192361473989,-0.0316234756661293,-0.0159466479451029,-0.0349693545391702,-0.0240806950761619,6.8394795084008e-05,0.0188138853501473,-0.00840500809029474,-0.0140147269357253,-0.00910317221168344,0.000819252630427758,-0.0339800003433193,-0.0342531671686878,0.0170404441183303,-0.010458465195475,-0.0182173217270196,-0.0418166883838973,0.0230795494571222,0.0209929638912043,0.00924715083461975,0.0131954658550685,-0.00330640745506785,-0.00169561547227562,0.0148582714939043,0.0226932978152448,0.0178912646738157,0.0111721093923134,-0.0156192408012206,0.012858395826724,-0.0532718366220806,0.0153545580323176
"TFGroup_14",0.0100265568556682,-0.0081964249344272,0.0101754944859097,-0.0133124353755373,0.00737193363782207,-0.0206871095860206,-0.0471509380833851,0.00167630919742951,0.0160798885950422,-0.00762909552094072,-0.0189003189614073,-0.0378764998568942,0.01140820221944,-0.00553327196120572,0.0162663103904464,0.0298774314792057,0.000974631998822139,0.0128124329779858,0.00776975462344087,0.0160210679699303,0.0084492003402051,0.0529459812112596,-0.00937148012583935,-0.0101288774832011,-0.0104725236944393,-0.0668177855677232,0.0152048793830935,0.0371961426372013,0.00738719408288981,0.0314921974639787,-0.020464200224568,0.0422450974543819,-0.00444976456374448,0.0128919936463119,-0.0223789596506159,-0.0105217202529837,0.00783487742703481,-0.00665469619584674,-0.036402926362864,0.0592655191463033,-0.0342651971076684,0.0153718262491858,0.000117014478533001,-0.00950530443789902,0.00661669220282644,-0.0375360261215204,0.0193738026840783,-0.00382518587213724,-0.00595651327490841,0.0148787628947696,0.0388427296561252,0.0105756373972161,0.0124747216780478,0.0209408105173421,-0.0141032355844184,-0.0165764317691298,-0.0337172156000831,-0.00620436781040083,-0.00631590151044686,-0.00884376831620656,0.0114573882611649,-0.0116646981967154,0.0590627378727348,-0.00606471879143033,0.0119065116717138,0.0117940860189074,-0.000564339021390395,-0.00834064362511491,0.00414745398233578,-0.012052541233534,0.0279706607365568,-0.0140131373207196,0.0323601914922862,-0.0158855502279589,0.0136142137076446,0.0214065460584346,-0.0266991703666736,0.0308559719783851,0.00983362559783189,0.00199577813950625,0.00250655751050387,0.0384157193249762,0.00366617910702766,0.0269498993667643,-0.0306781394143461,0.0156586725827649,-0.00264577347542004,0.0321119097346985,-0.0151209352722511,-0.0231722365910675,0.0310657342796869
"TFGroup_15",0.0341560697481695,-0.00590846831894942,0.0130203737948604,-0.00849129018596568,0.0292458660145583,0.0122822218736838,-0.00667719837806274,0.00912874892232112,-0.00162524986322591,0.00184074062253383,0.010205914446133,-0.0220237438459839,0.0147611453249893,-0.0159347756282606,-0.0198212979718023,0.00362381096161291,0.0152474965540947,0.0124168064544564,-0.0112994660595987,-0.0197149041735909,0.0372088014838576,-0.0029083613451449,-0.024500102641241,-0.00301505035107261,-0.00381273358245868,-0.0112637079278626,0.00841221220014407,0.00338517235508757,-0.00313552790433294,0.0193732749353104,-0.0125056417606646,0.0191984390526848,0.00244359579280862,-0.0265811341628563,0.00856231499195803,0.00732117971065215,-0.0229457717258459,0.0011855565929555,-0.000729413098149292,-0.0327115044152497,-0.0124627629183128,0.00467770172630429,0.0174998175147848,-0.015183656921321,-0.0183783044521198,0.00488270953061837,-0.0176465078773027,0.0101413429814452,-0.0059842000582832,0.00148158841685735,-0.00772196561045911,0.0167292701807921,0.0167719955014951,-0.0104285259688332,0.0158836155914171,0.00413889471523159,0.026671263068463,0.000243951805667192,-0.00065445359776293,0.00949893288103315,0.00384437211374968,-0.00441704793317825,-0.00642624867008373,-0.0233171524779158,0.0170681660770208,0.0141483649667551,-0.0161616880936583,-0.0443344714891385,0.0204793485325873,0.00885900568834166,0.0193172841069336,0.00390391072847054,-0.000724739650659859,0.0150636936884266,0.00998748366032389,0.0135451136705968,-0.0319312887983741,-0.00810261594630577,0.0257345299581022,0.0037231191201872,-0.00943915827080095,0.00848391232921624,-0.0109911308576675,0.00948826286319773,0.000466214370579224,-0.0093467019085643,-0.0306842813911563,-0.00422015823316813,-0.0124901870782256,0.0174439398894707,0.00950714599474743
"TFGroup_16",-0.0245856120850349,0.0233348360654593,-0.0358923317310883,-0.00471218780620155,0.0142340929563197,0.0136550449817006,0.0367291061573122,-0.01708046114254,-0.0138604765087843,0.00762989430675096,-0.00612144074793265,0.0088867766888723,0.00272753419394028,-0.00604020023723547,-0.0189569781244568,-0.0194404759681008,0.0150151420307468,-0.0396565389001101,-0.00160984533441726,0.014627580121263,0.0162667224849719,-0.00596676170364465,-0.029332937325149,0.00216711892700814,0.0151756869883269,-0.00144941833132416,-0.00722433381320677,-0.0411443575448789,0.00259815250807514,-0.0409351477283298,0.0305977269105807,-0.0207343574351171,-0.00406031248952384,0.0165602367236209,6.19734814262909e-05,-0.0172475055699624,-0.0275778345802087,0.00703054637893948,-0.00463428186013578,0.0386875081268034,-0.00677794465460142,0.00801164330290045,0.00827944948015766,0.0177069977936768,-0.0219287222668869,0.0344064150800708,0.00395267949690071,0.00247946591121878,0.0217896939966404,-0.0104919307182326,0.0158085817779519,0.0446001928412925,0.0310305428244104,0.0176735654835074,-0.00750270225008822,0.0203750420851639,0.0254458632166275,-0.0300654837505102,0.0281057692315272,0.00232320402139125,0.00232397262002165,0.00121928056299221,0.0374877506077062,-0.0259709440760145,-0.00743541615744294,-0.00978978982597495,-0.00993130465251053,-0.0164378811215728,0.0183702258137535,0.0117309224240603,0.00189507420605334,0.0267796460088045,0.0037703378172751,0.0323337813301122,-0.0141211470143023,0.00112588827551543,0.0160141114399878,0.0158761871367129,0.025002786170552,0.0216859301362921,0.0152647510288948,0.00327253186891644,0.0193870618968458,-0.0262456575312043,-0.00434822987152818,-0.0237049217867273,0.0309003953014722,0.0198299521639707,0.00798164642698788,0.0355212775858264,-0.00151204760144046
"TFGroup_17",0.0160153883807731,-0.00438513777919395,-0.0200691135354362,0.039617572071096,0.0176703781539593,-0.0145953581527408,-0.00868704221751274,0.00496151223247537,-0.0069093624485401,0.00535748824890529,0.04774021621454,0.0169141389461482,0.00406905316051582,-0.0355811737880532,-0.0126250868054478,0.0292375710502714,0.00254094638536631,-0.0209507437159722,0.0440919643642005,0.00824602746433464,-0.0173148491255618,-0.0149522457939664,-0.0317513281693462,0.0202156131684486,0.00753947050983706,-0.00791479264417081,0.00567775089251527,-0.00480416236978729,-0.00871542024709885,-0.0176077400732292,-0.0301613260812634,0.0107261253401639,-0.00584358702782619,-0.0364994012575457,-0.00368655297265592,-0.00775449633619719,0.0405633426745066,0.0115889941082189,-0.0081350002134818,-0.0198612052272247,-0.00380733209332918,-0.0147078980646095,0.0283671452331195,0.0369608410755133,-0.000683149661320267,0.00423665452777891,-0.0111055288048404,0.00233899920285728,-0.0115510732562944,-0.0313414837163695,-0.00696897302109388,0.013633145154119,0.0413780422352928,0.0358982287454004,0.0496526928577615,-0.00304420303639083,0.0235380680191183,-0.00935616213125564,0.026674725434126,0.0103831008106217,0.0192318637930002,-0.00721045650306101,-0.00170716810570462,0.0318454323574883,0.00462132263376445,0.0223803931940157,-0.0215182057515372,0.0162666940764989,0.0219562690089158,-0.0035662341959438,-0.0400810299294072,-0.0132727482863251,-0.00686406227175809,0.0158375585280329,-0.014399868246469,0.0366502884001442,0.0104632616059267,0.0234093663548168,0.0031739542461178,-0.0259966799924063,-0.0527399515721806,0.00332477562708544,-0.0117586775554155,-0.0104845094694995,-0.00826989345726474,0.0275423470715165,-0.0196801327740925,-0.0130857751359021,0.0300257233599135,0.0470393655671635,0.0155541687694174
"TFGroup_18",0.0252778935873354,0.0189253715394437,0.0229231740613618,-0.0252502107731094,-0.00782918014480369,0.0329762555108464,0.0237956263346502,-0.00154223378733084,0.0233612678332712,0.0143096265607998,-0.0772478101255384,-0.00939030460490858,0.0515869006787343,-0.00475417043748126,0.0494279837519219,-0.0194127952003775,0.0466537022425502,0.0140482582107047,0.0261516093635073,0.0182203165002625,0.00677434363931025,0.0483115738365226,0.0138768745317373,-0.00768345458106904,0.0541634299622701,-0.00763513671007124,0.00959423309954634,-3.25250714510412e-05,0.0439692122592775,0.0517057726197757,0.0559116045658253,-0.0110692317898851,0.017618524024099,0.0617174308727222,0.0574294786143899,-0.032196000377158,-0.0152309157789501,0.0092602620582054,0.00920007897339737,-0.000386827427324839,0.0347421383263,0.00370712902356861,0.00559018359748167,-0.0774721901494989,0.0515330483941849,-0.00152788386207152,0.0361307235304068,0.0188005330432199,0.0254268780650128,0.0303455865119221,0.0429613697084552,-0.0254890922350443,-0.0177461170479874,0.0281567497011629,0.0359939262620178,0.0170146385292333,-0.0303372078595853,-0.0278729901717527,0.0240228968972296,-0.0190654627647264,0.0104807458411971,0.0140519804384239,0.0316102625805355,0.0104288944293735,0.0111366719232098,-0.0189410145198391,0.0576754561425215,0.0300004167935329,-0.00671280237183384,-0.0428582140781677,0.00068423451860444,0.0220918618671581,0.0153855848540852,0.0114967304448285,0.0144130665706426,-0.0150288562198384,0.0170830380726413,0.0299395707093638,0.0204193590413337,0.00101602918110597,0.0231457724191042,-0.000413056562461578,0.00588177501615156,-0.00628876656834249,-0.0284184619391867,-0.0411066424760593,-0.0382972950507514,0.0292841493312963,-0.0154906241635106,-0.0227199027721168,0.0117518327437803
"TFGroup_19",-0.0106364608817464,0.0253436024895305,0.00394933285257469,0.00823800127800369,0.0227391060602107,0.00127933393510864,0.0301788936495912,-0.00759989005663097,0.00747148989186684,0.0212597397022727,0.000418991194012091,-0.0269162666426248,0.032357539414889,-0.00457544280239677,0.00144984298687283,0.0097679548668516,-0.00925829561704757,0.0130560037425601,0.0151404408616034,-0.0197021293782763,0.0142854467208568,-0.0155849875722717,0.0433672998906752,-0.0082768746476271,0.00742627883794722,-0.00450197529723483,-0.00887969786693519,-0.0147368606286818,0.0137282394966231,0.020534761603973,-0.0216661777756562,-0.0295899242843742,0.000545620717761597,-0.00153304210496489,0.00317224514065743,0.00666154095416857,0.0263694098316199,-0.00634867884453861,-0.00374653449336183,0.0324198437248024,-0.0218131344100278,0.0112843701726039,-0.0033228355012602,0.00938644546267403,-0.0246957458191936,-0.00698332938245545,0.0120467741873708,-0.00903723758497563,-0.00874213261763571,0.00978933071138854,-0.00951196840594117,0.00855803432682111,-0.00449217182728342,-0.0318519695444868,-0.012825406973451,0.00580940651459879,0.00027971910118577,-0.029355337299042,-0.00781440218557561,-0.0343647463357667,-0.00919514207513612,0.00564948989070499,0.0134034728551122,-0.0257710567324939,-0.00232054936523398,0.0213039956604291,-0.0113428134804605,0.0285144945053087,0.0291509314971554,-0.00952566996665812,-0.0479131006617032,0.020584248767402,-0.0187110897155305,0.00642045331907949,-0.0211620445631089,-0.0022274000448099,0.0141947459907322,-0.00554914205588265,0.0217592880213498,0.0171630355538846,0.00785926834940782,-0.0119701593411665,-0.0101172664631104,-0.0113836306039883,0.0226679967561292,-0.0142237910602145,0.0121382553338082,0.0195612968479926,0.0168222439434112,-0.0319601481556095,0.0193038046702028
"TFGroup_20",0.00350196080928668,0.0118362056511943,0.0114509150669591,0.0282826268140234,0.0332058850352401,0.022120163361941,0.0480512888743261,0.00923017244106714,0.0441764035795572,-0.000845093383722658,0.0103461801629541,0.00175299818250786,-0.00448845406613809,-0.0119130430022301,0.00903982829640543,0.0159807472931354,-0.0273775468801487,-0.00132797949852806,0.0133638358981158,-0.00641565919259527,-0.0152393124330102,0.00805121262811979,-0.000447980752342546,-0.00284660702565488,0.0085741191990167,-0.0110004394987228,0.0269960383972636,-0.00147383261360001,0.0456353005859395,0.0178066245692812,0.0144509600749239,-0.00718841509946017,-0.0194410946845376,0.018283338573638,0.0010369183521247,0.0281205631124587,0.00736989558715941,0.0194033399067454,-0.0033098912471046,0.0443296388831395,0.0192861778483011,0.0226771887439705,-0.0266189962707081,-0.0255601358246661,0.0161364853661488,0.00128266546972673,-0.00843636202268488,0.00775182440342876,0.00560640424715884,-0.00314487891555023,-0.00165423736825204,0.0280533543982613,0.019214935500781,0.0127409843776285,0.0285873241398143,0.013952312545408,-0.00941140500249957,0.00717816191221143,-0.00156921520856618,-0.0219557516342348,-0.00307478018734447,0.0504777388529381,-0.00413327988129982,-0.0120096628477949,0.0328250721346096,0.00712406180755217,0.0466108682747684,0.0320512679685561,-0.0122536582782908,-0.0238868605633373,-0.0223565185734585,-0.00539254879332116,0.022891384266627,-0.023286651405996,0.0159815582596805,-0.00256961508232256,0.0049895013514613,0.0137141931480792,0.00249928864162614,0.0220642874776058,-0.00914274526920219,-0.00415480509333348,0.00546441122174098,0.00182198838590287,-0.00296247844977296,0.0141774839763958,-0.0236714036761347,-0.00714607926286107,-0.0123608941002499,0.018904834842121,0.0105856011947426
"TFGroup_21",0.0499886346904541,-0.00715901471874016,0.0254418993632285,-0.00292617510190774,-0.0252485412454246,-0.00854159970570212,0.0454077545094028,-0.023490415710813,-0.0107332016680494,0.0223801695562417,0.0505279982466315,0.00849080283384467,-0.0336576231541327,-0.00105262007789136,-0.0202757925283336,-0.000455379340543713,0.00484259883404087,0.010364633794783,0.0161349835089142,-0.0154186369786053,-0.00692101924646798,0.0247617353887752,0.0445274362370383,0.0194809841399394,0.0116730080079634,0.0272733313214368,0.0340447687486777,0.0354101158178388,-0.0273721951824319,0.00178099399297223,0.0324428195508913,0.00609074544078913,-0.00707171743076682,-0.0275571949146195,-0.0406117647069685,-0.00050808207304525,0.037368501193384,0.014007538291674,-0.0167657603916837,-0.00412169437507064,0.00811200278830269,0.0107643807675564,0.0171978165176648,-0.0317502240573565,-0.0437580095068094,-0.0295478300332273,-0.0400259877167831,0.0308852780557676,-0.0368181510341101,0.00398282148656936,-0.00356885497383771,-0.0243484460901384,0.00781197292017149,0.00756368785264449,0.0100155556565896,-0.0143257697437569,-0.00275760883545117,0.0189097426514203,0.0189270945858555,0.035577803453738,-0.00802495991857593,0.00697818542612437,-0.0209230415198417,0.0190205262569035,-0.042615729902167,-0.00917813275299507,0.0246792233893569,0.000757099253228782,-0.020327172057863,0.0379833940359573,-0.00478389629132023,-0.0334556209483958,-0.0194405422057071,0.00977858723299718,0.0167359403018346,-0.0216661013836376,0.0381056803804913,-0.0141536825466805,0.0297068414541398,0.0159033825465847,-0.0193007932387756,0.0139335258069492,-0.0312178040054478,-0.00491534696070563,-0.0169975000693298,0.00643348051200523,0.00604122529880925,-0.000971104200589744,0.00102840377462311,0.0114302687507146,-0.00770109544134515
"TFGroup_22",-0.0234760369771278,-0.0134541179322483,0.0104590697053897,0.00268713650370359,-0.00126785628903525,-0.00130858617319041,-0.00376987333721593,0.0193997201478385,0.0184827457438929,-0.0022036496097747,-0.0249230058121084,-0.00358181731284581,0.0229945772512359,0.000366380583767164,-0.00866179157726936,0.0020308452026445,0.00357329589777136,-0.00216807407795754,-0.0159268670473682,0.00730168456751049,-0.00265843098420152,-0.0155110610313177,-0.0240146249888909,0.00295965133573318,-0.00720170385019206,0.00905713123117749,-0.00791247508882394,0.000690048128507458,-0.0233874822206367,0.00153555752168745,-0.00118648502197617,0.00492938991921649,-0.00442385031178381,-0.028047329802419,0.00370768768399358,0.00968346703363202,-0.0293489947294868,-0.00529330748850155,-0.0019761751716239,0.0224770963116331,-0.0133425638415913,-0.0227226794781781,0.0169588766968859,-0.00416425253067229,-0.0126439403707045,0.00322805238701782,-0.00146373881141538,-0.00607518612221682,0.0193612600736952,-0.00112201181204502,0.0165388145955269,-0.0154022525474707,0.0132205419451542,-0.0154006886614778,0.00435953860137842,-0.0126597902299187,0.0151246149876665,-0.0125929611413815,0.0156614249766031,-0.00659437374328977,-0.0132048639226573,0.0032002808713827,-0.00869822212173713,-0.0143372781022186,-0.0203253104192617,0.0229830612485567,-0.000471669789765413,-0.0174979757899283,0.00540106216578194,-0.0324249424181288,0.00403537371725339,0.000658382378746842,-0.00201684912154277,0.00613246003735127,-0.0105233371406214,0.0143702875446096,0.0137999339808975,-0.00176084032491383,-0.0158176052589001,-0.026521247640287,-0.00300079021923313,-0.0392322853583658,-0.0184640830884305,-0.0112353653882552,0.0211913507751953,0.0273587385746471,0.0108735769218953,-0.00225807852639262,-0.00643670292170013,-0.0108323916049852,0.00674362941968308
"TFGroup_23",-0.0191150147446129,0.0167669779765671,0.0101541626912302,-0.0382138741371675,-0.00151161369183009,0.00598051490917955,0.0192738775185319,-0.00394775572548185,0.015942152056544,-0.0335307145709136,-0.0190617209618195,0.00759716003849169,0.00265578901348783,-0.000574136626117543,0.00316601139388862,-0.00749895205087337,-0.00580030310449027,0.00221755629139218,0.0213285664828828,-0.00909670909400478,0.0182065859261579,0.0235881044500419,0.00129345361551398,-0.0137000579721305,0.0082275034690784,0.00980911108072766,-0.013010639568326,0.0112616095722196,0.0124620638354738,0.0226725627080812,0.0229789511197733,-0.00625926636483064,-0.0106642370875544,0.00904453128073539,0.028351756976242,-0.0117852582678722,0.00540358879011704,0.00151276032215455,0.0289589268475758,-0.0167887475679652,-0.0276249140337788,0.000832460600460299,-0.00239773477444835,0.00734301078178586,-0.00436101981682776,0.0337936858907902,-0.0326336619292681,-0.0155390277745399,-0.0128196229355588,0.0256803172412507,-0.0359980524509212,0.00691036715875377,0.00288446828900737,-0.00355843940981296,-0.000791375255690848,0.00875978906801761,0.0164446232318246,0.00490472595826711,-0.00288656288481085,-0.0109005259869388,0.00350371206565422,0.0121740301196095,0.0146302833765697,-0.00657531779260325,-0.00764661337548216,-0.000188425418035561,0.000218560460776977,0.000501523216659552,-0.0118812255227805,-0.0147839799834299,-0.00866328719928848,-0.0147117851515915,-0.0395847538350972,0.0163119949526684,0.00745092606757809,-0.0229193260904375,0.0215599975136699,0.0152999312116815,-0.028223023538161,0.00141934113602669,-0.0113876068603012,-0.000988811564028257,-0.00627488844131861,-0.000766593354105107,-0.00750258621106348,-0.00685547244426781,0.00490773916256884,-0.00884667623391173,-0.00555409981894144,0.00280642107380246,-0.0150791094464941
"TFGroup_24",-0.00246835741002899,0.0217668074624157,-0.000924496232883303,0.0259633507214043,-0.00202499934727183,-0.0125371715783074,0.0154415926866489,-0.00820670778875402,-0.0139731480688402,-0.0117640136327862,0.0168161666712819,0.00561714340145708,0.0011723086916772,0.0193623747895171,-0.0289055661048929,0.0183345670010405,-0.0180281361590053,-0.00955803343014929,-0.00156826871814298,-0.00188224062387785,-0.0193990156319599,0.00941413472718351,0.00129213809155309,-0.0340787898060194,0.0184931360774638,0.000324940472806179,-0.00736901482947281,-0.00665162465734987,0.0114804123242213,0.0163286827420253,0.0375789468521031,-0.00324923563173143,0.0253370429311488,0.0111052079692305,0.00584754797927898,0.027951408430096,0.00241961513640741,0.0117866362828081,-0.00653512977129548,0.0170963925797637,-0.00198305355086284,0.0133272416259208,-0.00551288033902246,0.0359258481478665,0.00291766160832504,0.0204354108686583,-0.00680261012889829,-0.0145296808250834,0.0118355691891278,-0.0047096166922674,-0.022806300977546,0.000109611786936586,-0.0101133991082639,0.00239797469720229,0.015891807950525,0.0538802781570412,0.0109717892806993,-0.0175105476381938,-0.00187869643947444,-0.0366975064906297,0.00519725368468975,0.0125765855176164,-0.0251024770029846,-0.00420156390053543,-0.0236641330837892,-0.0019292661460372,-0.00755868375394128,0.011118843103714,0.0174086480327584,0.00599093967236603,-0.0274540448105467,0.0155544126543472,-0.0260702651485366,-0.0350631970949221,-0.0183560807120813,0.023562329570963,0.00560629218891388,-0.0303689187521563,0.0151020516831191,-0.0155723696820178,0.000561817131763132,0.00838179190507083,0.0094118490738816,0.00329481965626964,-0.0392865324862129,-0.0108060175605078,0.0201371546651737,-0.00837619567517949,-0.000880442488234193,-0.0140424777719582,-0.0132564865699534
"TFGroup_25",-0.0417421134257099,-0.0104247996244661,0.00472084568550898,0.00294499692023097,0.010566956715053,0.0151615056879867,0.0185274965662039,-0.000285266748631736,-0.0364906480273772,-0.0234235845663398,-0.0136321660269172,0.00318275952993059,-0.0272418980103794,-0.0104356473669304,-0.0200824884009679,0.0172386263602133,-0.00998678265956733,-0.000773867734900216,-0.0232435998694411,0.0361007490722956,0.0081282180419061,-0.0348738006626822,-0.0517140364730842,-0.0439446281161194,0.000474593883238083,-0.0105253527202972,-0.0168223654712838,0.00624679055564769,-0.0185064165292059,-0.00927605527415964,-0.000597250077531906,0.00183849874002576,0.0212625369253128,-0.0107875308347336,0.0496274802178889,-0.0283783447414776,-0.0276515318468349,-0.0312347992366296,-0.0250684253717068,-0.0787001538731637,-0.0491763075008076,-0.00537403442593591,-0.0288938771221441,0.0419447954817942,0.0388911929400482,-0.0201776267964724,-0.00445341195504496,0.0248026392526223,0.0197726114266608,-0.000373084389958773,0.0354081371993084,-0.0229919614748263,-0.00610905945652817,-0.0172541916754093,-0.0238263660772796,0.00736171250205286,-0.0112520165828369,0.0210538267801838,-0.0363931905751495,-0.00823845886412302,0.0358231029927997,0.0002943036164125,-0.0133267151776483,-0.0610957082077858,-0.0539649084064476,0.0244127263028514,0.0154144472749709,-0.00266385023865331,0.0214583253037864,0.00122204574844467,-0.0161550434893988,0.024114425086803,-0.0177714695072155,-0.022727136342256,0.0259450191507035,-0.0104571702692498,-0.024249250281747,0.00735323143840103,0.0144252073460212,0.0293133312585208,-0.00620012318702728,0.00934578331348204,0.0283329091329613,-0.020017072893156,-0.00362369075614251,0.0380475507582269,-0.0203572091259046,-0.032865688210613,-0.0376121381475471,-0.0206303742382029,-0.00506484324907717
"TFGroup_26",-0.0112993411013297,0.00628572568238282,-0.0107451297415067,0.0162227603418146,-0.00300846083408811,0.0192680996381106,-0.019104521661574,0.0113117894614826,-0.0277017969009734,-0.00576967461295022,0.022117581564617,0.0108371886585996,0.0130181091907209,-0.0263887620666829,-0.00201436415950863,0.00101599175400922,0.00217849533236112,-0.0144281886184082,0.0395715733470602,0.0161490264220217,-0.00342276787656563,0.00184421104731506,-0.017825667995485,-0.0116847725874972,-0.0138271310950953,-0.019098198820573,0.0246612992571874,0.00240698298289479,-0.0132500245382684,0.0195588856969649,-0.00824393871970396,-0.00578667378622136,0.00665470000667838,-0.0142312601577794,0.0258807538757612,-0.00268451378458578,0.0147664069052353,0.0278180621965804,0.00867659396748767,-0.00842727163929304,0.00217290235627598,-0.0119045668401041,0.00189538020229256,0.00341800345344866,0.00617676749365769,-0.0279391748302985,-0.00886389315389744,0.0127750602040833,0.00772860355569439,0.0104481230188856,0.00143144071189899,0.0069909989545135,0.00387080998860638,0.0103029394622494,-0.00952902702888011,0.00102070146049955,0.0138839592250365,-0.00551320192999818,0.0165555907266534,-0.00420556397579014,-0.00202490547706397,0.0158919794647868,0.0100472576967093,-0.00555287055947684,0.0261415690223521,0.0329622081438441,-0.00699287283618933,0.0110707408758038,0.00659885493392293,-0.0125400297464857,-0.00783016180102837,-0.00598063107958006,-0.00747584135440578,0.0107984544020471,0.0272558406540397,0.0412727437434316,-0.00237434937095619,-0.00239357631366507,0.0172204636801819,-0.010648581960451,0.00559179312420396,0.0162902150179576,-0.00373457081538134,0.00697378203999486,-0.00281444937817401,0.00540153141425602,0.00186832698350353,-0.00768570129083139,-0.0234369455675814,0.00910611529582136,0.000455066859308214
"TFGroup_27",0.0254583902858248,0.00245141625591185,-0.00261838342445268,0.000602106786150432,-0.00653345711875775,0.000908030788118118,-0.0331141737178258,-0.0153528810232554,0.00292122751131535,0.0409218261091619,0.0110877101877244,0.00376460205773703,0.0176216920581188,0.0322201702884151,0.01405866186962,0.00999888094007861,-0.00333896522921302,0.0320043356165818,0.0101596619397656,-0.0276455113804348,-0.0126819846304667,-0.00613111003184414,-0.0313457430744494,-0.000653379504244311,0.0165255014380211,0.0194848831469653,0.0280360485434004,-0.00596419194042586,-0.0383309301382104,-0.00190181910710998,0.0341741747829758,0.00398729882727039,-0.0220494976819906,-0.0111024780374657,0.0241324538856324,-0.0256003859343581,0.0205373171886415,0.0210221240517743,0.00160529480958132,0.00110771042491594,-0.011354296862425,0.000765560587465859,0.00849382339773508,-0.0431709303546056,-0.00473534746702771,-0.00797261719312537,0.0220052862330932,-0.0128893219101577,0.00378700273457744,-0.0328980687194409,0.00629094820830256,0.0122506002904956,0.00408465866121377,-0.0244006680459479,0.00547527488263634,-0.0334662255872874,0.0347929458022744,0.000831797176250822,0.00433693215059348,0.0374377435845759,-0.0133020570930009,0.0311609726037759,0.00591577405918896,0.00361067335480821,0.00144359896892369,0.0254128673811995,0.0206918594684071,-0.0349020948041808,-0.0313791160821274,0.00582116972322118,-0.00327542365910149,-0.00258527438263599,0.03993012908466,-0.0154767367852358,0.0136923770444492,-0.0545597282871579,-0.0081889545162896,0.00517256454789916,0.00435075506543255,0.00766347804789851,-0.0160206126608437,-0.0774084688358649,0.030924540817935,-0.0292688839702968,0.00329863484823333,-0.00627091515128985,-0.0244488264339614,0.00662069132460353,0.00648103080076215,-0.0270753391274244,0.0227885491527366
"TFGroup_28",-0.00112787766894221,0.00594814596708561,0.0108313925926451,0.0144856978573938,-0.00922921337220737,-0.0304662944257538,-0.00796970944935351,0.00835412161651218,0.0140885365867495,0.0280018528421225,-0.0173593289328483,-0.00180205017647301,0.00300066257137882,0.00939396035198933,0.0497043685293245,0.0095861135102777,-0.0076791316853752,0.0354553492337202,0.00494598865314983,-0.0105791678093652,-0.00382568363322541,-0.0223860594261847,-0.00458329877394798,-0.0224052253463813,-0.00249190173843221,0.00342214162483691,0.00187935527740188,-0.0166836729333883,0.0260230453248171,0.000581277610460542,-0.0023989768594849,-0.0385857453724944,-0.00620345108655076,0.0384220842193964,-0.0241376176755183,-0.00554728213119238,0.0180321678725706,-0.0378664226446298,-0.00532609533575968,-0.0515046337172626,0.00306260897059479,0.0351125200858018,-0.00690699995054556,-0.0266108588967924,0.0102889603553829,0.0266809967960639,0.0172027556736294,0.0120288043525518,-0.00300068942257069,0.0113140282048048,-0.00408528334169136,-0.00166165304723791,-0.0132257885455024,0.00328031504442932,0.0357232962116417,-0.0229361622191016,2.70804433182273e-05,-0.0066164742540619,0.00718765939296109,0.0260739994120668,0.0254991467424715,-0.0121089186198034,-0.00746398031533481,-0.0111790138632647,-0.0125450198215215,-0.0246605117221593,-0.017794821934317,0.00303383059240233,-0.0183960399837255,0.0150097565110746,-0.0150334833986108,0.0159357303111618,-0.0122501110406319,0.00405080705165485,-0.0359252829101614,0.00557473167728062,0.0193416616652021,0.00457346498998721,0.021580290390898,0.0114937058946334,-0.000552355048640968,-0.027359326215782,-0.035348931729897,0.0157323622638534,-0.01403681012778,0.0027051758527033,0.000423238238477428,-0.00265578632953161,-0.0197551788743543,-0.00970206380765086,0.0219123230884507
"TFGroup_29",0.00844125736667543,-0.0174221030200617,0.00770266902665227,0.0178066280842829,0.0268247664315178,0.0144375568203961,-0.00783884754111514,-0.000769510358968057,0.00159414505156081,-0.00656281793290765,-0.0146568711304065,-0.00884798120996401,-0.00812897157975951,0.00317081143004822,-0.0209321548737151,-0.0302034711678982,0.0339439930992549,-0.00742655172147979,0.00196893975692634,-0.0231594301855099,-0.00420649627043623,-0.0143135447901858,0.00909419022404972,0.0190037852370295,0.0101964400877057,0.0157115864784144,0.0190139964006579,0.0207052745023632,-0.0082659942532677,0.0193471313377611,0.0111084680103228,-0.026902478249568,0.0417208381569143,0.00411107226449919,0.0102132446284656,0.0121925681891436,0.0162467218130944,0.0124209467081334,-0.00764860671293229,0.0369980007244627,-0.0298928888463328,-0.000136624664156518,0.0139047392804058,0.0329217883515147,-0.00545322121981836,0.00243502562235408,0.00786447207267604,0.0279918598977335,-0.00850813877778009,0.0173159603674137,0.0228889436924065,0.00774858132099678,-0.0195728315484897,-0.0241789793685154,-0.0268244126013876,0.0159636607178691,0.0222894835594491,0.0422451657711018,-0.0195741108128917,0.0277474100196234,-0.00940061119633049,-0.0211313965100587,0.000469767646704973,0.0216126720376281,0.0078709868012668,0.00169964971986107,0.00557666807752186,-0.0145127193065549,-0.0343006732197306,-0.0274931858035759,0.00461394177458926,0.00459065657226293,0.0259097300262197,0.0203436440313525,0.00249361621421903,-0.0172323289240818,-0.0194455175632613,0.0291104426700381,-0.0211902858545171,-0.00165943970737794,-0.00326475352448089,-0.00124372161686171,0.03086091649144,-0.00906617206144076,0.0109497616536423,-0.01658998213404,-0.0226437793291503,-0.0130167694303255,0.0118187736222474,0.00136402259244652,0.0205502013886386
"TFGroup_30",-0.00650741206375611,-0.00053077883244493,0.0066993541943928,0.0233981221311402,-0.000396078693767707,-0.00274601215152358,0.0339941723038891,0.0305200534962206,0.00989018181711357,0.0067255696648049,-0.0225743088262168,0.0270853972662396,-0.0352632539273079,-0.0335550349235436,0.00152064269668891,0.0230954881316908,-0.0273901922792623,-0.0212301255452238,0.047811770474252,-0.0294727348316373,0.00637373487432873,0.0460425669661504,0.00214304262912579,-0.0250331657480609,0.023780182996782,-0.00977802790695646,-0.0160227875914843,-0.0134471986206173,-0.0114271803136409,-0.0647630601052168,0.0166552232642376,-0.0111722355832355,-0.00461615389852495,-0.00114528173164746,0.0301271592225539,0.00168001738175444,-0.00372202614411864,0.027805458672446,0.00296500395057456,0.0161131936068815,-0.012503302781007,-0.01035596731053,-0.0126673102142732,0.0208157288759629,0.018433057114717,0.00823878072014051,0.0343087730309449,-0.0120221126439005,-7.16494912398977e-05,0.00741609064759217,0.00872792678285003,0.007688131433426,0.0163614698122294,0.00101224967404043,0.0171202393110498,0.0226606439632494,-0.00786420458471176,0.0456220091011382,-0.0244288586234655,0.00797116900240048,-0.0289130396058341,0.0370900943742218,0.0118935831825692,0.00876058499106103,0.0166776501216067,-0.0115672399023944,0.0147464672554965,0.0030300758674862,-0.0290694107665734,-0.00264408661123219,-0.0257365510363977,0.0233844784661296,-0.0132074933795551,0.0454269997931732,0.0195599994402405,0.0237890191209481,-0.0201468644712973,0.0344108295625307,-0.00227242385001841,-0.0155668840334317,0.0209279597111647,-0.0242298547083894,-0.0142054481674516,-0.01071905569778,-0.00707944252748939,-0.0197666997994096,-0.00620116144021728,-0.00534471794061083,0.0196616673763256,-0.0335201601400076,-0.0213717730739146
"TFGroup_31",-0.0295255599483873,0.0186371169501092,0.0297715910757962,0.00349123793660971,0.0099073988071858,0.0213209413331011,0.0108743210061177,-0.0225012416073451,0.0103693386656975,0.0026493099322998,0.0210617261078609,0.0129032270981358,-0.0239215558231276,0.0133683303856774,-0.00131194341889834,-0.00482160962876787,0.00953724524407755,-0.0158073418444238,-0.0205996493768129,-0.00690724280825064,0.0260650252820491,0.00457282572782247,-0.00385561465721837,0.0499625750503401,-0.0115737391654916,-0.0273271881275487,-0.00301408689412692,0.0259687002383029,0.00433375308006423,0.00685599722681004,0.0153299736153511,-0.0318740809019975,-0.00332704581933266,0.00592573873149094,-0.000866798221385182,0.0110543922165743,-0.0100927679367608,0.000781981830766704,-0.0242719032973193,-0.0401138927621216,-0.0180388073869057,0.00813232257956723,-0.0110860590097247,0.0300449889503337,0.00385595359055301,-0.00600779296778981,0.0350846430618166,-0.00654867953518207,-0.0169021415820994,-0.00375094387182514,0.00999216500543014,-0.0325007816737802,-0.0169845139391434,0.000152249758491939,0.0381003181134439,-0.00432407805375961,-0.0298112703291461,-0.000450152381097124,0.0098565929754544,0.0222120004947281,0.0250370612305097,0.00365959287918211,0.0284546504735575,-0.0183156727760882,-0.00307877163294478,0.0211617823333753,-0.00566640790200704,0.0299284402281435,0.0284699552589186,0.00913334837074382,0.0155287893658069,0.021719555519312,0.0069368637250372,-0.022695653462467,0.014036013768747,-0.0509062393772246,0.0312094082183524,0.0143834036532909,-0.00784056234925222,0.0167124236903093,0.0208371685664375,-0.0297162945035086,0.0275730686969563,0.0324039040342096,-6.58140960499216e-05,0.0310185187817549,0.000742617463729971,0.00219924402377748,0.0042514973555143,-0.00256419755941482,0.0420571283601222
"TFGroup_32",-0.0299812958688912,0.0117334147392413,-0.0389106211780952,0.019878362651164,0.0017981716042963,-0.00717132933106358,0.0156826825064682,-0.00474400727863098,-0.0126668467748145,-0.0218522448094477,-0.0321222414315722,0.0258294216206436,-0.0101372257590276,-0.00665637764062956,0.011417177313804,0.0113551370391633,0.0117406907043052,-0.00667244878001556,0.0354291031094197,0.0235718270424235,-0.00294722391276407,-0.00278280838459033,-0.0307364596730825,-0.00256031993491445,0.0336317326719222,-0.0246344898800198,0.021228949182457,-0.0150639995892199,-0.0403867717047598,-0.00156857673427188,-0.0110646430506734,0.00100737346533975,0.00321316995280504,-0.0206114668308309,0.00411959963142313,0.00853323756108966,0.0210997862173613,0.0090350213043323,0.00868104935409451,0.054909636028409,0.0144170821171486,-0.00394976703659688,0.011050151013147,-0.0106998740543545,0.0183264912886933,0.0346528136955971,-0.00674653798888348,-0.0177930846480164,-0.0247236191493034,-0.00633001246619513,0.00925305681966452,0.0107148148853548,-0.0432078158983588,-0.00961663856346261,-0.0213072528373519,2.10793892537252e-06,0.0181937693442131,-0.0107639865529161,-0.00634947950179079,0.00672494237825681,0.00768489119115406,-0.009982022719672,-0.00333338335337086,-0.00809434891652723,0.027089375588934,0.0307150605891315,5.27585285664145e-05,0.0264494627661024,0.0131053112743088,-0.041152415604329,-0.029822843011353,-0.0193738228251758,-0.00611975508590887,0.0125068254023549,0.00921214199149497,-0.00883583099304032,0.0232812699291636,-0.0288689300973228,-0.0433917545983979,0.00125461031459482,0.0142284835375966,-0.00889817747128409,0.0272162634108631,-0.0525170920002139,0.0188988990193668,-0.0201221767338624,-0.0281617406082364,-0.00611104066018202,0.0376792885652075,-0.00886216310408492,-0.00187352384655308
"TFGroup_33",0.000644256025731293,-0.00155735872831732,-0.0081859705001079,0.00365164548714197,-0.0206045338872215,0.00328548099699874,-0.0018608489106284,0.00477770582534664,0.000859338583444929,0.0173024073451076,-0.0439790897037361,0.0161929038745146,0.0176005536466124,0.00886014775656179,0.0135873951047277,-0.0114528961829082,0.0143917757863082,0.0225216795642427,-0.0184800698260406,-0.00568420587749602,-0.0165574282810551,-0.00786287110981848,-0.0121029248916637,0.0251359637260545,0.00259680247803974,-0.00868345629148934,0.00497264390851424,0.016000076861634,-0.0256622073315475,0.0100674834156451,-0.000350015338662551,0.00300186478694989,-0.00798310299927273,0.0146432388141129,-0.0183322783739321,0.00331511633788093,0.0075022961100672,0.00243534915191395,-0.0156478189743885,-0.0491260552160607,0.00470129283433262,0.00347995452467016,0.0170672436507772,0.0256028801056827,0.0088795455394778,0.00120959794897175,0.00831538286765561,-0.0011244690041015,0.0072210850451999,0.00805623529369774,0.015615313110706,0.0109298893962343,-0.000459705944718526,-0.000938863109870337,0.00577470920277303,-0.026150926659485,0.0176834435436844,0.0104917827908778,-0.023552844022208,-0.0233565481934188,0.00861186419745686,0.00263253688554739,0.0204903999609897,0.0130229414229682,-0.0189580887809714,0.00163061778355288,0.00238485296421906,-0.0207551781988833,-0.00596051917633077,0.0110613891004181,0.00555277475878898,-0.0210280202928221,0.0128804357759397,0.0284304205576176,0.00516560944708195,-0.0252307928659362,0.00181871104677602,0.00538505405023817,0.00161068622498174,-0.0119261955953863,0.00224186400476421,0.0171228989040695,-0.00784958233721708,0.0105256520411536,0.00482889275189218,0.00527496992123682,-0.0141044409979853,-0.00147556988725947,0.000738320033981664,-0.0350518205745686,-0.000343726738907717
"TFGroup_34",0.0264435145054653,-0.00969487304558947,0.0231065106657523,0.00628627892425758,-0.0207637438811907,0.00649857896987865,-0.016699741601434,-0.0163282295126897,-0.0519918888526655,-0.0169187987445382,-0.00653200393962111,-0.0194412866163036,0.0160285085306011,-3.12221229853082e-05,-0.0224160506699695,0.0204719173615951,0.0112067383732698,0.0081305852537068,-0.0471013217563426,-0.0329406699537562,0.0137616434323725,0.00355695554595678,-0.00103489439740047,-0.0204550633617173,-0.0219800042810909,0.0191498654512705,0.0141015107664398,0.0105660606104478,0.0259801587764989,0.0133325611420434,-0.0330353622888339,-0.00606546941775895,-0.00135622036713314,-0.0254208851737555,0.0102029230722983,-0.00722536429745521,-0.0230453213987744,-0.0163227932855428,-0.0174705161333845,-0.0172430314329733,0.0208287414411431,0.0115602496477198,0.0140088185587939,-0.00255987073640688,0.027188792521866,0.0462098253625864,0.00108839747070924,-0.0124815075223075,0.0183570400639654,0.0128005899552916,-0.0155403093198223,-0.0192981041710025,0.0216354977074774,0.0153914008112751,0.00819072864916467,-0.0417400730243342,0.0126064375745112,-0.00942609632408609,0.010405125945376,0.0137887461095782,0.0308947259805282,0.014667746529748,0.00414427410053832,-0.00582492042313949,-0.0355109215871739,-0.00228144163016431,0.0374148565519263,0.0255413879009999,0.0123091056267706,0.0325472131685865,0.0138543613550344,0.0235179729300276,-0.00227367968441103,0.00822495275239686,-0.0175673177721977,0.0369589630044882,0.0508775998653263,-0.0190672629743281,0.0331997264754445,-0.0231748251452097,-0.0231232019881833,0.000630938436195608,0.0082482973039331,-0.00560946929033338,-0.0216393704796171,0.0169904289376246,0.0232807387342165,0.0686423811849783,0.000900762772810356,-0.0292229477222562,-0.0361684088732424
"TFGroup_35",0.0133168199434688,0.0192379181290848,-0.00919126369058092,0.0213006839910013,-0.0180524642010377,0.00144097381379757,0.0146868913431453,-0.00920854795879375,0.00247503752875599,0.0304034974356396,0.00358096682931998,0.00431769067538704,0.0219350427505477,0.0103256076363027,0.0135380338785978,-0.00887145156889737,-0.00262692334284367,0.0123001672902206,0.0270497637569717,-0.00463942049769897,-0.00492171308446033,0.00441725226769242,0.00655280666335843,0.0179267797011187,0.0372045761093317,-0.0074802611493577,-0.00356598379395641,0.0270705997829549,0.0230857872244369,-0.0217779460315734,0.0350434709846096,0.036898986041928,-0.00236209359467605,-0.00196854541994208,-0.0148225823313739,0.0275562171679313,0.0120492686061517,0.0279087439978326,0.0338212195358683,0.00540129775183909,-0.00283364299665425,0.0132544330233138,0.0112530323241181,0.0099413213121795,0.0162898082747204,-0.0331389542694608,-0.0139693286381176,-0.0169367424758276,-0.0295490068655387,0.0581856758244305,-0.00339279638752734,0.00902616345871347,-0.0118958712869622,0.0250024045154405,0.0258155557850093,-0.0150011298767475,0.017189382747998,0.00212937663523989,0.0314409779909952,-0.0141970408222757,0.0333248792835889,0.0275368142351285,0.000403078692203011,0.0139046277583203,-0.00730794361016641,-0.00820213760552141,0.0322598642943307,0.020019964267531,0.0106461840958561,-0.00281963599830813,-0.0058735231571486,0.0327321989374142,0.0518238113628196,-0.0156524507470523,-0.012869684492463,-0.00560140709439712,0.0113395504037734,0.0353792076660644,0.0294717580041688,0.00733012313525865,-0.029392368014124,0.00201261188747355,0.0153209072548971,0.0270339075603792,0.000320676760912558,-0.0118516013052019,0.00286164763556889,0.0279037098952448,0.00762299296123513,-0.000283410250387982,-0.0200622317026128
"TFGroup_36",0.00701191293466974,-0.00464435620979407,0.00867568022357547,0.0361484752329308,0.00146838999121089,-0.0147267721249525,-0.0242653637149984,0.00641040541031673,0.000367831975710884,0.0289743874597619,-0.00807666819669022,-0.0131369960622237,0.000317602686456222,-0.00965949882852216,-0.0021191252735579,-0.00092439722728069,-0.0115655269221018,-0.00619551419481103,0.0122911705222011,-0.00935709990822961,-0.000593890706188436,-0.00689855619529613,0.000113052428175643,0.0271252615967237,-0.00416580087462629,0.0165419892571155,-0.0200280604726745,-0.0387125385619104,-0.00104878047260126,-0.0137811817663765,-0.00966392750383745,-0.00680387916282437,0.0229827228151622,0.0153250234309265,0.0260498384211444,0.0128886856143423,-0.00896641461376854,0.0121988723471183,0.00279629038219084,0.0299219757548093,0.0118050029580315,-0.0162959621699044,0.00726976338207151,-0.0082540835203007,-0.0175583668463872,-0.0172835095703373,-0.0179708044711813,0.0225207005611448,-0.00720920595858428,0.0284665741740782,-0.0145983317751716,0.0195251201641329,0.00484628106838655,0.0129496358566581,0.0113517647139291,0.0164685477566912,-0.0344353353897676,0.013326166616626,0.0134551379187289,0.00160307697812529,0.00912061217104709,0.00604475257997276,-0.0172346078318539,0.00416839715874886,-0.0207360558789843,0.0189399915203017,0.0190295589114616,-0.0252495633143678,0.0203410942590092,0.00213162011081396,-0.00515470047103701,0.0273908421576325,-0.0142886625901977,-0.00532809471811357,0.00973800613104932,0.00526883708089297,-0.00443166470030767,0.0171319198877565,-0.00663894123299051,0.00930192119448598,0.00270854059580926,-0.0106765241883847,-0.00307305075179894,0.00515607064193198,0.0112149160168206,-0.0174345022565621,0.0058335333452367,0.0121685204918203,-0.00589942636653604,-0.00763188786909507,-0.0422033812608307
"TFGroup_37",-0.0224133965846113,-0.0176735258158522,-0.00720490947016327,-0.0138293242460296,-0.0111973305180246,0.0105803345151101,-0.0179942282616843,-0.0148010706179531,-0.0121792507488284,0.0224378084094413,-0.0203506772162435,0.00579768625193665,-0.0119760862999421,-0.000269062979527224,0.000164462229511799,-0.00976099543248891,7.61320259068404e-05,0.00205416647397397,-0.023908494613365,0.000305104203999223,-0.0133319902759981,-0.00240183804973782,0.000976143258170273,0.00224139660835194,-0.0119805391928241,0.00197948154603926,-0.000878731760674624,0.00235567790145599,0.0007476654187584,-0.0361929076694737,-0.00911132557634429,-0.0242319609257431,-0.00302722194675988,-0.0251250370260299,-0.0209616171917877,-0.0137975381397199,0.0100905583545171,-0.000634002463134723,0.0157644199201337,0.0147555720855897,0.00266722420676127,0.00609225536339883,0.00386980757107452,0.0080630335687221,-0.0284054370919943,0.000731495849659322,0.00694420962273529,-0.00680650184544433,-0.0245124622782955,-0.00638882812565732,0.00593835816897049,-0.000470048318311662,-0.0192783408272891,-0.00591167913066165,0.000483210696987147,-0.0187556238375023,-0.00950242602487206,-0.00635871190127997,-0.00744930320256018,0.0070245462526152,0.0106410850456604,0.0192037537664681,-0.00793402047507969,0.0238422105975472,-0.0108514936760131,0.0351776607801716,-0.0212204137589995,0.0178903942205941,-0.00552256354898257,-0.0178952014641201,0.0126884005766926,0.00307757977146363,0.0027991742085755,-0.00183266233608337,0.000991051198512364,-0.0112465365268166,0.00151248766135633,-0.0238736436151295,-0.00117139612947856,-0.0249933265141802,-0.00647491942460646,0.00104501485238094,-0.0167438536288662,-0.0112034014077716,0.00360228397679841,-0.00562725664724297,-0.00538333705528021,0.021260747898485,-0.0175822017618081,0.00288839764253966,0.0231111242335495
"TFGroup_38",0.0124679617660685,-0.00880218063866784,-0.014493036565137,0.0398590350515407,0.00620692418394986,-0.0122263492784859,0.0175974043581551,0.0184777743461676,-0.01562935913069,0.0204215569473234,0.00595897835646755,0.0186494394198251,0.0328275089996012,0.00658906361646843,-0.0605931388616236,0.00677551846748277,-0.000418695871484034,-0.00769433992269471,0.00226059232972114,-0.00745915124094013,0.0267248562691496,0.0127841573778874,0.0119628848909004,0.0311456417433485,0.0122390355358737,0.0131236238814829,0.00875460010749222,2.96298210212543e-05,0.0439887573458063,0.0505170960512795,0.0185404692793581,0.0261134768791958,-0.011787748095241,0.00624837846879282,0.00138952576315491,-0.00813724781759605,0.0243463846987847,0.0220072236300863,0.000453925428705687,-0.0085893829207002,0.0142455997370414,0.0232697344686145,-0.00531372358553479,0.0300969501960311,0.0324231675167822,0.00785394437829958,-0.0378317584650108,0.0232049158172946,0.0317517133167764,0.0213887143205949,0.0234937667715297,0.00809480218498837,-0.00234359923854677,0.00997597383227097,-0.000119707002462161,0.023202591830403,0.00380254702018886,0.00704601965555034,-0.00178119611170764,0.038940163444942,-0.0091340665965513,0.0137764999607117,0.0121988217383289,0.0159974543367921,-0.000367292351588733,0.0166492427720762,0.0187968704482862,0.0385635893425614,0.023577224182967,-0.0358361158507919,0.0050200798217596,-0.0100923181714934,0.0240200364709918,-0.00314639142379562,0.0306168440061528,-0.0140757229530798,0.0315668096308681,-0.00405864166360971,-0.00306421173371761,0.0349401421689484,-0.000359780929319559,-0.0179096295815618,0.00537516864823618,0.0164803106468968,-0.00758820499470092,0.020308583342314,0.00137577726169054,0.00477203385609981,0.0335051170044691,0.0106916018466686,0.0154943891332718
"TFGroup_39",0.00281217190980907,-0.00213926249438841,0.0174762708733935,0.0135686139773534,-0.00765186314452019,0.0307829293544956,0.000740890198197301,0.0140094559322142,0.00553701235652388,0.00205492286350514,0.036386032133081,-0.0222980700271657,-0.0129219636305594,0.0275491329554393,-0.0314465452632878,-0.00805396669153808,0.00481711885318092,-0.0212407056091091,0.000698273692243661,0.0158847861206623,-0.0149135727730741,0.0128626159935929,0.0317199041481377,0.0124117416565753,-0.0187190139289935,0.0402622111790701,-0.0199954470074747,0.013396590191091,-0.0262346607250269,-0.0137491948500265,0.0140487540928395,-0.00474314727531446,0.00573664441735985,0.00946434385881857,0.00802076282678958,-0.0109963583661023,-0.00463601009185737,0.0343952204323352,0.0357996754397584,0.0221289815566382,0.0247280516862371,-0.000429591275516862,-0.0174968810941842,0.00103228265599276,0.0153011669004956,0.00295396695407017,0.00880825114229922,0.021593835930346,-0.00949243134042903,0.0265033796748796,0.0193871518979946,-0.0202084181774841,-0.0201065932737918,-0.00881091278921247,-0.0049288332851017,0.020998643977587,-0.00944617880290233,0.0238372763545874,0.0065269883680729,-0.0143999214625176,-0.031056607984779,0.0411612585403442,0.0258838690848986,-0.0485955476434812,-0.0108393905029769,-0.0116181861315785,0.011838952389192,-0.00311885415292539,0.00843357345956464,0.0363798918423031,-0.00485996747624783,0.00946494759026432,-0.0311023631868489,-0.00931723159182931,-6.66691043272611e-05,0.0224674897734647,-0.00525563060246819,-0.0197918143061979,0.0177048765964113,-0.0252685599008465,-0.0104202649385065,0.032433114567931,0.0171453912513791,-0.0266436100688918,0.00467014058369566,-0.00779234081307097,-0.0283713731219327,0.0212991912218009,-0.0325743268531866,0.0125161166597589,-0.00992679226262539
"TFGroup_40",-0.0128288857574868,0.00269665838706888,-0.00904050399842573,-0.030122493679649,-0.0324133087921518,0.0386384202308981,0.00176436631435749,0.00901736756399704,0.0653705713494327,-0.0210186071186392,0.0272647909722127,0.0136421386417707,0.0365137617699035,-0.0217797650660686,-0.0281789998103956,0.00307955732519356,0.033569454908719,-0.0116931904744993,-0.00306402820951559,0.000456994995141876,0.0485412517981679,0.0380879279772799,-0.0125478703225229,-0.00503740936446696,0.00734892539124856,-0.01576925427769,0.00179083373951464,0.018757621942011,0.0307299731788209,-0.0219204592542916,0.0122670498212807,0.0144987722674759,-0.0220610084250607,-0.000210890661500298,-0.00599626004541796,0.0226577516853603,0.0397988822708883,-0.00764042617363972,-0.000213776753999929,0.023444710826991,0.0322987299515801,-0.00431175826725392,0.000376982684159684,0.000766470056737077,0.000453145218627139,0.030064693150927,0.0608840406227768,-0.0100478985757137,0.012755164050184,0.0493646096508995,0.00649742493016089,-0.00740520287599753,-0.0248501383147657,-0.00394694406285102,-0.00249263740603678,-0.0236788353328478,0.0309361777067325,0.0147820078844284,-0.0213824685325106,0.006296770755301,0.00112168996170512,-0.00328354036032061,-0.0193709599098052,0.00621735020379709,0.0299687626453497,0.0501363907775671,0.021037765578603,0.0152759624341158,0.0291155557112948,0.0377123741628479,0.00216515627067665,0.0485217904345502,0.0110116235546882,-0.0164090343975596,0.0291301860649234,-0.00757010101838657,-0.0336725401790045,-0.0203773523947471,-0.00415292409952704,0.00664589984732912,0.0119505388396304,0.00121711849538979,0.0146643575038975,-0.0471255657445633,0.00210055602594275,-0.0170575973706945,-0.00209939369727988,0.0154609196301759,0.0298742490699795,-0.00622577006640539,0.00439155361406669
"TFGroup_41",0.0094218451161037,0.0280327833106626,0.0304485972473663,0.00922429383433581,0.0443335697221207,-0.0170273614983057,0.00829382411956415,-0.0173703643268521,-0.0208824687091963,0.0219297825649011,0.0419521329991562,-0.0166011590336673,-0.00599821909982826,0.0292047596054488,-0.00888684487406514,0.00451936768924494,0.00368168053622159,0.0286122975335774,0.0382774160075047,0.00349467762724045,-0.00118711854252223,-0.00548930219418059,0.00544987181305177,-0.0337487894830139,0.0104772111693129,-0.0148028153462144,-0.012327767824785,0.00803320710321179,-0.0191822550897883,-0.00522200012313726,-0.0160977351430915,0.0196487669387563,0.0375030478469823,0.0286205961605007,0.0234074458352744,-0.00612334983508625,0.0010596417843089,0.0158719118846624,0.0206305159094831,-0.0156294825730223,0.00424908248749234,0.0150623622496237,0.0298665969237226,-0.0124930978380096,-0.00280398653912284,-0.00819433926477114,-0.00353733938427844,-0.0130401894310176,0.0184369651767334,-0.0206111041828901,0.010763479740375,-0.00775120200948741,-0.0076638534000792,-0.0189809291427418,0.0188091508334723,0.00739546330718552,0.0137750479325914,0.00349658487551382,0.00254998153759295,-0.010906732354124,0.0137234989041132,-0.00497339642551156,-0.00397136585076041,-0.0189397242783599,0.0126047430733778,0.00602694782874916,0.00587697447394794,0.00554505336424525,-0.0181495255199093,-0.00362399409508664,0.00390051690529023,-0.0231862026700464,0.0140483836606044,-0.00588290813581277,0.00512235729935374,0.0233852906510953,-0.00652023099405224,-0.0232011048871376,-0.00236993559518317,0.0040579093068739,0.00403980309967026,0.00139926839103806,-0.000839136175019464,0.0110410061437623,0.0264375260599246,-0.00687885932350129,0.0044715431899592,-0.0166370060189062,2.66422226834067e-05,-0.00464019851546482,0.00404703830343988
