"","ASCL1","ASCL1+KLF14","ASCL1+NEUROD1","ASCL1+NEUROG1","ASCL1+NR3C1","ASCL1+SIM1","ASCL1+TET2","ASCL1+TWIST1","ASCL1+VSX1","ASCL1+ZNF385A","ASCL1+ZNF547","ASCL1+ZNF660","ASCL1+ZNF776","KLF14","KLF14+NEUROD1","KLF14+NEUROG1","KLF14+NR3C1","KLF14+SIM1","KLF14+TET2","KLF14+TWIST1","KLF14+VSX1","KLF14+ZNF385A","KLF14+ZNF547","KLF14+ZNF660","KLF14+ZNF776","NEUROD1","NEUROD1+NEUROG1","NEUROD1+NR3C1","NEUROD1+SIM1","NEUROD1+TET2","NEUROD1+TWIST1","NEUROD1+VSX1","NEUROD1+ZNF385A","NEUROD1+ZNF547","NEUROD1+ZNF660","NEUROD1+ZNF776","NEUROG1","NEUROG1+NR3C1","NEUROG1+SIM1","NEUROG1+TET2","NEUROG1+TWIST1","NEUROG1+VSX1","NEUROG1+ZNF385A","NEUROG1+ZNF547","NEUROG1+ZNF660","NEUROG1+ZNF776","NR3C1","NR3C1+SIM1","NR3C1+TET2","NR3C1+TWIST1","NR3C1+VSX1","NR3C1+ZNF385A","NR3C1+ZNF547","NR3C1+ZNF660","NR3C1+ZNF776","SIM1","SIM1+TET2","SIM1+TWIST1","SIM1+VSX1","SIM1+ZNF385A","SIM1+ZNF547","SIM1+ZNF660","SIM1+ZNF776","TET2","TET2+TWIST1","TET2+VSX1","TET2+ZNF385A","TET2+ZNF547","TET2+ZNF660","TET2+ZNF776","TWIST1","TWIST1+VSX1","TWIST1+ZNF385A","TWIST1+ZNF547","TWIST1+ZNF660","TWIST1+ZNF776","VSX1","VSX1+ZNF385A","VSX1+ZNF547","VSX1+ZNF660","VSX1+ZNF776","ZNF385A","ZNF385A+ZNF547","ZNF385A+ZNF660","ZNF385A+ZNF776","ZNF547","ZNF547+ZNF660","ZNF547+ZNF776","ZNF660","ZNF660+ZNF776","ZNF776"
"AHR",0.0712337788877555,-0.0227053268391826,-0.0396390517895701,-0.0138694172741083,-0.00396367386506379,0.0616884983103378,0.0296609726266509,0.0536377136058832,0.0172298254489429,0.0467514623538535,0.0506340144140802,0.0613680762432454,0.0191147775487399,0.0541879258307472,-0.0337615015512302,-0.0177055581404283,-0.0283319254605841,-0.0275693770876776,-0.0483134947480455,0.0165542122325488,0.044199586352523,0.0463598682117139,0.00534531625308086,0.0167681590923314,0.00882986596508543,0.0742552787355065,-0.0387335817272183,-0.0287044769822683,-0.0109474091907017,0.067176683270344,0.0637144292220101,-0.0920043146418243,0.0334374771271087,0.0339809611128648,-0.0360438604476312,-0.0185103171925914,0.0712238428422094,0.0631363746274366,0.0366875743245443,-0.0601039014088365,-0.0208297173257735,0.00933857367657203,-0.026094440118008,-0.0869167534705531,-0.0390544452495229,0.0149911609456703,0.0697325717158815,-0.00765868445618914,0.0164025151260408,-0.0210453919393246,-0.0498200771070461,-0.0877633387770461,-0.0496803927326526,0.0738347009249257,0.0490303931429134,-0.0240926913681304,0.0561842430584592,-0.0345200981053782,-0.00287539003464948,0.0906053652639623,-0.00877428880052297,0.0587217719513919,0.00122702307142155,-0.0281477708702739,0.0319673054687739,-0.0244607887336146,0.00212765116192716,0.0226640413599736,0.011494255804083,0.034087316204845,-0.00351933433096229,0.0185547517981836,0.00601821434332256,-0.00691094219055476,-0.0311325677311159,-0.0326670761214745,0.0215989802587434,0.0718058142642479,0.0306376959355664,-0.0196342135983211,-0.0414553360862707,0.0470392872913871,0.0387500478904094,-0.0333100268606575,-0.0595347956315226,-0.0322490023309876,-0.011657894520439,-0.0456213782489098,-0.0446186801725283,0.00660204091205424,0.104101274971152
"AIRE",-0.0399163473415899,0.00271300508473378,0.0309599549194154,0.0288158454131456,-0.0461498291080225,-0.00486825434300834,0.0111299225547611,0.0502994762171176,-0.0138349855996192,-0.0160650361221062,0.0245151527722882,-0.00858452941400825,0.0449206202827942,0.0180228077683852,-0.0121775117079018,0.0039231114621296,-0.00902021189339921,0.0067054449288986,-0.0137679476040906,-0.0119576134894583,-0.0183105743571649,-0.0379626380016572,-0.0298631150716354,0.0221719308195079,0.0181767068617727,0.0470789847590419,0.0275179538747448,0.0129683472317151,-0.02576650107452,-0.000476409881721248,0.0227298819733975,0.0281908060443261,0.00263059927673238,0.0171942260902501,-0.00342792776799796,-0.0171890299089466,0.00732175337124723,0.0064134695113019,-0.0428965448258489,0.0125978752507201,-0.00494527052546827,0.0130326363950839,0.0100224737176695,-0.0282438401701474,-0.0323052325994583,-0.00962287226244123,0.0175366571773505,-0.0235674868389164,0.028328902627246,0.00554604037840249,-0.00776304816367846,-0.0127486693738913,-0.0578779180569636,3.26815168544754e-05,0.00491616587611348,-0.00573458775871415,-0.00368657062823599,0.00109244137979326,-0.0187420099959054,-0.0274153276342776,-0.00538594349388618,0.00351637088129713,0.0103759822699816,0.0241398865595612,0.000959169412876606,0.021617544633458,-0.0180365142922939,-0.00301555099696917,0.002451986985507,-0.0199042558472649,-0.0333825036220249,-0.0143481326299288,-0.00777054608109614,-0.0102543914663844,0.00292542601568443,-0.0284984728594606,0.00570209917239858,-0.0142043584965865,-0.0194027501520745,-0.0188789672519754,-0.0348438988170998,-0.00387056357828303,-0.0147377987397731,-0.00692415412660557,-0.0154185221235902,0.014405972714736,0.0140571368253067,0.0583154284300233,0.00463835886119968,-0.00318896676508098,-0.013256753833049
"ALX1",0.0126134194674529,0.00811097548461875,-0.0112119734125439,0.00469134139712545,0.012786226644746,-0.0208421094616161,0.00487656664557974,0.0036211362640317,0.00714782755227536,-0.0182695818514382,0.00537308439877304,0.0143074637760348,-0.00811948406505476,0.0250883426578782,-0.0200780270518537,0.000575132867701803,0.00226147888412361,0.00455670500840498,0.00597662728198564,-3.96692598804644e-05,-0.00991596958920881,-0.00122960018687881,-0.00330314298533882,-0.0118613603357821,0.0341740113201679,0.00396072319959058,0.0110920989292527,0.0112379499944694,0.0246018663952952,0.0150634622509738,0.00284069112385695,0.0143339932243837,0.0138465834973879,-0.0321573082705466,-0.0070207150663479,-0.00239097630465593,0.0343214476315813,0.0128673530147971,0.00218862181248444,0.00789955566122629,0.00314462270399157,-0.00900796464232803,-0.0366959797498994,-0.00126337148570877,-0.0246995477049525,-0.0174423693895817,0.00803651500727355,0.00872365221675949,0.0112424361244081,0.0293229744318574,-0.0359319773631027,-0.00126408507476917,-0.0166428025406578,0.00231931126389516,-0.0164413927761857,0.020755844899747,0.00185775678287391,0.0242071515501071,-0.012487030583199,-0.00511463972842916,-0.0465743178554681,0.0134900503757556,-0.00570891580880898,0.0142090569954787,-0.040861118862063,0.027673723577096,-0.0255428505251479,-0.012719434301225,0.0493832956949981,0.00949164097810275,-0.0285272486936937,-0.00644706383957737,-0.0204605445745633,0.00949899919409412,0.0116695605819896,-0.0088042195053002,-0.000754677124130022,0.0104704738873481,-0.0170155958493189,0.0116469891449866,-0.0275552764719122,-0.000986194921085404,0.0420624513808191,0.0174305261309093,0.0151540724768191,0.0293889257550665,0.0292851969439721,-0.00789162249787303,-0.0687631002844787,-0.0281189483443547,0.0114114318752132
"AR",0.0303270320813675,-0.00212123534325166,-0.0194875221818009,0.00760152896267026,0.00683698966050266,0.0108218592560228,-0.0116127951578282,0.000462229383165888,0.00471957845928496,0.0120855301398822,0.0235681333085595,-0.0129606247492632,0.00416523928254123,-0.000970348970581788,-0.0333373731682114,-0.0134361418764686,0.00799669313217958,-0.0127265355222401,0.0205059081024087,-0.0486787637968244,0.017349706509109,0.00756552522838454,-0.000920774320088157,-0.014651567137083,-0.00759992759339724,0.0145678520891998,-0.018612755953315,-0.0174335497074767,-0.0208404909350039,0.00571409927920024,-0.0219577354491676,0.00054669564490471,-0.00214508539863208,-0.000542978052664223,0.0186388257470761,0.00334185712610128,-0.0305103164853512,0.00877609063641573,0.00151484936665412,-0.0175377207238551,0.0160234307876889,0.0123917622973212,0.00882139343742598,0.0110008924047102,-0.00144801337054989,-0.0061535016808334,-0.0082461605527221,0.00440380901708736,-0.000844738349098306,-0.00628390548785784,0.0165949711410071,0.00490575844126627,-0.000411334368803122,-0.00269735760355463,-0.000293331097021298,-0.035503197442396,-0.019789622396773,0.00765072532301583,0.012910458518461,0.00772630970010513,0.0136988835299469,0.0086669546161645,-0.000760806832916341,-0.00206518675015087,-0.000111318493081239,-0.0132383174599456,-0.00808302742319541,-0.016668569871847,-0.00499120863422378,-0.0243268076001311,0.00134951612817063,-0.0050207725171769,-0.0183785454736912,-0.00572287207473272,0.00201399803605165,0.0135855291258824,-0.00986753490302163,0.0108672620810871,-0.00316163049291436,-0.0144090472573457,-0.0122976102119948,0.016322913943428,-0.0181782156096881,-0.0173175271059559,0.0271727434013603,-0.0104957468342344,0.00160714044051119,-0.0176258654142036,0.018411210514602,0.000414381350805525,0.0190593554983744
"TFAP2B",-0.00942065439929756,-0.00305386414582928,-0.0376680133078001,0.00402824960715964,0.017768614238174,-0.0104403667527542,0.00156522498508195,0.00664513799143975,-0.00180525183305398,-0.000688809966716539,0.0184446163187089,-0.00043077004000212,0.000528049059865508,-0.0103241470145682,-0.0155064016888273,-0.00628006883069496,-0.0197948267526621,0.00489099613727464,0.00168654728827162,0.0123305188531581,0.0292469472055429,0.0152983009132863,0.00428540565217087,0.000309611476203845,-0.000555063574987662,0.0159768903280227,-0.016452419578446,0.00449410396853605,-0.000539144033812081,0.00711601956373539,-0.0188521226757263,0.00636607313284818,0.0114352929480862,0.00999521264130636,0.0327062751006884,-0.00921720003121457,-0.00818559916136446,-0.0184349612961048,-0.00827458887448032,0.00520367393823198,-0.0160219046996557,-0.000849669175310153,0.00788276365220959,0.00996243873300485,0.0295201695947914,-0.0138269793294728,-0.00810770750446143,0.0184479190365518,-0.008256997377872,0.00188722979169164,0.022529704147453,-0.000575597013453678,0.00926066636111527,-0.0110475335077082,0.0259768540517559,-0.0250785455875114,-0.0297431093392945,0.00638881994359054,-3.81493396235547e-05,0.0161926127110172,-8.92619490957744e-05,0.0102733402158696,0.0138145159125088,0.0375864051563569,-0.00513948561866376,-0.00628856268552719,-0.00205434548972877,-0.00854309241907218,-0.0284578088844659,-0.00744234405107241,0.0229208911673988,-0.0183060320209915,0.0149433252468757,-0.0168501012286099,-0.0188490917422648,-0.00298037168220186,-0.0216289578117455,-0.00433479333445062,-0.00843979606520772,0.00644260570634444,0.00320034854945515,-0.0137677290891316,-0.00168899866002596,0.00542564990589504,-0.00631555716531557,0.0166868311600059,0.00336607644341043,-0.00839063069192375,0.00396172716668969,-0.00432762244004196,-0.0166016336974359
"ARI5B",-0.0550337126393575,-0.0118843159474496,0.0203768344378511,-0.00284443094041434,-0.0284769596498642,0.0150423604973995,0.0282597751812938,-0.0185595326349128,-0.0300485474071948,-0.0278589112205615,-0.0164950984777217,-0.0231022328401801,0.000338561096078497,0.0296029920857073,0.0163874730759657,-6.82588432955503e-06,-0.0167211624415707,-0.0241644689865447,-0.00745853939096059,-0.0334157294808862,-0.031201097507896,0.0188334559974532,0.0241645227488186,0.0256565860274653,0.00826179285856548,0.0185904596885682,-0.0148744020893716,-0.0524127068431761,0.0256206053907703,0.0228202394233452,-0.00557881820746984,-0.0026874113233902,0.00340237971145488,-0.0575868434755311,0.0247380159668509,0.0130946692834413,0.0124395050762288,0.00727493988924125,0.00309142280136839,0.0559963301690615,-0.00792532986415692,0.0117572356776704,0.0286612867668058,-0.055118393318347,0.000152135879376524,-0.0129291945778559,-0.0371211428416926,0.00721455215179543,-0.0150328345876535,-0.0318371284416518,-0.038170722493826,0.0421638747140599,0.0125041809234678,-0.0378691715478402,0.00176167543044496,-0.00523302030457696,-0.00466349236301106,-0.0123839051783817,0.0201498188839943,0.0116713524200939,0.00373187032976674,-0.0169858629962155,0.0477445291185952,0.0346447183050323,-0.0565431984012349,-0.00554013091216656,0.00262166016634629,-0.00414829385940646,0.0147260672639901,0.0171751086699121,-0.0364411931965752,-0.0278543350005382,-2.8749044997875e-05,-0.0295776158540167,-0.0260000685492675,-0.0129618839257931,-0.00439555158589545,0.0212469871155042,-0.0155187037713417,0.0125649587595407,-0.00729683715226867,-0.0111434537727816,0.0208696999001674,-0.0235058425543275,-0.0329817539587376,-0.0224961312585043,-0.0306316780225149,-0.0141262480456856,0.00624910411345865,-0.000790309088761076,-0.017044700286524
"ASCL1",-0.000318178369234472,0.00441148304004597,0.00158353278717881,-0.0189015356593648,-0.0104111489523255,0.0105261263141093,0.0391503635505893,-0.0215570265390725,0.00215422840152245,-0.0268333750527529,0.00422494304605927,-0.0132879005968028,0.011571678814175,0.00536572276929943,-0.00728505467493284,0.00653618999063231,0.031431514357044,-0.024312968279486,0.00946938970056684,-0.0100156771577462,-0.00486424907333521,-0.010793209363531,0.00954335801722159,0.00430403042302138,-0.000822681455054363,0.000971647823258625,-0.00993973383030478,0.0151258005534579,-0.000205092190812857,0.00295894641294162,0.000822692324463947,0.0419579080313627,-0.0348458328895286,-0.0132571175321221,-0.016135643880466,-0.0161047062464501,0.00822997198018491,-0.0108612696074655,0.00764078586135292,0.013168663125532,0.0187887465932238,0.014185902865375,0.0327162251514318,-0.00341737149724884,0.0249721065487286,0.0267966529623841,0.0302601998397652,-0.0017895868941134,0.021929984506511,-0.00252489866564525,0.0131207729425342,0.0135176469314058,-0.00971286023707454,0.00843241932330964,0.00436522818727815,0.0102305592901605,0.0320985945443715,-0.00578106144592951,-0.0199481007988789,0.0209472747188469,-0.00681197406958293,0.00743251004104249,0.0151403212961441,-0.00936712089484986,0.0132340173789401,0.00595247852246451,0.000591672395273956,-0.00424496574347398,0.0106006458933908,0.0122742183639909,-0.017436730800085,0.0211793434302259,0.000252212429290909,0.00303197113575022,0.0564564593825673,-0.00376326283198005,0.0143456143325371,0.0244204816899128,-0.00868305974467104,-0.0093007211090819,0.00880463674291155,0.0172769899544785,-0.00120072910307318,-0.00414654006126729,0.0212513653372667,0.0035812947692574,0.00606524173731504,-0.0135421864123359,-0.00043097656391877,-0.00711087773128888,-0.00360904598246153
"ATF2",-0.0385448692437218,0.0229500863748741,0.0208669381030153,0.00508181289491722,0.0128665518287395,-0.0121811656410932,0.0229144003217391,0.00638624760549487,0.0357860444957336,-0.000112418872919061,0.00219678162125205,0.0269996722928972,0.0468963608781105,0.00884420976676159,0.0118936659623798,0.00669778257377164,0.0267063517741713,-0.0365898532158947,-0.017682431208427,0.0112978555552075,0.0185309631315914,0.00492813068338494,-0.048282643111077,0.00519084795526379,0.00176882848218185,0.00285864199862614,0.00610962237234662,-0.0182683388990764,0.0155868210021418,0.0372249545277245,0.00786199105902904,0.0458883096367668,-0.0152090406627646,-0.00539974818152567,0.0200956858492333,-0.0288639443878573,0.00987481194614748,0.0162640592896599,0.010310498560017,-0.0347576968231829,0.012699907595857,-0.0618220161728666,-0.0172026370336364,-0.0101367622955258,-0.00737461575942761,-0.0173310755332741,-0.0327801384417942,0.0047332158197345,0.0284836049810165,0.00548668484317643,0.0124088515527382,-0.00627718692649645,0.0215584202034525,0.0212674054150343,-0.00525721540702948,0.00111007103112008,-0.0136719277127047,0.0145671218432766,0.0373869864020505,0.0226264300463624,0.00341167521179602,-0.013363642164956,0.0175786869682706,0.0190281589330082,-0.00912777706544,0.0218835859380956,0.0150477021313872,-0.00185263364328555,0.037071145168092,-0.0119487314404308,0.0206142354850137,0.00529870414658347,0.00711150165622016,0.00606120699318189,-0.017899983199256,0.0383992796368508,0.0257298098203942,0.00363930472191646,-0.0189318575147492,0.0206769765902033,0.0137511281834569,-0.012902391734623,0.0450854742260334,-0.0301019549005017,-0.0334637514821707,-0.0280931541935307,-0.0172566749578467,0.00547728670902964,0.00452316092420281,-0.0210249296314416,-0.000875306493153661
"ATF3",-0.0267527405558067,0.00201305224155532,-0.0396378508368664,0.0101725623130099,0.0203193724439325,-0.0239627395601682,-0.0405598370899747,0.016513552805893,0.0504851651006426,-0.0113101818488352,0.00204632100307053,-0.02617221652067,0.0393032742453097,0.0130565939202051,0.0250485833367582,-0.00575975890072706,0.0306755951494498,0.000892574082471917,0.0228856249301884,-0.00279861645922244,0.00361504873434885,-0.0548338237312693,-0.0310915484312152,0.0181740827088076,0.0213343885665758,0.0179121911310711,0.00569847371007278,-0.020444164873182,0.00376421600048768,-0.0289787542500821,0.0135950973660919,-0.0386194664132224,-0.0104328063637636,-0.0216513273051993,-0.0398306020659731,-0.0252324512776647,0.00702911496623436,0.0280654752431929,-4.47371365456625e-06,-0.0120159419328788,-0.0258152334043997,0.0301696357395195,-0.00783029948822854,0.0129434597472123,0.010765495981769,-0.0176834046857911,0.0427456619657838,0.0195794667357692,0.0537683577291731,-0.00307357204490292,-0.0291838953803929,0.016486779125527,0.0193532114469727,-0.015534784648023,0.0364914553179969,0.00169300601247847,-0.0482637620187042,0.0312170018167806,0.02203932361689,-0.0273348615167664,0.0114571571837708,-0.00804752511333502,0.0118633667228149,0.0228682429552918,-0.0497311908508131,-0.0170515388838898,0.0261345278056153,0.00165050447646841,-0.0537492982738775,-0.0327380547254046,-0.0284384484770659,0.00384805692369136,-0.00167519002780878,0.00182385772543185,0.00643286239241954,0.00736065362916471,0.0322386925597478,0.0147175037176765,0.0237848900626469,-0.0276658585827552,0.00945940286268191,-0.010087424475198,0.0316406828513287,0.0212840070583572,0.0396106329489592,-0.0517851073161566,0.00566801515444077,0.00273694834380452,-0.0391317453059546,-0.00609722084678616,-0.0329541628383339
"ATF6A",-0.0293367883627448,0.0112954043399127,-0.0170055566197657,0.0342289909907571,0.00789947675088621,-0.0195619146100903,-0.0195524138514002,0.0214776172869928,0.0240238771092155,0.0369512825761818,0.00688579481771427,-0.0113552282802097,-0.0300922345018502,-0.00317174155706646,0.00441745939683923,-0.0209310564331116,0.03295455791117,-0.0312833540706532,0.0177078694477424,-0.00140278042609359,-0.0116052421944904,0.00870058266196004,0.0119218101940854,0.00842285060712845,0.00610199225692079,0.0138776153791807,0.0245841598037868,0.00795350391434277,0.00602719568628082,-0.0420522540975579,-0.0287055411183519,-0.0151216248908677,0.0154713768469049,-0.00410140082978911,0.0130359350168987,0.0122795941444059,-0.00727807007778269,0.0272642246727263,0.0248921670711983,-0.0210394559766553,0.0354239412319341,0.00668630254023386,0.0323491374956533,-0.00165248911226931,0.0242627809079495,-0.0500816487540791,0.0361462788885224,0.0285106380539524,-0.0270894878334814,-0.0199233395608433,-0.00885282187109276,0.0180803054051922,-0.000511963316955685,0.047302802271234,-0.0358312228219006,-0.032086294871606,-0.00571644026694074,-0.00906419758266205,-0.0153995170174781,-0.0438882412028749,0.00275175622068149,0.0186848649020154,-0.0163079040198207,-0.0120236075108528,-0.000708545184539972,-0.0154216285964449,0.00717304309899919,-0.0395972711783485,-0.0161540922818033,-0.0177745894249264,0.0267839351586179,-0.010152017404885,-0.00632091410635567,0.028798835569906,0.0170379544474029,0.0531835020502196,-0.047778821917056,-0.0166581898626247,-0.00837690655900865,0.0040278224264274,-0.00417244508999879,-0.0420277053147871,-0.0422787720776123,0.0238145427834175,-0.00794747646762635,0.0142540311690817,-0.0519915072585857,0.0270163726446897,-0.0121643965165158,0.00753485566332505,-0.00253913288686983
"BACH1",0.0248080990368989,0.0173164767674449,-0.00901280675327881,-0.00607843391193328,-0.00152420465444309,0.0146969319264909,-0.0300032332324172,0.00474601641629198,-0.0059379616051961,-0.0110269738108593,0.00657893676186317,0.00651828535518451,0.012800578557473,0.00447445376004545,-0.00868889411677541,0.0200909462068456,0.00441897119957472,0.0115766241715937,-0.0128854845526915,0.0349193879241139,-0.00550353262025255,0.0106712409480843,0.00178380661004133,-0.00398408058418125,-0.00681965827411386,-0.00274377171236374,0.00313859269328182,-0.00595676075731443,-0.0210868310946832,-0.0284095260322622,0.0235974719374017,0.0103834539855626,0.00523832915749662,-0.0208979229859626,-0.0234754402251837,-0.0269022509012845,0.0044679910730964,-0.00662815138625734,-0.0036250107012761,0.00644461657362862,-0.00182049171125364,-0.00496300398269626,-0.0119863465877832,0.00785207236687797,-0.00950254239258411,0.0112842801043468,0.0391333647623704,0.0060589296336563,-0.0142083865959753,-0.00492129693630395,-0.0119085474126795,0.0103310013167783,0.0145674537201633,-0.0040329288834824,0.000560386782780617,-0.0102747651674764,0.0256730245122521,-0.0185537891584611,0.0302625231797309,-0.0206740554662556,0.00416923542179555,-0.0120665139635236,0.0291716335745532,-0.0183412918264506,-0.0411836112590304,-0.00523858128519794,0.00478741793534025,0.0117932021477121,-0.00572623820263069,-0.00796237597805974,-0.00392351360615874,0.00683716703206037,-0.00371171563250222,-0.0235300928341289,-0.0176104404982943,-0.000716020029008311,-0.00911807388486779,-0.0219629181373845,0.0236824061994761,-0.00115488986505484,-0.0218787067517688,0.0121698804615762,0.0217695120537423,0.0248102497663814,0.00711618684633176,0.0127129004052206,0.0235113947240585,0.0193605461925166,0.0132608708096511,-0.00556601239874573,-0.00962729360673546
"BATF3",-0.0215110256439191,0.00751610175151722,0.00146352803946982,-0.00275952259481346,0.0150083297472405,-0.0262524539335549,-0.011686104275309,0.00585265689972444,-0.00716532718337635,-0.000847076003830656,-0.0338086539428536,-0.0361383944866831,-0.00278310001208212,-0.00683987146874482,0.00566151415721134,0.0022708774644414,-0.00903415737206312,0.00277738667719943,-0.0125740971459525,-0.0133755195255451,0.0177308742782985,0.00777663110362058,0.00705361048640327,0.00314047271335522,0.00695235442094241,-0.0278793395572155,-0.00296430881633927,-0.0151782215228002,0.00676934061189108,0.00395355061498201,0.00112039401243671,-0.00802196664286787,0.0107773895847463,-0.0227048668851709,0.0192621924432558,-0.0369659259649636,0.0344967460746066,0.0152468648584996,0.0169660253973104,0.0077859843848904,0.016806708235933,0.00188652162777273,-0.0162150842397116,0.00402523941554255,0.00464676762863062,0.0239341950006209,0.0116750395050235,-0.00515807372868652,-0.0126885607179101,0.00405912643214561,0.00793231363447421,-0.00343324082231522,-0.000315782926785002,-0.00533600994719285,-0.00775283263627173,0.022881663696464,-0.00815261308143637,0.0117029191343095,-0.0245933028689049,0.0153807858827982,0.00104005828841571,0.00438447379928327,0.00654285858825516,-0.00351238733024976,-0.00823863539291712,-0.0163339339314305,0.00254882583860878,-0.0270182516084151,0.0110595581493605,-0.0486981032181596,-0.00566168527232351,0.00579823119496653,0.0189743876477594,-0.00132077104973299,-0.00747389781498612,-0.0025263283430635,-0.0316823637641569,-0.000326513096724714,-0.00237678758588347,0.0109061679940296,0.0095731014166531,0.0197322866401075,0.0295501278799286,-0.0238338605531722,-0.00992627502055521,-0.00926062609718833,-0.0094512802663987,-0.00127079688287005,0.0394613239251736,-0.0119009981374206,0.00117588153912875
"BATF",0.0250961644515766,-0.00614798449510353,0.0176565825031044,-0.0114473305222053,0.00546264382981577,0.014665840032169,0.0261942457175592,0.00831205580711868,-0.00186077860757278,-0.0187604427748254,0.00254944851088245,-0.0101703036238983,-0.00466708399721307,0.0351740278324342,-0.0188178490616696,-0.00722047934417273,-0.00612910133542886,0.000730944088790847,-0.00873549718060996,0.0271701753095214,-0.0131673796105865,0.0110153645423904,0.0392339409846572,0.00951109100635956,-0.00178565443286375,0.0141918549275786,0.00981766667954345,-0.0031476129040841,-0.0152384213025992,-0.0194423436342454,-0.00499438501335509,0.0054192256698529,-0.011756568421816,0.0085228131784975,0.0136726427786605,0.0134952566735403,-0.0145524542139826,0.0107299716616541,0.0165456420518337,-0.0127966297673586,-0.0165618761305772,0.0162391469162128,-0.0177187138567649,0.00209480912759536,-0.0310878396012628,0.0141300070640358,0.0371702873765613,0.0227012574076048,-0.0216978257197022,-0.0384472775733901,-0.020313446725186,-0.0286400012207472,0.0016408472483475,-0.0305425649687873,0.00184759040912144,0.0323358935731157,-0.0208657323910616,-0.0234075722919017,-0.0212348842372238,0.010205238825796,0.0167018898460701,0.0297345017934396,0.00614268297172892,0.00591782477525836,0.00630124270519181,-0.0117520135711154,-0.00504259906098688,0.0328925812277648,-0.00624226348755495,-0.0153994545259368,0.0128690273529688,0.0191598093094359,-0.0151747685021413,0.0368568299139852,0.00210699834212255,-0.00648798111764375,0.0275478484468016,-0.0101670409770293,-0.0110498053152121,0.0148462674545229,0.00167125527439715,0.0111175128687857,-0.0125440803390996,-0.00556426368769644,0.0140541034320101,-0.0103496951232991,-0.00314694731637647,-0.00807741817670811,0.000110262444075018,-0.0143328710786797,-0.0161788828765915
"BC11A",0.00710471166178529,0.0120694437412582,-0.0150819386042456,-0.0118418926103587,-0.00155005480868403,-0.0101899342431457,-0.0151343877647792,0.00367538566673317,-0.00275315198210953,0.00229894627752044,-0.00408332028809895,0.00981190929023395,-0.00369945235065282,0.0195996726860215,-0.00462683715167521,0.00523261817393279,-0.00478782856596956,-0.0210305091123802,0.0176299795275121,-0.0150697628764164,0.0201803663784693,0.00557685770987515,0.0136950988316322,-2.73116728844917e-05,0.00338606753977062,0.0091376600688969,0.0078331273781162,0.0225399135605049,-0.00444643100791141,0.0258114841293385,0.00239681669390127,0.00436042739553914,0.0308577541923723,0.00684999652550967,-0.00387837322720744,-0.00970633853767711,0.0212726557283484,-0.0142113664682559,-0.00587114692912332,-0.00515538545869153,0.0183417834483986,0.0243267528213418,0.0119175041146964,-0.00991070435445044,0.0141070712509611,-0.00971982071554705,0.0152506584249473,0.00930411331479977,0.0194830702954649,0.0210522077480325,0.00381063896086794,-0.0098270582781494,-0.00394721568498139,-0.00744012537097643,-0.0414727410761786,0.0107748532871038,-0.00830784341008949,-0.00987587250881315,-0.00492005593420609,0.00967357838748894,0.0145916276541796,0.00945004532796252,0.00913626612619289,-0.00418619927502716,-0.000134617242469473,-0.0269976049488997,0.0099297390705772,0.00766930777495022,-0.0286120337668926,0.00708895500711602,-0.00574272972655489,-0.00243434452093162,-0.0118134957330436,-0.00550799046329942,-0.00889472347786892,0.00611994708057587,0.0174430836181357,-0.0153989242536332,0.0229647274476161,0.0209513055983056,-0.00455003214580633,-0.0141607650035155,0.00587481511906123,0.00135494312960842,0.0161911989680108,-0.00941927520050271,0.0261641198854897,-0.00190401111368015,0.0312426415610359,-0.00355056909793843,0.0142774968193571
"BCL6",0.0185717864104442,-0.00205699321730327,0.0434039833228863,-0.00410740764378795,0.00653662900562284,0.00914422651116766,-0.00829601573844063,-0.0194554176095983,0.00350920568572781,-0.0244809531330649,0.0146135958826764,-0.00545095986940456,0.00554743855914721,-0.0343235334669821,0.00180013014445536,-0.00955397713008071,-0.0129983119328492,0.00577496442004012,-0.00377831716874599,-0.00444189343478274,-0.0122138768489518,-0.00272714142387751,-0.000339430699719772,0.0100083795954724,-0.00248418534103979,-0.0157366543455694,0.00928185018249286,0.0256420847834301,0.0101198783669751,-0.00432613061779156,-0.0053080411173165,0.00601319056500074,0.000606626214348735,0.0011677898684307,-0.00345987421914159,-0.0225041094610724,0.00115600712669979,0.0244649617464282,0.0120052634957425,0.0190192677431912,-0.00140640527770842,0.00867336125161536,-0.0159109022140897,0.00810433193496995,-0.00102424948877835,-0.0111879971073706,0.023831687859389,-0.00255589536732271,0.00455754120213232,0.0262721518439021,0.0152054363304198,0.00116293622707158,0.000255711623691097,0.0229601702176705,0.0285552244698677,0.00333581665173374,0.0080502871856829,0.00292422436628415,0.00960907745421991,-0.0213900237462883,-7.29154122648217e-05,0.00505825242831333,0.0192248945923235,0.0136661250867991,0.0237471545260641,-0.00295134140449266,0.0235232769680975,-0.0211505464925778,0.0625249802140657,-0.010687046856375,-0.0126329517450237,-0.00073428732443511,-0.000929542290002148,0.0375868113760305,0.0245321065345862,-0.00399533955515602,0.0200092094580748,0.0135639192279196,0.00139257304075625,-0.0222733954943387,-0.0142078608845013,-0.0148258157379797,0.0172755320506263,-0.0152022684640373,0.012539143334309,0.0179415718536418,-0.00720441454883325,-0.0107397484404919,0.0131987529018023,0.0162730632529672,0.00697209830294187
"BHA15",-0.028289555743271,-0.044372043073474,-0.00981380236186677,-0.00040271665677464,-0.000523434011546476,-0.0211050260994769,0.0201247890676281,-0.0139576617562684,-0.0213632495307059,-0.0213546866021985,-0.0101166685581609,-0.0386209362344556,0.0175747130611373,-0.0170126173743316,0.0219268683891468,-0.000143453812833099,0.0223313010224617,0.0155867231254703,-0.00656305463481729,0.000468479777073576,-0.00200796146398543,0.00240720174188896,0.0218455111657395,0.00537540974389116,0.0204733912991515,0.0039791365553346,0.00799170869444038,-0.0341200857734873,-0.00593533083323936,-0.0173227673727113,-0.0126342003329752,-0.0135800111652739,0.0162485125644784,-0.00740085266796788,-0.00551720948579813,-0.00742539132979561,-0.0113739219585975,0.027733597704419,0.00590986625114837,-0.00630367665815936,-0.0217778765458119,0.0129849542511265,-0.00394552653028598,0.0231612744713046,-0.0124454139584768,0.012582889102605,-0.00970066872494569,0.00394152202101637,-0.00915423707798576,-0.0036058766595239,0.00026534881350403,-0.0099246553133953,0.0206823297511287,0.0230740399014207,-0.0219895290287486,-0.00315579174015794,0.00768813821712732,-0.0150927068700329,0.00981475351173647,-0.00664493587337577,-0.00754794875760192,-0.00764073371389042,0.000879953554953237,-0.0218528420143159,0.0026887865675904,0.0341991585241907,-0.00620755655945917,0.0199552630186268,0.00151921319441286,0.0152886918329408,0.00145833302505958,-0.0528374638407817,0.0202294869131867,0.0216146386685289,-0.0123075216288936,0.00959267966349943,-0.0407124596762645,0.0020074148575581,0.0162723200618358,0.0115223219380834,-0.0149989413729433,-0.00967187695258942,0.0136300352322669,-0.0118467602570237,0.00222723214250653,0.00544245228692358,0.0164048719156295,-0.00126147875209439,-0.0259876139127986,0.0222311791017187,0.0161830835007258
"BHE40",0.0174509817902444,0.0387363087038763,0.0329728542634354,-0.0178717086042042,-0.0109478286657262,-0.0203049370730196,0.0322368050238944,-0.045350294757052,0.0575939752047034,-0.00732204250505071,-0.0175967458085119,-0.0334061000132054,-0.0257216101908318,0.0247702183209219,-0.00035885079115606,-0.0241257727537496,-0.00690994607296746,0.00049722630858481,-0.0100849169070128,0.00679480617366013,-0.0256094663998755,-0.0285434986902034,-0.0313272943990826,0.00720719144440588,0.033009412706307,0.0144903184661603,-0.03534220648983,-0.0490129594368411,0.00128272024753746,-0.0170352067720388,-0.00441096023764209,0.0160731815062842,0.00575799753969111,-0.0146818161627149,-0.00697148408663325,0.0266678072818912,-0.0308851398816968,0.0415382285723741,-0.000807267326085404,-0.0197797176637575,-0.0214756958523649,-0.0630959167751109,0.0255660879069652,-0.00261113889323003,0.0356846058615929,-0.000426214846597155,-0.0442675839604539,-0.0147982119761631,-0.00631222214895701,0.00335102709101542,0.0065064429395184,-0.0225383621315319,0.0178921661112226,-0.0015119404512968,-0.021419914056598,0.0327499904283804,0.00884991196745124,-0.00249607885197956,-0.0127287357731187,-0.0175309086580146,0.03207567148274,-0.00495562433857976,0.0143216352827656,-0.00194341080603679,-0.00239073748261836,-0.0372411865762097,0.0295891953285455,0.0318041384097184,0.0236967653841509,0.0600690763221543,-0.0232634937281211,-0.0290669122373923,0.0144774886358958,-0.0252648909843358,0.0290252154392747,0.0222088839323513,-0.00749629790025129,-0.00251173119863576,-0.0251814380779956,0.0158169823405048,0.0149722727848464,0.015151828586644,0.0121989417640101,-0.00963385678302068,-0.00851842001899961,-0.0626090112023575,-0.0338435690400339,-0.0233053053519338,0.0231178107131126,-0.0063362902190574,0.047312691654234
"BMAL1",-0.0503029088683152,-0.00264595358806711,-0.000218577318083408,0.0472566907749765,0.051218333973115,0.00223337278883741,0.00444775363239728,-0.00497625212531975,-0.0313409503553428,-0.0146519576225972,-0.0188009601743862,0.0174197429546821,0.012091352745875,0.0139258243060777,0.0465776283195231,0.0321484553636346,0.00552945664044134,0.00302817329172518,-0.00714072263480501,0.00542987357310073,-0.00475224808375534,-0.0395448213974916,-0.0121694052858315,0.0332911225371218,0.00538545993509038,0.0115474715475841,-0.00779315910648286,-0.00430297624922557,0.0271253784188785,-0.0090917580775229,-0.00834606089683364,0.0400749427335425,0.0138272733164348,-0.0155672645514095,0.00459334713329678,0.0324305509215316,-0.0446222771267676,0.0133366615308485,-0.0443343544459666,-0.0407385857376644,0.0512093727078742,-0.0412520384061941,-0.00232635489826764,0.0111299406198749,-0.0283445644174427,0.0272576314270419,0.00930741662652263,0.0331061232861892,-0.00899847908285881,0.0130917175401584,-0.0207175557175856,0.0320750639724091,0.0262720047136956,0.00871409883094473,0.0522363563599382,0.0157517746619776,-0.0315743107202996,0.00507123445974961,0.0227885068587957,0.0267861894196545,0.000987307064911078,-0.045613435356617,-0.0158600950690447,-0.0196420540014901,-3.55477145799317e-05,0.015549647386168,0.0205908990021002,0.0257269017386452,0.0215419964899007,-0.0496195707849202,-0.0152152370298943,-0.015552856198296,-0.00577090852724471,-0.0108549508897839,0.000164157820094578,-0.0127238514017324,-0.0125413239040412,-0.0318439743819263,-0.0611843686736337,-0.0231079608434569,-0.0266646328311264,-0.0192185708406607,-0.0438394000386777,0.0280366487631582,-0.0106500425388915,-0.0212172131697881,0.0233412303277905,-0.0223580823382764,-0.00561429033215608,-0.0308259270975353,-0.00785849154182547
"BRAC",0.0199337394844282,0.00996236528300564,0.00414448378972956,0.0176687202603257,0.019434813887962,0.00522484505900224,-0.0167052489550063,-0.0190020118634865,0.0217810725369209,0.00266712249480203,0.00376039350009127,0.00148976587814718,0.0408768395342417,0.0284912792276319,0.00371927361984039,0.00370727587562215,0.00509201343511229,-0.00482431089886497,0.00225173992872434,-0.00967744037366309,0.0172750979649925,0.0068525847689965,-0.00162541022682691,-0.0143136555706049,-0.0142396602279346,0.00930984138906709,0.0280481144199502,-0.0148490818300643,0.0103941909830572,-0.0112930886270452,-0.00838416855091165,-0.0276844074735447,0.0187246590559318,0.013102446046392,0.0212461003499733,0.00152051708208986,0.00861581237155645,-0.013476769632823,-0.00845363197717522,0.0138552668702602,-0.0149716658729713,0.000375807371956131,-0.00406115609914498,0.0313713233537221,0.0286317491623403,0.0379174196652057,-0.0279357183324039,0.000740622359955798,-0.0127808766742121,-0.0223602144452436,0.0317920979638273,0.0403603968338293,-0.0188346161402035,0.000729673432988572,0.0301987940622789,-0.00721570684075028,0.00082263995350626,0.0188834644160458,-0.010790372556495,-0.0306942024858887,0.0163243328465593,-0.00854255119950399,-0.0153466995958451,0.00201413016784523,0.00597072115052013,0.0259241409792616,-0.0132686291453643,-0.00686116318941018,0.0228742476720998,0.00826822765652262,0.0229184648469348,-0.0169815393137228,0.0110716709385882,-0.00100674362308116,0.0269323054041085,-0.00389972894256885,0.0180220426752786,-0.0103623784629275,0.0186042738125092,0.0160698690219455,-0.00603164502085513,-0.0242598300826117,-0.0163579610280251,0.0110984376998012,0.0293622493825052,-0.0236385983481527,-0.00556235184259697,-0.0128175930659299,-0.00683213789421514,0.00946688380688794,-0.0238221274501454
"CDX1",0.000691577015563935,-0.0440820272319495,-0.0142950178767876,0.00801192761862527,-0.0171343481421158,-0.0154076808967302,-0.00750598978602421,0.0258119007652932,0.00500003313640316,0.0126747689012476,0.0155497984003374,0.00251725308965049,0.00444542156220037,0.0100352116035881,0.0105439859377869,-0.0208454008717001,0.00873289057869364,-0.00420202839380604,0.00772020895219282,-0.00629064600661244,0.0209140419748788,-0.0139939620930797,0.0146654689552212,-0.0217583069837913,-0.0127671843364617,-0.00480467490690781,-0.0133510295375982,-0.00995600857769361,0.0149380363304039,-0.00604356240999024,0.0257139810708915,-0.0211430581636134,-0.00191288123873522,0.00241155287983636,-0.0247083720252575,0.0346963006198525,-0.049818017515697,0.0249132278656518,0.0154300855415865,0.00753656194131513,-0.0172814336699375,0.0160924020472219,0.0439501673650663,-0.0237250976001895,-0.00924027773480435,-0.00919634085496488,-0.0496417864557542,-0.0206996238387757,-0.022726501473278,0.0406107057098823,0.00488626904473414,0.00297399945965247,-0.00191827817740561,0.0241013886174135,-0.00523972561313568,0.0323369564248343,-0.00447756553922432,-0.00544193123784347,0.0344903224418356,0.0090987841708682,0.013163290685631,-0.0107903572088562,0.0202512213313348,-0.0382362005027238,-0.011820141220972,0.0461563010048729,0.0222802545912142,0.0343540566683005,-0.0127863987166573,-0.0304885202575975,0.0282279359785173,-0.0313838367500764,-0.0219778798173873,0.00831927612043069,0.0382233503406668,0.00257777159084511,0.0114995501610576,-0.00367561043125774,-0.0303297646879544,-0.00606011901894885,0.0015232687333578,0.00193507403790265,-0.0369617094220978,-0.0136319945221945,0.0360349532817174,-0.0204788907858975,-0.0136896304116305,-0.0156734505345173,-0.00547875053692106,0.00127877207576784,-0.008209392807367
"CDX2",-0.0199199754228566,-0.0253006015405926,-0.0218680686480405,-0.0121194908146737,0.00772967993533384,-0.0051915821883439,0.0318264951943752,-0.000267608223387723,0.00679667388581557,-0.0212729835288029,0.027855301772142,-0.0132248496310608,0.00618970722219873,-0.0161795284496575,0.0200819795516027,0.0233390522673326,-0.0295433733239729,-0.0303036617935409,0.00653253712105181,0.0284505424754193,0.00748098473634273,0.0267927954658999,-0.0112579739499404,-0.0155445014018163,-0.00497819223652105,-0.00554784150837812,-0.0138700981438168,0.0294737638330462,-0.0254342648379522,-0.0250737173743347,-0.00361504125792046,0.00986717364521847,0.0140765976641823,-0.0125783049812115,-0.00426748263515292,-0.0401718321332451,-0.0135738222703963,-0.0102881255716635,-0.00773529686357352,0.0105840908477727,0.0108200624570808,-0.0011267178420054,-0.00886507307791037,-0.0188569321423142,-0.0106302319740477,-0.0328485202064316,0.0101725129063587,-0.0188108891897766,0.0333953556396016,0.0166603406703445,0.0167821291406453,0.000623902713239724,-0.0210214105209253,0.0114896082060847,-0.0348437361973478,-0.029406530152153,0.000664228201955863,0.0275765029918635,-0.0114753363917609,-0.00379076535266597,-0.00684081049678668,0.00141468495880341,-0.0098169895646897,0.0197178171323422,-0.00730356668002432,-0.0255592773254106,0.036261562795203,-0.0297144720050252,0.0117281696970402,-0.0376633146650474,-0.00183552613043859,0.00351130777798305,-0.0115974172605939,0.00391204860757,-0.00585919515457583,-0.0277270668718544,-0.0118568014284774,0.00595161991793632,-0.0234365862895499,-0.0258169912111848,0.00806524153657276,0.00360498777022925,-0.0209981552216838,0.0107051722719533,0.00239953190229294,0.0183069451796625,0.00861296277861305,0.00666473120750277,0.021514629552018,-0.000550844519897297,0.00193303795732494
"CEBPD",-0.00375242956313673,-0.0497526455077368,-0.000988256177126149,-0.00281122029229108,-0.0568511370025803,0.026290273223753,0.0132172936499327,-0.0740704263244847,-0.0551231338422871,0.00535897547964625,0.000580099462077797,0.00266091975639824,0.010569097983859,0.0598470942057356,-0.0249687829760808,-0.0317213508997855,-0.0155651218567993,-0.0296104778972353,-0.0263191143936675,0.00104888307275368,-0.0738914016872874,-0.0433425959054626,-0.00970510181001077,-0.0217326180716831,0.0320678436659464,0.0284453683310684,0.0043778718039755,-0.0128879208670815,-0.0345891871307012,0.0140882788591168,-0.039986004788858,0.0528795075260141,-0.00123983614380032,-0.00767327473820558,-0.017325072005916,-0.017583774200988,-0.0328063978335397,0.014182238055663,-0.0357362172622327,0.00901026717828976,-0.0165663885309608,0.00389360872845454,0.0102103681132722,0.00185087275905638,0.00545749552818241,0.0227038353664928,0.000251954598113295,0.000295286921019879,-0.0994194942946485,0.046651056524539,0.000691209843686105,0.0155057296267761,0.0267344937050591,-0.00108214879922682,0.00084998192575115,-0.0772373829787315,-0.0400232600281889,-0.0104444640611169,0.00295719791168815,-0.00639863753299994,-0.0753573646530973,-0.0186823973811847,-0.0436204494995965,-0.0511779672616936,-0.033625641605164,0.0197330482674603,-0.00309223469064744,-0.0109282376158975,-0.0241917520039394,-0.0588440078039231,-0.000909256736330218,0.0233750111382845,0.0755183518544822,-0.00297482743548828,-0.0275069428502532,-0.0265495530879766,-0.0243143980925456,0.042116351664595,0.0718994985602192,0.00872182663130787,-0.0311102220433173,-0.00717794593321915,0.0353782024302056,-0.028548883761831,-0.054283657117984,-0.00153211420567964,-0.0214843444227151,0.0883048015997207,0.0514800629739608,-0.0244340763690064,0.0102099706114788
"CEBPE",-0.0287445392894342,0.0201418232907562,-0.000278840027164085,-0.0254578690440951,0.000607826415154702,0.00134700407081318,-0.089077821378583,0.0150278218678523,-0.0217448349891056,-0.016922874234261,-0.0162948357272938,-0.0798799210106945,0.0108357944813201,0.0156596698664435,0.0224620027695616,-0.0131003770293191,-0.00412149429741598,-0.0169993882805146,0.0172789769786266,-0.0405652136844055,-0.00365040354817364,0.00218049781071103,0.0268757108971607,0.0108045132090374,-0.0447166615907512,0.00783046707656026,-0.035103948679694,-0.0248572012959464,0.0145964413726264,-0.0321431907117695,-0.0225427793918334,-0.0426967827613674,0.00718901043670747,0.0649520571763394,-0.031272582407277,-0.00883597327580263,-0.0803549447866626,-0.0479972754405448,-0.00937028345750521,0.049338722363215,-0.0198526679505496,-0.0506739382020934,0.0148991006598134,-0.0100945606348864,-0.0396925697250147,-0.0740861621840721,-0.0341004934362739,-0.000301854366749676,-0.0412971483665979,-0.00582182827114942,-0.0563381351391103,-0.00351902210839958,-0.0466685785185681,0.0369821751040017,0.00015832550912516,0.0386108129450672,-0.000770276657639735,0.00628400137245119,-0.0453975738260314,-0.02896304367999,0.0186231971370313,-0.0229634250451041,0.0132543695928831,-0.0157703564120048,-0.0182925617770617,-0.00937030070274429,-0.0340908357693499,-0.0134088555448986,-0.0214884295515336,-0.0164507451660497,-0.00046445636087086,-0.0273470143541845,-0.00404487822308,-0.0218170722729702,-0.00237330036360616,-0.0184460197372755,9.79344975705285e-05,0.00559965487151394,-0.0631648601863626,0.00979627618803358,-0.0840293438588013,-0.0369010054434808,-0.0819072637291189,0.00563864485480991,-0.00827669843641563,-0.0144136860137233,0.0206027263865612,-0.0236747931267066,-0.00194489390602225,-0.0460289005251184,-0.0625839562129016
"CLOCK",-0.00773235895598371,-0.023624565092983,0.00121743907236399,-0.00209890588598969,-0.0122654388106323,-0.030725225509533,0.036387691293913,0.00296720902244312,-0.0384998036824033,0.0161331770282218,-0.0207658785561236,-0.00454717180580978,0.0123778812940586,-0.0186396558172744,-0.000824151956093693,0.00728185324350161,-0.0155096385556208,0.0125934692742269,0.01106312483608,-0.019260665691098,0.00429740656833737,0.0108232320598436,0.0178511416185704,-0.0420793147227466,0.0339463338739082,0.0269198636004093,0.024537193471041,-0.0128310815200186,-0.0427414939947169,-0.0281136044423216,0.00856912652890551,0.00944270591357563,-0.00634258991091271,-0.00923151542435101,-0.0166849719420713,-0.00211833016908657,0.0271550784961701,-0.00186429064198191,0.00466781044506625,0.000604895619358703,0.00372359889256522,0.0216346172149378,0.0319580055015861,-0.00903078045720757,0.0173187282768599,0.00244733430145109,0.00458470501225825,0.0160567569175229,0.0141645249647906,0.00571778278832473,0.00216036151397884,-0.0134753305618699,-0.0227379268615798,0.0269842923981493,0.000278539189289401,-0.0215781560457158,0.0376718413214603,0.00839062972379537,0.0059020287963521,0.0213318134501349,0.0115761750140433,-0.0169058354291872,-0.0236612484472465,-0.00577675568535734,-0.014930095405829,0.0135280406406363,0.00351828234749623,0.00467146159055649,0.0270910805847747,0.013883557030871,0.0328383066745982,-0.0196115856193018,-0.0109589287458012,-0.0021228316559209,-0.012372426974171,0.0128822026210679,0.00611500261464909,0.0116373075238543,0.0136738380069898,-0.0191730152115693,0.0252153654208575,0.0340844906525685,-0.0123774645969187,-0.0173875132474927,0.0100978602426686,0.0123881494757996,0.0130753169865956,-0.00989103330674375,0.0119069165738955,0.0184723635808797,-0.016177422849319
"COE1",-0.0100297727666349,-0.0118395201680673,-0.00850413495350622,0.00559419105829166,-0.00559093802827519,-0.0217120078208686,-0.00180845194777378,-0.0166768987918148,-0.00649758188055978,-0.0029846610840264,-0.00752966352866106,-0.00128522404375987,-0.0149577670924004,0.036252155265252,0.0242210340860262,0.0121652025930145,0.03875509006326,-0.0317552547551716,0.005288250823726,-0.00224236544865275,0.00650763882799365,-0.0212132530650039,-0.0269274519219183,-0.00947790967334994,-0.00286664740277503,-0.0166949274473063,-0.0107293263972232,9.55996001437711e-05,0.0115184837617872,0.0198829135611924,-0.00989696274429526,-0.00167622207649624,0.00521599610191415,-0.0237496859554179,0.00767826098405256,-0.00984634805352327,0.00517955971140478,-0.0121690207630167,0.018829064284537,-0.0107202898979978,-0.00681904763768635,0.0147020875749024,0.00541463716890654,-0.0148864790041175,0.00776438385310112,-0.0198604872412142,-0.0165045483287162,-0.00870851605043062,0.00800501257969265,0.0114000353006566,-0.0119848225587359,0.0126529145796564,-0.0254469277599056,-0.00153238532815755,-0.00417654522314759,0.0253502182267521,-0.0100071776337856,0.00366951950376363,0.00610955249880121,-0.00409419832091655,-0.0101472637406993,0.00850265159214069,-0.00884391422838877,0.0139631301373849,-0.0427760168431109,-0.0123978830215958,-0.00487868352265798,0.0085231346627631,0.00742115658893473,-0.0212499081522296,-0.0142432001977876,-0.012606070018282,-0.00500966454151444,-0.0119218347635878,-0.00991508631571128,0.00720273037217203,0.0218917606943359,-0.0184429147827988,-0.0306507192341124,-0.0250108150526107,0.00773793949461667,0.00352529782381142,-0.0210187396049299,0.0361607397520832,-0.00612132241268721,-0.00688536112079449,-0.00607438111476951,0.00616359189815327,0.0062421684068314,0.00316747603149912,-0.0329588941897356
"COT1",0.0192768572302783,-0.00593100830349756,0.0226188274019725,0.00516214615449118,-0.00180367662512854,0.0282342530926311,-0.0049073305006308,0.00507897906753382,-0.00514432050301566,-0.00430546856717345,0.0261646124101155,0.00584700124711571,0.00490586945957067,-0.00478165664730724,-0.0151016262420292,0.00308177635779149,0.0118768891614134,0.0119045373002234,0.00661144864555187,-0.00479069807818384,-0.00713444987800961,-0.0123789581632912,0.00655049953366145,-0.00908029686310293,0.00994054957523095,0.00815827229642922,0.00313157544839886,-0.00307806154199168,-0.0103165243081062,-0.00691127055808133,0.0170208047370767,0.0169815260251878,0.0159105076387473,-0.00547891393121069,-0.00863855812105861,-0.00496259896427998,0.00315692738190208,-0.0107880173142406,-0.00276074643512195,0.00559738475647489,0.00659317321261039,-0.00285541056702051,-0.000252299049761173,-0.000334197939204197,0.0163196589805835,-0.0123079362743211,-0.0176976043459076,0.00301568103071203,0.0113307421548053,-0.0107651672782314,-0.0105277730768632,0.00195758681487212,0.0192102781382569,0.0321463518652112,-0.010923804000155,0.0140900785594146,0.0041848558531538,-0.00758639651513126,0.0122121900246033,0.00061665880049961,0.00151581974749479,-0.0181746159047274,0.00675186220614729,0.0110777723609585,0.0225146455119804,0.00161966009063343,0.000709071424032635,-0.00284190282321284,-0.00225148331124685,0.00264109275909644,0.00982562247584449,-0.00739810457738062,0.0139196865357488,0.00984187082650503,-0.00895285887816679,0.00856232443853359,0.00184256941883267,0.0124080060760542,-0.0070076625732298,-0.00122472809608095,0.00479850132674528,-0.00548266163019321,0.0167652081807876,0.0153734070059229,-0.0231512210814706,-0.000258871945186086,0.0151565757717598,0.00301640749245411,0.0137958820161443,-0.0148815778222175,0.00115073569674975
"COT2",-0.017577823608754,-0.021408073987428,-0.0045210375552345,0.00511974310911344,0.0146184267165587,0.0106488742029235,-0.000929091290781362,0.0158242073137614,-0.0198938358864977,0.0025733153159339,-0.00741238709120943,0.000717754141795291,0.0257777361117721,0.00439583358153184,-0.0189239876789793,0.00115539014310367,0.00468606389154922,-0.00581169551860197,0.0532372108774855,-0.0023210863168957,-0.00795767339880603,-0.00785107456489188,-0.00810591157967647,0.0095811374170908,-0.00213852437416703,0.0114138929886635,0.0271064348253859,0.000984057205261652,-0.00251512733637362,0.00633020649999248,-0.0136128239345125,0.0216653127564739,0.0162425278920722,-0.00436813629193009,-0.0300186498925368,-0.00770900876461122,-0.0589311536147371,-0.0124948920543092,-0.0029837861581704,-0.02174548732629,0.0128843391624934,-0.0017276574873914,-0.00726547794479917,-0.0106508777997336,0.00697458473413653,0.0151653141575001,-0.00403595117170597,0.0172792246586248,-0.0121551506142625,-0.00482676202407484,0.0286266368971737,-0.00518378651385461,-0.000332696877776397,-0.0139741700476691,0.00648744023328813,0.035967484324349,-0.0333527412550267,-0.0239860775810522,0.00063686304251376,0.0108743214057864,0.0164078597277362,0.0272728267224236,0.000873486964124426,-0.0116619887652193,0.0208050572037564,0.043480359007854,0.00305523390925925,0.0302131271442777,-0.0172463483117893,-0.0146187337152034,0.00399475218374854,0.026202681040371,0.00738504538687904,0.0162470633800458,0.00459951999692761,0.00546129066171809,0.00766654668824511,0.00700311019722588,0.00705813351535985,0.0108609764391209,-0.00193178630581704,-0.00111280473252116,-0.00236361674332401,0.0177411695780191,-0.0252733372203362,-0.00931899461593171,0.00426203379577903,-0.0242812829652361,-0.00708029830570389,0.0014478227601562,0.007758121084669
"CREM",-0.0405317467585497,-0.0611920820713117,0.00312715503222246,0.0444206623291993,-0.0120679331516066,0.0269467908530321,-0.0185409038870899,-0.039592209819013,-0.0223753915443375,-0.0363099609284054,0.00686815119819986,-0.0319999862465492,-0.00478396507612269,0.0110480492538831,-0.00686697686007543,0.0404692197924908,-0.00941212016420078,-0.0292651542115703,0.0305360792279749,0.000863556949759502,0.00430397493093535,0.0131720711901551,0.0463630495688192,0.0161876105687018,-0.0147208493084651,-0.0188569866232489,0.0382870978842992,0.0143306775851356,0.00140238760936612,0.0332457313508781,0.0243712015079639,0.0210902731773038,-0.0313338948024623,-0.0117157436443441,0.00749583268684622,0.00823659780737003,-0.0162226724125292,0.0125384438191657,-0.0135098787489362,-0.00503714509692335,-0.00615880434747511,-0.006464803612892,0.0242810222179927,0.0583875518242864,0.0302274071417472,0.0137151340298245,-7.01187542031037e-05,-0.00930862049802561,0.0148599218898663,0.0162348288491571,-0.029655612416765,0.0535396869848639,-0.0223753159787979,-0.0120719851952796,0.0332137964763747,0.0142496037432582,0.0195380016432481,-0.0211507761377252,-0.00894673425496664,0.035825449140743,0.050864401783414,-0.0463490751690247,-0.0248507531589447,-0.00346922531086848,-0.0407382821577754,-0.037757067537779,0.0255810979442731,-0.0172974144717926,-0.0114337704284327,0.0291851103003973,0.0232123993262522,-0.0117157491344206,0.0286865737194369,0.00825965710066862,0.0376206354449885,-0.0151592281312271,-0.0133467362749934,0.0224071196169825,0.0601641799304089,0.00449183770290371,-0.0138379719918782,-0.00932342451322065,0.00578614284121426,0.0433914935219067,-0.0154783530601361,0.0248638851332816,0.0307153918053284,-0.0151548284816411,0.00516078922925299,0.00921236861242963,-0.0305808334632701
"CRX",-0.0285345346076983,-0.00642500709229698,-0.00477032065149242,0.00920944351178639,-0.00623609219064387,0.0475926633240142,0.0531046542585417,-0.0242114623023632,-0.0124746072231087,-0.0210176149737184,-0.0209667773906347,-0.0159762722966087,0.0284258607171956,0.0107399796566303,0.0448446280140407,-0.0177531482862978,0.0609509723713071,0.00452955993156333,0.0316608786810857,0.0470127024234078,0.0148025282159413,0.0012860219533233,0.0292949405401004,0.0331241618473843,0.0324785522514408,0.0213094699031685,0.026217932410782,0.0411107718718782,-0.00370302077982764,0.0112316182057546,0.0412034307657264,0.00161656753354911,0.0351524632580108,0.0012305221575427,-0.00886695515717817,-0.0178863065108015,0.0192224565812713,-0.0596109799893565,-0.0124188298531891,-0.0127264778991811,0.000106283890341446,-0.0166316682132359,0.0261726729064955,-0.0155131678835869,0.0162138389550775,0.0250034701749962,-0.0281247126442858,0.00357617284625745,0.00871847879096941,-0.0126196995997779,0.00459824433493836,0.0121742018373087,-0.0176187804856492,-0.00572497003677573,-0.0234305520581216,-0.000267106747347079,-0.00254559251371004,-0.0374891084811505,0.027875999239377,0.0321662355269765,-0.00518208435192096,-0.00887533817920572,0.0214503755609524,-0.0100979924815293,0.0363957758177668,1.74945912715933e-05,-0.0154172951477562,-0.0052875011256696,-0.0279086461366992,-0.0140438872114824,-0.0393939096215584,0.0103789147647699,0.0114525909643837,0.00159559991928739,0.0213257426224354,-0.0221978779730747,-0.0243848781759177,0.00094146074127481,0.0313066065942773,-0.0108740034297259,0.019015746071055,0.0268266043809271,-0.0356599674928365,-0.0113338010720473,0.0106885402044279,0.0199229892393413,0.0367169009875534,-0.0119502384581425,-0.00907233446666525,0.0294002835998327,-0.0243193395559369
"CUX1",-0.0224397419911566,0.0156098126037622,-0.0234803076877101,0.000609075873198371,-0.0253392810275593,0.0557414513181662,0.0692035816457807,-0.0261666591603411,0.0633451326027484,0.0340083456282629,0.0249074801370129,-0.0204454358630661,0.111312544677927,-0.0340376786247506,-0.028806889875649,-0.0315743201107736,0.0273512155163257,0.0766130169254785,-0.0347285194283168,0.0417646557320877,0.031597403649327,0.0654375361859529,-0.0281327792710626,-0.0535503050038593,-0.0274793401522699,-0.00275272636634426,-0.0471109244999357,-0.0339483491778908,0.00716902492889087,0.0387824331388834,0.00824325857504874,-0.0249094303823215,-0.0226278934067288,0.0355663316795524,0.0238284234440758,0.0307489921618386,0.0168955960001846,0.0255064100570799,-0.00117136538356644,-0.0261539392195709,-0.00350128788429305,-0.0559723247571023,0.0560965496985514,-0.0595483407672868,-0.0479177999605302,0.0389524201545836,-0.0329332378123492,-0.0435617892950898,0.0494882969230865,0.0516544172309262,0.0123721639326107,-0.0259428200344247,-0.0273688373785083,0.0468747697054281,-0.0233346106149214,0.0483877851742156,-0.00952642722467152,-0.00196148219296986,-0.0107831061669276,0.0286223850571823,0.0138619849571822,0.00921901054086131,0.0126880657515289,-0.0459879348617564,-0.0667383987524486,-0.0228652167470425,0.0208757419972722,0.0115352943371504,-0.00323893690603621,0.0760429815900211,-0.0254410947920756,0.00246243453843725,0.0398084606945722,-0.0367696960449197,0.0322650465845083,0.0280602558032737,-0.0206792666324279,0.00173529219610558,-0.000611450489812657,-0.0634058197078373,0.0392770155270276,-0.120502699331427,-0.0254541149377584,-0.0441482672152685,-0.0110098373843363,0.0183895161517193,0.0066648174284768,-0.000234763317363988,0.00803620378597641,0.0470907140225466,0.00511392433308969
"DBP",-0.0408494062699004,0.0113318624645384,0.022519959025487,-0.0262465247837135,0.0281284939393475,0.0154655116592362,0.0374141522997574,0.0499790971266191,0.0270113641177902,-0.00734266157964116,-0.0102392810018671,0.00996496737032332,0.00409523140842283,0.0569428499870133,0.0216162128418104,0.00491657616230112,0.0359603546974247,0.0384260754600967,-0.0172949120698178,0.0115385725780028,-0.0297494161354637,-0.0181387802058087,-0.0175648911332797,0.0121212098394526,0.0240381061496777,0.00910274162943953,0.0456492316497006,0.0250179162867449,0.00605716910018043,-0.0374383754446899,0.0253473311126141,0.00668943292371886,0.0289161360113307,0.0284489950897239,0.040140772615914,-0.000680445770550877,0.0297466283056819,-0.0252580707007068,0.0150149588542743,0.0157596633308381,0.0172155883959575,0.00778585336987874,0.00686224141214951,0.0199954158345444,-0.0416884321464909,-0.0172015538520024,0.017381452165413,0.0385894443035334,0.0265816126763284,-0.0152074992603315,0.047491929945511,0.0091803738279851,0.0293440955718071,0.0293544349412884,0.0466398449283392,0.0526535039568501,-0.000243772256455433,0.0375975975009281,-0.00815399201245903,0.0190554998801757,0.0305868693795412,0.0169126728599095,0.0356635971106802,0.0139995884613228,-0.0308578097346454,0.0556763857645233,0.0471986420150425,0.0163265873565259,0.00031016538671175,0.0445122121116436,-0.00933640026750963,0.0139195618400266,-0.0224607754834586,0.0141792789048103,0.062094807494539,0.0591617744793649,0.000171102741442974,-0.00729969244128678,0.0338256996217382,-0.018263269526039,0.0287792232230817,-0.0162433607789029,0.0102705570257667,-0.038678681205944,0.00779166130720861,0.0699826612724082,0.0219124659940581,-0.00412119066438963,0.0176576975201944,-0.0080954124417087,0.00613029157056379
"DLX3",0.0605939073652189,0.00408632700555352,0.00580004940611423,0.00770628983164845,0.0255192241641944,-0.0161347623403503,0.0366493430905002,0.0113945595089993,-0.0222127118232354,0.0312998258100174,-0.0132882938060816,0.00291637396755132,-0.0157513926500397,-0.0206103362151842,-0.0180589728712791,0.0110659755419551,-0.000178043016187787,-0.0302808036988965,-0.0353624361427027,-0.00880436069288744,-0.0203831510845968,0.0249817300327506,-0.0033479488586943,0.0395481259109547,-0.00261734217580554,-0.0152165325625427,0.00975506532926345,0.00173793418630801,-0.0119840496706504,-0.0565585247489722,0.0149873294829176,-0.0148965844021959,0.0162784332069837,0.0277439186083358,0.0317847535743236,-0.0314021915576842,-0.017761975421862,-0.0147521767008324,-0.0105884359741493,-0.0318565151290102,-0.00912560221497762,0.0236406410479892,-0.00311200002111778,-0.0137212228583926,0.0363914770208187,0.00948768641639224,0.0386153559672647,0.0187082889326259,0.055405936294491,-0.036494630079794,0.00410038419576597,0.0159149979485179,0.0486567879295036,-0.0221332226883748,-0.0216275343213514,0.0219205215272019,0.0432512773848111,-0.0272953463045195,-0.0274241911226737,0.0190500578992032,-0.0237345500597409,-0.0125458775820121,-0.0129712503437131,0.00754686854032772,0.0141437702044856,0.0390479573427445,-0.00625177503309579,0.0233067881025637,-0.0272891424073279,-0.00305230290437508,-0.00567782866011164,-0.0171934444557345,0.0111400559209762,-0.0254778264954055,0.0108162383279424,0.0117303848258632,-0.0400903627917537,0.012041135227025,-0.0142381287348556,0.00765869117991688,0.0240025377566642,0.0131322782233915,0.00418102517614253,-0.0244818628607962,0.00425632933269946,-0.00460650088980956,0.00776213029812944,0.0260616767537282,-0.0270726499001826,0.0316259494192475,-0.0339283565124546
"DUX4",-0.0336632638717029,0.0351591685562465,0.0136950164589458,-0.0094355953994613,-0.0049143159550196,0.0278380541709101,-0.0149139831884074,-0.0328498063067078,0.00518097059620366,0.0387734306331234,-0.0527763358171238,-0.00273923928267595,-0.0210143312598095,-0.00735156124877594,-0.0558244917327596,0.0145215045273815,-0.017884079672892,-0.00751785516294655,-0.000590974286762753,-0.0342694960660463,0.0316304411048677,0.000107263193176364,-0.00072507526342437,0.00228097138011282,0.00540961330502451,-0.00322230516895818,-0.027477659273393,-0.0119784243784081,-0.0343653579359662,0.000595220932498155,0.00485224589571802,-0.0146544869746231,0.012385244497254,0.00305346635075664,-0.00118232495050713,-0.0139506688624857,-0.0150676518361864,0.0197878441586661,-0.00967752290238489,-0.0165600638175671,-0.00690268149039946,-0.0118672905039187,-0.00788449254474666,-0.0223444020861217,0.0379788278406478,0.000716110707626074,0.00467430277914089,-0.00697002655692261,-0.0242681832185911,-0.0289379400857445,0.0171258830821035,-0.0197752608726285,-0.0209357453862574,5.94542936163323e-05,0.0163314930614254,-0.00411465862953718,0.0195173214540504,-0.0105678551434261,-0.0325495820897021,-0.00144170564196346,0.0150684841043987,0.00254124202556436,0.0381770683745628,0.0025548166552184,-0.00872742332794022,0.00877223157773408,-0.0124481898911214,-0.0276386609405008,0.0066628382213865,0.0210633107022819,0.0598948572203816,-0.0199532588271374,0.00950822947555697,0.0182958979570972,-0.0209159389214614,-0.00709341896046375,0.0158928811876542,-0.0339342488463664,-0.000135619985208761,-0.027775669164838,0.0125365436353072,0.0135550164541859,-0.0221510810263562,0.00115739650923423,-0.00625419090137432,0.0131939635421619,-0.0134478532782962,-0.00435804522295818,0.0147692771316331,0.0284664156399396,-0.0369444964181738
"E2F2",-0.0165383187227529,0.0456426394860992,-0.0223947098892884,-0.0383304426799165,0.0268437770665505,-0.0294521147956636,0.00892334692556535,-0.00678901055151182,0.0145588560645715,0.023415135856126,0.00161581137711671,0.0226180321291097,0.00152235831611155,0.00249659355757317,-0.0144672861483882,0.02627141924004,-0.00364900054689963,-0.00871130924964911,0.0262365672935356,-0.0049404124251471,0.0252797274599505,-0.0101039793479258,-0.0255539738194292,0.0379939439086647,-0.00622986439910281,-0.000801608387505288,0.000826627114748234,-0.0177559801261924,-0.0297116785750335,-0.00220574057175668,0.0325923149357179,0.0141342043338189,0.0351146272807642,-0.0380979099517231,-0.00344756437664012,-0.0248142332517199,0.00175275434578701,0.0176385346635067,0.0398493758729448,-0.0213840763358745,0.0152269109996866,-0.0074941652233037,0.0249591346388342,-0.00892340689617101,0.0264731280891872,-0.0343645761305754,0.00152792744354228,-0.0133541964204849,0.0261475633528289,-0.00286124720852725,-0.015140437227538,-0.00143406613286016,-0.00418204091841711,0.00515404892798821,-0.0244413010995682,-0.0186254916279867,-0.0169541265480868,-0.0202113907972066,-0.0414998903678905,0.0056309844200222,0.00867819549632409,-0.0431198937989173,-0.00397998661115016,-0.00475429736498106,0.0344691279865575,-0.0221043116142242,0.0169477948705339,0.011753968357929,-0.00814837916816172,0.00425660768816701,-0.00749493454932655,0.0037877302244457,-0.0198585752942346,-0.0220234994125985,-0.000866124763815357,0.0122299584308194,0.0141525547444872,-0.018819346709285,-0.00120659589100218,-0.0178859238947052,0.00801609561155001,0.00820850136754283,0.0128873987810336,0.0129870018951591,0.0113595183676439,0.0145280085692698,0.0136082754284735,0.00634310168358982,0.0121771806655858,0.0109126228752253,0.00403306124265908
"E2F3",-0.00794767901918777,-0.00921795807589136,-0.00116489519538133,0.0186927260679609,0.0134801411836023,-0.00618788177927679,0.00936449164200743,-0.0022242793691868,-0.00267302531632864,-0.00924017341445678,-0.0126752248647743,-0.000126622486496718,-0.00281554932978299,0.0107693029071405,-0.0178483677744373,0.0134053153341438,0.013426593294003,-0.000586728151704955,-0.00256301432080697,-0.0161458565130212,-0.00331640290130026,0.00271477149942097,0.0245466787354387,-0.00776943086068371,-0.0136624218463198,0.00393111334885791,-0.03360671328334,-0.0103308392133079,-0.0127273195879078,0.0127462579485423,-0.0224432307290912,-0.0163825150216894,-0.0124403477042143,0.00509185157551222,0.0203936606439056,-0.0170827154775209,0.00579502519890011,-0.0126386613377377,-0.00627336976061186,0.00992981537802698,0.00599695033968889,-0.00292825483111308,0.0166146867506091,0.0152737301697899,-0.0221466643572469,-0.0165165981363484,-0.0126244238800453,-0.00717362101716715,-0.0120053872347589,-0.0126927736407391,0.00629144166808016,-0.018403109529627,0.00624248883076755,0.00919358174552449,0.00171911244074705,-0.0314328566150606,0.00446100650014209,-0.0113489529321403,-0.0043471612303038,0.0118581108292494,0.022822157958317,0.00410736353021962,0.00583531722664458,-0.00986896338896964,-0.0179238243602704,0.012798537352076,-0.0123582930801029,-0.00608372265495747,0.0316979068817606,-0.024036389310039,0.010467431570886,0.0123604391852795,0.0185216078664993,-0.0312405313465863,-0.01080358524705,-0.00225318150468789,-0.0208939937981742,0.00921269671072662,0.0247679571748612,-0.0105065386086574,0.00532133715311302,0.0144467416566745,-0.0133989298966242,-0.00348573465594265,0.010788275050125,0.014740064232556,-0.00447239556500749,0.00179451774533891,0.00875736730894795,-0.00176868500407974,-0.0237823630771518
"E2F5",0.0126126405755936,0.0405003190028194,-0.0143952375159582,-0.00842560577445925,0.0128037524154535,0.0188383808106997,-0.0156651761232072,-0.020567124551498,-0.0127689255610779,-0.0623866569193337,-0.0181215718248365,-0.00460405828544519,-0.0262953275021335,-0.0428856212470626,0.0332631033466673,-0.00175497789217478,-0.027522883727281,-0.016740715171017,-0.0562973286955653,-0.00164640906134521,-0.000954392529367631,-0.0295723405830915,-0.0495307804842568,-0.0152164320728519,-0.0424224868471114,-0.010516257936506,0.0125012510058017,0.0117933769689216,-0.0052958882310602,-0.0151493388117916,-0.0383394884164073,0.0229307585250769,-0.0141580203835784,0.0401917350667365,0.0119792831322377,0.048774604198901,0.0263875303356822,-0.0262265014910166,-0.0203458166167749,-0.028574225764883,-0.0561911541538458,0.0161046783441528,0.0234429127814532,0.0123901988082883,-0.00904463532923525,0.0100033616792014,-0.0297427913371069,0.010244051967837,-0.0387493582541313,-0.046731226616159,0.039962346898307,0.0303136045815326,0.0264959322634968,-0.0256622792885401,0.00334515503026985,-0.0243104130320684,0.0292436953061238,0.0302717108727042,0.0099800607401201,-0.00840272192096972,0.0180882925945062,0.0223987463215131,-1.38231052050821e-05,0.0118828025902687,-0.00303353165115925,-0.00775775402552142,0.0312204098312811,-0.0551696604406125,-0.0311075858702564,-0.00256061356182755,0.0215359555629266,-0.0638405407348462,-0.0420745684666828,0.000461456863039732,0.0229184444909859,0.00769237555590099,0.0178995901956073,0.0108154011789967,0.0321394217920132,0.0113659569834248,-0.0337213915013992,-0.0118335080013623,-0.0167993580823074,-0.00962409407496865,-0.0242257764242138,0.00102517302324716,0.0194152183222192,-0.000831613856507427,-0.0591574882699766,0.0147918915953062,-0.0779489674355934
"E2F6",0.00948977537597012,0.0144472651096586,-0.0258872812026824,-0.0317387702554633,-0.0169329843031464,0.00299688488968483,-0.0192987969925242,0.0240540409651397,-0.00273895896077119,-0.016829194316516,0.00833471768108796,-0.0165334899239768,-0.00230218263753454,0.0148713126131793,0.00941160590461428,0.00553698005115121,-0.0142794350649367,-0.0100235032637159,-0.00281197694438927,0.00131398887287936,-0.00194775652614033,-0.0187623499785518,0.0100232185699449,0.0124443980058754,-0.0036545552346672,0.0196290033134541,0.0133375605253048,0.0175189111129075,0.0111446436154195,-0.0239300719551991,0.030084821679799,0.015218213810374,0.00137838040914615,0.000187670162333857,-0.000889711353871948,0.00556117419989931,-0.0172931935242934,0.0133974305422242,0.00442385400153767,0.0127255535718999,0.00496490189626804,0.0155920775210161,0.0206852871451846,0.0211912574718677,0.0227144225217719,0.00742279584971958,0.0222549591900177,0.0178424851352282,-0.00492892014482753,-0.00653621333208479,-0.0222438048357148,-0.0015881143266896,0.0106917790946952,-0.00303152301157707,-0.0133306783406369,0.000428935181124836,-0.0138960979952763,0.0103007200072415,-0.00314819119481484,-0.00548031935670893,-0.0310037342612373,-0.0174580496734197,0.0188052600720033,0.0172241496603392,0.0127725766554742,-0.012874396840462,-0.00240048196461587,0.00116776119177013,-0.00645123756169277,0.016554298976677,0.0136932122545061,-0.0113805790944413,0.0162253341464741,-0.0115457290331617,-0.00614171679487395,-0.0155124361268,-0.00739588258513662,-0.0119068120364704,-0.0126978991189321,-0.00318463002716488,0.0175850645272712,-0.00551296266659269,-0.000956772204990278,0.0263465615491487,-0.0048040173929834,0.0118108186625156,-0.0122895866408172,0.00420196846308611,0.00193522719744871,0.00998237534286885,0.0120202851698951
"ELF5",-0.00595477718203024,0.0307683382784699,0.0130754567229779,0.0163452850496773,0.0115931542877666,0.0167638651106141,-0.00876098149233881,-0.00148145107563708,-0.0026836165626241,-0.013764513582685,0.0183882875799574,-0.00367170772927374,0.01297501221189,-0.0249290652747403,-0.0169122449699729,-0.00434926087070305,0.00428578505015074,0.00451347449598562,0.00252647530646335,0.000883576204023532,0.0014179400682612,-0.003818236317942,-0.00753868893817576,0.00917621468241398,0.0156430025155952,-0.00444769603917697,-0.0183712007961012,-0.00555653255562635,-0.0177689039719334,-0.0171423647523243,0.0139097045699387,-0.0110562352928467,0.00429485442542363,0.0031709695452261,-0.0165185285454192,0.00127840590122414,-0.0383059154246373,-0.0146222182367078,0.00292027153003696,0.0124112894920127,0.0146267770644061,-0.00350515042253718,-0.0214296780253076,-0.00340089484918696,0.0150285920932351,0.0327941915755858,-0.0123930036358731,0.0118451354927006,-0.00437982259511055,-0.00518243785574998,-0.0224682973013126,-0.0381695111981422,0.0190860719712868,-0.0198150103756507,-0.00467575787590555,-0.00569060854184646,-0.0311524848658627,-0.00251538036044284,0.0200063934615281,0.00688906364512478,-0.0183012371910635,-0.0150212222067365,0.0208697453301588,-0.00877039534094918,-0.0028141207159336,0.0194910005429929,-0.00144707744794015,0.0104055418871672,0.0328404838171058,-0.00670579568568694,-0.0271061529654334,0.000895845283367196,0.00284120725113938,0.00251708157271111,0.0371215385224274,-0.00181930056146296,-0.00636390112894687,0.00859840244875112,-0.00856709470442564,-0.0200519225980559,-0.0330666446892811,0.022608501274565,0.0137888447971896,0.0323807291473131,0.00203020271828087,-0.00417507934350732,-0.0159589149492713,0.0141745265666065,-0.00620004454805821,-0.00710229475963957,-0.00710689374745892
"ERG",-0.00818743739686791,-0.00198870905382945,-0.0149945117691749,-0.00228508830288363,0.0102359233686797,-0.00765255898582808,0.0289087752864542,0.0138486214506884,-0.00790410894414157,-0.00294704938620061,-0.0140832434353927,3.11267313846717e-05,0.0260431116858598,0.000263597441566174,0.00155918063746505,0.0142220218443201,2.82460825280348e-05,0.0104566922657236,0.00636096354513564,0.0103004229133934,-0.0156049402415474,0.00173265124970487,-0.0141799961673223,0.00704003472599065,0.0255536244607271,-0.0087066040353554,-0.0153267246035094,0.00986796234120778,-0.00395791520352744,-0.0271747805701297,0.0274953157994312,-0.00890425541086238,-0.02350673247713,-0.000354569509729501,-0.0145256455468326,-0.00574463231574727,0.00588851918527415,0.0151922938921745,0.00157575587695057,-0.0228279088038822,0.00563127450659604,0.00678612802815206,0.00805447767399937,0.0021326689930439,0.0215319778424356,-0.00963918863764198,-0.000173769793925732,-0.0102731368381828,-0.0186746254214924,0.0218838426985017,0.024678857831778,0.0155277528747316,-0.0152303353233339,0.0122256646191616,-0.00359819919794506,-0.0060001607475302,-0.034093271459808,0.00497041261592138,-0.0161107419563425,-0.0154840153409605,0.000298583362919155,-0.00440120569938825,-0.00359031233111135,-0.00974437525612559,-0.00137020817808685,-0.00521872866009126,-0.010578386879089,-0.0268067233443894,-0.000948196215059494,-0.00640207282026739,-0.0171665574205686,0.0124402351373251,-0.00959154728618966,0.0030291042663561,0.00438942467348234,-0.00540992497563368,0.00431315285878824,-0.00100567952569643,0.000435330663218513,0.00560769648866146,-0.000892219345819806,0.00169830556251286,-0.0107198117352852,-0.00630296274274265,-0.00222798692777738,-0.0266422269459368,0.0166062845228846,0.00614332935852851,-0.000893347258373585,0.00965197588574226,-0.00846445727632734
"ERR1",-0.055738219639714,-0.00909296461868413,-0.0298408439169115,0.0245949565094663,-0.0086110021732852,-0.0287261275070434,0.00536087064955534,0.01373117927011,-0.0317477995932653,-0.0174605329694496,0.0344691819967766,0.00287660456703386,0.0186614806070189,-0.0045810580047502,0.0101579383677958,-0.00563047749853868,-0.0186822958649993,-0.00454472284887809,-0.029066637759744,0.0241408412031894,0.0201693883795168,-0.00668402029180522,0.00281334962999464,0.00920214554612957,0.00122560385434983,0.00141384756253937,0.039572564044854,-0.0136815766536272,-0.016407741504309,-0.0358551056130513,-0.0342756646310491,-0.0280169949899655,0.00206562953522497,0.00176895984862797,0.00171402038652866,-0.028795522842616,0.00928445510612775,-0.0285268147233933,0.0194478653765068,-0.0126491567358717,-0.0121714053612559,0.0066958803084143,0.0435581723146671,0.00297138876840412,-0.0125467137356,-0.00158197047579931,-0.0153894344581353,0.0205616838816994,-0.00991632060471103,0.0130086643917006,-0.0267003933144648,-0.00939742262836266,0.0166127112153769,0.0299663133829767,0.0446551332611438,-0.0130347005880145,0.0114972904177661,0.0443099678231236,-0.0226136883796333,-0.0199987026985482,-0.0251887491956111,0.00336632668169821,0.0090818473075012,0.00828949200264112,-0.0142506541707925,0.0339235491220159,0.0306925763644767,-0.0121104793088932,-0.00973682952267619,0.03424373688157,-0.031892075926281,-0.0233592166174337,0.0158978070530284,0.00460177135084102,-0.0261401080102707,0.00810443656850867,-0.00305930853842837,-0.00759560105133982,-0.0374508381213637,0.0243191883264235,0.0239157821473536,0.0190763455884422,0.00168533285835789,-0.0176686850295931,-0.00131898896714313,0.0621969483027878,-0.0217236724147509,0.00999426840038604,0.00187580760488873,0.0139703310966264,0.00809300010176136
"ERR2",0.00224447866741773,-0.0165584110633571,0.0295154125335317,-0.0298878811354417,-0.0338765727254648,-0.00837004051330342,0.0434959009115678,-0.000816589956717098,0.00698605436283186,-0.00940998243153657,-0.0292596763679746,0.0169687839456469,-1.41218350436206e-06,-0.0291115794685221,0.0250388657672314,-0.0114875279945405,0.04635601638963,-0.00663945400592344,-0.0190882782291314,-0.00153292750751177,0.0363912818351204,-0.0059069115360824,0.0760651420274213,0.0292110117252489,-0.0132805891147096,0.0482317751409045,0.0366385894733871,0.00841837498889982,0.038678154906762,0.0394774081997155,0.014700469397155,-0.0327790716433601,0.00665887225150919,0.0460675828966034,-0.0175596090548463,0.00284898054386809,-0.0248345016364844,0.0233918696702566,0.00011438906075974,0.00209884695135721,0.030782834906175,0.00344271920748349,-0.0390799685917156,-0.028811277805984,0.0203825596787612,-0.00701503862280168,0.000785083343942033,-0.00464995466154356,0.042064631366143,-0.0182482622930526,-0.0138505242341226,0.0322095870731702,0.00851991269677257,-0.0205070658836413,0.0184291437401951,-0.0132469876722234,-0.0392609091549224,-0.037254105988273,0.0310890281880365,0.0320607457672871,0.0306461630907846,-0.00185494848555785,0.0373270596297015,0.0170192979171654,-0.00140227114648323,-0.0275701718675381,-0.0468365698965666,-0.0036198798278272,-0.00460145288936618,-0.0331736477402847,-0.0341232391193909,0.0513099384634323,-0.0207667330818794,0.00578064492712759,0.0191851223147163,-0.0161061849369542,0.0540493990606286,0.0468666157298391,0.0182365896198766,-0.0267380500531329,-0.00528131951954245,0.0156563809754625,0.0127818877629448,0.0022051985567289,-0.0566475506530918,-0.0311646776345174,0.00556677438730858,-0.00625828572995934,0.0242830152159944,0.0289434902497018,-0.0284957599471174
"ERR3",0.0273166055042468,0.00967915197669702,-0.0238152913724913,-0.00881122965022957,-0.0263312047046457,0.018369747661916,-0.0313464895934457,-0.000149526510890232,0.0233191454001401,0.0160710548104823,0.0229991586890302,-0.000995555573282115,0.0063970600302043,0.0238883401977297,-0.0358629098017354,0.0231751061960593,-0.028223290487613,-0.00702042934990448,0.0343818012233432,-0.00598164456081779,0.0133127716284467,0.0502248742902535,-0.0472219361296909,0.011240420897309,0.00124984769541487,-0.0276367916822892,-0.0335809889969461,-0.0181858749627054,-0.032381354202281,-0.0275591225890071,-0.0108636439024632,-0.00833655458448968,-0.00275361329416865,-0.0582223818330652,0.0778144813155556,0.0212038096197221,0.036726693783458,-0.0170775335925304,-0.0151845138547545,-0.0542645505957268,-0.0110145037820792,0.0093901076525146,0.0130311709428617,0.0325568044460474,-0.02497735658344,0.0291450520443642,0.00248384476325557,-0.0109752038229636,0.00429964542650323,0.0404075138575801,-0.0121111953153324,-0.0221930649081697,-0.0209674218205301,0.000852188019561677,-0.0248250204518203,0.0148002119420044,-0.0496612692284579,-0.013785445680833,-0.0349278502439624,-0.0544725203228353,-0.0206969252403601,0.0151435091531085,-0.00877309128339024,-0.044501307180822,0.0275819676056926,-0.0175992262904271,0.0147956513115011,0.00627237885844101,-0.0338201356715762,0.0354522837763391,0.0876321219144867,0.0006171556959598,-0.0102879081907403,5.01125038987991e-05,-0.0279898939506385,-0.0126220785243465,-0.0221811896768183,-0.0521412295725147,-0.00987061704198029,-0.0223354105972109,0.0123156628050641,0.000666770385603235,0.00906574092194803,-0.00976372845391617,0.0662141474274279,0.00101850486222966,0.0163895292086113,-0.00320969174359135,-0.0238052173532317,-0.0502114854297894,-0.045477316156492
"ESR1",0.00324292498071959,-0.0158739579542404,-0.00172293856770538,0.0155685699712419,0.00160844023202501,-0.0285301643475039,-0.0138685332509517,-0.014262585782046,0.0103211961211539,0.0243466370241257,0.0021835988814216,-0.0277603523171065,-0.0196366056097275,0.0200205773344351,-0.0401297185317615,-0.0318524351973018,-0.0317529619677824,-0.0353441354308325,0.0289348666927331,-0.00671945039149672,-0.00242295669000864,0.0149273110068089,0.0195349357282281,-0.0400736098383554,-0.00902601351402814,0.0128883393630995,0.0137619118757216,0.000857769381097326,-0.0447209596706332,-0.0157145481390201,-0.0554942681418233,-0.024581646020636,0.0216545021331177,-0.00835596715942993,-0.0239310224903204,-0.00278171462281204,0.0131253200520612,0.00876986851869581,-0.0489366536889702,0.0220353750857314,0.0049740375992064,0.00791614069531425,-0.00102615863552278,0.0117425159858851,0.00230757644518332,0.0432452910345638,0.0156084165638106,-0.0308185163502861,0.00588304653324493,0.0178979197035824,-0.0328447009584784,0.00539939403762468,0.0472270229964911,0.0245869675996974,-0.010386765417379,0.00218863980980269,-0.00137998752686331,0.00721594397017812,-0.00448259547408603,0.0129495445728475,-0.00468501929460699,0.0271942065583196,0.0195338200880958,-0.00914991808210224,-0.0221120503810634,0.00584973107896019,-0.0654173205055718,0.00975604366989094,-0.0221865701424413,0.0293962844164708,0.01274698639773,-0.0360396619989534,0.0150126300500466,-0.00218606515915164,0.0353200439451247,-0.0310078535375219,-0.027960917144024,0.00330375043010851,0.00501510680225005,0.00320114929314114,-0.00616294812067827,0.0201195494362638,-0.00415953092849459,0.00744565795372897,0.030392751891023,-0.0069968054639424,-0.00943849571734444,-0.0108761519905217,-0.0133252189814297,0.0176036663396109,0.00835754348446852
"ESR2",-0.0117285680853853,-0.0075428906372341,0.00375517310431867,-0.00452445929533149,-0.0245767031723676,0.0118722627139268,0.0361478120649649,0.00492718799472234,-0.00466922646119151,-0.0128646583552524,-0.0213246239548742,-0.00244693813635647,0.000326076771882571,-0.0143885826790573,0.0372813149514944,0.00224801416772963,0.0335709162581235,0.0064665414083756,-0.0195166797456398,0.00281278263706228,-0.0100206500990535,-0.0275490363227229,0.00357460494573866,0.0358689027187838,-0.00309703265290062,0.00991217146636855,-0.00747509921429237,0.0130222374030726,0.00625115945430034,0.0443133952071837,0.0405455874561619,0.00263825676463345,-0.0138232674460302,0.021302515098262,-0.017302514759269,-0.00722166587802946,-0.0170543297094825,-0.0263696875393088,0.0157191553553384,0.0288119396743614,-0.0226378089168909,0.00849302455618388,0.0182198419615154,-0.0191541339100812,0.00724846597895029,-0.030572679614696,-0.0428357352144056,0.0186945600194464,-0.0141066636585405,-0.0293882131786443,0.0263107602907866,0.0158578625189611,-0.0153504685313653,-0.0145950974715594,-0.00624605752470897,-0.00729271474377052,0.0148237319457284,-0.00329955255055529,-0.00210306336329028,0.013445854224154,0.0010744435928272,0.00739500183098088,-0.018861386763997,0.0174224397083375,0.00514620852125728,-0.0143056114475447,0.059293651800115,-0.00896861104014147,0.0176945478917581,-0.0287050306786959,-0.00584959624547806,0.038958556947027,-0.0455273075267373,0.0023608733557571,-0.0113773149414218,0.029123143870169,-0.0109080416347191,-0.00532429419706117,-0.000906083602045279,0.00353496340118492,-0.00388114290096922,0.00154599427244435,0.000117335497948348,0.0103690909409262,-0.0208871940844792,-0.0219610120428356,0.0183640693592688,-0.0120787409590331,0.0137619760964901,-0.0106072026426359,-0.0119775362625005
"ETS1",0.0115364446699217,0.00528943626683987,0.0089315104576322,-0.00538420728230619,-0.0001486639109123,-0.0120780402833634,-0.0224345249772327,-0.0117290436972862,0.0111267041755633,-0.0139059366698621,-0.0249464935729873,-0.00742194077856699,-0.018319750516967,0.0162012529753733,0.00407424946729557,-0.0217807636013535,0.00840453277180529,0.0167697434780663,-0.0186042164117087,0.0309149192141177,0.0195920945372106,0.0179141172976514,-0.00133093111077112,2.60289001273574e-05,-0.0179396673733375,0.00821174954380997,0.00663139021331593,0.0112486073667578,0.0074530286611132,0.00683557056640665,0.0285197214679322,-0.0260145253212916,-0.0287882875061402,-0.00868509407232815,0.016147922278694,0.0101610607803525,-0.0294986453676832,-0.015524207985155,0.00389575320637271,0.0321592223848592,0.00301862751736538,-0.000652643423635366,0.00356624843879381,-0.0238064216951937,0.0125600705499464,0.0157358951178376,0.0285454138363053,0.00135936393549614,0.0320162867829613,0.0376683392488879,-0.0116197526567269,-0.0201274315250768,0.0174714730191815,-0.0108048716575858,0.00344980292968231,0.00450807379168152,0.00687429596520107,0.000542203640643722,0.0223545142774611,0.017153403443763,-0.011467374318628,-0.00494554670205882,-0.0186374251553199,0.027066609275206,0.0119601833234665,0.00456379606903131,0.0107055110581976,0.0394988655670938,0.0257048473981675,-0.00803074956546129,-0.000428082787450999,-0.00939186515172162,0.0085186103652062,0.0247287759306108,0.0229078884850593,-0.00999841544208915,0.0359055289499758,0.000177737017894303,-0.0156449045966659,0.0161321630367496,0.02921498489445,0.00512042069245597,-0.00976357699098256,0.00403028633236503,-0.00037882866380775,-0.0251162068991289,0.00697156735840926,0.0169436537060677,-0.0230455291203772,-0.0109608729545142,0.00795262376054342
"ETS2",-0.0208442528529413,-0.00267700781491825,0.00531351872296963,-9.31050600424914e-05,-2.52238248367769e-05,0.0214679745095587,0.00896625805781498,-0.00634386914502281,-0.0101317731852664,-0.00323683977528313,-0.00850724898362152,0.00518112020865864,-0.00211379673744241,0.0142355426146827,-0.0120714248021158,0.0100458382718413,-0.00235909805244445,0.00246978078397123,-0.010196349808765,-0.00130003511493353,-0.00409072706087327,0.0216100719976792,0.012252194814296,-0.00305926408231463,-0.00302479365673639,0.0110787525883493,-0.00422298318777815,-0.0237370159130141,-0.00155653751454974,-0.000767425556474016,0.00299436426569035,-0.022185350073696,0.00644852949917614,-0.000644754384496334,0.0200823124213318,-0.00133780449804508,0.0118591280384625,0.0201213319343177,0.0088520907486611,0.00137527068047069,0.00812138585177285,0.00834774805130985,-0.0035866467817453,-0.0058325323575899,0.00586971591230532,-0.00585804128613314,-0.0197591394477949,0.0121258101037526,-0.0192952775475454,-0.00263595502136121,0.00267596722128365,-0.00379593157262731,0.00112262455563288,-0.0162120695854646,0.00563496687182451,-0.00591124325307367,0.00646669047360587,0.00681434183002436,-0.00532392426930385,0.0154531473541848,-0.00368323904688168,-0.00160237086662482,0.0064012117935097,0.0149254678433162,0.00397449578691281,0.000735950522935673,0.0001515887154735,-0.0252220738295096,0.011064263149017,0.0262327207885645,0.00425131730643653,0.0116648619146853,-0.00228798770196601,-0.0117182861396991,-0.00511641724559049,0.0112138654490863,-0.0129559016125554,0.00331905133086647,0.0123847987508414,0.00160382846983137,-0.00940942997905203,-0.00433039496600249,0.0139815631273518,-0.00875559499407996,-0.00785978278711379,-0.0189766283726554,0.00378770530457704,-0.032739578092859,-0.00252348983627433,0.00970638439162326,0.00247219600088874
"ETV2",0.0082335783571635,0.0106259821176689,0.0174266310042619,0.0305608832214084,0.00673628273300229,-0.00788235696347899,0.00288360722971335,-0.000133383152897324,-0.00927830596225,-0.01607112725039,0.016047667368109,0.00348700748412519,0.00363994428547533,-0.00298706391407717,0.015631345773327,0.00960837773593892,-0.0028598252201724,-0.00698717390849087,0.00410573763105613,-0.0188842553553646,0.00541555121793982,0.0132479385675692,-0.0151037765142147,-0.00378546194705433,-0.0186854724693831,0.0119357319422105,0.0098838449728189,0.00169627249265606,0.0277782391840909,0.00771259017445013,-0.0316483122927583,0.0324104251318365,0.012971815129132,0.0082955798058204,0.00427998440842184,0.000440318900261256,-0.00267051506173844,-0.00472002742846836,-0.0130243066177841,-0.00733860004644825,-0.00861184171219222,-0.0134868404845571,0.00370149482867177,0.00253124936396354,0.00517812991683251,0.00195828987666704,0.00220595247317783,0.0230679869542453,-0.000825968735546035,0.0101646211301675,0.0266564777545431,0.000624932205876494,-0.00844463972647915,0.0116275045515845,0.00365372582270513,0.00485735367647893,0.0343908428437358,0.00209900330083095,0.00320269208062589,0.00762687713633333,0.0146265660249293,-0.0104302138792529,0.00781130361066874,0.00976910590028823,0.00699187747995848,-0.00769451351384128,-0.00292500849359792,0.00918243053968905,0.0162802239471278,-0.0160170946639357,-0.0106332201163619,0.0139789680299521,0.0106439470766329,0.00257865197245382,-0.00244637948326548,-0.0158250384063249,-0.00996972452851132,0.0046497654298901,-0.0250068942803363,-0.0135478413975262,-0.00807524917578659,-0.017459651417383,0.0199152353014676,-0.0147470064264938,0.00512676290562523,0.00368494288721102,-0.0124884307132587,-0.00869890117077723,0.0132800831605989,0.0141899637588239,-0.0109379060493013
"ETV4",0.0126709790668485,0.00562399232458823,-0.0183054087012246,-0.00405437746940912,-0.00965099257294897,0.00792068422260896,-0.00190751177052498,-0.0160508897000587,0.0215642853676777,0.000719100927110763,0.0099326866551001,-0.013175675699406,-0.0140269080887694,-0.012134964929116,-0.0103588497682773,-0.00215757448946859,-0.0107582404901859,-0.00874790422790771,-0.013361226048313,-0.014330168320201,-0.000118184240575374,-0.0187869645111539,-0.012319658170243,-0.00979493102329171,0.00247609208345096,-0.0100670376936643,0.00513173524955356,-0.00521637301782065,-0.00882971722242993,0.0291288226593607,-0.014213900988156,0.0136766922476733,0.0275739473429558,0.0110101820873511,-0.0222578833364264,0.0108712281463849,-0.0023071259707763,-0.0236105529406853,-0.0138729722506629,-0.0196283259856279,0.0181930946806866,-0.013895088292782,0.0143776019437139,0.00803987025768735,-0.00761512712106269,0.00834441931437256,-0.00759656505747402,-0.0245957616808011,-0.00791692472601815,-0.0120311302590116,-0.0305945911917626,0.000954059533498947,0.0207515112348836,-0.0100149679324858,0.00100009381759471,-0.0225166186232184,-0.000268594421875602,-0.0014890312702836,-0.0122187313863282,-0.0197907979809651,0.0108740296629054,0.0167769003156622,-0.00472701058355744,0.0161177507698831,-0.000222088219728309,-0.00764503994503617,0.00247883280020006,-0.00746408233426402,-0.0274329757861717,0.0015751816667247,0.0147145458081509,-0.00716066724930932,0.00451825440218555,0.0116195924230718,-0.00238564083712197,0.00825168825217632,0.00666225244500803,0.000339085533365991,-0.00665860668580933,-0.0158757762944716,0.00166915506149755,-0.0101117381737905,-0.00508360932513643,-0.0147651376911058,0.0109341087423197,-0.000942377230526978,-0.0173973355345869,-0.00484589643394809,0.00876141888694097,-0.0173605485426174,0.0212357383371744
"ETV5",0.00581911937451786,-0.00995656630173073,-0.00992299710138697,-0.0167623814416965,-0.00384898225778306,-0.0133380955581424,0.0106528396409033,0.019278020722645,-0.0138515606743357,0.00795024687322163,-0.00350767619164568,0.0107866440037562,-0.00341008058911358,-0.0233598604970759,0.00650348121429581,-0.0116430496805878,0.0118558388999657,-0.00637371526599793,-0.000833610541644155,-0.00075441932902665,-0.00838855270004005,-0.00231852808802597,0.0128605852921608,0.00392647831230534,-0.0122358251992609,0.0207924946624662,0.00488185194100462,-0.0235843708635573,0.0139111983160896,0.0167601614931186,-0.0020353687915985,-0.00929424671262845,-0.00925604081175328,-0.00220760697337191,0.0153993254574227,-0.0211680968002089,-0.00747927404017978,-0.000758359191986306,-9.59412657114193e-05,0.0113238096850081,-0.0226934129670524,0.0416474430738054,-0.0292979953534401,-0.00697807554101106,0.000666405045332641,-0.0164167094004913,0.0175963081219207,-0.0112801489255112,0.0117761395621578,-0.00964772155722934,-0.0238996353506674,0.0160009350996692,-0.0108365433341017,0.0046871205001683,0.00926861088134744,-0.00248653304710761,-0.000693849810905849,-0.0183143613704269,0.000568326584510847,0.017816506270882,-0.00225152457851179,0.0149116601027788,-0.0153428756214956,0.0148065692479429,-0.000504723646390984,0.0161763739977203,0.00599302112302741,0.0202776973155811,0.0303302284641288,-0.00453665536865357,0.00617463599678206,-0.0167684970577534,0.00311705213806531,-0.0131483869517945,-0.0360697788882674,-0.0176243243243222,-0.00627510563345391,-0.00148906226830342,0.00605470875135127,0.00800121444911603,0.00216704244725592,-0.00279551971215324,-0.0327607365615748,-0.000325666415806476,-0.000292807498508365,0.00857734714310289,-0.00286850372152873,0.000587250482684815,0.00198081312295307,-0.00296698828088875,-0.00210408098629995
"EVI1",0.0153386608561944,-0.0128923092114296,-0.00677255372700939,-0.0104181815833228,-0.0285113219216322,-0.0223431169962956,0.0445020491393753,-0.0117733207590462,0.00596706027573731,-0.000116533275505054,0.0293647571425834,0.0106579005255659,0.0313664880343193,-0.00337602689038963,-0.0473828590663822,-0.0296772133214826,0.00188687033151198,-0.0144171323778456,0.0139005480997947,0.0308132344143863,-0.0115260952404073,0.0147043050886212,-0.00598384530736856,0.00433943217161314,-0.0189811703211402,0.00181928216404445,-0.0100063150749014,0.00388249172056611,0.0208505110571815,-0.0290147901569534,-0.0218669236394081,0.00807379077624148,0.0112587111831606,0.0176556608493975,0.001076028151337,0.0141872512879216,0.0205336632230206,-0.0120956449356946,0.00861417077656315,-0.00749692679423284,-0.0176595693271413,0.011032302698394,-0.000270956640178254,-0.0407339273793176,0.0260779939181194,-0.00291679881238249,-0.0169935956140667,-0.0228680864975588,-0.0106259789581028,0.0138360155795887,0.0357874727505511,0.0155442515937839,-0.00939507134389988,0.0214316555977901,-0.00536977355067728,0.0117384773838198,-0.016960744821937,-0.0201681946159479,0.0255181837005059,0.0410238905772389,0.0131593937310461,-0.001123313991019,-0.00417504068321377,-0.00197352762086877,-0.000782726576155398,-0.0132505606123525,-0.00638610432339944,-0.0374233376368876,0.0199427742788853,0.0139104279649183,-0.0148665840659061,-0.0210217693505088,0.00221575369689668,0.00737069906253098,0.0289997689354067,-0.019833308032159,0.0283735994283738,0.0207176229948787,0.0162521599919431,-0.0292316968012536,-0.0220897182740168,0.026209637820971,0.0597059876403333,0.00457288228164006,0.036320626000799,-9.05189505384453e-05,0.0063760962746744,-0.0198663476456122,0.0380964716308644,-0.00984062251238994,0.00829953399318831
"FEV",-0.0348264428581216,0.00296171385207731,-0.0248906307976165,0.0170919024644995,0.0264618458231877,0.00381167570071852,0.0309030888249127,0.00552955968595762,-0.0119305309976785,-0.00418158050194756,-0.0213201331278959,0.0188208993737797,-0.0113262114766153,0.0115520162291525,-0.00941210640188221,-0.0109513503781124,0.00812406339337177,-0.00505253013699173,-0.0147733437892828,-0.0140122501507925,-0.000460740905895325,-0.0102444109334045,0.0164305100935669,-0.00495678953798086,0.00026595452682232,0.0120385019333082,-0.00311590980255272,0.020440803505698,-0.00113685633798094,-0.0116024257795282,-0.00895662199401296,0.0201166437370422,0.00718750841570083,0.00852325949448799,-0.00856977614857846,0.0151662742478179,0.015170836047468,-0.0172079344778575,0.000709263051985654,-0.00938807843543311,0.0136142908711195,-0.00374601717795712,0.012633546401405,-0.00291163032062302,-0.000924340032122743,-0.0202845747589635,-0.0245148954948714,-0.00110416964134324,0.00840176051526721,-0.00267760270279772,0.00737540022610881,0.0123166193031301,-0.00236456265028365,0.00554137794805868,-0.000656014941097337,-0.00367622298250093,0.0274616885463782,0.00473808889618185,0.0144200099612143,0.00399999738640651,-0.0053847619596823,0.0119152265017548,-0.00407627722474993,-0.000607878723850445,-0.00721001734357692,-0.00066048955733757,0.0295721121958159,-0.0174379373170472,-0.00119725628365429,0.00796051893744147,-0.0228356701569687,0.00375131878457133,0.0130316526917,-0.018426713367085,-0.007939079702804,-0.0337476743544518,-0.0219716856008069,-0.0196639832733789,-0.0208051515022369,-0.00379910278497602,0.0143471691967104,-0.00315246491763901,-0.00685320456640174,0.00537154802455501,0.0122269109388857,0.0105617337939732,0.0140818415978946,0.0120161556863858,-0.017223136253689,0.0250439307391613,0.000319140508468151
"FEZF1",-0.00694892211403205,-0.0174232413306882,0.00487351010886207,-0.0295111164260992,0.000239577043031686,-0.0314739517580219,0.00768819563934736,-0.0127948907896822,0.00150324761071901,-0.0150764645637984,-0.0156617132943929,-0.0117754871903699,-0.00175373434458932,0.00224076323742905,0.0174057950442407,-0.0144609674868225,-0.0170348489619421,-0.0115139559047361,0.0343913846083224,-0.00253692585466924,0.0137516511323383,0.00231385784795986,-0.0160796140089582,-0.00968958409164977,0.0126421391067889,-0.0122666588824901,-0.00289569579332084,-0.0104836505063302,-0.0224257901141698,-0.0116577292172041,0.0133433374592329,0.0394887164188585,0.0351697502766647,0.0298621962666748,-0.00584013529802158,-0.0237759658442347,0.00813395628215003,0.00335028926805145,-0.0294394191129134,0.00192993552088463,0.0482206981156887,0.0219595219041849,0.00712179712018726,0.00522153439054396,0.00538328374923733,0.0171309943568082,-0.0119750581021477,-0.00497351121594948,0.0159991405565235,0.00845945582619438,-0.0127464963352359,-0.0237129139088145,-0.020132437849283,0.0115972011141225,-0.0028155003018508,0.00359240355660538,0.00366399640229095,0.0119180540871397,0.0149502582053548,-0.0176627901828321,-0.0131112971826427,-0.0283889506245586,-0.0158705480003201,0.00817829696374834,0.00576491582207367,-0.00532709479007685,-0.00200904197177333,-0.0162212592571412,-0.0136433466881519,-0.013135646777863,0.0238468280994954,0.00337521284192702,0.0104330099659419,-0.0267671945711524,0.00362938405562376,-0.0105988223702705,0.0119580424613732,-0.00665261824391796,0.00890891999272695,-0.0231241596812119,-0.00148604147415701,-0.00383809871160556,0.00439145651261893,0.0051735546509236,-0.0176813444452944,0.00581312902486398,-0.00915447219283179,-0.00585138169847347,-0.000810221891924254,0.0197865819145586,0.0147308411322746
"FLI1",0.00857888254393329,0.0166120694472702,0.00211790244667784,0.00492096841805451,0.00522640934353654,-0.0037941876435123,-0.00474026205132397,-0.0032822174647163,0.0030201586916658,0.0129499585027588,0.0122740181519632,3.54614194082983e-05,-0.00106158467419763,0.00591496295480846,0.00300165342534907,-0.0218440372600038,0.000972441784722058,0.0124901608323732,0.00198212371856512,0.000568623325776054,-0.0107013302260915,-0.00659707807443478,-0.0100373999029079,-0.0108746073393253,-0.00784330735633865,-0.0181928900393333,0.0112937434539264,0.0144925779378915,-0.00363396142701329,0.0187079176666851,-0.0163936884177748,0.0174635077988165,-0.00663274116144076,-0.00217633013546691,-0.0235247317730681,-0.0115672421755448,-0.00489645431574715,-0.00905818427191968,-0.00251618420814815,0.0246254268393155,-0.0101846458001787,-0.0177185344392256,0.0102000227018559,0.00213089284142156,-0.0191507040590945,-0.00360821066914516,0.00395345760059986,-0.00948584782918617,-0.0218115022106474,-0.0083146172891374,0.0101411587769612,0.000341874258599249,7.38590344476839e-05,-0.0134872907336866,-0.0036015762745496,0.0151057466398468,-0.00888364968211257,-0.000714943971360096,0.00511591420255026,-0.0140772096259169,-0.00529773565989076,-0.00528685014337239,0.00383861853989933,-0.0311246230213665,-0.00505187610995171,-0.0159300928988529,-0.00349892805395698,-0.0135737403924856,-0.0045651141503,-0.0146755988340463,-0.00103713333744258,-0.00979771420748585,-0.0102335718318787,-0.00732255247786113,-0.000158285407113814,0.00199454410198341,0.00372511030602949,-0.00452785777036824,0.00738705834654638,-0.00209177369918949,-0.014600595832066,0.0175427860381711,0.0116751614997214,-0.000216447922852132,-0.0129460142630398,-0.00714617301001697,-0.00369960210933692,-0.00934929695424604,-0.00691907346450188,-0.00589512832573299,-0.0101181230420282
"FOXC1",-0.0148817548502711,-0.00159855683604717,0.0188664392522409,0.0230507009092396,-0.0125047294798222,0.0172249758137253,0.00418944074901371,0.0426638062467108,-0.0215411002956147,0.0145550028667602,-0.00230497573862924,-0.0200033205467273,0.0078533559730344,-0.00752805349912366,0.013188666025018,0.0465759906320215,0.0143090814373578,0.0250669018824848,0.023005914634424,-0.00325543286440285,-0.00694597319365599,-0.00884059470374865,0.0188418245582754,0.0283488731868886,0.0371664699679943,-0.0393699261694177,-0.00688242671775582,0.0150271191588389,0.0363523004188175,0.0475255746034932,-0.0293546188103006,0.0104498518608494,0.0101680444311717,0.0308344736585404,0.028328416327029,0.00158359851990284,0.00662082803705848,-0.0141813840912271,0.0178379449069067,0.0289010664021196,0.0163515894456555,-0.000695690818452774,0.0102915339143601,0.0230839170609007,0.0171209385454903,-0.00592051938265622,0.00562462564755519,-0.0222398619225336,0.00176843027209916,0.046799943894972,0.000428648184090012,-0.0156174752121714,0.0304530681787436,0.0141791929819384,0.00141621637436625,-0.0201309809482179,0.00995626657048362,0.0153291069017669,-0.0104574341262501,0.017126024890547,-0.00857329536075599,0.0270432873471899,0.010346724707629,-1.51301930308565e-05,-0.00978438233949518,-0.0147632417258378,0.0114557854963796,0.026187035887753,0.0275962643036154,-0.0161181449174073,-0.0143614147585368,-0.0228195321618647,-0.0144141366784112,0.0200280489660387,0.0228982497148371,-0.000338026510352518,-0.039178878327248,0.00941608829040814,-0.0118311268832843,0.0111305090757165,-0.00981289762432903,-0.0126384078507554,0.0149352428314017,-0.000421220279541398,0.0314240428365213,-0.00230805501672701,-0.0370781013837971,0.00551674083631785,0.0228642135203166,-0.0283570286136269,-0.00109498849991545
"FOXH1",0.0120600471020039,0.0137150155758434,-0.00915100634339288,-0.0245362573600187,0.042534454548343,-0.0145235812784443,-0.0124529563488983,0.0256152054445907,-0.0122939494971743,-0.0132496265554501,0.0019791508792119,0.00331924793981071,-0.0328928184292823,-0.00373037310242917,-0.0108424184962332,0.0152702210649552,0.0226316817590548,0.0141614920642154,0.0201037992908377,-0.0203358586348053,-0.0190196444996307,0.00685830948285382,-0.0101475182258083,-0.0159415788431977,-0.00728280330160471,-0.0458836829788452,-0.00398043567247305,0.00896203234548694,0.0056448514981729,0.00422213118407206,0.00495000803049315,-0.0326409999010882,-0.0252188274505137,-0.0260974384011106,-0.0402643991641282,0.00312462989076801,0.0356736463973602,-0.0154376966455036,0.00671738316231786,-0.0311743651620952,-0.0258584896657155,0.0100972757056376,0.0156516211063646,0.0114371205617337,0.0241911648258682,-0.0219614732551734,0.00562255251637489,0.0125678038716879,-0.0170933215592074,-0.00771996612030214,0.0147400060356322,0.0185237808542602,0.0142997625950985,-0.0156899371001941,0.00884246323935949,0.00804474298522243,0.00634930974520383,-0.0175379953473954,-0.00144479935370033,-0.015099094001077,0.0181027248715711,-0.0165073304377416,-0.022819944396343,0.0304458850845715,-0.00593411116809352,0.00890564177032727,-0.0118442728265451,0.00246202544092231,0.0107266660574389,-0.0146663934858497,0.00902645212582499,0.00743240838176048,0.00777988055508466,-0.000734867717518247,-0.00248212853148813,0.0213728528527175,-0.0226354272344484,0.0119980121061156,-0.0285377588702577,0.011843253814565,-0.00914419387292863,-0.0435367969321214,-0.00620462468873523,0.0079781566572615,-0.0124840930160108,-0.0184138558661787,-0.00614573227691599,0.0100264996102684,-0.010812104165499,0.010521568048588,-0.016336835571991
"FOXI1",0.0287785812336427,-0.0139281824180911,0.0055068737947668,-0.00752073320306484,-0.00262773018652168,-0.00923578848508053,0.0106463044184468,-0.0181096082555177,0.000148231650191984,-0.0173539389837223,0.0120609033636309,-0.00181623282339244,0.0273812506693013,-0.04058609054406,0.0345726707604041,0.0103617705954056,-0.00669065578678141,-0.0339219812564633,-0.0246124629147948,0.0190054156662768,-0.00322116178450191,-0.0122069327774458,0.016647500678128,0.00967061877137253,5.08890870712397e-05,0.0171379634561774,0.0215038414363877,-0.0156916752992058,-0.031399859015394,0.0179603970755321,0.00831587506401247,0.000276892257815279,0.00184218812966635,-0.0345960357344629,0.0335150386385131,-0.00659016380299973,-0.0300920751777021,-0.00533930855586909,0.0119694659986409,-0.00341703805984334,-0.0213201100045558,0.0100144407599122,-0.02881879863236,0.0181248572609547,0.000147957043684784,0.0506914962499822,-0.0219124340572845,-0.000691729377222006,-0.0136326451703406,0.00415527144064187,-0.0133310614455715,-0.00981815183540952,0.0144502556720322,0.0251284995387103,-0.0432602884677777,0.0190104436297011,0.0281535071756819,0.014962655991117,0.0155095341648729,-0.0335205829804787,0.00364628253644873,0.00691119379796781,-0.00662993412022065,-0.00400280709821433,0.0358904369480751,-0.00224075444526217,-0.0137999602764378,0.0782701096172952,-0.00698907000673341,0.0249810008307931,-0.00540912117987247,-0.0257028374124569,-0.00557121213386606,0.0357908757672582,0.0163919124791889,0.0574950727569889,-0.000174972253288266,-0.00536109535993104,-0.020541882238585,-0.00496418171054086,-0.0161245335131157,0.0142482361504976,-0.0128631405776732,-0.0355836703836463,-0.0137947773310612,0.0439869575764127,0.0202599723067999,0.0222585005272026,-0.019461025596434,0.0071372936014862,0.0130915023214806
"FOXJ2",0.0144456490114824,-0.0020673965355892,0.0133165656993296,0.00233614798966542,0.00402355749091633,-0.00224164270573895,-0.00159592517231678,-0.0148124330017403,0.0136575031550842,-0.0347151261198082,-0.00138592219406489,0.00747291177047827,-0.0116262541098902,0.0276591487775161,0.0111257411678961,-0.013454751343752,0.00513783614104112,-0.00473685071643259,0.00783762966690568,-0.0130667189742184,0.00415306338498862,0.00163691413134134,-0.000346113540387978,0.000141584155855087,-0.0237268279262452,0.00100937897255714,-0.00867759300228059,-0.00872313636050429,-0.0195664541679319,0.00638475453946497,0.00792354314268063,-0.000515307901461402,-0.00384672097889269,-0.00349301169130624,-0.0218875042538856,0.00370923139100831,0.0218979510926693,0.0124676004137769,0.00947946155540376,0.0139164054798431,0.00397586478328516,-0.00819668757017667,-0.000933072655945212,-0.00446458696952192,0.00173017009101435,0.0028975134973905,0.0217489017839229,-0.00572741693384258,0.00996576580088315,-0.00697963598789198,-0.00645412840719246,-0.00479018542159831,-0.0203491458347903,0.0149077256886384,-0.0130953956440615,0.0240906269038086,-0.00287370952865249,-0.0108211458400552,-0.00319377027395108,0.0336666906046126,-0.000872028412106123,-0.0169757788939992,0.0252737461334542,-0.00547898671372441,0.0211303599681255,-0.00626017637744046,-0.0211662306117595,-0.0278344461374731,0.00571536669271319,0.00480742393750992,0.00755405175095741,0.014018267308495,-0.00183704980412943,-0.00412306929783033,-0.00704752424399889,0.00366073363924167,0.00918974267226982,0.000984781185479685,0.017090053850261,-0.00818306757133182,-0.00677787479592802,-0.0207966289260073,0.00333835744335711,0.030750156190132,-0.00707802636156168,0.00842345661385835,-0.00317523894481274,0.0065702933050146,-0.00525333876403122,0.0166937400568979,-0.0194516142431055
"FOXJ3",0.00834742101742085,-0.00750214302969403,0.0111538979022182,0.0182510726076111,-0.00252946745372952,0.0132334365976129,-0.01957403527507,-0.00927129211252371,-0.00805725477347696,0.0114991221547189,-0.00613676814897241,0.0278332536588798,0.000927087040613505,-0.0227764576105814,0.0121739352902016,0.0110823396782508,-0.0101982762776868,-0.000733958054830575,-0.00630858586808463,0.0119781414058921,-0.0210497294812774,0.0195117100257948,-0.00313408380505832,-0.0156489416074778,0.00861656556355535,0.0187258441554792,0.00561724008471377,-0.000164680534510836,0.0180024774188912,-0.0151124746410897,-0.00124394581751855,-0.0206858404978448,-0.0083763909448814,0.0129077588136314,0.000338337539464161,-0.000567893299138304,-0.000385896661695768,0.0111811051996413,-0.0161062065416961,-0.0123433122971678,0.0122029154269839,-0.017237593087262,-0.0294764310352339,-0.0035574237364796,-0.0119485619883116,0.00794817707196784,0.00570771866256652,-0.0161558607077608,-0.0129677043209057,0.00715390136560405,0.00313968728967783,0.000505827089683142,-0.0266655071823455,0.00941602874654121,-0.0168039311893676,0.0117378887596832,-0.0293039991543096,-0.00170778347120971,-0.0143133526343514,-0.0146639234287405,-0.00477452122369817,0.00811695295016615,-0.00617944297683426,-0.00810450521513432,-0.0104694132506203,-0.0293758894158537,0.0127193960013752,0.0028232342503133,0.000403784403530005,-0.0235997983890151,-0.00998806964634756,-0.0213644593733347,0.00651552897720993,0.00262357554865889,0.00173146393919073,0.0066077923988026,0.00845930120411782,-0.0149099513218737,-0.00478527410653902,0.0106001511565703,-0.00990713122051762,-0.0102338429380601,0.00468557167482351,-0.0113604330655084,0.0101451345690439,-0.0200261155944028,-0.00457498574388983,0.00722053186522176,-0.0317507401975359,-0.0306946407797635,-0.01978449897691
"FOXK1",-0.0211304558442888,-0.0214099028754531,0.00456867575810246,0.0173690284856025,0.00128214261002784,-0.035826689637648,0.00484444879569072,0.00820613386181012,0.0104106245897706,-0.0126728085702463,0.00773583816811345,-0.00409656699630276,0.00688246585731165,-0.0190198707192508,-0.000751549610630687,0.0188558867487997,0.0144817695666636,0.0136672603645444,0.00999526438482286,-0.00810401321818412,0.0079309490964825,0.0188673548892263,0.00825020796332381,0.00456404478039242,-0.0045695922996997,0.0189492692379873,0.00705978365943988,0.00808870258846808,0.00274811012421632,0.0140033538948165,0.0177909549486439,-0.0244174059541084,-0.0120968505163991,0.0316031164768883,-0.0112957407909821,0.0376132591789927,0.0143401078366454,-0.00498265497318419,-0.024997104437972,0.0108008158389723,-0.00780722752493777,0.0195152561898224,-0.000178409396756,0.0277321872694259,0.000741996192337664,0.0156214399210858,0.00287959274858574,0.00222026415672676,-0.00862841793414125,-0.00551390274759754,-0.0041961352756979,0.00753436591445554,-0.00870558693887431,0.0126410477287573,-0.00527784237472006,-0.0103084554195819,-0.000126217459094031,-0.0117524174056398,0.004301838647168,-0.00340414360281214,-0.00849058542988484,-0.0163695787007698,-0.0128777618250168,-0.000930330657187818,0.0352378923772526,0.0118321448881059,-0.0318100023512387,0.0453959037501118,-0.022544395769107,-0.0186997942622076,0.00158265686592152,0.0127850793218802,0.000738982032052988,0.00929005791205379,0.0112245204703727,-0.0045810122908721,0.00123854421936337,-0.00778032149166202,-0.0021218293612844,0.0189373001132063,-0.0412300664708999,0.00380527127965638,-0.0475370734328335,0.0357867512729032,-0.00249613206466075,-0.00264832433548584,0.0149371266780581,0.0121585893119651,-0.00862767403926062,0.0129729612934418,-0.00210963780680988
"FOXO1",0.0212860422876152,-0.00996221385645842,0.0359806632793466,0.0105572393207103,0.0124716929024285,0.0117552873850557,-0.0224977514250233,0.0032588214866091,0.0228213914120446,0.0296953435449706,0.014416016050506,0.0120395570353696,0.00753097013844446,0.00301404638426183,-0.00871815401833415,0.00166731876358991,0.0134963103753902,-0.00319030666540493,-0.000668705786677986,-0.0173605855600081,-0.0208953274221037,-0.0156991642136877,-0.0216568575797143,0.00134901158536695,0.0019558576844463,0.00825999154427476,-0.020386812089672,-0.0123786808001045,0.00683606893881952,-0.00837073850060579,0.0165366266585427,-5.4051647077511e-05,0.0222408835877266,0.000456633566968405,0.0199054201190198,0.0164637969358324,-0.0211291963212005,0.0101705026851014,-0.0116201422412151,-0.0388637249820938,-0.0231810717917297,0.0124744978802444,-0.00920490970506185,-0.00135050826538753,-0.00642043670213499,-0.0196560400265697,0.00910956032231198,-0.0159780960370686,0.0152453900489914,-0.0214997232575821,0.000161790434149924,-0.0305678928678705,-0.0238398807405282,-0.00575374638526023,-0.0211775506761159,-0.00656324188205996,-0.0100237248185952,-0.00177873887069317,0.0163084366145398,-0.037160146949147,-0.000977480883987167,-0.016394825328937,-0.00945698330638737,-0.00761971149960986,-0.0017486061293454,-0.0336687752218753,0.00654687354203951,-0.00168541451104833,-0.00590314867104584,-0.000700108262606502,-0.00853772654616406,-0.00310585328381099,-0.0151835522568943,-0.00639852026454703,-0.0128619955495784,0.030066842112959,0.0231805659587319,-0.0163086884240151,0.00869810172128413,-0.0284640724169775,0.0155021948663386,0.0127828462969819,-0.000199838712857365,-0.0139932495148117,-0.00925907294186889,-0.016313303169545,0.0145250503045086,-0.0114949742115162,-0.0072651413691838,-0.0194640253093024,-0.0189690172037768
"FOXO4",-0.0260779451544062,0.00975520968114031,-0.0168471144064301,-0.00154263310303572,-0.0127583967776532,-0.00252990924704711,0.0153982447042723,-0.0010909057597906,-0.0192248126436316,-0.0229752199837941,0.0245840259328388,0.000576663214225087,-0.031555557524178,0.016574815441961,0.0304482456150326,-0.00651752085247797,0.0114808620774777,-0.0118778162726592,-0.00272129096664771,0.0208307776764106,0.0170278533874249,0.00251335868825779,0.00622754158007587,-0.026664104589138,-0.00337646913108672,-0.00222747412255828,0.00316706496236462,0.00541273249630602,-0.0099187047380084,-0.0150637476029479,0.0267015202470433,-0.0238779395178081,0.0041438257817497,0.017811289239329,0.00554570623646991,-0.0014016526438892,-0.0410718861505675,-0.0212829473868882,0.0138028490257412,-0.00693884557740467,-0.0111577506929196,0.0209751143479221,-0.0311493966290842,-0.0110302311164011,0.00118782633868655,-0.0235702067203744,-0.0208140276874691,0.0173579877243203,-0.00784649264386997,-0.0275505585342903,-0.0196592063771131,-0.0317092230294861,-0.020948601387348,0.000587120576063056,0.00450112091650197,-0.032046337227468,-0.0045294987568793,-0.00863657656955806,0.0185923395699901,0.0527755706046156,0.0179305652060764,-0.0170322515888917,-0.00909586014949343,0.00828035008899962,-0.0105767588683852,0.00749680538399372,0.00227391371303074,0.0175545174160353,-0.0285356855147397,0.00608957882492317,-0.0103851169744448,-0.000101320886924918,-0.00354512120964224,-0.00228829683442711,-0.00200884395708169,0.0131615742777461,0.00298295891250996,-0.0110861857256627,-0.0110530204091515,-0.00499941362415427,-0.00936892028605389,0.0100438430427633,-0.00270998022340498,-0.0150475534391762,0.00762388915118556,-0.00504109748674358,0.0120758189745449,-0.00894898112855686,-0.0123827796842059,0.0239511218032749,0.0379125662791713
"FOXP1",0.0103452458280452,-0.0159101959327875,-0.0116711438485449,-0.0184848398394449,0.00662786743092821,-0.0237920903596553,0.0184808474022123,-0.00340783609640156,-0.0078136264849464,0.0276477945879816,-0.0462640818701786,-0.00461500910341106,0.0280822707845467,-0.0104167733847871,-0.0148284140510307,0.00279908520817487,-0.00578098184573584,-0.00626477142810792,0.0207485249178502,0.0352327085736116,-0.010307540687976,0.000840923085691782,-0.0107330231287561,0.0241541767611295,0.0164956493686864,0.00872558696495071,0.00679233426068751,0.00700373611511542,0.018720376780141,-0.050701844441441,-0.00832158660822107,0.00766765342641828,-0.0196887771751152,0.00750222437544086,-0.0023741087806599,0.0263720356775917,0.000348895380323773,-0.00984739318919164,0.0023356817626026,0.0170807061727255,0.00141766464691434,-0.0137740029138859,0.0132131042126029,0.00235677740494298,0.0043841966238883,-0.00516170213843458,-0.00330148242746384,-0.00100493304303233,0.00694932963257833,0.011286441809534,0.00671011600003071,0.0086851699061588,0.00320084293050995,-0.000652156329384305,-0.00840579472959309,0.0232729921047143,-0.00517001237037582,0.0192841500410818,0.0203786141695176,-0.00987843114595232,0.0123441390693841,0.00346351781023898,-0.0115610463155824,-0.00781930017358906,0.0110420728258911,-0.00954957927763326,-0.0219615542953152,-0.01843292657616,0.0191658825632365,0.022535530032239,-0.00360592266646635,-0.00148700455612846,0.0190901410132669,-0.0223741671483952,0.00933940529626381,-0.0142245467827207,-0.0077122227027348,-0.00231533189398246,-0.0132049058051549,-0.0118762286606103,0.00334242368762139,-0.010249093764221,0.00921181078375835,0.020757445764691,-0.00930289832007962,0.0015814679124577,0.004376339633011,0.00710450113071469,0.0133123738237769,-0.0181132055003271,0.0282154831439544
"FOXQ1",0.023668465536357,0.00155860178533228,0.00151874428060147,0.0142487142655508,0.0154296784799844,0.0299581546883404,0.00504214851335703,-0.00635235998665067,0.000149846872908017,0.0237051963336783,-0.0047899071526276,0.00532389656137407,0.0225616216804232,-0.0271069457475194,-0.02767317134592,-0.0013174141363313,0.00212738236283928,0.00645621938814249,-0.0218106094376138,-0.0170705591904907,0.0142194265261454,0.00346538445222116,0.015275001087538,0.00251267954562578,-0.00979777868513359,0.0107914768485049,-0.00168603234454928,0.0158048513517861,-0.0124275240439007,-0.00451965571186952,0.00356660235778923,0.0333011959592618,0.0152294193862551,-0.00362253943493875,0.0165435368310996,0.0232083950337236,0.00630708419362431,-0.0103962271104785,-0.0223785655024738,-0.0190325179380639,-0.0109846155708261,-0.0003193160814584,-0.0273665118603907,-0.0152746728834174,0.0141876760525635,0.00133810011672483,0.00313891563523701,0.0117171412963344,-0.00148844263016503,-0.0217352786858709,0.0236265139139673,0.0381161061663463,-0.000509178320995173,0.00173894587386701,-0.0219217786391264,-0.00420990163409439,0.0189936618018213,0.0221935970829013,-0.010610335584296,0.000594281461818745,0.00260250346724912,0.0196168948523561,0.0102736400343238,0.00248580440275887,-0.0116706031601965,-0.0126164575369898,-0.000868351035071753,0.0128770603005265,-0.0156594331889976,0.00742418367485031,0.0165031855568362,-0.00470369445907261,0.000318035945581536,-0.0121856292670566,-0.0335136692893763,-0.00850800404569992,-0.0175269830101322,0.00277191232191374,0.00989349812463,0.0232784790713856,0.0031252192784677,-0.0158494302084071,0.00225015460984956,-0.0187515052763745,0.00598167083286499,0.0101393741091592,0.00321104256085054,-0.00883312993296934,0.0153003053855014,-0.001504531963968,-0.0147364640759638
"GATA3",-0.00477373525931,-0.00752968057955977,0.018388990317602,-0.0198443635072013,-0.00268736135218562,-0.0284520079864416,0.0556924582693082,0.00798909384792441,0.00222370605723365,0.0114995096129947,-0.0186467787001541,0.028765775995809,0.00216054455378579,-0.0228535912570003,0.0344319016739714,-0.0119558661041855,-0.00816922619216603,2.72855838219006e-05,-0.0013946769232961,0.0079895159089593,-0.0147904314766083,0.00349799348903218,-0.00724806186356197,0.0015969076203385,0.021971281876106,-0.0034859319015588,0.00502265684863338,0.0021093756297751,-0.00303480389706744,-0.0138282297636292,0.0212806646687978,0.00162688940393232,0.000155547921462286,-0.0302878342681736,-0.0161158393493005,0.00775732202207775,-0.00138918519310289,-0.00758074664053858,1.17701632143454e-05,-0.0425443245629068,-0.0133856581831502,0.0399437446025637,0.0205566288893901,-0.0212010053256891,-0.0231482473511483,0.018430437199719,0.0129892139457231,-0.0385536995213766,-0.0121206292822303,-0.0204735109589126,-0.000193716144201808,-0.00367736566813652,-0.0245960914596711,-0.0139768496256927,-0.00853876335526987,-0.0129786935318713,0.00181870602461155,0.00947184900240999,-0.00928814137823069,-0.0273959317981702,-0.0240372253025662,-0.00345405882968416,0.00612654251270554,-0.0234418995319944,-0.00877543208842247,0.000656238779774017,-0.0150568609991099,-0.0181839210174018,-0.0348615259443819,-0.0206884933226815,0.00668269058462012,0.00861655041143411,0.015711124582241,0.00401331768486097,-0.0186116379264219,-0.0106249165964189,-0.0128886903864027,0.00493926649833346,-0.00552818468910874,0.0321282920614414,0.0114030948399391,0.00100279025665675,-0.0068404032182454,-0.00234806638629815,0.011216681649208,0.00613532893315615,0.0187852197772414,0.0105239777125141,-0.0340938144303588,0.00796102604569438,-0.017297019354846
"NR3C1",0.0150022720743993,0.0132051380144471,-0.0238214526969786,-0.00942217964482945,-0.0119004859967606,-0.0299424565782816,-0.052153707152594,-0.00854169983641439,-0.0257615806647166,-0.010414535284555,0.0104015945089402,0.0164659647504103,0.0260939071126905,-0.00514012240203372,-0.00435342841579347,0.0209979220011396,0.00322792256610719,0.0334152641878466,0.0449918660476172,0.0288739345766056,0.013426943843236,-0.0213222894897928,0.0138549294018113,0.022400437139682,-0.00454123802452544,0.0253299470154456,-0.0123598191437985,-0.0115777715439871,-0.0124194494604852,-0.0601697267864757,0.00774046140080508,0.0151188924548828,0.0231165350246825,-0.00359933016731394,0.0179801327394567,0.00489851055599571,-0.0183366765871827,-0.0136436459495183,-0.0297052070276151,0.000699410868122292,-0.0100885059194628,0.0203456649956552,-0.0220402037396774,0.0166491382241012,0.0449514764500871,-0.0194282916372852,-0.0166710627410163,0.023026859612851,-0.00220210427073411,0.0272800835520007,-0.0344653377537138,-0.00510122066202107,0.00720463811841104,0.0119578060257158,-0.0173458983315024,0.0200492020002805,-0.0318636338540168,0.00301318705906901,-0.0117684248036954,-9.19965070835234e-05,-0.0221501717613678,-0.012604390005603,-0.0659130254106263,0.00679909253850828,-0.0290074630220919,-0.0236792474152212,-0.0277427272968054,-0.0144462180808082,-0.0322877477623965,-0.0131568277062114,0.0272677132939805,0.0193991983815445,-0.0453602479814812,0.00781365116656051,-0.0212946764993547,0.00308520113251238,0.00723277517322176,-0.00490194059684924,-0.0283901511810288,-0.0293972128753693,-0.0202804048968756,-0.0169242559008235,0.0233789143608378,-0.0151284447112361,-0.00053087022939321,-0.0487596520609651,-0.0340896548961972,-0.0278564106028233,-0.0272884339243311,-0.00259639011371448,0.0241021278302196
"GFI1B",-0.0116583411182281,-0.024191875692882,0.00597402394797348,0.0137952480264192,0.0168995515297426,-0.0438103739383612,0.00602896959321899,-0.00542683079577053,0.00800243531484579,0.0251905060595928,0.000152959038659059,-0.00703703126579133,0.000266223820541401,0.0368210152728499,-0.0291357080522575,-0.0331581228767147,-0.014866488480881,0.0199901886209515,-0.00232398341221324,-0.000344657677797461,-0.0126388577907047,0.00765383005282821,0.0094890454779755,-0.00169056598402507,-0.00469042115803394,0.00595953356097446,-0.0392180161394565,0.0262716094928285,0.0419569485156048,-0.00434898720891188,0.00171924343930093,0.00877942799386178,-0.0139465768002879,0.0024481564712566,0.00117648604807429,0.0090646188718632,-0.00470516199819385,-0.00300084322081148,-0.0468076170512182,0.000785996007852806,0.0511880158706002,-0.00995864684504038,0.00879286182405627,0.00376300110582831,0.039425973430045,-0.0185096627264254,0.0458874860635938,0.00287055972962,0.0417272429905003,-0.0150412230106504,0.0227832044144144,-0.00437530890546486,0.0162241992559116,0.00438328775683079,0.013636775258281,0.0360288640369169,0.0736868868227995,-0.00171439307605272,0.0295497459854926,-0.033724853984912,0.0131469707512972,0.0190996468924125,0.00483785799665476,0.00082475904239166,0.00446830563439894,0.00558369017837874,-0.0340393945733131,-0.0194324706667624,-0.00624377352652557,-0.0126039591287688,-0.0110718687178717,-0.0245685539207601,-0.0134151486138187,0.0177202533233303,-0.00445000588935288,-0.000411373861278963,0.00352014236122251,-0.0237627129862586,0.0121544162422508,0.00200199137011028,0.0420231303409909,-0.0573962612325959,-0.00554151855376572,-0.0342127362539717,-0.0101043522775639,0.0319202703798369,0.0442075990385172,-0.0151355552226637,0.0344882027869537,0.0131093907031252,0.00263658890504273
"GFI1",-0.0105591554028048,-0.00190634853519957,-0.011222297351913,0.0123442075820885,-0.0262680158427251,0.020751269203223,-0.00415382280262003,0.000907974170785648,-0.0268416549282274,-0.0191245086148329,0.0192172009407533,-0.0162765074407633,-0.0156201721265007,-0.0170452275394244,0.0513919736681398,0.0242404670026278,0.0186587627090897,0.0173149576411914,-0.0305012443167084,0.0241264911871521,-0.00317536516556894,-7.69551151508708e-05,0.0166428071666987,0.00993603291944735,-0.0104669518285952,0.0365079572303702,0.00541856688947951,-0.00428783617895541,-0.0368394635008141,0.0106126344650322,-0.0014707400330721,-0.0039799815327129,-0.0125951234639806,0.00629227772413814,0.00286514092489225,-0.00167260057232007,0.0104120224170674,0.00465112638072656,0.0347017129039234,0.0300802789187932,-0.0454567475481333,-0.00529874254716501,0.0406758092278724,0.00354962693595882,-0.0412565109655093,0.00570651771831362,-0.0248671403307507,-0.0376521870750957,-0.0243223646799384,0.0198445991096316,0.00972799093051395,-0.0198517902818195,-0.00816063082543445,0.0102672695554956,-0.0161449388424253,-0.0183332672591104,-0.0495793497645859,-0.000298688710547957,-0.0416577761768362,0.0196849038838267,-0.0356251944671543,-0.018943894614581,0.020957207347585,0.0250102475130024,-0.0115030948041638,-0.0268951861951319,0.00806082359376674,-0.00120800533340158,0.021890061292694,0.00531481514387549,0.0177603351402224,0.0297767687766461,-0.0261708552784717,-0.0241667562478155,0.00223487550861381,-0.000499389090827103,0.014747902944796,0.0295780298406143,-0.00619660982703908,0.0120817219599671,-0.0468860868290275,0.0461010528415511,0.000777448278679206,0.028041370858844,0.0110967279041963,0.0091960832554261,-0.0271504696469963,-0.00597505704781215,-0.000123024006732581,-0.0139182333933177,-0.0337949559003814
"GLI3",0.0122701932141155,0.000509434256797482,0.0363994845921422,-0.0227527624051211,0.00324573793103335,-0.00418512449095523,-0.00144342632277255,-0.0129465641513086,-0.0155588385728171,0.000521439537344831,0.0132743202493964,-0.0343678525009022,-0.0216335195778877,0.0244480586714772,0.000856749324416893,-0.0338942993154416,-0.00306802778860728,0.00699756569718654,-0.0194556537828099,-0.0109403754402541,-0.00205837995209218,0.0285077942152479,-0.0151914195454664,-0.00438335103791102,0.00786059867303729,0.0229990665355442,-0.00571967231588276,0.00513513586405098,-0.0321481940309483,-0.00123614403125416,-0.0179838627325315,-0.0189050408267991,0.00162513301443911,-0.0129992635916385,0.00710933837919489,0.00346237354397327,-0.027850132995115,-0.0421191081099036,0.0122139314883902,0.0622944843479029,0.0274274580554547,0.021037710131596,-0.00518896461012406,-0.0224003314192997,0.0234378393818733,-0.00754715943793818,-0.00146788200565533,0.00704179254449083,-0.00957472192341136,-0.00838579083829968,0.0167498643506174,-0.0161010807569063,0.0204068774997204,-0.00378791849489606,-0.00207860716963237,-0.00987245495182046,0.0172516573836296,0.0451695209920421,-0.00768483081041993,0.0149092481699838,-0.0087342791219739,0.00569195414648397,0.0052241147919226,0.000265731784849273,-0.0696046140365279,-0.0102042124489852,-0.0286980374042041,0.0178022117555118,0.0239858426297495,-0.0244052500733526,-0.000465787423736254,-0.000977493088979242,-0.0310616061732586,-0.0311239309595186,0.00299805554550203,0.00717085746797313,-0.0299186698674042,-0.0309502481331513,-0.0274871754302818,-0.00282112657100632,-0.00999177991808122,-0.00224973603750345,-0.000272441472552756,-0.0326319193184891,0.0159622681291092,-0.00463176095617672,0.00572008952582057,-0.00288070504957975,-0.0168434530383209,0.00355153032961505,-0.00176008535597112
"GRHL2",0.0570399965160885,0.0256125875431745,0.0020322600252028,0.016915781758054,0.0288484044160971,0.0242572925725327,0.00535756310147921,0.0327685607606532,-0.00821300124583041,0.0199019000940726,-0.0173326412680213,-0.0346664898896445,0.043805290337636,0.00227309712300152,0.00277559199357268,0.0270324675371706,0.0170224889889387,0.0204538461029396,0.00540204861517444,0.00577711345445698,-0.00373619099831243,-0.0129816456430915,0.0264367408396159,0.007217896866236,0.0301000463690686,0.0207920085427862,0.00713133302311656,0.0236266315812836,0.00966561965523758,0.0322525150960599,0.0222117657526825,0.0160828512426754,-0.00418775896820856,-0.0142170656531305,0.0509870421527136,0.0112432214642905,0.0252107983179146,0.0321562285697256,0.0152828888499811,0.0215699311229782,0.0175371981002293,0.0413872351195291,-0.0129843892063587,-0.0120951677616181,-0.0429227750362186,0.0143232933625759,0.0575471242844067,0.00764114400857224,0.0398224295354142,0.0375760058918753,0.0410826497426339,-0.0249853567335291,0.0200189053952863,-0.0232820041791552,0.0311335343733865,-0.00138100946302864,0.0266452269734169,0.0211656342899999,0.100224228254308,-0.021369630154955,0.0363100285721368,-0.000202850258456956,0.0187338430366281,-0.00474197890133482,0.0667964668664106,-0.0359610524179587,-0.00457811723390622,0.02536233505379,-0.0143278208341426,0.0657843155644459,0.0277925164351139,0.0480239983851784,0.0418608812229757,-0.0112156357265489,-0.0248182376302038,0.059028338623697,0.00587802497733389,0.0253629040954891,-0.00248914310392752,0.0134421672918381,-0.0142000318723997,0.0427521642907897,0.0113415978144342,-0.0525889993233183,-0.00547212436748159,-0.0257201272566491,-0.0470684115431924,0.0480653019867585,-0.0285957937964341,0.0282768306050592,-0.00806236458699898
"HEN1",0.0218098865717471,0.0075840805297282,0.00728964389036149,-0.0143540913043115,-0.00240280066626177,-0.00898602478605582,0.0244385570428556,-0.0130924905121398,-0.0105183487825791,-0.00105821330070659,0.0145995743226672,-0.00225597590257413,0.0120029348802609,-0.00788002949425057,0.0229763400251386,0.00221088286253071,-0.0306850544900803,0.0245970477670347,0.00785986168825027,0.00606332195433813,-0.0119366004991619,0.0318135310146497,-0.0118351895396898,0.000595564345879643,0.0179887285093567,0.0180588620326823,0.0165458114596297,-0.0061811515318192,-0.00169663192374978,0.0138188865461406,0.00703740862440679,-0.00183852104977699,-0.0162652021766546,-0.0144818888269583,0.0231955010146141,0.00631258919058158,-0.0110922068535559,-0.0100461547018932,0.0159587104588795,0.0199163856078216,-0.0098514069771224,0.0147713016180698,-0.0065701916326909,-0.00168351467934833,-0.00726034989702107,-0.00416172836829619,-0.00357430361660239,-0.0216623215381292,0.00862193995377631,-0.00842502635644954,0.0037141758228837,0.0140299548827715,0.0054305196084938,-0.00268451537815968,0.0106435542649576,-0.00746211055381031,0.00283414514299946,0.0145537535070426,-0.00990484012247094,-0.0117210916027027,-0.0241741525921857,-0.00493618644313093,-0.00287126075184792,0.00857111639397647,-0.00775740192163445,-0.00347175614048265,-0.000184470500806234,0.0152103883775305,-0.0178145771359318,-0.00141805071663456,-0.0222835417188668,0.00048218857459187,-0.00280584051566721,0.00319810816931616,0.000448418530986233,0.0223935223546221,-0.029599433505927,0.0204284639507277,-0.0118691728094276,-0.00730111513095656,-0.00661011604426895,0.00643817401825749,-0.024005717784811,0.00348360418128719,0.00479103032144196,0.0263959503112293,-0.0232267604613955,0.00444993560912954,0.00623072310830741,-0.000921547547062124,0.00704706337470114
"HIC1",-0.00277173654774322,-0.042078845633004,-0.0513763671295818,0.0125297898583769,0.022214915187312,-0.0144024717864319,-0.0272757257200842,-0.0217422814305426,-0.00068268004964782,-0.0144659129257622,-0.0122847471697142,0.00254734409689191,0.00663699003401805,0.00635941084277591,-0.0232001002199409,0.01748216777331,0.00107679857960937,0.0149377487778719,0.00602308699035365,0.00440921132786373,-0.0148653576171794,-1.81352508488271e-05,0.00366760022324493,0.0138007808699804,0.0266890077659189,-0.00828222964732282,-0.00021233527147008,-0.0027751226309104,-0.0148162923352407,0.00645349754505833,-0.0312187281159378,-0.00567862169893539,0.0165202273803271,-0.0130349781303887,-0.016908802680422,0.00690524045576536,-0.0117369169402487,0.00490825899225427,-0.0194637194751203,-0.0143168372655423,0.00955414075565933,-0.00860747062597293,0.00700640773496146,-0.00495122115391099,-0.00305212145008209,0.0121822664473046,-0.0214349914643402,-6.32173842093177e-05,-0.0142859491890441,0.0319561311301726,0.00226433079749801,-0.0129779043991157,-0.0341215825258637,-0.00480720658885484,-0.00775083350784729,-0.0141179753203537,0.00114328715012449,0.0114078691016983,-0.0212941860252012,0.0148376433725455,-0.00880210614205836,0.016699149911769,-0.00554789406348384,-0.00572521274894168,-0.0311732121312958,0.0273526533115959,0.0518295268988397,0.0123905119873276,-0.0251327781232575,-0.0146310768345722,-0.00277609628879342,0.0195784802343654,0.0158194624488331,0.00727634020942302,0.0130964923984471,-0.035430615945611,-0.0279391333695253,-0.0180895754765053,-0.0213742664989609,-0.0179200478292539,0.0289752651343347,0.0193530131946482,-0.0278420032409071,-0.00512409379693209,0.00761194430720527,0.00692459007596629,0.00657102499497867,-0.00233080239963349,-0.0252592517262595,-0.00937876259862674,-0.0224182608399585
"HIF1A",0.021685980242721,-0.0628798661386806,-0.00510860635841519,-0.0191025030186861,-0.0252558418655136,0.0235549788073773,0.0442537460614428,0.00396584173218464,0.0386925978708195,-0.00536853500970811,0.0660693075683618,0.0635961498583503,-0.0117651082347804,0.0423709605751421,-0.0104499820741813,0.0810294512115304,0.00141900661781885,-0.0225435736031332,0.0581015045287738,0.000252113212752528,0.0167314247085779,-0.00641085304314258,0.0785128117468834,0.00257740276856159,-0.020967559743689,-0.0254004677651616,0.0594778374184174,0.0436180536778892,0.0659329276770405,0.0587452105383098,0.0458389892613381,-0.0848387613417666,0.0072684006464817,-0.020351134857152,0.0218757678933982,0.0561572988459827,-0.0568463240129179,0.0133345713810719,0.0349096127123014,-0.0513703045090052,0.0608384383500534,-0.0187384823685059,0.0764821734416531,0.0512907121578578,0.0142879489035642,-0.00835567623620841,-0.0607180791664026,-0.0468712688589029,0.0302376837165876,-0.0666288009964942,0.0523175220845528,0.00754976921243998,0.0317241182333238,-0.00872887642973058,-0.00758384149236512,0.0708037774950835,0.00814563095474843,-0.0639935023577895,-0.0124657205927851,0.0826834211198549,-0.0767427546466761,0.0211626894988199,0.0357878721703674,0.000287327428178798,-0.0169470609271644,0.0130320902284108,-0.00503105771515159,0.00276767981632293,0.0489955473380256,-0.00639181523936037,0.0615802809894689,0.0259997686543103,0.00781734791778433,0.0120719743826285,0.021597051489455,0.0051461279658642,-0.0266212538648093,0.0637076066553374,0.0241396427838011,-0.0533139829274131,0.0326897857591098,0.014098595470023,-0.0195767652461702,-0.0230190295112439,-0.0257606347879685,-0.0227319843812537,-0.0244254518587019,0.0307417352475727,-0.0727984002937438,0.0329400861025503,-0.010095021808659
"HINFP",-0.00456767616202154,0.0376153401693427,-0.0333078304657755,-0.0111646325791567,-0.0546639997114401,0.0170689601213695,0.00824642571811647,0.0617066027442421,-0.0157758220689224,-0.0373672508470438,0.0502833026805651,-0.0340990116011095,0.0103852316925897,-0.0187630459195892,-0.0253820979567582,0.0163652807046236,0.00307924717670778,0.0556525425579714,0.0258872016435548,-0.0809458931486072,-0.0172808402359588,-0.0547644345968649,-0.0206320007421056,-0.0750933337942699,-0.0199479266378648,0.00757340407483794,-0.0462944827408276,0.0284654843139078,0.0109066215711805,-0.00489497178679419,-0.0212832853586711,-0.0028032938374517,0.0445599111363481,-0.00155023190732586,-0.0161317913075775,-0.00487906738440423,-0.0130984905578401,-0.0156452114316824,0.0619227694912052,0.0289529352360253,-0.0281811370648042,-0.0525387724793553,-0.00885879134805036,0.0201032251759005,-0.0499237586082426,0.0210508573089314,-0.0458867277544852,-0.00808809421045552,-0.00384650197590511,-0.00787792970710024,0.0125160514480134,-0.0299820895553755,-0.0151841546239337,0.0299167673005257,0.0431450951748224,0.0289914508524206,-0.0482621095997669,-0.0737966770223168,0.0343868219407402,-0.0618191059283474,0.0505132403400699,0.00451039167684021,-0.0524883698359103,0.00245401389182494,-0.0392686139388538,-0.0619069377924578,-0.0347481992628401,0.0310873066926492,-0.00969684184301377,0.00967262381824685,-0.0557902960887185,-0.0113981624641055,-0.0155624806769209,0.041006161805961,-0.0260446722972204,-0.0762245141193358,-0.0557618967849876,-0.000131753306575481,-0.0738719644985901,-0.0239042475383121,-0.0230168211537846,-0.0232831425555251,0.0116278600037426,0.030925154972642,0.0349385852057505,-0.0200063193322184,0.0310173545806289,0.0511882190699464,0.0253718723919661,0.0259364007696225,-0.00211169372555822
"HLF",-0.00412099820617529,0.0414717530644962,-0.0396316076568315,0.00791278049485386,-0.00301202882460589,-0.00398391014420441,-0.049313221212045,-0.0324698884586335,-0.0393973520541961,0.0118727683822817,0.000742142769081354,-0.0483752929372734,-0.00684212331319599,-0.0195842898255355,-0.00771157014269297,0.0592869170180627,-0.0173103281977887,-0.0570343457737858,0.0478126189571655,0.0311099771980933,0.0627429308614133,-0.000886648361691089,-0.0198263820496029,-0.0185019053011957,-0.0418693353083477,0.0588255393465168,-0.0546725001782657,0.0342563096502485,0.000971854913458391,0.0420242475292585,-0.0300117408940764,0.0148897273371831,0.00471572023531319,-0.082233432649787,-0.0302438652358944,0.0401278358136213,-0.0134361699389764,0.00893271972726543,-0.0572859551395814,-0.0237727404466238,0.00455281022082823,-0.0214191073606167,-0.0290445629534427,0.0118824174436919,0.0431731668978142,-0.0032153904644027,0.0115893545373551,0.0358335705166326,-0.0169300017791891,-0.00626271673742776,-0.0802968909791923,0.00777548862653697,0.0165345863797957,0.0216749658146237,-0.00213673762192088,0.0276353866858501,0.0148711978255637,-0.027644553923635,-0.0108166435968501,-0.00271914322668338,-0.0747068003546158,-0.0397807568953804,-0.00719076408710097,-0.0094646851767192,-0.00614695808491533,-0.0782907143354566,0.0414735358691808,0.0391443548813599,0.0065668509670707,-0.000588607897238079,0.00971361164329253,-0.0667886742051861,0.0126040789691009,-0.000968257560682026,-0.0635720681897447,-0.0504920967505746,0.0593667074951681,0.013466572020109,0.00795408661606446,0.0578370416740232,0.0492735743879917,-0.00283048773896939,0.0365461094216954,0.0497126712362049,0.0825722056585357,-0.0246245007408311,0.014245549354205,-0.063650593584855,-0.0203622808511936,0.00820624873166639,-0.0186143060029637
"HNF6",0.0261247542581027,-0.0210832009265047,-0.0234821704467329,-0.00409607150146072,0.0286843726477195,0.00838266943817993,0.0254214132323772,0.0222115031343241,-0.0483762389993109,-0.0445514334058979,0.00255992453366266,-0.00553677322231412,0.0403105603573811,0.0142582027144374,-0.0257514202286239,-0.00656866647961796,0.0417211285488126,0.0235399838016805,0.0513528183835628,-0.022031141358188,-0.045932722393672,0.021421958876293,-0.0170627256701215,-0.0273782074481136,-0.0535787616993759,-0.00642056000860688,-0.030872327862694,0.00122865926330247,0.00417063765247681,-0.0158000422470446,0.0229967530147839,0.0322783719999625,0.00356537278475423,0.00244387951730351,0.00640839447341136,-0.00342934094918987,0.0195251183913151,0.0217111427004944,0.0191520046798159,-0.0180514528780293,-0.0202293938731118,-0.0286582525559955,0.0131650180324428,-0.00349097115794096,-0.00848972434706509,0.0122525498163748,0.0318647234926709,0.0415778991688223,-0.0252819631193972,-0.0076388228687898,-0.0214008325540955,0.0239775117783984,0.0308809766312558,-0.00658050936970186,-0.00586056003674157,-0.00894903879715056,0.0392952311478007,-0.0233198928344074,-0.00412773228494004,-0.0417631435012605,-0.0319692517101218,-0.000323978442023656,0.0207356750897213,-0.0273890271432069,-0.00606359225052483,-0.0278119510991604,-0.0248546951951151,-0.0168058209585009,-0.00392884843290873,-0.0333699152510016,-0.00074413134516719,-0.0191999444213403,-0.00700543503045308,0.00114140579884813,0.031412253993304,-0.0041227726831932,0.0160796372928449,0.0114642481130185,0.0251792020200632,-0.0312513276319479,0.00763944094162381,-0.0534068139115837,-0.0157731520094077,0.0397986858811925,-0.00128505534369495,-0.0116101583245596,-0.01380648370067,-0.00948501331343411,-0.00870375005704723,0.0407645430392199,-0.0222130533689984
"HSF1",-0.0275554664566286,-0.0215087279242672,0.00103867318219601,0.00422416193642127,0.011424524930748,-0.0198590275050238,-0.00345136926820418,0.0024018131004877,-0.0110345937567002,0.0108578740260584,-0.0157893047196921,-4.54280812333235e-05,0.0045765410292164,0.012542917086712,0.00701391862206295,0.0359562485050205,-0.0081653868968059,-0.00161441664416863,-0.00734467440852771,0.0103798801338092,-0.000913534225616809,0.0311173936933389,0.021180763033989,0.0170358948852785,-0.000843412856876926,0.0117501571896311,0.0127088804004876,0.0109501322707047,-0.0046663233602756,-0.0152070974452357,-0.0254748223604718,0.00791818876541652,-0.0202678933721866,-0.0318621710356108,0.0199430137219504,-0.0150611833428654,0.019640467850891,-0.0102045468750274,-0.017744698150068,0.0235824672302737,-0.0123617539610872,0.0454353618499093,0.0101651537220951,-0.0182757062144026,0.0305394726456237,-0.00407830550197228,0.00273549980317673,-0.00599538312442166,0.0285600953031556,-0.0300925268736579,-0.00531297745607562,-0.046808772133973,0.0146871618516439,-0.0298888233985009,0.00419213202307768,-0.00874082497395396,0.00730459879471216,-0.0234057747086605,-0.0449937001143107,0.0249168898607889,0.0288757382888597,-0.0234002737621613,-0.016631256808885,0.00641021968709329,-0.0101570683046573,0.025873987177167,-0.00800526658150672,0.00125285979523094,-0.0192974666955051,0.017162234341725,-0.00935511631905441,0.000852697663919537,0.00797722653164145,-0.0414636795511265,0.00465660843098405,-0.0173430640278112,-0.0133370238917985,-0.019079073937253,-0.0185957176953045,0.012987834996259,-0.0341559425596151,0.0109340327722298,-0.00586000872766207,-0.0165719517323705,-0.0165958108826341,0.0215216487139708,0.00103776040348744,0.0279779070220446,0.0156188467560415,-0.0177191571438908,0.00125086385218517
"HSF2",0.0348145630035794,0.0080598502477888,0.0258073472563532,-0.00537760772466932,-0.025359178858216,-0.00557740584149165,0.0178245188550192,0.0475315969503412,0.0336704290975252,-0.00495451057456923,0.0322544718698559,0.0173591814931427,-0.0066583516402132,-0.022952621606452,-0.0397946893112681,-0.0112699771873634,-0.0408437564702274,-0.00629657410729929,0.000516839671205424,-0.0265278427372686,-0.00395583005795389,0.00497149917455354,0.030542942109834,-0.024060449567799,0.0380711319282959,0.0272654011743933,0.0248856812652931,-0.0412800726085194,0.0139693390985978,-0.0208297107325746,0.0246941792016773,0.0105811995028804,0.050338418902709,0.0310268744152621,0.000310868220021621,0.0237371644523576,0.00602807666598121,-0.00077811680033501,0.00451053070476479,-0.0315864803760405,-0.00139998117847909,-0.0123369883616865,0.0116681656089393,0.0161842109323333,-0.0371796107305676,0.0182956674668861,0.0139057348939851,-0.0159016331060612,-0.0189681650681416,0.0321712930064376,-0.0113993576154138,0.0211637970097366,-0.0131417190192608,0.0495936028988046,-0.0161250495662351,0.00760616127520182,0.013776036726579,0.0179136640801933,0.0223026541786536,-0.0331988165795811,0.0151340591569472,0.0197709233096614,-0.0166251389821239,-0.0179561067508376,-0.0211814072464878,-0.00688150943780066,-0.010137676101792,0.0228434132279756,0.0128023548935522,-0.0436719228840493,-0.0111718903469937,-0.0131453433920872,-0.0238822966584565,0.0093793427113346,-0.0540166341481615,-0.00204714308018484,0.0193846504679484,0.0374355631754207,0.0118055436715432,-0.0164771109921168,0.0273476795765431,-0.0512479755419377,-0.0144399093700374,0.0344544615182791,-0.0188452008172297,-0.00503375942168587,0.00357367844771019,0.0211520569716039,0.02059245285261,0.00458411764937703,-0.0505914462579593
"HTF4",0.0411269047302715,0.022744936244743,0.00389569165888123,-0.010488072143091,-0.0463244274416903,-0.000919163935809829,-0.00678520025173738,0.0245778347583263,-0.00280066051721214,-0.0441293897773418,0.0171271288891286,0.0213037036567951,0.0348861865887015,0.0448565082115722,0.0158591292837533,-0.0152193413687713,0.0254704644137669,0.00703956036024327,-0.010446906170176,0.0272224109358153,-0.00642495407202476,0.006645878007522,-0.00690370771432867,-0.00541647385944177,0.0144534184721967,-0.00659440774393683,-0.0216964993109896,-0.00801128540195802,-0.00727391447225816,0.0102278775480242,-0.0301561162685202,-0.00514622401378878,0.00133865936489628,-7.50536312217162e-05,0.0079397894549933,0.00482990865957105,-0.00798368838946585,-0.0178672291615876,0.0176299608363574,-0.0144257405891831,0.00481716691167961,0.0254853323839868,0.0248227927168761,0.0149004280993633,-0.0138854786770961,0.00694499004684925,0.00430515644807172,-0.00152449726988258,-0.0148044836910948,0.00531105821252757,0.00656235524536456,0.0155736670604886,0.0100740373338868,0.0230384736301574,0.00234919489074555,0.000309052577841976,-0.0170824527454305,-0.00911115824392319,0.010246928728902,-0.0128848621638318,0.0127534816511652,0.0169676389307568,-0.000356802223338282,0.0190718901151442,0.00491792117441042,-0.0125457330203511,0.00484244420285764,0.0100089740297535,0.00963400008995276,0.0371363620226492,-0.0230849672294418,0.00419175547374708,0.0014158625077569,0.0268065778573818,0.00360707824528596,0.00405534544728469,0.0199581112652969,-0.0196202660692974,0.0243339537396889,0.0246284317059486,-0.0132680749610231,0.00250063557472964,-0.0208699236502083,-0.0279188350397133,-0.00828538478854502,0.0288163570791037,0.0285896751930531,0.0179436433350438,0.020063032886464,0.0245161613374888,0.0130766264101136
"HXA10",0.0247142413089664,-0.00467447837971325,0.0153510597690305,0.0176570844708372,0.0192243426844573,0.0397460558490265,-0.00502335767322342,1.83725015762062e-06,0.0218047967222299,-0.0253165106714756,-0.0312070409116705,-0.014231623648983,0.0391120565432169,0.0122992655299676,-0.0397648429788716,-0.0421036034777626,0.00969572377113467,0.0319657464053678,-0.0112978278672879,0.00265629946360987,-0.00874326936769965,-0.0189160995980723,0.00425415779842211,-0.0126657398154084,-0.0114905902825579,0.00997240870007754,-0.0159586628537025,0.00055685081162283,0.0060235564069083,-0.0154966626902651,-0.0352061288390299,-0.0154629805299691,0.0281956430132715,0.00703352861030326,-0.0190214822664005,0.0345633471654814,-0.0158636350743105,-0.00124751051237115,-0.017789599619096,-0.0418554054446152,-0.0504931293624101,0.0030427406474552,-0.0122025498754966,0.00987704310485011,-0.028401808883263,0.0163518211048569,0.0170376383806341,0.020244872634803,-0.0197440401071271,0.024641669838706,0.0124911909799024,0.0197605780024816,-0.0384344524522904,-0.0305693013910747,-0.038536266254695,0.00694220904864827,-0.0346744199537644,-0.00396567397870276,-0.0159638019895979,-0.0314609540128693,-0.00932338718198403,0.0276124225509321,-0.0154944937365861,0.0110330588756984,0.0436059714300144,-0.0132699450154109,0.00405034642958022,0.0224041085130451,-0.0125079400997614,0.0133263728889896,-0.0504660145998321,-0.015110601664838,0.0490417159373047,0.000181428808274158,-0.0250117077645838,0.00858375430454468,-0.0457958149705822,-0.0113505613484771,0.0142643528082009,-0.00994077878375628,0.0170904436036611,0.0271583399167748,-0.00196424782166958,0.0162459089059903,-0.0202900477423322,0.05007693410486,0.0312019903424309,-0.0267549713863196,-0.00277227824754878,-0.0180290597458802,-0.0185739458524196
"HXA13",0.00807199761965642,-0.0322293148887601,0.0121386745128392,0.0585598359720578,0.0162128479273123,-0.0105571556541598,-0.00194809999031568,-0.0193134567464188,-0.00859346755252273,0.00724097440193784,-0.0632068045496233,0.014907152048993,-0.0112924493655861,0.0212585232248451,0.0177049757876835,0.00497721786029129,0.00665386663607824,0.0579396975266966,0.0325151270068637,0.0141215378390507,0.00277192775990589,0.0394075652815879,0.0328930868480179,0.00499200839320791,-0.0120920905094283,-0.0117118156637415,0.0113072597735075,0.0170896074482341,0.0405961828917946,-0.00611383246694217,-0.00795152459810557,0.000654649649738828,0.0215499097064589,0.00153579432925657,-0.0108887301808081,0.00671210307254603,-0.0256861775959236,-0.0298756495787545,0.0223328733933347,0.0392269037235574,-0.038078327110232,-0.0317157419871344,0.0162516674775091,0.00107444641156346,-0.0203281740134884,0.00446016864612763,0.0350921658235097,0.0300057054391637,-0.0161327611369351,0.0128274477697474,0.00547123352699283,0.0335770594761707,-0.00676599999558115,0.010643477077013,-0.00567137405493042,0.00051041369430569,-0.0354844589297734,-0.0169145115433843,-0.0406862450290885,0.0207189723470739,0.0272401621880892,0.000182112701294722,-0.00947677702790528,-0.00800198365428766,-0.00610365111149736,-0.0103239827736493,-0.00996587909244981,-0.0294322737225061,-0.0129124042854835,0.0369396478291284,0.000379904764368256,-0.0119061752482517,-0.0199437839926824,0.0306883839125449,0.00954005748536375,-0.0581477115364385,-0.00499304523108703,-0.0299587035973874,0.00832019266043386,-0.00233366438228857,-0.0482944721734308,0.0342701962854983,0.00222670975260811,-0.017900035951665,-0.0117740591773363,0.00438002063368989,-0.00469485208822571,-0.0345719181733293,-0.0202106690549839,-0.001448028268361,-0.00423180614014796
"HXA1",-0.00589208832807276,0.0194091134280083,0.0224329529858842,-0.013475619431483,0.00335847036855203,0.0047007273800163,-0.00436276606630327,0.00402050574932399,-0.00632445969379973,-0.0304856048644087,-0.0497756475179104,0.037590439621975,-0.0027344504022196,0.0167100352791646,0.012882840089261,-4.60557481099472e-05,-0.0216538162529701,0.00840589007358316,-0.0499071854220345,0.00937939006508696,0.00846531003285345,-0.0111706829402276,0.0203700655245527,0.0118541714978149,0.0173764538208993,-0.00876571098439259,-0.00933389235957424,-0.0337758209356596,0.0151601844343844,-0.0344301731497037,-0.0639912981638107,0.0306882396965593,-0.0251244791535587,-0.0687370041390489,-0.0477178198500563,-0.0413270684773851,-0.0252943759290387,-0.010997706105648,-0.0392862528789233,0.017986971381861,-0.0045501568624312,-0.011285810344937,0.0127456722525241,-0.0220031635486127,-0.0409142348712061,-0.00676561856233249,0.0253320769639995,0.00642305037515702,-0.00905204427751746,-0.0313155540105121,-0.0392967512588581,0.00882995599593374,-0.0292396892894782,-0.00428473777278372,0.0235876745413454,0.00319877490537851,-0.0295272924071793,-0.0460461453957003,-0.0214184247925871,-0.0276448665378083,0.020591224574652,-0.00134189479025648,0.0260834565753358,0.00704237679785077,-0.0214555624375118,-0.0400662232378323,-0.0165981014456181,0.029850029272587,0.0186631817090837,-0.00585980745025293,0.0367879977175026,-0.000877618796736399,-0.00880516955703555,-0.0263167459704549,-0.0114592172360637,0.0266333377012353,0.00132117712399258,-0.00532538829446495,-0.0157408448062263,-0.00828964469983801,-0.0280555500000338,0.0438633667515122,-0.00492472719069885,-0.00180996475932088,0.00759504889190526,0.0200858520273843,-0.0187406670860422,-0.0641614555393539,-0.00670247396006168,0.00317871749257234,0.0104042056021968
"HXA9",0.0188605521993718,-0.0168382299537264,0.0104403417686815,-0.00713514722154826,-0.00127918972073323,0.0227014595279106,0.0611852370809505,-0.0382821997211489,-0.0435859616124673,0.021687000885812,0.0239469915997874,0.025041289878655,0.0103711350017021,-0.0146906292971662,0.00925449223578301,-0.0277226403785388,-0.0461560331200795,0.0288762495975954,0.00289060020369085,-0.0184915412908952,-0.0148616456816731,-0.00912755846228458,0.0260578701403461,-0.0233920168677207,-0.0038138837105072,0.00739660864520892,0.00656154814039596,-0.000176596754760498,0.0159715876565432,-0.0435432306847098,-0.0181193771599599,-0.0230669262809722,-0.00273276174418759,0.024805153678094,0.0075529338466081,0.00994481278225048,0.0272482501116118,0.044059277308236,0.00655526048072753,0.02967985022561,0.0233754218079368,0.0190799155311682,0.0268033778508934,-0.0101402135793916,-0.0254086549812706,0.0423563633938088,0.0235725773604438,-0.00468758087017832,0.00329527806806164,-0.0703275233513333,0.0218288470544071,-0.00164361746169228,0.039061150500029,0.0242533845705694,-0.024726295258779,-0.0407389018152865,0.0416160994061994,0.0163787613647381,0.00990917067884823,0.00335291209744103,0.0202193961782725,0.0183896941096199,0.0120370143322986,-0.0298110753962158,0.000827632860054261,0.00361500386473366,-0.0106310995949255,-0.000821744374561661,-0.0197625776289793,-0.00852990538477331,0.00381666412480134,0.0222047591253346,0.0201137896773977,-0.0234547261608691,-0.0106332826972421,-0.0180003004016645,0.0145505610760017,0.025077896607417,0.0587577058370911,-0.00904136829611402,-0.0233240600917276,0.0154022366483363,-0.00422732708710122,0.0273470223130291,0.0263583347730294,-0.0407417741353532,0.0290894926831771,0.0317736820477346,-0.0149709369857669,0.0741227114187278,0.0174207509722672
"HXB13",-0.016365041244543,-0.0273163505144348,-0.0215265171197449,-0.0120037597334796,-0.00337735110973005,0.0233874001153614,0.0461811861516858,0.0198337963531761,0.0046160425864238,0.0189616641086982,0.0463088753550558,-0.0413242333453616,-0.00925761940614847,0.021727400360933,-0.0449810875126517,0.00934729828628194,-0.0102665251601706,-0.0229166275351708,-0.0316750164110532,-0.00237325341557757,0.0189224066837237,-0.0469278650167896,-0.0144724204018853,-0.00107808714373323,0.0101901295047182,-0.00983761300195063,-0.0127840206759955,-0.0349971170359056,-0.0345400736299326,0.00891426255669422,0.0416461343215247,-0.0376155610791182,-0.0283077816325574,0.00661579248552382,-0.000261606649505484,0.00451366271752732,-0.0187586925305252,0.00509068410842972,0.000560333659359046,-0.00292191385125374,-0.0160416172010653,0.00477332804660425,-0.00207107913123734,0.00670113734906065,-0.00997757193698182,-0.0239862218445453,-0.00722488834916276,-0.0243483566578515,-0.0157321491370977,0.0228803340933612,0.0050166549375435,-0.0207897560180799,-0.00638346514801222,-0.0102263741173564,0.0239744865497314,0.00125124019245578,0.00347932679387199,-0.0132434751505723,-0.00796592629466882,0.00797154507175727,-0.00621031278251673,0.0451347503823325,0.00914245861006574,0.00460852696241596,-0.0325725037876195,0.0512891480455281,0.00900660406878702,-0.0149121091610678,0.00352189766977275,-0.018072026657627,-0.00995139324112979,-0.00446628392091303,0.0182673073417409,-0.0256894323103264,0.00960509177433484,0.00530125149732785,-0.00107325334922333,0.0301397503091434,0.00606672035822408,-0.000993846885297215,0.0183420275740795,0.0184826363640961,0.0214260789175102,0.0493454221839934,0.0378786826846463,0.00314449126102327,-0.00583793282693125,-0.022144457884865,0.0154323803873234,-0.00133865769946925,0.0284862382494635
"HXB4",-0.00383591969221892,0.00236452687974232,-0.0146151159078363,0.00819965948545826,-0.0160792552116752,-0.0337044714876711,0.016611424754247,-0.0369179303175453,0.00554295738765421,-0.0349354466394588,0.00993059776439036,0.0192252394936591,-0.0712451572303252,0.00679225544462079,-0.0198304421078376,-0.0200065031534823,-0.0301527956666954,0.00736019068328108,0.00119805251209373,-0.0376869594335727,-0.00720564470390477,0.0398210750256231,0.0178825092627932,0.0145220514272594,-0.0441532003450865,-0.00228332297624962,-0.0214180856878198,0.0366335507130309,0.00093406414997808,-0.0205306262112758,-0.0333930257476458,-0.0243074346721807,-0.0130862729567032,0.00124108650818403,0.0237225419345042,-0.0238605229735964,-0.0078446710867236,0.0329139149741622,-0.0142119813207198,-0.0461841192518104,-0.0443967997255427,0.0226615188159781,0.00967994124858249,-0.0241785351266728,-0.0330943849742135,-0.0119262409263452,0.00431185722939498,0.0127176332025698,0.0471187330112425,0.00397098290920377,-0.000357153456034104,-0.0267956505961083,-0.0192501864892652,0.0358873913246195,-0.0059158391291274,0.000610226807623641,-0.0318638139470192,-0.0110625759015833,-0.000563890950947643,-0.0206661324560251,0.0711220958548835,0.0278205350102596,-0.0101089427119627,0.0125328024861623,-0.0168450818731814,0.0155934326059122,-0.0114462458402229,-0.0574128663058878,-0.0174485820141147,0.0227596738868132,0.0191072373095345,-0.00667665282467129,0.0300786135616699,0.0107157652441525,0.018798664626162,-0.0486676041009118,0.0114049825827348,0.0217702260973746,0.000384941015771713,-0.00111237293406388,-0.00677043497391609,0.0250539671053039,0.038325999229577,0.0452577606476403,-0.00207225447734093,-0.0209544265041598,0.0161521359556245,-0.0177177144585466,-0.0445135616290419,-0.00882998451003619,0.00331118365925023
"HXC9",-0.0302982815554478,0.0591731396780979,0.0242038080211729,-0.0010162627912345,-0.00953264184567354,0.00406815381890054,-0.063340193400724,-0.0017703623439774,0.00937753340941629,0.0271504045994072,-0.0154436459379302,0.00820997677395405,-0.00437771986416706,-0.0263039497796533,-0.011039863479991,-0.0107325664189465,0.0290320111527485,0.0167587429796755,-0.00195462189955841,-0.00726721779676704,-0.029767041837748,0.0306986099884112,0.00494716058143909,-0.00643444687897408,-0.0357993264986999,0.0559797585658687,0.00734317645377064,-0.017776573986662,-4.32036795938826e-05,0.0294539708892051,0.000454093187134482,0.0300057224010611,0.00551506574823771,-0.0149321083492722,0.0147317310746206,0.00736277910630108,0.0443977505766323,-0.0228999859325065,0.0266634230572055,-0.0452242157926447,0.00194825692626565,-0.00718261953918124,0.00209428395259419,0.00448515970151244,-0.0164866881016601,0.0258804317249709,-0.00465724505897916,0.0252285302586735,-0.00783119254333006,0.00372806225517194,-0.0349314005668843,-0.000902104755099118,0.0167558625909895,-0.0501478372343867,0.0545389981802582,0.0184467674913652,0.0160385974749343,0.0101638975508996,0.0221682017566564,-0.00288887137939495,-0.0381770851960498,-0.0383725024025808,-0.0142244472731302,-0.0301674991059651,-0.0191054368506389,-0.0220743401617626,-0.0427864031398804,0.0323293833833998,0.000570207748578199,0.0143196136905261,0.0317899521852617,0.00643474282200013,-0.0276416610145135,-0.0048211182717045,0.00451483012814401,0.000432048201326874,-0.0160198859127879,-0.0317233563103363,-0.01199159298435,0.00213183196660217,0.0233936196355575,0.000656970375553977,-0.00676871499694699,-0.00706420106901036,-0.0143818243818169,-0.0383519836767999,-0.00970798244166968,-0.0145014927844993,-0.0449902527922402,0.0183934359382617,-0.00805824558757319
"IKZF1",-0.0166992369811782,0.0124720747131062,0.000184792907579361,0.00941474116576786,-0.0058237549946258,0.00887180164318721,0.00888688288779667,-0.00141148706435857,-0.00276102145805561,0.0120054337528943,-0.00410342894491245,-0.0126054806789026,0.0129680347349385,-0.0316807049186216,0.0037890141879366,0.00946116679937672,-0.00370924285472583,0.0221435923517053,-0.0173726223350057,-0.0115424233381294,-0.00315351237049984,0.00198861774784813,-0.0152028912509649,0.0182114268314759,-0.0193225368639908,-0.0352669030923249,-0.00293887126498796,-0.00862482490523198,0.000155266222207096,0.0151604589965832,0.0026815828162395,-0.00114968087906138,-0.0262761648931899,-0.00211642576630761,0.0169149487687819,-0.00989982818316224,0.0304788537807402,0.00520945811772901,0.0123516133695975,-0.012077904770601,-0.0142805617201861,-0.00929677645956212,0.013567664368341,0.00432781708936919,-0.00769704869367982,-0.0261869986765009,0.0023185200404228,-0.011718755951369,0.0235629104504846,0.0044471829313447,-0.00759014836084906,-0.00153955488254882,0.0147215436244822,0.00363233495515588,0.0056544151857507,-0.0239097296231253,0.00460789367389161,-0.00258634603955297,0.00957728677249801,0.00276498504205308,-0.00658839175903546,-0.021442679993691,-0.0180334719666399,0.0262479280058321,0.00580004369852635,-0.00425572503530107,-0.000521961723695464,0.0100309684117436,0.0347076489989234,0.0021929926796499,-8.95062461762575e-05,0.0224956718586898,0.0100051425098186,-0.00237123377495163,-0.0188129377833972,0.00725033081172207,0.00994489563516779,-0.00521041876047893,0.0146667150294275,-0.0155315226834445,-0.00537652257296166,0.00901979889622036,0.00384999311645639,-0.00483264863739786,-0.00475809033408527,-0.0112227618309376,-0.00894308518075282,0.00166662819725603,0.00578541346925075,-0.00674775634199157,-0.0205558668448851
"INSM1",-0.00854182643521572,0.0102889204677656,0.0144055194705391,0.0202865623015711,-0.0121840050758929,0.0139954691502264,0.0119050855030306,0.00554778159746426,0.00279785105820893,-0.00319141399686504,-0.0319325564652893,0.00624758950273803,0.0161370249221698,-0.00380119691766681,0.0173225034361341,0.000632512955464472,0.0203145910301465,-0.00585067154172789,-0.0240168070318805,-0.033726132013174,-0.026379779166666,-0.0102376365647243,-0.00972567671354435,0.0152586846351262,-0.0132836409789608,-0.024724169626022,-0.00296907625024179,0.00447482918091124,0.010189517816161,-0.00663621551076869,0.0214087390194971,-0.0117829605150605,-0.0265911882879457,-0.0175240669755417,0.00559785465806732,-0.0117688856435451,0.0224348266857143,0.0069770831650281,-0.0012122279942069,-0.00511540277537465,-0.0218994807938044,0.0118180782281416,-0.0256464622015503,0.0188519152672036,-0.00483287887678059,-0.00898729835154171,-0.00099363387613195,-0.0147633551834715,0.00287167801558423,0.0341890819489796,-0.00768173065120498,0.037477267584949,-0.00818143986405881,0.00581074231980426,-0.00219806656522741,0.00918221710403033,0.0142522580918111,0.00523905282514583,0.0137809228733536,0.0135254730391669,0.0138733425230104,-0.0108256346808532,-0.0133728927966751,-0.0167296144033944,-0.00967177039910961,-0.0079541236562579,0.0110756861097462,-0.0132627614178496,-0.00726559233726274,0.00276564171466093,-0.02553104759593,-0.000518010872604164,-0.0250891769351796,-0.01819208141444,0.0252822250734735,0.0159483277841228,0.0280258093346653,-0.019841629352426,0.00261223135281842,0.00208005279782121,-0.00496207532603436,0.0241784860555098,-0.0152222123712702,-0.00503840921975063,0.00352549828726342,0.0113496742386479,0.00906071676897819,0.00429620180241548,-0.00874158644319401,0.0130508672452342,-0.00450239408776826
"IRF3",0.0214957585323343,0.0318410613523412,0.000548410926291731,0.00137679183215273,-0.0105412529536877,-0.00229336178130846,-0.00108987271504588,-0.0227503377751985,0.00602658239669874,0.000148209390467804,0.000780171234390469,-0.0243224707697501,-0.0155919668213381,0.0130741295648869,-0.0160489419707491,-0.0159050396880751,-0.021994422992749,0.00223614544343392,-0.0157580708405766,0.00877076577306531,-0.00518572220679692,-0.0104950143723596,0.00351208105488673,-0.00981210649729392,-0.00210045157445398,-0.0053741215003199,0.00679195213731768,0.00191023521212291,0.0105049055692979,-0.00283771292564136,0.00135605436656146,0.000329833371281808,-0.0244938811221478,0.0167489341388876,-0.00704760242877293,0.00729060825716876,0.0161437757411814,-0.000634760665264519,0.0194215247625742,0.0205757840529615,-0.00589100465790393,-0.0154013830597878,0.0151555941720453,0.00103612953782281,-0.00722232635455913,-0.000337946663022176,0.00163229815015164,-0.00706197640126695,0.0242557897140244,-0.0084676886685358,-0.0099624687226203,0.0248992388016249,0.00831773793410379,-0.00687282297563794,-0.0101226176010354,0.00183403358655947,0.00438202806821292,-0.00175937449948533,-0.0162783398337083,-0.00146152687273667,-0.0155216900574387,-0.0051154622458311,-0.00341457209085315,0.0176288237473614,-0.00758237146941979,-0.0139801193303555,-0.00297083969341196,0.00694300659416561,0.0093580611715562,0.00381501128535331,0.00927187779363807,0.0171204278482564,-0.0174281027877067,-0.00246822035302196,0.00388116290024255,-0.0197243142463467,-0.00722949613609893,0.000530650211291054,-0.00990892759158817,-0.00290499004332979,0.0125954641898202,0.0119129536182544,-0.0254932389303133,0.0130579329060448,-0.0164314006782658,-0.00739721285186861,-0.0131761902629096,-0.0083876945353593,-0.00241987884702653,-0.00835926824986609,-0.00980675959607091
"IRF7",0.00837143320015562,-0.00550891400275282,-0.0133386486045973,-0.00118017422687683,0.0100496923176174,0.00389624203364976,-0.0167674132147102,-0.00856819463547135,-0.0147639754894482,-0.00470274698498807,0.0109571205876676,0.0119699381701481,0.0369579350318567,0.035983065750682,0.00984033614797619,0.00889565913461714,0.0211421341283937,0.00343529874229061,0.00246303856743374,0.00477666469116672,0.00389905001606948,0.000378120200253043,0.022401938490696,-0.011435052568697,-0.00826127656744319,0.00794109897590087,-0.00902551525997138,0.0151891494853806,-0.00437741521180999,0.00489898339984012,-0.0102315021291966,0.00371113182453686,-0.00269109944600348,0.0290180777773527,-0.00714209807542559,0.0295706111905563,0.00983071350512382,0.0363988881349765,-0.0151086242832154,-0.0113033032425064,-0.015876465504326,-0.00431398701756786,-0.025556419404231,-0.0132985364423656,-0.0134342377682085,0.00640230652808396,0.0114544397802611,0.000710669126825694,-0.0206677118316647,0.0119924440729429,-0.0169257696582407,-0.00112617244593743,-0.0206481795330472,-0.000729493729517015,0.00572355450507805,-0.011176130660589,-0.00939514433308836,0.0108160767926967,-0.00745086596614098,0.000121581301399141,0.0357904339334236,-0.00412283363711636,-0.0192512716356344,0.0224721025554728,-0.0289020639437069,-0.00997051322775379,-0.00285563566854497,0.0475227219513547,-0.00296166747811468,-0.0134515910093154,0.00447880490649048,0.0086778877039068,0.0458321956405674,0.00794213245977497,0.0177853754995269,0.00222763684654921,0.0183837540115863,0.000377227103851589,-0.00400039645099678,0.0090647183314827,0.00478027120042215,0.0150259735262623,0.00534053958706184,0.00667682575391331,0.014685579708659,-0.00960295991544438,-0.00888232151446961,-0.032160628072318,-0.00189991612416675,0.022211672208717,-0.0251247731344404
"IRF9",0.0211875042286781,-0.0384721895859211,0.0100843999768776,-0.000415915930955663,0.00902474535159761,-0.00958566581226708,-0.00732552407063106,0.0319458640849332,-0.0301456011848348,0.0142534678535015,0.00645907360935433,0.0104758241751633,-0.0146205339722245,-0.0098428421319545,-0.00612456837120082,0.000829289575210067,-0.027451214343945,0.0267662027199099,0.00317686604498856,-0.0168290498900275,-0.00682068439421505,0.0195161670126836,-0.0117623367134463,0.000378630900656173,0.0336750403864323,-0.00755233189958691,0.000312436422916778,-0.00544230328766344,0.0230854086987112,0.00608341093054104,0.0268847692873295,0.0189401266583366,0.00746961918935068,-0.0242249184281037,-0.00287592385081115,0.0262286287570674,-0.0091208832162485,-0.00190543758266036,0.00276677519284113,0.0111549937480187,0.0101224686498391,-0.00587160767600093,-0.0120288943243164,0.0503976196257201,0.0241570861720173,0.00293645367625317,0.0106186205966209,0.00587448924351725,0.00236819660663942,-0.019605162093059,0.0219037421883204,0.000897467608414268,-0.00374081883065856,0.00504580397270248,0.0132712440682411,0.0237892724641845,0.0226168079130289,0.00576748950285939,0.00766848962554682,0.011458532741107,0.0346649458807583,-0.00284665047471838,0.011524381971348,0.0267633055652235,0.0138595071738491,-0.00380239095732471,0.011216247479374,0.015214204336961,0.029811903588973,-0.00193348569661476,-0.0170044437025162,0.015938014961286,0.00599201859748534,-0.00605108040829833,-0.000295642906285901,0.0220250765746914,0.00610822186859931,0.00459250538336166,0.00652874993397793,-0.0160023447288656,0.0249018261961229,-0.00920639887544948,-0.0188386846167843,0.0316792057840276,-0.0169853386592676,-0.0345589464534681,0.0185689645488344,0.00609769665330308,0.00232856996397114,0.0251577512074683,-0.000352718790646791
"ISL1",0.000851649837299983,-0.00112000052349319,-0.0313537046873376,-0.000949833921190415,-0.0657689834385232,-0.0355622277896501,-0.0152861923204488,0.0115847601452213,0.0229063498689046,-0.00710059193363612,-0.0453699684664965,-0.0108886587772366,0.0366057104835055,0.00145037807934098,0.0222174940259925,-0.00779977949369001,0.00643977797159392,0.031931687485289,0.00838149462883696,0.00864942268359662,0.00786920403679296,0.0313493166920549,-0.0107702533002416,-0.0749608339949691,0.00676133757686187,0.0419229498263112,0.030182324933418,-0.00807087012121089,0.0289090824037531,0.0818952411123138,0.000369540464997747,0.0344453516830802,0.0567668997427032,0.0281030333448454,0.000943560971742445,0.0795560260386941,0.0224630165800312,-0.00683509005903866,0.00857884609475927,0.00586893413194181,0.0220943381407977,0.0396907464065726,-0.0158875277649329,-0.0144528076508475,0.00146163025094409,-0.00175425937461336,0.0163765456696485,0.00637562146980104,-0.0514957071077789,0.0209236173603437,-0.0152168135276318,0.0373639968904595,0.00510086230760078,0.0176822256207777,-0.024093439297176,-0.00377833999032253,0.0442820943889014,-0.0228790085414815,-0.00942981439552164,-0.0415932081554421,-0.0413334302026637,0.00779766719699484,0.00858933497360981,-0.0221015462266205,0.0156696806443586,-0.00754466338523269,0.0156682441271794,0.0146359265968296,-0.00244740042989538,-0.0418864042675724,-0.0225305431293077,-0.0424684929093385,0.00778803071364958,-0.0271843811534313,0.0155188175469191,-0.00375117435602945,-0.0108752069511425,0.0184378446971543,0.0363381553360973,-0.00667154547367727,0.00811815108297502,0.0197763381261764,-0.0211531200399772,0.012823247312595,0.0225751279863867,0.00272288456903561,0.0276177201321146,0.0176293874585234,0.0167913207560662,0.00274378563810439,0.0282094608372125
"KAISO",-0.0198704956489021,-0.0357068234530722,0.00766436283078358,0.0372129465624388,0.0116518065043186,0.0148399901660462,0.00317920056644851,0.0189976488902143,-0.0363637863160686,-0.00902854607287695,0.00152815810935817,-0.0274247413772681,0.037713974138655,0.019612959764536,0.00384458985806508,0.016482883591243,0.0277075217965166,0.0130266790276697,-0.0529339527766249,0.0141184653784003,0.0224706956554263,-0.0320758190349303,0.00676773109537895,-0.0163308877701807,0.0212213176803986,0.0136062835661952,0.0181556605635593,-0.0555420556509339,0.0142355134701552,0.0140177790389881,0.00473358320265837,0.000122653682479798,0.0241963791008186,0.00559252308150935,0.0255972494643339,-0.00524212191076834,0.0147288292567993,-0.00813251926132085,-0.0283409454331044,-0.0134734437965618,-3.38838372547845e-05,-0.00974219260870845,-0.0175639058230615,-0.0114628084192933,-0.0116381046754739,-0.00459743608299724,0.00728311174725182,-0.0109353242135367,0.0167720494202473,0.0215580449001055,-0.00786394467729613,-0.0207551719581555,-0.0219446480806696,0.0199375975334107,-0.0036203428488225,0.0104928756365905,0.0190402555631193,0.0306698589420735,-0.0127663695849958,-0.00148581959459268,-0.00690101739493422,-0.00630021593473371,-0.0332561025181052,0.053761239789007,0.0191875004809994,0.00558904019547523,0.0176976878349657,0.00708578916566009,0.0104614693174355,-0.000877240981906813,0.0130038491699978,0.00285458785322382,0.0107473900388402,-0.0116074318588327,0.0162343491771587,0.0309115211925784,-0.0217997356224832,-0.0108908018774842,-0.0281335636812592,-0.0135702316915172,-0.000506913045906813,0.0116514171829724,0.0287626953686049,-0.00658754701661856,-0.0447763270472087,0.0124660237781763,-0.0102318678487575,0.0251270075080823,0.0207725907862405,0.0120718424410683,-0.00405514408329833
"KLF8",0.013736323780076,-0.0308674391483262,0.0102353446347718,-0.0210301691063481,0.00588839426146197,0.0205998191466717,-0.0452103842038356,0.00450421141387565,0.013595642894213,0.00235517282468497,-0.00181970467309436,0.0264083731640385,-0.0169023204758598,0.00801912260913919,0.0246882607832806,-0.0185745765325689,-0.021059620202806,0.0110135629388548,0.00102511466708656,0.00898789770736047,-0.0105532136398738,0.0205550836716721,0.0128217723524323,0.00201085102510696,-0.0112774003463719,-0.00216501150066148,-0.00594899702861215,0.00305895066950488,0.0269209746583445,0.0153267983665846,-0.00504939891242159,-0.010743540101488,-0.00438859452278913,0.00657452584704442,-0.00697432192756999,-0.0199794447051973,-0.00828442516488661,0.0048652037646366,-0.000201105686045224,-0.0161691652482866,-0.0210283130707686,-0.00100774064486332,0.0294059296687082,0.0033823635045877,0.0286804957120303,0.0138206004669431,-0.0222400525244083,-0.0181389196298494,0.0110542306079105,0.00827751559772277,0.000938846071287441,-0.0311512801981039,-0.00247094287611027,-0.00725407360766189,0.00991296201465888,0.00142424068173173,0.0163701495616021,0.0215235474533991,0.0386515387811209,0.000262634343733265,0.0140565663926831,-0.0018270768338883,-0.021518385639003,0.0132930565654668,0.00624433922976688,0.00296029374523901,-0.00537705863758634,0.00241779356714609,0.0511790693739208,-0.000724040726243422,0.0139277163429737,-0.0067013831177167,0.00272952964936323,0.00125132442014067,-0.0187810001121408,0.00472270981815672,-0.0153701224509794,0.0235326115688383,-0.0143670008716684,0.0128530534096121,0.020486074405051,-0.00904982557356361,0.0166144296509993,0.00718340950450367,0.00489355551687769,-0.0358832235511997,-0.00136977786872881,0.020962361153411,-0.00738851739219063,-0.0213531173962276,-0.00206703819260864
"LEF1",0.00994305297589071,0.0121678054956575,0.00830089539651998,0.0226017433239433,-0.000386530443054481,0.000665991644075881,-0.000475587143625628,0.01403818375604,-0.0154218896097797,-0.015761861503446,0.0163967538741995,-0.00992573029832643,-0.00938140008529642,-0.00935520458338205,0.0107257882267832,-0.00999958597360771,0.00199128341058448,0.00252433065146073,-0.00217782360943017,0.0209464970046485,-0.00798921262943358,-0.0165463230559331,-0.00637227846076867,-0.0182361146065799,-0.00149678135105317,0.00956531423916445,0.00400934805733662,0.0136872468366275,0.00638577217132928,0.00591277478531647,0.00536357147517198,-0.0178663803607908,0.0207668985481034,0.00454651501315567,-0.00779555594291893,-0.00876842623770747,0.0141973623871422,-0.0048071481768484,-0.00780537283939922,-0.0130804322476693,0.0037246297570072,-0.00375617698032036,0.00770842328280529,0.00804547759156242,-0.0045576706335193,-0.00944221662689988,0.00279418543620238,0.0153127042764007,0.00702145388093545,0.00824525847853908,0.0155897595509332,-0.0283615650068012,-0.0110233103987933,-0.0108698236675211,-0.0114247711843146,-0.0113730713831725,-0.0006842705566226,-0.0128221068092351,0.00281335859216305,0.0119555004569835,-0.0260277016347337,-0.0279640798693665,-0.00249878035936777,0.0181532652454637,-0.0131672895820784,0.00905351529947162,0.00796908366932108,-0.0129919959912019,0.000890548213181631,0.00267245199573794,0.00488465617254265,0.00550118127963643,-0.00852205421784375,0.0160459720732718,0.00033241536261566,0.0102712971237337,0.0110958410552625,0.0135620619018725,-0.000298158999962796,0.0131461250626173,-0.0156224070641023,0.00417994453387179,0.0158849386650121,0.00178662450701138,-0.0186820255358328,0.0112904725949424,0.00416652050125197,0.0069166067404116,-0.0362940887929013,0.000462632371074202,0.0278822762694852
"LHX2",0.0156788131640134,-0.00165551196301968,-0.0166825161956729,-0.00724274662734067,-0.00357731348112571,-0.00210331593048839,0.00505080273709173,-0.0246149115671294,-0.00102620933596181,-0.0307577581551641,0.0221754147411436,-0.0072621758576475,0.0166728487122194,0.023092565935505,-0.0221769161902134,0.0178450264882831,-0.00398480995915956,0.00542573450877087,0.0146928055503724,-0.0226046445006546,-0.0341216981828968,-0.0294488269508982,-0.0143851225718897,-0.0153530944431617,-0.00688774938143449,0.039633132828355,0.00384336209642193,0.0176592447931033,0.0144351249978962,0.0308281683624319,-0.00781770078780734,0.0221542704644323,-0.017190776800068,-0.0215074699896361,0.0227890833727883,0.00298655315289268,-0.0318862914266663,-0.0515331753985701,0.0159522376395718,-0.00306437759746225,0.0130602568822358,-0.0410878522223984,0.016736977161924,0.000420867618751495,-0.0222208097810579,-0.0105462196804917,-0.00591147930456921,0.00189320562172281,-0.0198202535596633,0.0229883483272935,0.0379378499946784,-0.0303533008174529,0.0291254602935133,0.016347642176855,-0.00818440831224877,0.00765397483400047,0.0216639519088087,0.00920183334293685,-0.0232572674134526,0.0277286001223268,0.00160565202219166,-0.0340202106256202,-0.0313610603580703,0.0104781686583065,0.00424978249427177,-0.0092073358008904,0.0505343771717052,-0.0131038557360092,-0.0507139195746121,-0.015658857387799,-0.00328275535767454,0.00661326586111208,0.00923421528184388,-0.0209698895429746,0.0195717593406017,-0.00408658324647299,-0.0237970140251303,0.00683993411614889,-0.0279530054430121,-0.0141822879594441,-0.0549186388133092,0.00724464726520417,-0.0286156736815494,0.00963631588184325,0.0400135287653094,0.00148860974134368,-0.00888942244157274,0.0248541294511913,-0.0205382502794764,0.0112527891873737,0.0453561354011902
"LHX3",-0.00391749790954194,0.00492111947501048,-0.00414804789949275,0.00086964933009508,-0.00782195261658772,-0.00474324567673531,0.00247245493580541,0.0164551008321193,0.0140766999384167,0.016436139135626,-0.00822050205054047,-0.0063058289489436,0.00062140457179249,-0.0356520729489254,0.0192126270212568,0.00314434460376687,0.0163288953658661,0.00372213385811383,-0.00443613820241362,0.0106571742364883,0.0240072488820529,0.0186774990806996,-0.00955910305690466,0.0172949884135967,0.00804031368976279,-0.00251002986749439,0.013699393036368,0.012195789381777,-0.0139215827331884,-0.0276928289130273,-0.0116927567046439,0.00872449347568632,0.0216283448322936,0.0224628233945134,0.0273552262956631,0.00155060842279515,0.0374719357794682,0.0379044079686105,-0.00647058768089601,0.00261228569536203,-0.0131737497575814,-0.00872990143709479,-0.00581767533614606,0.00935989976799713,-0.0152760096433593,-0.00863021182200523,0.0114726485075443,0.0367600337966721,0.0136555398326777,-0.0136656391266328,-0.0221612553424516,0.0159512681217044,-0.023730999948686,-0.0516933398071109,0.0126359544536111,0.0167310244851402,0.00741237230590217,0.0296489394985084,-0.00820692514262817,-0.00234190232888424,0.00743204472530899,0.0364696821245239,-0.00234171984352429,-0.00181155118195708,0.0274814657861254,-0.027608200436627,-0.0349013817692259,-0.00421076887857823,0.0115272708997063,-0.00280414774529445,0.00687084051640161,-0.00964801600267519,0.00538151207666594,-0.0277405595729984,-0.0202376157922192,-0.00262002425492211,-0.0149503344345936,0.0140801134816084,-0.0123295597434309,0.00372624972942764,-0.00970617216244001,-0.0129336558993759,-0.0264329352944936,-0.0031520704074914,-0.0213425688210302,-0.01551189238722,0.0125084595203008,-0.00844055777451027,0.00792233658931636,0.0190768500311134,-0.0414041598998151
"LYL1",0.0270683398417732,-0.00546434509810181,0.00776021245730157,-0.00936228581287967,0.00784987495523155,0.00669540943050702,-0.0019927617804431,-0.0213697667990185,0.0149697216222627,0.00877895689561964,0.00583741473995998,0.0201693534098794,0.00927480867599274,-0.0210616006271202,-0.00715956241346251,0.0146980312395582,0.0251778513066989,-0.00863817715124993,-0.000538086206967039,-0.0148428189507822,-0.00282001670735251,-0.0127147432193914,0.040714397644792,-0.000615538841051461,0.0203949255533859,-0.0120920521119105,0.00667024298781646,-0.000217951693708108,-0.014804191414479,0.0198067464454215,-0.00596398918120978,-0.00628915134650751,0.0315375659463666,0.00458110084021199,-0.00235168548987997,-0.00267110008970948,0.0189020577407135,0.00135019028639295,0.0192754184064173,-0.0139652188838935,-0.00276041759846159,0.0227363029251024,0.00126120746278957,-0.0172502151222123,-0.002209198396206,0.000422354888335731,-0.0180913263596633,0.00946957599229909,0.00180685697185416,-0.0115147144599245,-0.00998817915417343,-0.00746528948363523,-0.0108704448849518,0.00228470696797579,-0.0143604153746515,0.00890213771211086,-0.000413541372050454,0.00423446755105832,-0.0321388382484262,0.00236962391279351,-0.00085660565894925,-0.0047953472356798,0.0263093963138851,0.0124326886700872,0.00907733261702861,0.00475523854922794,-0.0252998366807824,-0.00398740701042221,-0.00824629532360564,0.0107545623060984,0.0124335820813408,0.0222491005655422,-0.0202644317063146,0.000100411854959145,0.00676306173538408,-0.018983340150407,0.00351061036188019,-0.0219748973849558,-0.00195330182888636,-0.01286977062972,0.0164737454300884,-0.01044266497843,0.0129038303626128,0.0283710453039462,-0.000157033836684109,0.000531736203222497,0.00921226855244233,0.00631694353576638,0.0167736520973901,-0.00693824468658389,0.0116622454134376
"MAFB",-0.0310967786418066,-0.00139238799176915,-0.0230534239862595,-0.0153658671165763,0.000310880340275802,0.0144473480741471,0.0543196094627019,-0.029198832273237,-0.0151320835893177,0.0210423176599074,-0.0116792364093444,-0.00864434035695518,-0.018607918100947,0.0208149127371829,0.0198190766674796,-0.0230715817697301,0.0103453434694994,-0.0273101548914342,0.00378827108273972,-0.00100895834670724,0.00103852951586847,-0.00430512973005495,0.00299609333801622,-0.0134402483457005,0.00208373163956466,-0.0317770376084374,-0.0481381224090479,0.00770954757935166,-0.0323505825534443,-0.00269876545574698,0.0115786294259872,-0.0167523102728208,-0.0212844203418989,0.0186493968402448,-0.00289146471396261,0.00759858967381695,-0.00287448785930493,0.0258244577582222,0.0248923297197352,-0.0178102249226482,-0.00512859244093305,-0.00589184283591861,-0.0117995728146092,-0.000278032846263841,0.0359407588232731,-0.0268021082221281,0.0364513848529221,-0.011375902615327,0.00718085852465341,-0.00591504772422913,0.0303166102746512,-0.0181048822670724,0.0158240070694753,-0.0221340200687979,-0.0223357359665948,0.00302725243944021,0.00938594610253259,-0.0103346184266762,-0.0101260113910822,0.0384270654996801,-0.0152888484880123,-0.0306745894622805,0.0256757786020856,0.0407740889204309,0.0233057202349503,0.0157815982054813,-0.0131024562207807,-0.00174315792907612,-0.0188780052879161,0.00679370472506877,-0.00231561647854969,-0.0382538571968521,0.0527514244407982,0.0263172794356627,0.0285569997224844,-0.00917276824194248,0.0344955475145537,-0.0139144154946103,0.0200092105893258,0.031828846444933,0.0071843128892101,0.00960506895529431,-0.0316486098825798,0.00669284834727922,0.00399602046941788,0.0206203818770476,-0.00648978904436111,-0.0161323565012702,0.00207009579885948,0.00357376645214021,0.0579251309644102
"MAFF",0.0303996137213646,-0.000928642278029124,-0.00855772233789308,-0.00558214657171455,-0.00949946793182401,-0.0300616191245004,0.00045048878457137,0.0114310295527614,-0.0106888807095368,-0.00547269791129086,0.00802197861780917,-0.0265135339208934,0.017166242692722,-0.00931118425767738,0.00347004166141423,-0.00889586230029294,0.00197274583442146,0.00720550064208868,-0.00600305083177928,-0.0437316771964421,-0.0134397790044143,0.0189064428577381,-0.00642568774274942,-0.000220465422825535,-0.00577972644341832,-0.0093153718670183,0.00178477845626145,-0.0136070937323164,-0.0164633714007998,-0.00382348708211871,-0.00519145647335906,-0.0180343316813784,0.00330415066990377,0.0113176363247327,-0.0210807764225737,-0.00744499007733984,0.0218910346860816,-0.0102893340984422,-0.00525906036619184,-0.00626990130491658,-0.0115339851143779,-0.000964182349339934,-0.00540901678053982,0.0145424333389505,-0.0167998449474771,-0.0177674565999762,-0.0114068096128899,-0.0136992957658962,-0.0356648708815555,-0.0241274213211886,-0.0306851579878269,-0.017016980826151,0.0203422812428007,0.0131991593864369,-0.0115474044032772,-0.00654465247640224,0.0361101649550852,0.0021457852161464,0.0250107756514847,-0.0104446421001854,-0.00455818180752897,-0.0220710544176104,-0.00544017590252229,-0.0480641961116795,0.00671009486480448,-0.0129764443726263,-0.012517620155213,-0.014181826942114,0.0161780901319141,-0.0328805673094941,0.00461625090241217,0.0117508392518415,-0.00797004872609588,0.000445088940368737,-0.0229309698863339,-0.0446772066420276,0.0299869824757812,0.00236309886046271,-0.0276880454533753,-0.0227311622281187,0.0105517147042586,-0.00551627180042561,-0.0372916726124277,-0.00712100690575131,-0.0184977979174784,0.0220817828072118,0.00947147073306262,0.00162974620434227,-0.0295656801207001,0.0157046448625831,-0.0180405982986723
"MAF",-0.00225316561337952,-0.0296730655383126,0.0107836893557797,0.0230421684639264,0.0246494458712802,0.0201128004590139,-0.0079779073559149,0.0182722973318446,-0.00829477010308505,0.00405372046640792,0.00910655070844058,0.0160678487737335,0.0266896728220001,-0.00603959604500744,0.00639752778527699,-0.00230870787771158,0.000473101454887251,-0.00131756104885641,0.0155812778279069,-0.000390440665741083,-0.0210832493563215,0.00673437241780607,0.0265567454953419,0.0182268229706216,0.011262172472065,-0.0193811009681193,0.0311998432129236,-0.0117592153477752,0.0304340433493796,0.000485687024274782,0.0131490084500974,-0.0293402409526551,-0.00861417148784968,0.0134897183992977,-0.00199939077150029,-0.0164042597271736,-0.00934258420430845,-0.00981279929684178,0.00872589109218955,0.0218313138604847,-0.00861324770327781,0.0239793847019974,-0.0108975339717737,0.0125215154959242,-0.00453821544514335,0.02614787683104,-0.0282409316518909,-0.015103343115635,-0.022069215676163,0.0119370126008548,0.00793157623710963,0.0383801955830876,-0.00967808220507161,-0.00622943857488632,0.036152445301046,0.00291576412340251,-0.00225521997156525,0.0187394939925208,0.0142954400972434,0.0136952868083585,-0.0207847202378089,0.0138868392718204,0.00543594331049524,-0.0251488010005308,-0.0241439852385943,-0.00497310092536595,0.00867249887830808,-0.00610773129881165,-0.0462010898821876,-0.00198465705498968,-0.0542893656905641,0.00373049555944004,0.010997967594539,0.0131036468398838,0.00399997665126651,0.0177901981727339,-0.0274385422325314,-0.00382166000898367,-0.0116228780138766,-0.0364519153373485,-0.0208006653855042,0.0193263666516179,0.00735081949126014,0.0156949603201784,0.0246665979268407,0.0115751161996899,-0.010143591600924,0.0242466326786964,0.0097552644396772,-0.00862664602351938,-0.00903209615799775
"MAX",-0.013030767826149,-0.0217983045449953,-0.0658571879548407,-0.0186352603785102,0.00868096064379113,-0.0183654742465226,-0.0446989359896222,0.0204354029930293,-0.0408638505390195,0.0138116328093325,0.0108718288971881,0.0176887148052751,0.0140417798291852,-0.0107334421839917,0.046392325411831,-0.0121761519258807,0.0268327408363833,0.00623643937456443,0.0181282803464978,-0.0163038497205322,0.0158387143170213,-0.0114391471671751,0.000299561071214621,-0.0152097587027151,0.0021727426139732,-0.0182457231222422,0.045225395294812,-0.0161962023856389,-0.028902308090035,0.0366834836202573,0.0497568222981046,-0.0466026781178523,0.008057521461059,0.0377755747642112,-0.035644208663776,0.00457149834345326,0.0156503261814597,0.0322767414646723,0.0378449127878277,-0.00641885165029737,-0.00402510605274287,0.0492939983673022,-5.59574271157082e-05,-0.00613639739909033,-0.00101610898384137,0.0241889937431271,-0.0238446537162712,-0.0187510445729309,-0.00936359763975246,-0.0319376388187838,-0.0368373262486289,-0.0501563153763149,-0.00566585721769613,0.0180735171645332,0.00503026971064983,0.0121066072496648,-0.0266617230722262,-0.049632995794967,0.0209287142363727,-0.0137783961737794,0.0591325531793897,-0.0284410758509351,0.0224016719786602,-0.00303767030779879,-0.0192431041674961,0.0357651848118724,-0.0401422825460526,-0.00928739755392719,0.00400756817749445,0.00175750252016496,-0.0256775676205042,0.0112492700386213,-0.0334391618231596,0.000931957867801309,-0.0216786707010211,-0.0283651723156989,0.026788900587724,-0.0173088300775057,0.010977267974179,-0.00496748821194979,0.0367264492379911,-0.0340054771230981,-0.0262438771588144,-0.00429891653266339,-0.0487947003823796,0.0110810230265685,-0.0248532140442432,0.0263571184493424,-0.0117810505414113,0.0193963736307072,0.0381885266800749
"MBD2",-0.00022051030908677,0.00337539873985121,0.0248685655771647,-0.00635884726753655,0.00156112404636585,-0.0143070362390329,-0.00658227198400197,0.0432002579753477,0.00441491422970221,-0.0103828909474365,0.000714167067083646,-0.00289281520272665,0.00615519513662768,-0.0159227949526553,-0.0105982553353331,-0.00185775323661318,0.0149483872388523,0.0198867040008807,-0.0351445659821802,0.00677426956042916,0.0147546304884654,0.0187705063155488,0.00858828775118264,0.0111114539507347,0.0273841066583288,-0.00457521288875484,0.000538333155190229,-0.00778805874311234,-0.00740548764052777,0.00456339498957599,-0.0055655152304569,-0.0219175937259257,-0.00917034158636974,-0.0085485641257036,0.0217531569708974,0.0123294766756922,-0.00484395159389543,-0.00913063411448387,0.0170716523827614,0.0352997065444733,-0.0160418776807783,0.0144161418468164,-0.0132875532678391,-0.00503987276656781,-0.00939614480364299,0.0044099225280994,-0.0114227547754474,-0.00427016513282093,-0.0035588206844224,-0.0274978675237128,-0.0323565310448029,-0.0165898428176808,-0.0143083552990719,-0.00682257456390901,-0.000829668718338968,0.0275265205324598,-0.0268280259457127,0.00475863318951476,0.0238424557091205,-0.000385912714428119,0.00801256509237007,0.0298534598528626,-0.00640901804551886,0.0106165279562499,-0.02424221535419,-0.00808595220258076,-0.0029205176215194,0.0189455781338888,-0.0384670226538223,-0.0181079729119845,0.00993167477000725,0.0113680656125686,0.00784362422990457,0.00620372313829447,-0.0103369651515588,0.00290654931891625,0.0246465072770519,-0.00315358480813164,0.00497791460590318,-0.00694058756895641,-0.0173342337706753,-0.0161178254660231,-0.00582395335219294,-0.0048628494483893,-0.00267378995647966,0.0017258336242963,0.0101187025601822,0.00921749489818989,-0.00685627176483717,-0.008711075239661,-0.00206475658450056
"MECP2",0.00517530390904991,0.0012183399555485,0.00388806027335689,-0.0055962090591662,-0.0100233346035231,0.014902373814551,0.0206864800665798,-0.00869834046616358,0.00193388846294994,-0.00325261246483077,-0.0250099782327204,0.00395086247213158,0.000157588880962966,0.0079019095207633,0.0273383677297617,0.0309168322637556,0.00445149855627193,0.0133217843378491,0.00520997885606197,0.00430830534573171,0.00613230964902449,-0.00666480582233054,0.00623275311454298,-0.0146303462893566,-0.00797415989825362,0.00866438106514,0.00342901742797232,-0.0224949835284911,-0.0178970443001598,0.00119886461829585,0.010781757467937,-0.0124267631858982,0.0121581139519247,-0.00679145960590902,0.0232848555588245,0.000822654924560668,0.0238737658215265,-0.0185511412237153,0.00715656025930449,-0.0115903490902735,-0.00757122305711327,0.0013084485172812,-0.0138607421825056,0.0104176182707178,-0.0351573595800314,-0.000207922775073816,-0.0265298304409034,-0.00116653963876768,-0.000356775967552102,0.000465563792844088,0.0112016053892816,-0.00175390664992903,-0.00572497423080397,0.000632804100631658,-0.00943926711261061,-0.00345576325061809,0.0016976407079816,0.00254562481730707,0.0239487815631488,0.00547573014030831,0.00267060809365147,0.000520534711023729,-0.00608095205449023,-0.00716039727177563,-0.0239449317871812,-0.00332941651944572,-0.0132143885601728,0.00117483630350463,-0.0112095287491246,-0.00773451444766475,0.00502223409144861,0.00462820504242475,-0.00431030035967233,0.0055176894039913,0.0422846218920458,-0.018904529063954,0.008629631782265,0.0185057326580335,-0.026582515863662,-0.00887448033007988,0.00218434920310505,-0.00150310327618125,0.00357784613088349,0.00903158196372131,0.0170171254254021,0.00552839691921884,-0.00276048085458404,0.0269014156974282,-0.000202332993892318,0.0162999649770999,-0.0083146637420188
"MEIS1",-0.0564319282590736,0.03806188455254,-0.0134138763816053,0.00238744464540395,0.0134855683571835,0.0142274307320627,-0.0454224273536189,-0.00396296663443188,0.0330485328132869,-0.0127637584344556,-0.0083900644979931,-0.0218533484334115,-0.00118079946669212,0.000672575895500191,-0.00389616163755705,0.0135374849578531,0.0366231209933124,0.0100731517951216,-0.0207323141107898,-0.0106879841543756,0.000956827538554201,0.0204925581234236,-0.0388258016153677,0.027278266005484,0.0100837329501129,0.0033141143248239,-0.00620467486126532,-0.00945404973262541,0.0277932919257549,0.0367009451337143,0.0294729348042877,0.0125345836686517,-0.0610358571445083,0.00577443680183035,0.00435390501261312,-0.0272052526019925,-0.0144638582517634,-0.0543814302880405,-0.00784517362746615,-0.0537167092125941,0.0180805117870001,-0.0101103658361583,-0.034044492100812,0.00177578420164454,0.0359249629644069,-0.0268665896014327,0.0152866337405664,-0.0227255160894435,0.0458326140737795,0.0738858830110138,-0.0392391798178796,-0.0426447419023737,-0.0139692165356037,0.00411702969189895,0.00793820674206517,0.0214073390465498,-0.037350014999442,-0.0303803763412213,-0.0303387398605953,-0.00472722636463816,0.00628623913899858,-0.0183947579892997,-0.0247138867851626,-0.00713985789284747,0.0452422746805319,-0.0047316430775339,0.0150515309135525,0.012304225835732,0.00921625789056935,-0.00738302383725481,-0.0114538404909792,-0.0205367343811337,-0.0190116343415839,0.018712661640595,0.0247257442033811,0.0295909675360869,-0.0238709886010895,-0.00812947711250788,-0.0102308964161488,-0.0118266665016266,0.0142773340944418,0.0267195549712374,-0.0213165734341813,-0.0497057616659211,-0.0415589860456811,-0.0216799003574217,-0.041719219711971,-0.00731670231473677,-0.0244223948789893,-0.0211015692663296,-0.0212860302850342
"MEIS2",0.00406722973384944,-0.0271485752830609,0.010482645430604,-0.00642098330780884,0.006800544644733,5.46020182297418e-05,0.0325141228429092,-0.0109850693748842,0.00816738375773961,-0.0211634270927685,0.004984124933252,0.0117958640864572,0.0095401401374772,-0.0209942073867072,0.00473212523159748,-0.0106415974679917,-0.00881999885629694,-0.021210859345451,0.00817161554148019,0.0191551311124456,0.00995478491625167,0.0136894720989918,-0.00046034109688396,-0.00547111448230243,0.00712401636863291,-0.0143646656895282,-0.0221231869881219,-0.0268765183771722,-0.0160132551538282,0.043908024266365,0.0247375996958457,-0.00577139194315033,-0.00392010535863767,-0.0135857965249532,0.00539949269144985,0.000663555388824309,0.000923029151938276,-0.00210916831921777,0.00268298057661715,-0.00338393640014906,0.0241742121487777,0.0334706369826313,0.0165954260531984,-0.00202299086355789,0.0028690868848536,-0.0221666350588316,-0.00585305257044219,0.0197871454455261,-0.000559432948887799,-0.00769289812437336,-0.0132222393285286,-0.0164341417956162,-0.00633341159757949,0.00685991071262291,-0.00929300511255826,0.006570745843584,0.0241177054346685,0.00937742978148332,-0.00616597493985806,0.00789351601686767,0.0139191692929081,0.00924897727076014,-0.0123033468713698,0.0281925063699964,-0.00874099955477067,0.00128355516132598,0.0219284119991688,0.0117196067024604,0.0427230002419374,0.0319586251164221,0.0252284648569453,-0.0305971326028398,0.0162764067420177,-0.0104892169006266,0.0273437325125285,-0.0211318336148435,0.0481319902517003,-0.00482029163100432,0.0230440658885464,0.00488319561016873,-0.0140240355896445,-0.000807921039286491,0.00729519363082378,0.00920013455541019,0.0193864172176977,0.0208033100336095,-0.0139616496113699,0.011944902066941,-0.0365155491461247,-0.0220449625459984,0.00478257649477096
"MTF1",-0.0493120855328704,0.00458809476603094,-0.050000753591463,0.000526804102665307,-0.0200722164784421,-0.0258316370484033,-0.0106673829086263,-0.0221796914397177,-0.0220196668692982,-0.00558726448532553,-0.0185073820963347,-0.0113540600398784,0.00984657975829367,0.0333975153540387,0.0304247154677517,0.00818609074396604,0.015167465981211,0.00748855068819805,0.00431004144277014,-0.0295530970103458,-0.00302717828820166,-0.0128438448602978,0.00835112807690599,0.00510189971053083,0.0435073109778385,0.0228386476531391,0.0142811953174431,0.0070832874923857,0.0101099117676496,0.00715485949352663,-0.00284239936987456,0.00292744268120474,0.0143603222928065,0.0302401964309384,0.0104248008150721,-0.0138651056749458,-0.00439592138169757,0.0316187229562304,-0.00131045678356169,0.0117386973548922,0.0172758147219781,0.0214883365538446,-0.0235274923262305,0.00841462374065041,0.0140905337171832,-0.000767289464696865,-0.0318773340631028,-0.000921860674186234,-0.0129659527362012,-0.0243680135382805,-0.0153697553512055,-0.00302200722012916,0.00387431013264559,-0.0452820309949675,0.0122839830529143,-0.0156048288177274,0.0297812119901232,-0.0444412264060096,0.0237378159216457,0.0185258726787397,0.00567910667543236,-0.0497006015780488,-0.0322771878894646,0.0271132266645291,0.054277328423116,-0.00604209841440616,0.00209712800440092,-0.0122467675059984,-0.00643322903962166,0.0166448882105882,-0.00108018975145419,0.00811761151395475,-0.0126293602674192,0.0284325778268961,-0.0117094714422769,0.00396789456511373,-0.017224295186155,0.0174256202264841,0.0127011353205852,0.00376515046985673,-0.0183739840186193,0.0158179914917769,0.0169394103573408,-0.0219042817709354,-0.00331938494541913,0.0409386607704857,0.00887039218669123,0.00155862713189764,0.0323767612297567,-0.020439276256443,-0.0303901037467254
"MXI1",-0.0111994886166499,0.00785888055718199,0.0149621888129729,-0.00099500405190049,0.000715545110185203,0.00128941820965852,0.00743601703621074,0.00211024158342902,-0.0231317980558513,-0.0175900997382123,-0.00234976041355496,0.00186420474761781,-0.0151592299954373,0.0140004390495033,-0.0115439058608785,-0.0502921889182984,-0.0275527613128807,0.0234586450868062,-0.00400320830017532,0.00915948672407384,0.0132314323318529,0.0133523919136866,-0.0113093971673926,-0.0142376378628573,-0.00219761734255732,-0.00684467958709847,-0.0444705645908638,0.0171865060751974,0.000313260189100407,-0.00496805725148372,-0.0238126135584982,0.0184639753125704,-0.0220372358991464,0.0309488628570651,0.0119811238226085,-0.0184050686448381,-0.0125246887310143,0.010265539302212,0.00593833166374871,0.0315346788213586,-0.0172512314053929,-0.00861919614819829,0.0222358114525222,-0.0107350760698771,0.00646857839922279,0.016993488088778,0.00990696503692075,0.000653369767495923,0.0095986746635415,0.00145660540630614,0.0169692614444848,0.00786889122868017,0.0296607265184038,-0.00494978763222525,-0.0159702129094338,0.000602570087283566,-0.00228653691617218,0.00571773133003725,0.00862452633091864,-0.00388434307526963,-0.035529348681721,0.0114990840156586,-0.0109122369628164,-0.00168361587054404,-0.0238872819042167,0.0302780915201945,-0.0203408322082471,-0.0174747210776507,0.0442306186853155,0.0193340249899052,0.00542273177608273,-0.000847352542198235,-0.00957358935617853,-0.000496737173397256,-0.0232349593786873,0.00545448901562052,-0.0408388381623002,0.0085075314237654,-0.00854882387246585,0.00966673630643422,-0.0121567934361535,-0.0164338182552402,-0.00841396865586069,-0.00937848464126101,-0.034598203024063,-0.0628654539374026,0.034981574880027,0.033337422891696,-0.00214815667674626,0.0235271239376134,-0.00867096749806634
"MYB",0.02661654635577,-0.00354103719948565,-0.0190978504801407,0.0247619465852753,-0.0188644243903666,-0.012764771003241,0.0165605088289103,0.0210383393634526,0.00259742763069917,0.0302878252004548,0.00218936572238066,-0.0442527273067174,0.0106734915498259,0.00636457191461434,-0.0235714758946813,0.0206885444223362,0.005320431972374,-0.00138606598629325,0.0356763784788442,0.0171679135700756,-0.0196950464606966,0.00247748989156144,0.00281997020082375,-0.00150888740800535,-0.00368276538465301,0.0360296219717671,-0.0121616768233455,-0.0092167650727003,-0.0196336610521918,-0.0129778034480969,0.038604995799501,-0.035464564858229,0.00655913138675292,-0.00363003647009344,-0.00836120023033018,0.0189790413550177,0.0131263432713487,0.0235829836618448,0.00146926200067326,0.0188288889766189,0.00731455328734509,0.0148646621132736,-0.000677601764175929,0.00674702840632672,-0.0287375181010281,-0.00014892620021914,0.0111520251923044,0.0263076242011394,-0.00299651894654903,0.0140260445163509,-0.0203112282882704,-0.0085855763700421,0.0215031492543671,-0.0210913187547266,0.0165141809741742,0.0180244649190411,-0.0228971777177429,-0.0048389486171805,0.0147538127944531,0.00101892604718675,0.000167224240615365,0.0158849883277547,-0.00329382448305854,-0.00821093449833524,-0.00796303525604707,0.0131455189302205,-0.00320869946210641,-0.00423457855781039,-0.0103536851831462,-0.0281146661012749,0.00425252021759079,-0.00904806234005173,-0.0211410563108823,-0.0250766774757132,-0.00421736691608174,-0.00506179420496833,-0.0104126223615443,-0.0541839488159698,0.00742122165560575,-0.0215348963682943,0.00604578055417037,-0.00373992174281028,0.0170683693869033,0.0128011344017274,0.0114616402255128,-0.00901649204976469,-0.0154147840531706,-0.029070447752374,-0.00286030534098659,-0.000288901595331741,-0.00973333458141386
"MYCN",-0.0108978929746656,0.0046586752306088,0.00929714712204803,-0.0105816518637089,-0.016267996503914,0.0360016017130092,0.0235408953981518,-0.0174086882189436,0.0191941469070659,0.0309406993548209,0.0258565436923148,-0.0168977493137651,0.00428301104896955,0.00902611753427895,-0.00522989860459189,0.0378787588235625,-0.00615384215087331,-0.000163682607540562,-0.0178140596365841,0.00685023256566947,0.019189409297952,0.0318965563360555,-0.0251049448241456,0.0438546673571203,0.0311861004155427,-0.0486735286611638,0.0193503354614678,0.0142235057709966,-0.0228083121319111,0.0145784044505525,-0.0187068259558113,0.0255518245430033,0.0236814021267785,0.0138133938287846,0.00525490224247241,-0.0156579963956122,0.0155923833014438,-0.0512245763371646,-0.0105503379930123,0.0581342100356753,-0.0648091966395126,0.00681105168246739,0.0524811357336794,0.0074572752606067,0.0354007046911921,-0.013146641364323,0.0144856864003883,0.0198984871771569,-0.00361552834578949,0.0215744930781968,0.00799817397291291,0.0225005258263231,-0.0266779119956877,0.00702460611650521,-0.0345998701252058,0.00268980549603205,0.0011336868248068,0.0108967853474461,0.00358616322138408,0.0161535951340273,-0.0334289948458718,-0.0148660780004427,0.0246772990312055,-0.00272687720959286,-0.000670126063225739,-0.00275486710769645,0.0352592506773856,0.00217897703230589,-0.0413256489311554,0.00342720252700389,-0.02357881963356,-0.0262239292491084,-0.00872644680046596,-0.031477105555897,0.0494228704725496,0.0134134736601083,0.0233321313570559,0.0291203616748681,-0.0203776876381201,0.0109363736006867,0.00582010261910763,0.0188814051942928,0.000789429719072697,-0.00407711440786997,0.0607357917839172,0.0194462967469653,0.00120673609545808,-0.0147868368364508,-0.0238785325810933,-0.028927049755833,-0.0314001838438077
"MYC",0.025192440121382,0.0135864716294962,0.031822065066255,0.0087422765854133,-0.0134193493262324,0.0169822386703606,-0.0217983912855912,-0.0250108273872044,0.0360805623566999,-0.0352858128447924,0.0324507881241068,-0.00202643333144814,-0.0103139143215293,0.0154855533711048,-0.0223599428589048,-0.0181244538335992,0.019962566361764,-0.00802265622829773,0.0199314128619779,0.00294995541579584,-0.00471046643161306,0.0055595393326813,0.030456769149672,-0.0153893930330582,-0.0454893427565812,0.0606142094619873,-0.0125918174015762,-0.0207957290080545,0.0453833691873107,-0.00389543486986613,-0.016956527697223,0.00494866929917395,-0.0365245544761447,-0.0664211160611172,0.0122640404060458,0.0199136915673114,0.00376127899579779,0.0127503069736156,0.0357404504107817,-0.0276487431741789,0.0550741362387472,-0.0383545939464614,-0.0355339708647958,0.0321449795359711,-0.0118472477511047,0.00401622534887399,0.00646261252873916,-0.00114490018495125,-0.00460301662984588,0.00318676491854187,0.0308329902090453,5.5193143681836e-05,-0.0202796598396959,0.00586602331151697,0.0362297723059427,0.00726502548891124,0.0262028332739637,0.040103501355701,-0.0194359077678358,-0.0147748460297539,-0.0326485180181698,0.0170775619159446,-0.0243661923238291,0.0225017786134101,0.0115424238643614,-0.0741702099609362,0.00771516231655971,0.0246493049086442,-0.00518932099753218,-0.0194317073085631,0.0404368888047304,0.0234425361183482,0.0217102554596232,0.0275672240124232,-0.00728128360404993,0.0238491708345903,0.0275666826446035,-0.0198834836161981,0.0318270500108524,-0.0113277487527911,-0.0238692729944466,0.00544757204123621,0.00254109272147158,0.034308916533007,-0.000192262933552445,0.0355226278845124,-0.0461944996401922,-0.0284896086492042,-0.010749764051203,0.00728238593457813,-0.0264297352830186
"MYF6",0.000448010738666936,0.0214186776883074,-0.00240145471675291,-0.0108397495835874,-0.00849115595538422,0.0352302541809526,-0.013391449852319,0.000417125793594383,-0.0022379396871794,0.0330060401586125,-0.0045697910393176,-0.00411202920687922,0.0253013710128909,0.00420990400861194,-0.0151399963076669,-0.0202408344507951,0.00136221550603037,0.00973344273283132,0.00909723378233002,-0.00572349740514353,0.00966830193117504,-0.0179104744103111,-0.00693357986966444,0.0194738988442694,-0.00218728444274049,0.0267236859341191,0.00710237920106337,0.0195019442846366,0.0192575942374049,-0.00416383770202711,0.0146508976251418,0.0114236934200877,-0.0186698298724827,-0.000490392595925579,0.017022994402004,-0.00857668037624578,0.0125008614115993,0.0153248153359442,4.99023280436684e-05,-0.0036665785552273,0.0193063909356966,0.0138180530723929,0.0203212784457275,-0.0199707951810952,0.0142130011024933,-0.00852782988048643,0.0310646224949635,0.00673235971595043,-0.0102295617969537,-0.012332544490352,0.00963410641087186,-0.012491610626365,-0.0306950399513841,0.00387036564316869,0.00279438965839608,0.00702478818507712,-0.0262041216787498,-0.00692482382212125,-0.0312331076356699,0.0198510305157074,-0.00658912307279177,0.0336874625450572,0.00408853462902587,-0.00813282751271452,-0.0185067619967232,0.0169286474361878,0.00854242180502453,0.0183789502533412,0.0221613893589922,0.00193114096469833,0.0100643407144703,0.00297438083979711,0.0219872141208936,0.00197480737246156,0.0113754076249366,0.000384480067036287,0.00465165780927493,-0.0333001902268598,0.0175739984807643,0.0145922286769619,0.0253517823655185,-8.33328831944525e-05,0.00718981866737105,0.0237027204697281,-0.0148201686716673,-0.0110372809759677,-0.00971466922273256,-0.00137831107978344,0.0334054459641972,0.0094976387526419,-0.000791431089718967
"MZF1",0.0304057261011215,0.0051354208354423,-0.0010755308059905,-0.00387695991600176,0.00253190973688017,-0.00269733236426524,-0.0276142442611021,0.00575070227399417,0.0105206904086553,-0.0058171047351364,0.019211014981002,0.00920549038466806,0.0116372742915456,-0.00415845182321158,0.0154446820457252,-0.00448300088939675,0.00889888417359404,-0.00465114572316111,0.0268334354608864,0.00426028769306771,0.00412488456780117,0.0164162106352673,0.0112825951528245,-0.00688681643203953,-0.00176279195266138,0.0230235458317589,0.0013410084949376,0.00296035542413328,0.000973868048974281,-0.0117018851024141,0.0129385476638263,0.00169186068989598,0.00158639480873551,-0.0117597214963023,0.0153321350245054,-0.00439756071473338,0.0230122513666792,0.0102002708944148,-0.0284779233119738,0.0051596411628407,0.00128366125263298,-0.0128771312008158,0.0154875494617415,0.00218548230819393,-0.00598937651793525,-0.0215688793414456,0.0138799573087749,0.0207696172439508,0.00483285127958166,0.0136714800341552,-0.00682695198078697,-0.00128530566525197,0.00996437925008409,-0.0073759926323529,-0.0109737243234445,-0.00138806955077218,-0.00611020051947362,-0.0119029694726547,0.0165080301996321,-0.00371130106646814,0.0112621417978282,-0.0180881089419444,-0.016096725299901,-0.0148264283151111,-0.0122215681475361,-0.00759718569168209,-0.0113241977540275,0.0173186939359095,0.00456088445653045,-0.0115423890919662,0.00633745248232575,0.00217758371469081,-0.0151478763944389,0.00369431226884887,0.00611355760900032,0.0195532959079015,0.00580342909653474,-0.0391337956190898,-0.0147681546100697,0.0065081096090241,0.011945241826917,-0.00600190194730371,0.0232210036588306,-0.00401713026607801,0.0386013274366589,0.0130843465443222,-0.00989682779732858,-0.00502384759692248,0.00254990223527053,-0.00419922755250296,0.0168137763214311
"NF2L1",-0.0231672157522107,-0.0217162849537598,0.0184179652614715,0.0191793679737146,-0.00561314085460505,0.0198759565944555,0.0276322974708962,0.00845081440220571,0.0169456259772825,0.0248634371511101,0.0112884946174103,-0.00399217927561634,-0.00709742274113534,-0.0502432175869192,0.00568882729447903,0.0475026106355445,-0.00276219233449192,-0.0424002639516834,-0.00844188354123641,-0.00740597572857841,0.00029658584138357,0.00899603406190181,-0.00447508972667468,-0.00916892790553923,-0.0397718885592719,-0.00999306321766682,0.0264019243849858,0.0145671507838076,-0.00787157150642048,0.0478949919645929,-0.00382918890818669,-0.0324064540196203,-0.00440790243842339,-0.00938896279484377,-0.00354183866015731,0.000704037961563576,0.00394157024693067,0.0114857578761774,-0.0346930554623649,0.0370554748935521,0.0241249871095216,0.0195193283404942,0.00247941270764068,0.0308980190122317,0.00154317246411362,0.00857937310946518,0.0367800485726597,0.00856262925526281,-0.0432765656056044,-0.0654637396907818,-0.0175296751790919,-0.00651538215617555,-0.00889911244570573,0.0169339192823698,-0.00881277353072153,0.00446753934918042,-0.0261833312878867,-0.0270488333587314,0.00804013826326191,-0.0175019954266597,-0.0299556133327238,0.0254546268641424,0.0273525810996131,-0.0172565929284943,0.0249692188407262,0.0136770052907312,0.0145323625104276,0.050648167696689,0.00473450463189181,0.0152304400720378,0.0143406411402939,-0.00764048663395603,-0.00418214051661315,0.00777323976364097,-0.0158478781679717,0.00822826406958697,-0.0594043799418149,-0.0191523953831018,0.0188150619373284,-0.00983543614290866,0.0193452066776392,-0.00066070788408283,0.00529337439885179,0.0100789830003051,0.0171215250663606,-0.0175775497321997,-0.0323813321388968,-0.0172776487721719,0.00863932280748949,-0.0335435284488733,0.00919764879826603
"NFAC1",-0.00216980601485122,0.0115500181741806,-0.00103644839028414,-0.0128444140914984,0.00377949588528925,-0.0113123044992626,0.00118704088835207,0.00785833883916842,-0.0143205282896903,-0.00594663001337986,-0.00249335929643009,-0.011884598391377,-0.00424028099210427,-0.00638187011243548,-0.00439753081320331,-0.00111343834859791,-0.003589597299036,0.0141279311757454,0.0114583858859329,-0.000846015596130475,-0.0270226978827953,-0.0150254485641155,-0.0190149020948822,0.00850783085975019,-0.0198231046184349,0.00448586419261605,0.00509711287133727,0.0109384114958477,0.00256153032309366,-0.00308079851537149,0.00302722863184673,0.00969219054317659,0.00465027468200015,-0.00752043165381387,0.013529322413482,-0.000595553413456548,-0.00313938364272284,-0.023163212034342,0.010777214784047,-0.0145171873123718,0.0119618738426424,-0.0229333684203522,-0.000289498848541758,0.00231638411393285,-0.00608515625005071,-0.0152575488969507,0.00701216944887384,0.0160823352670419,0.0235050046177632,0.00906021761897596,-0.0038126684998704,0.00719526451954542,-0.0202830055526949,0.000841556309208159,-0.00434544779329184,0.0197149461056104,0.0166067880820313,-0.00559362851069342,-0.00222266376209002,-0.00199065500981814,0.00893001048437687,-0.000514710220191742,-0.0135483252831529,-0.0114515993717626,-0.0152816158084488,0.00173010046622617,-0.00152020104366381,0.0102873685685713,-0.0137647261332061,-0.00362691912568397,0.0108765327355632,-0.0262802684852752,0.0131727158356596,-0.00272289875115549,-0.00900910030890667,6.88395247875087e-05,0.00614744364232167,0.00675796856659933,0.00177473686269345,-0.00798266025838094,0.0140758397329396,-0.00772635277683575,-0.0122422864856436,0.00295960214841787,-0.000787286524311204,-0.00124187692985775,0.00218074990375623,-0.00136833999983202,-0.012765628736761,0.00400502187469257,0.00496931984781534
"NFAC2",0.000671704847862953,-0.0145899793925605,0.0341856115625234,-0.00410036613598789,-0.00663009769224885,0.0226598707063266,-0.0385540657395848,-0.0268938991395055,0.0131356037670988,-0.0215245764180599,-0.0337011372806715,0.00994738870637262,0.0260630291636015,0.019685900793637,0.00684955539028532,0.00442654689832373,0.0419535570424379,0.00323104383447085,0.00966390267649159,0.0104486989413558,-0.0128007089842607,0.00121308380839283,0.00560629782929545,-0.00942780976201224,-0.0130508602698092,-0.0120400381937109,0.018803890248919,-0.00672141238227923,0.0190470738522755,0.0031727445712356,0.0317200222657952,-0.0110695357081159,-0.00351261523058449,-0.00836486570952605,0.0148690736796059,-0.0108110730954693,0.0219315294103748,-0.0144346800660845,-0.000622105995423758,-0.021560972295592,-0.000958633592910003,0.00105914706650585,0.0207386962924407,0.0100918647003998,0.0272654566464123,-0.00746281247958607,-0.000947600541489529,-0.02130862361694,0.0204315592282399,-0.00604455603017922,0.000329836141276493,-0.0158073247220805,-0.0163541323545115,0.0143870048434034,-0.00609244681291161,0.0267132564725891,0.00555893799344059,-0.0140728354586336,0.0193361600225351,0.0012286901833998,0.0127642354964638,0.00442388133318964,-0.00121256536026501,-0.00881580899535034,0.0126730446094438,-0.00605899315732245,-0.00219343140258338,-0.0187286871129981,0.023005952705151,0.0165214116904993,0.0145269906012216,0.0023771771423851,-0.0270111146723384,0.0292318248237688,-0.0151775261841447,-0.0104140248594794,0.00376414291072489,0.013482219042207,0.0265130912049041,0.020522223492974,0.0164596238083363,-0.0229047022977284,-0.0227514212173884,0.0356993805751634,0.0316555266187864,-0.0159320386823126,-0.0179506213908699,-0.0110848871586559,0.00365129022891553,0.0104740571433335,0.00590488735242249
"NFAC3",-0.007009691893457,0.0374855577952635,-0.0114044250471905,-0.0168227701341673,0.00506669117170617,0.0175761435001185,0.0119634781396272,0.00499837876858361,0.00493701762977445,0.0224551178761202,0.0385106096081026,0.0195757770438882,0.0156165161303181,-0.0263442708025234,-0.0199886636766947,-0.00380898439815338,-0.0308672504543062,-0.00514901504009551,-0.0205998771425966,-0.0243190058824927,0.000296954950833025,0.0146736258230761,-0.00455609088994068,0.00826643670355985,-0.003182894187368,0.0116264659109112,-0.0215034572980183,-0.0126617308718598,-0.000980465274975899,0.00213696405097097,0.00299518528444587,0.000187738329003446,0.00777008614663735,-0.00336671934597235,-0.00301995965209714,-0.00118224428566484,0.0146394172418933,0.0203180238492599,-0.0071431576794245,0.0239517668539288,0.0183780795013463,0.0303511503135645,-0.0140428627399553,7.91943464321056e-05,-0.00993804393408652,-0.0304275238455473,0.000923651277729913,0.00460940813682058,0.0108960556761755,0.00520609271543149,0.0113901428644598,0.0219098375819455,-0.0173083333180764,0.00394335202005843,0.0150483434542956,-0.00432881548455282,-0.0203855416600728,0.0198429853050833,-0.0117669077550229,0.00804864621408004,-0.0340642572457273,0.00377462554092921,0.0248355146303745,0.0243143614322508,0.015427370638397,-0.0151993265200976,-0.000784775318876955,0.00803858592536492,0.00092335085017953,-0.0298137868458064,0.0131689187055835,-0.0041418969716071,-0.00492949457632433,0.0205210574994069,-0.0166664830339755,-0.0145342138456699,0.00247053541296972,0.014252840927092,0.00712084903911638,-0.018782969425985,-0.0123293317107586,0.0111293047696397,0.0255205634958042,-0.0349188491762029,-0.00692845524168661,0.0257340289567834,0.0389601766799657,-0.00420390078997181,-0.00967807617769671,0.0190667399244416,-0.021810499641177
"NFAC4",-0.0100240140957596,0.00402683521811085,0.0140336225554725,-0.00937947088284036,-0.00676113466105959,-0.0143815829891429,0.0121911044854505,0.0211697980326711,-0.0207230787730431,-0.00833187616673064,0.0427767719386059,0.0269112844672525,-0.0108526289448751,-0.00611535118761656,0.0321706360664647,-0.0203258539444904,-0.0148398131109568,-0.00088766153146182,-0.00976671411457504,0.0325222041256672,0.0135576905017577,0.0155574399788303,-0.0120914810486842,0.00346519326508912,-0.00516580900378354,0.0034481428124772,0.0129392096001125,-0.00304465319359535,0.00746518366717783,-0.00551889618194027,-0.00122128297285416,0.00900431029244895,-0.0112247225589608,-0.00525624302915895,-0.0425032829386408,0.0215674279658712,-0.0201265135211257,-0.00743780182253611,0.0204574834075254,0.0557036288944745,0.00722022415699351,-0.010466190187244,-0.007174180796351,-0.0110010168748752,-0.0070504836871227,0.0248954097741435,-0.0132524555912093,0.0277015759427045,-0.0262408267618125,0.0156419636351192,-0.0153357454510101,0.00966587137947529,0.0261650607582666,-0.00905554499216675,-0.000390683931096283,0.00166477009544444,0.0433129661269687,0.00862179475850061,0.00064285600916272,-0.0145637232720433,-0.0125237365328116,0.00649193473646177,-0.0209897694616226,0.0144516099725231,0.025974582326349,-0.0125003661887288,0.0182670073447868,-0.00366273430120121,0.00478659137107688,-0.0202663369808938,-0.0223788891558163,0.00738713108240145,0.0038042707746239,0.00138639632351966,0.0218075075276042,-0.00794618534604936,0.0292892807452374,-0.0300093946151833,-0.00492891874992336,0.0115929425169729,0.00762143163356512,0.00119438704213025,0.0334232578596909,0.00246781353396624,-0.013563691576861,-0.0326781901779461,-0.0120688050670684,-0.00711935124701346,-0.00988918255095084,-0.00971191495358261,-0.0183630711842264
"NFIA",-0.00695698122401752,0.0106326039141573,-0.00393806823819783,-0.00301638838497041,0.013125951326453,-0.00254097116172682,-0.0084257575423667,-0.0125065608896347,0.0268402919304927,-0.00331517465229776,-0.00391276494996954,-0.00351523521287502,0.00681366962870956,-0.0151739433318449,-0.00124617315819635,0.0154746229366458,0.000536075227430946,0.0343218981917743,-0.0116145334163454,0.0116239185574609,0.000288054718743446,0.0131162720065926,-0.0112898624396298,0.0248003615545037,0.0347514256736696,0.0199923215059417,0.0104318555985766,-0.0120769627654076,-0.0060592580990878,-0.00809527164955018,0.000372713546224347,0.000677669884287458,0.0231658448571188,0.0126093903431289,0.0250482254976881,0.007368566494175,-0.0228985769398268,0.0177399200404882,0.00245671189670413,-0.00358867290602415,0.00508016918514165,0.0100060633335726,-0.0424639032004231,-0.00975787174920847,0.0185903199286923,-0.00926400414889525,-0.0409636999467726,0.00402250546593306,0.0174866816620332,0.0225484024195264,0.00165496618327371,0.00679655257642377,0.0221031193134989,-0.00248735223662835,-0.0011169329161154,0.0246033308453814,0.00655139221701815,-0.000696579481438971,-0.0123992307783712,-0.00397637760522572,-0.015538424568421,-0.000495250540908527,0.0316659008147609,-0.0158216721285485,-0.00571139590630639,0.0205647073328078,-0.00749732631037232,-0.0268784790461319,0.00737666184912039,0.0159213367521041,0.0133072230621592,-0.0356517893049023,0.0184215843513007,0.00508742958987983,0.0060346116970886,-0.00324275908132228,0.011533970330374,0.0199043842795,-0.00154371764233837,0.0140037361114745,-0.00223854161872738,0.0136740660456301,0.0113230955134358,0.0231758058070465,-0.00622448331108894,0.00229770474499998,0.0327919127952791,-0.0210991331688841,0.0116108769650737,-0.00214095305960514,0.0343192047392818
"NFIC",0.000837453493834466,0.0075793880075805,-0.00781211416703575,0.00119252186936543,-0.00971082106142416,-0.00868058413894558,0.00499428394231017,-0.00694420616550077,-0.0236094517949401,0.00977821420335993,0.00856015208343646,0.0108768749679751,0.00597287573267682,0.027743360249983,-0.0156808591285303,0.00738656510347172,-0.0129642354946418,-0.00858527690506255,0.0128394992024315,0.0226889834915767,0.0189135224132438,-0.0125637400299657,0.0272583828663005,-0.00878520383210924,0.000889689901286517,-0.00270723949463392,-0.00431979596158994,0.00682015846141396,0.00728398910998133,-0.00610967765484291,0.0207300143242468,0.00511344939601482,-0.0213486592856732,0.00301951830725634,-0.01106967853957,-0.0027983235599346,0.00602436176637126,-0.0118794035610144,-0.00274673447524771,9.25590082618652e-06,0.012506251587773,0.00218513755343108,0.0205602163428295,-0.00158304899589771,-0.0139985414157614,0.00830954419019363,0.0393408336710345,-0.00858947832625322,-0.000705205206122234,-0.00713648364664476,0.00802406809219165,-0.0350209887753501,0.010398323236243,0.0073172374629348,0.0137646429988107,0.00179121320982627,-0.0112115045945245,0.00574135142469773,0.0116311195217614,0.0171004096533566,0.0251921148851047,0.00867778716443408,-0.0277871945513268,-0.0110347277152755,0.0107206531173131,-0.0177353520421817,0.0210780127062792,0.0110844386593384,-0.00831975121867305,-0.0109583025329016,-0.0286320129699838,0.031533939634644,-0.00680748762635437,-0.00750463615878792,-0.0275932592774276,0.0107500611595139,-0.00975160252708844,0.00979484935315513,0.00325863556120807,0.00522990288326587,0.0127001653599658,-0.0230857224621925,-0.000986227310043781,-0.00462237905243737,-0.00394406220635352,-0.0183176793049595,-0.0100942157270332,0.0163780698294105,0.00870857422636338,-0.00248238945329989,-0.00907175951650892
"NKX21",-0.0253973222288381,0.0217310439283467,-0.0367671673408094,0.0294439576676024,-0.0161411353813667,0.0109139549175123,0.00150540749191621,0.0316780118263722,0.00708602399464566,0.0304262140516219,0.0172524832927508,0.0142908697440239,-0.0191233287228943,0.00282415341690192,0.0108206654553945,-0.00717759179425782,-0.00476093574735185,0.0123786941644425,0.0453559259555419,0.00324394289185347,-0.0186607350962243,0.000284933987357989,0.0183531370681787,0.034625602995068,0.0126150329756435,-0.0398708364335961,-0.00477655186434676,0.00368334804619328,-0.00919587960757529,-0.0060475265054383,0.000315892058836134,0.0357101693299591,0.00130119811286686,0.037897429667337,-0.0031192786912285,-0.05243179594934,0.0234395166737699,-0.00374932364380371,-0.0217940063814117,-0.0082571847076802,-0.0109687009334163,0.0205366345994086,-0.01374634444981,0.00482495531711497,0.011988808943235,0.010812135744862,-0.00135569094109991,0.00253212492150796,0.0149121584080934,0.00583603848351361,-0.0182569729288718,-0.0251364179771536,-0.0171385094179039,-0.00616948729699668,0.00912190821272544,0.0315106658998691,0.00230142126692845,-0.00571307507626079,0.00499629580046073,0.000488137761554053,-0.0325824188710362,0.0289059151239682,0.0243770397832158,-0.00913140025945054,0.00345103996457148,-0.00716588450860034,0.0514871054998278,0.0338794642015823,0.00751165721345487,0.0126862990997,0.0188210921814211,-0.00379945005167712,0.000741271112472333,-0.00743910929055965,-0.0111896764831496,0.0162462620612065,-0.0446734528526602,-9.41138751204395e-05,0.00215572429962539,0.00464443008819712,-0.0127679996259736,-0.015894082074161,-0.028514044424999,-0.00665309750294784,-0.0151408160771367,0.0124491491603876,0.00727190823480064,-0.021895834638533,0.019191719468406,0.0233283761193013,0.0104736529407914
"NKX25",-0.0152554828437893,-0.00847851257931083,-0.004645617706745,-0.0217235480227673,-0.0237228286556524,-0.00977747452184234,-0.02617571420695,-0.0082766218977652,0.00485726381630808,0.00531748919037601,-0.0277463648907062,0.00402403102135953,-0.0138918586240885,-0.00578794865919358,-0.00123865359765303,-0.000999741176378674,0.00183606013416519,-0.00213040365135618,-0.0125153045056291,0.00527110679283961,-0.00301285045139485,0.0180971237165683,-0.00179494345375723,-0.000139518402705854,0.0201268524006759,-0.0168629451260832,0.0034055707271839,-0.00053514849456668,-0.0229021355742981,0.0240051560530088,-0.00794752610523902,-0.00830790752423443,-0.00197192099284016,-0.0374537351087704,-0.0234281672553692,0.000139000600420376,-0.0129484757731167,-0.0115519574462893,0.00209062340034175,0.0334561418226538,-0.0200594147438211,-0.00440514930409376,0.00199942096330241,-0.0170082247190003,-0.000936714955840407,-0.00550301315434892,-0.0103018317585159,-0.001563838899956,-0.00675937924302687,-0.00212674803036444,0.000264653475431043,0.00653183576665426,0.00477123628713592,-0.00860373392321802,-0.00724437474752147,0.00804987053348896,-0.00828515605149229,0.0174677138675687,-0.0105216988728433,0.00847640334978025,-0.0113442728219555,-0.0032736553133446,-0.0151807169387804,0.0147118245121806,0.00847210428205723,0.00119230344691872,-0.000741190096180185,-0.00496461328000285,0.0106008629210405,-0.027242778551445,0.0231139516155466,0.00116696587592956,0.018396284281266,0.000621202893274934,-0.0263852758639686,0.00617348849672883,-0.010623856523543,0.0140808222977196,-0.00230429092920865,0.00335139649801858,-0.0160404775086931,-0.0190687044616937,-0.0162961331814682,0.0136063128296036,-0.00133473658977849,0.0127789181806373,0.0120782888979383,-0.00433239461514241,-0.00205225669783856,-0.0126053794005918,0.00260222226082248
"NKX28",0.0353752210574589,0.0110665991539552,-0.0246118296212063,4.95665915230796e-05,-0.0107969339827875,-0.000836472691798705,-0.0130194147662316,-0.0232719587974864,0.0202579538499061,0.0138857337032529,0.0235162045798174,-0.0117904529262699,0.0147483581781238,-0.000505232588620204,-0.0322976166597211,0.0168603437832554,0.0246872239293213,-0.0114293512871641,-0.0165479223093499,0.0166300062569198,0.0153049864107375,0.0206193844890973,0.0348171724480391,-0.0162556333841614,0.0328137790007162,-0.0208994562426493,-0.00207766448512704,0.00176428076707269,7.90334382008623e-05,0.0447109275692765,0.0299830747894517,0.00227473025854012,0.0190308179357609,0.0190957393435787,-0.0114926070987793,-0.0252224372255194,0.0513276833682325,-0.0338339279139387,-0.00542110491037089,0.000269485086448511,0.00501042111312733,-0.0185174952403404,-0.0127323938156494,-0.0193633962833134,0.032726781275808,-0.00637916937511491,0.00708812214826412,0.0253136623805467,0.0043157750687779,0.020349603291837,-0.00801071973172303,0.0106610323727164,-0.00571138004004544,0.0224928783414774,-0.014035976913843,-0.0371014231023258,0.037096803619714,0.020459622373205,0.0220329649665519,-0.0179714021568508,0.00420853973708168,-0.00575538636861622,0.0424928107968135,0.037158584691087,0.0023645144259792,-0.0191391605761093,-0.011514171399018,-0.00152298531488038,-0.0282991378137021,0.00761342913171487,0.00110902828765191,0.0109302062010886,0.00955398329032806,-0.00291382601839388,0.0307631750860233,0.0102450275244835,0.0235030713983049,0.00151296702288761,0.00175176913762921,-0.00454343568980084,-0.0123430169460889,0.0350258314253023,-0.00832482849970563,0.0376614316220122,-0.0142419402328154,0.0219355398785512,-0.015040990298498,0.0273758035598444,0.0061673794009729,-0.00634358287983223,-0.0144063422043569
"NKX31",-0.00426360280758479,0.00628591944573834,0.0128434609920864,0.0148298099666723,0.0277424226716502,-0.0313792649089509,-0.0252272981394315,-0.00867069970945373,0.0216765128831882,0.0257347933052033,0.00248307808692241,-0.0144319308524815,0.0170449014962132,0.0385337981344635,0.00456100284395704,-0.012601452830213,-0.000707188819992775,0.016217977103474,-0.0322380452546043,0.00440507133789419,0.00831862028326181,-0.0107872373768731,-0.0244425821679731,0.0450140884227004,-0.0226749527670224,-0.0386596604503342,-0.0174990155579597,-0.0143981803694282,-0.014206686656964,-0.0201400692070485,-0.0250394881007134,0.0419118594556522,0.00202519012757653,-0.0299630557098227,0.0479226575459329,-0.011660586621455,-0.00787039221806857,-0.00191818771699438,-0.00441655830299274,-0.0126750522939351,0.0141408881925764,-0.038006009304708,-0.0220558794452481,0.00572718008521086,0.0283737254915391,-0.014504387243694,-0.0127567335353948,0.0164178916785361,-0.0336549846282898,-0.0270493189155281,-0.0202099347846792,-0.0107347557724214,-0.0292335062373206,-0.0239063779357751,-0.00765528313946946,0.0266414949284065,-0.0214160613086501,0.0026113571366652,0.0101915271699014,0.0202105909564823,0.0156538282971526,-0.0205453932956743,0.0304271559530989,0.00467103018574484,-0.0090738578061406,-0.00320999269976045,0.00363928360187047,-0.0317070425024374,0.0580659849584352,0.0254244950416203,-0.0228703643799786,-0.00312120423366082,0.0108173429876665,0.0106008704621663,-0.016782773385239,-0.0292470691673376,0.0191911305576977,0.0161430673432386,0.0311553393117231,-0.00521361378283938,-0.00248868908090248,-0.0261094203009876,0.012198592538894,-0.0182654148103663,0.0158324376567133,0.00505227024867421,-0.016546224672855,-0.00980419328751139,0.0220485702373655,-0.0359487039818695,-0.0118962056101042
"NKX32",-0.0296586346324578,-0.00778073440651257,0.0078230139472717,-0.00460904444649924,0.00665396121453304,0.0367720046336322,0.0564156823657468,0.0219729626020001,-0.00264236688990368,-0.0390449460813513,-0.0127459706578645,0.0380560487507192,0.00691677002994896,0.0172782841407008,0.024028470389768,0.00705188416186773,0.0123537492939971,0.0213020190505168,0.0268137651425248,-0.0164036637840001,-0.0160129812646998,-0.00531689428682037,0.0331792733002268,0.0162637026389917,0.0538526461466497,0.0184172703615098,0.00567296925003396,-0.00684231720500926,0.0316981900914487,0.0518130886972175,0.0275119490858565,0.000319103275936701,-0.0026190942209037,-0.00862327408018176,-0.0324614548724256,0.0219211220927735,0.0300469988760546,-0.000115260296570807,0.0279479770923605,0.00923399685426675,0.0075863989034989,0.000172630506586307,-0.0190935473717535,-0.0396949958091454,-0.0201782135530223,0.0284796292560919,0.00688975902919632,-0.0116848583334148,0.00788420067399553,-0.00411623064276996,0.0128223415970369,0.00418851230619102,0.00845620211105851,0.008299196007337,0.0560837388832048,-0.0579933520396463,0.0504724619458521,0.0267591887516488,-0.0289401459213276,0.00582045721803057,-0.0189611388809799,0.024403482576296,0.0181761634911084,0.0460548283373189,-0.00613888577944084,0.0280622623455559,0.00174391086586242,0.0455624492359911,-0.0766978924319282,-0.0549788780636792,-0.00934253828558378,-0.00445182945990988,0.00551383715852301,-0.0238217302029803,0.00203919208580844,-0.00176507195774699,-0.0262801729166825,0.00572789948099904,-0.0120816888807469,-0.022378413613221,-0.00942562450483726,0.0173552178329441,-0.0129289843845096,0.041123877270332,-0.0315216142136715,-0.0220658433742576,0.0209884773948273,0.00144494315092554,-0.00485664028509729,0.0290416477052732,0.0658944723791164
"NKX61",0.0178825961007183,0.00988587614319183,-0.00992872697198038,-0.0236194306239938,0.000479513075277392,0.0155267980834097,-0.00726949697577084,0.0354258635246131,-0.00285792285546508,-0.0232201629169194,-0.00521255567422475,0.0209566160897598,-0.00908740448339056,-0.0169784690440369,-0.0137741283335698,0.00220052279953543,0.0207789798660124,-0.00188432455776639,0.0221578472006916,0.00434141370526654,-0.00264104621033137,-0.0198437296103224,0.00644630565521292,0.0104299188893193,-0.0117571607035987,-0.00784422253657645,0.00041287365122565,-0.00792156016066133,-0.00947008190730594,-0.00451885580288557,-0.00264852143976321,-0.016138944136655,-0.00743652636735233,0.0100597735344527,0.00340603020178579,-0.0136473346804378,-0.0180381447744217,-0.0111658845718748,0.0141551170392078,0.0337319202844834,0.0349293681847435,0.0050472979609137,0.00761576208293133,0.00836032211452847,0.00141003358936137,-0.0283441320811679,-0.0260018994994705,0.000959849151367868,0.022971017008862,0.000424027752428363,-0.014185137313387,0.0268989343819803,-0.000868848985007753,0.0316487092672752,-0.0104030255944516,0.00844337179375014,-0.0216269951584718,-0.0020472306661088,0.00290786675047952,0.0262830449247011,-0.0162301492973737,-0.00521851710215906,-0.0145113722615469,0.00567110215096271,0.0041064178239897,-0.0228691016361906,-0.012425956528481,0.0309231536808263,0.0241599619364311,0.0164988981318991,0.0209132406915438,0.000461678730881196,-0.0135986255217628,-0.00606044541811336,-0.024331265635039,0.00169749845253815,-0.0128765755312891,0.0143103221298834,0.000267964236659519,-0.00250404823389483,-0.0191199013017573,-0.000898120197857033,0.010050439903254,-0.00865992515915891,-0.0175931363552207,0.011513695289092,-0.00891189060222612,0.00606437739252776,0.00404889508119937,0.0291892943450257,0.023242340098177
"NOBOX",-0.0440048264355973,-0.00391334361517097,0.0815010941166369,-0.0207660969383135,-0.00157221773597748,-0.0113343108137075,-0.0248437712135874,-0.0154071711925254,0.011383299115385,-0.0251909729821006,0.0433901096137134,-0.0142740116978756,0.0555661068147384,0.0212800270358194,0.0101313505200489,0.0100569029064995,-0.0103655599209823,0.00544916417993501,-0.0108761083879449,0.000855210827397693,0.00152986886337947,0.0303943534971932,-0.00371319646448359,0.015781419277004,0.0536251139306262,-0.0283549882137047,0.0170375501093548,-0.0335776728978123,-0.0427619908370618,-0.00970406778373986,-0.0435365666811035,-0.00293659593705168,-0.0154976379439074,-0.0211061741861066,0.0294402729492717,-0.00897170655531406,0.0587979750178162,0.0151814697480869,-0.00230501242393915,0.00357323241996427,0.00727963513756121,0.00491351497792414,-0.000445131630318942,0.0444590272997565,-0.0503001415714569,0.00248539999707747,-0.0189660936395713,-0.0272768655450904,0.0300379535883055,-0.0133324657519366,-0.0129109854830603,0.0143988186731669,-0.00293456911504402,-0.00957291757689205,0.0416693201427274,0.0483480260779922,0.00917930525542283,-0.0193140977694218,-0.00209580813278867,0.000596740135683324,0.0478356908169762,-0.00796920690726814,0.0243322776016944,-0.0341641788829008,0.0104749867249854,-0.00615022262409744,-0.0180802036109623,0.0497253634721227,0.0156620410575706,-0.0254423749760483,-0.0311130284739538,0.0134902882471336,-0.0117437367447642,0.0305045511117698,0.0121699558130724,0.00606410539095406,0.0238392422158638,0.0195799193184327,0.0290864046102534,0.0337498037475864,0.0215821298122753,-0.0205431417850157,0.0477307568376224,0.023085315049559,-0.00632752469330713,0.0673605509469501,-0.00276261272583671,-0.0188696719125221,0.0176209302631057,-0.00575587780759992,-0.00281638751380474
"NR1D1",-0.0256766678553749,0.00859189832008949,0.0168289093218562,-0.00388498252558655,0.0016213183101945,-0.0108963403215383,0.0195239856406205,0.00341662232768571,0.00525732649819886,-0.00408198227021127,-0.00114181365800671,0.0277116879037725,0.0139700336268056,0.00916822626802279,0.00140152618919802,0.0120421403776934,-0.0269981343920765,0.0133218734079364,0.0027906716176358,-0.00644273831846167,0.00935017156137963,-0.0131560666303201,0.00780628442541954,0.0255255459567948,-0.00124929098751889,0.0100647295399251,-0.0212293682850097,-0.0104743774400098,0.0132730436641288,0.000603662149793534,-0.0158436231485529,-0.00898086308924713,0.00860337242208823,-0.00857502827931424,-0.0105882185602097,-0.00158418647947464,0.00479848999761061,0.00114583238205664,0.0150390902223446,0.00347774130239655,0.0106451321982524,-0.00341165496115027,0.0133545872786907,-0.0137985076965862,-0.00913433850427167,0.0323618423802624,0.00385968488925469,-0.0212973602800981,0.0382502624339068,-0.0156625296651823,0.00767141213090703,0.0190323370987116,-0.00366797800573853,-0.0229419140384243,0.0271876533862353,0.0175873682500888,0.0190083772307854,-0.00683850168257895,-0.000682167353695237,0.0327294869915593,0.00965802097259541,-0.0123476806507129,0.018175395549919,-0.00171603786659039,0.00684441532685046,0.0100266335164648,0.000956820094640219,0.00080591054954102,0.0131234194788288,0.00701749366113988,-0.0325642418793856,-0.00384077579285318,0.0131383716458818,0.0139895099655262,0.00620439088667678,0.0169601588319681,0.0059543995751903,0.00494479067733242,-0.00778907263925902,-0.0208053460902363,-0.0105705632855824,0.0194779587613682,-0.0159859168990771,0.00566580628270642,0.00335326256029373,0.0352448221510985,0.0295143233798289,0.012326822747827,-0.00300163296341276,-0.00847412601571765,0.0116814421854834
"NR1H3",-0.0079158885089765,0.0168662909121,0.00566280428091142,-0.0256608063160636,0.0194534665774658,0.00913721299192219,-0.0429574717875637,-0.0200346862576442,-0.00172392441737396,-0.000845438754953106,0.0275464025111744,0.0152369593913986,0.000759563157039381,0.0103664418517623,0.00223185271947965,-0.00703047119521519,-0.0183954526593453,0.00481016877029357,-0.00584102386703827,-0.0175430517094608,-0.0328158913710927,0.0326085670935399,0.00244375734614328,0.00221205894945808,0.0132548561779125,0.0165732326435256,0.0101306972094036,0.0264431917626121,-0.0211677174261912,-0.0122558941503823,0.0210203021759312,0.026805787364668,0.0105605144882516,-0.00287820033194619,0.00979999258022241,0.00190630550014353,-0.0143537690557242,0.0168370773072582,0.00895283923247866,0.026436055067545,-0.0195536947793685,0.0128654686945297,-0.0198403408868158,0.0178691126966152,-0.00423168663725887,0.00100502039170848,-0.0111293185349359,-0.0212751893795178,-0.0118417973509963,0.00544970644774187,-0.0130580098813998,-0.00991519897730205,-0.0147048993848793,-0.0220700048974062,-0.0206675756132645,-0.0283223755385503,0.0258909832336397,-0.0195476123815553,0.0434315468607529,0.00215479201194738,-0.0283640892013543,-0.012714801976696,-0.00875368341039268,0.0060662562997747,-0.0247056052760643,0.00880491235141699,0.010174232940762,-0.022049127329948,0.0217849685198589,0.00304783122869717,-0.0199737842944549,-0.0178755860316027,0.00920583135031551,0.00898174895552694,0.0309200011010284,0.0334162833783596,0.0032220399054798,0.0380506869557703,-0.0160291526357182,-0.01794891078971,-0.035578120676091,0.0140136325468504,0.018146827696486,-0.0364440597390804,0.00735594309853646,-0.0543726723826831,-0.000288313134416102,0.0225013481548864,-0.0110544990327322,0.0113406021475552,0.0354426006467979
"NR1H4",0.0177725820031425,-0.000118281864594924,0.0248581531548624,-0.0163403431922479,0.0182253360122506,0.00754143385136588,0.0103248501808917,-0.00229406054233189,-0.000103033017602533,-0.00825124669228515,-0.00331094647400759,-0.0014842052366413,-0.022334303181194,-0.0150084443662064,-0.00745458722295508,-0.0120062764117047,-0.000736781050396448,-0.0224024481778257,-0.0227066078545316,-0.0278420045053168,-0.00987869612453112,-0.000944142309119229,-0.0345195807825007,0.0158676161581248,-0.0352278191784288,-0.00444973175665034,-0.0018748666880934,0.00135966255545229,-0.0171198716753498,-0.00553472737059749,-0.0166809193247055,0.012007280320911,0.0152669794480063,0.000245025912319486,0.0162093416015408,0.00450548409946052,-0.0286208724229696,0.00355288307996679,-0.0303956761585568,-0.0213808961356133,0.00379755708722117,-0.00884551023413074,-0.0165872879779604,0.00141932936080019,-0.0370109026673582,-0.0162043093804959,0.0166339190799412,0.0184487001563934,0.00677381475332219,-0.00728205862962447,-0.000519594365518033,0.00722975545338251,-0.0065611521024859,-0.0267120561408443,-0.0156864911002343,-0.0226790201254947,9.17949942477078e-05,-0.0167412694562981,0.0195415407716098,-0.0419102906000589,-0.00157301734418092,-0.0193039134730894,0.00167985257367351,0.00157318930491404,0.0106868310707629,-0.00965168100591782,-0.0177730390220979,0.0100318541035971,0.0384479072311414,-0.0275946735444336,-0.00933554621843285,0.00217163537621481,0.0297904481762682,0.030976146677779,0.00110722680318977,-0.0169085577455614,0.000807021182091433,-0.00602609166103284,0.0129412901287074,0.00859394419445195,0.00354156002339624,0.00122710513455588,0.00481853796714308,-0.00777156149945997,0.00477740155796512,0.00820109175951505,0.0076590809876352,-0.0123267391914742,0.0122678447521997,0.000398198225602255,-0.0125351205611018
"NR1I2",0.0388493959105504,0.0125247781431829,-0.0126495163591592,-0.016553798396252,-0.0397155852183394,0.0162012466936025,0.00119926579564061,0.0181696608063335,0.0417195726263975,0.00665900181898245,-0.0174613524685708,-0.0131189082359005,0.0270907165973105,0.0207035428620174,0.0179108610702469,-0.0112961050469041,0.00134570026946297,-0.00332632190313975,-0.00844116210641893,-0.0206082227157645,0.00733744463756406,-0.0204811814282035,-0.00149321351295185,-0.0217140799452255,0.0332154035229431,0.00163768408229765,-0.0176773610716588,0.0317524659483177,0.007953085984044,-0.0214358530939649,0.0150562658347614,-0.0176972185282969,-0.0213339689395028,0.000652780800454634,0.0333406970800432,-0.00567149844217371,0.019792866822996,-0.00978665670767909,0.00599235708649053,-0.0247953569867981,-0.0272289084722853,-0.00771343549946523,-0.0117070022349235,0.00760326063183382,0.0194987650000379,0.0378166180648671,-0.00230281601788807,0.00125936573119947,0.0197144636063344,0.0303746308867026,-0.0301549553907826,0.0105716097819005,0.00537143675563749,0.0226027875437165,-0.0132959166083331,0.0178691401772222,0.0359402862139438,0.00526625099854557,-0.0319681725704195,0.0124767658598266,0.00211714294962634,-0.0178427217639286,-0.00893872120002949,-0.019517398978679,0.0256933095730328,0.0181868242620182,0.0241342784383081,0.00455464412714083,0.0123571807323071,0.000875370499537123,-0.0119367924251893,0.000242258842586186,-0.00913292355657617,-0.0280314044802996,-0.0144950678975102,-0.00406810819399092,-0.00577053805322814,0.00810509931504259,0.0244919981050031,0.0364225345339522,-0.0107089826154988,-0.0201969378791341,0.0118110593899672,-0.0322431423667295,-0.0081154075830915,0.0134378917252995,-0.0049172456054743,-0.000173571936402896,-0.0224955071447679,0.0146647151599876,0.0552701109173981
"NR1I3",-0.00440801261760861,0.00260691898978666,-0.0112240305320518,0.00774788207204414,0.0099372805099476,-0.00730959418982555,0.0160104466614585,-0.0315814922101199,-0.00979544180851716,0.00708012999504608,0.012089940555851,-0.00510402931917269,0.00323066961594513,0.016785094524617,0.0151643633312436,0.0128812143425326,0.02263193464791,0.0104131245918233,0.000298077305253509,0.00779524213531545,0.0105927941921022,-0.00743354370362954,-0.0191441540557543,0.000614654939831222,-0.0233953867753338,-0.00181600397189283,0.0202297512032802,-0.0210162652575876,-0.00104020244314675,0.0189675761688351,0.0453798112833959,-0.016257764575639,0.0221607245991219,-0.0170627486974821,-0.0074873679735876,0.00388076197092262,3.31116660985661e-05,0.0157975166286777,-0.00832404340408872,0.0100313300518305,-0.0060441280678323,0.00730486899486035,0.0452569158159769,-0.00634532823586782,-0.0248296246411683,0.00840183061839086,0.0129873609988704,0.006852020228039,-0.00693556183959475,-0.0206697228914912,0.0180382704618321,0.00128363656736985,-0.00333252349940377,0.00392571419762645,0.00424138177758863,-0.0126308804216997,0.00897392256368203,0.0229181069016634,0.0243239677090447,-0.0234127245795472,-0.0313181983108407,0.0144938372962177,-0.0153505501708842,0.013981528681168,0.0252477198776814,-0.00732188984884888,0.00784573851895157,0.000752236255372627,-0.0301911301325007,-0.0272704156462051,0.038606770350089,0.00312073777790079,-0.021119659740247,0.00867599696145568,0.0064956272405717,0.0310733139553119,0.0105259519360834,-0.00601665138557024,0.0220687615786005,-0.0230253020633096,0.00475196142189612,-0.010787544572792,-0.00117191361374239,0.0219511362339814,0.0140980543991267,-0.0306850147119231,-0.0049128048226407,0.00794704482492288,0.0186724475227612,0.0215859827361758,-0.00208012416112566
"NR2C1",0.00366495253010107,-0.0241500192777728,0.00844745884972819,-0.0253707786890432,0.00533387015942182,-0.01669036199002,-0.0318135692087228,-0.017993465701855,0.00326468508286556,-0.0161669985617525,-0.000665519685527281,-0.0097492356990193,-0.00192813488167254,0.00586435531135476,0.00108752843642299,-0.0018404760859779,0.000409270673716009,0.014686078271361,-0.0127266463796985,-0.00680888977073518,0.0142260210270049,-0.0152399347770403,0.0154644224029662,-0.00671386452189616,-0.0127677135155272,-0.0458517272233293,-0.0190004810877914,0.0190607704210493,0.0131503975895519,-0.0174893745267319,-0.0232303832968248,-0.0278877171932484,-0.0326371376248229,-0.0222114916241577,-0.00758157339309309,-0.000692556134421912,0.0351700843019376,0.00110879243904893,0.0167938143608682,-0.0135219365145485,0.00445247804480587,-0.0088624353046422,-0.00466740423132709,0.0461838654751577,0.000324028171106697,-0.00745972098769538,0.0163726710496322,0.00153261117356251,-0.00632035836147001,0.00624312682461076,-0.0113739892251098,0.0199455446102719,-0.0253098879638032,-0.0156093567389167,0.0081690208076912,-0.0142215745829579,-0.0358419122069409,-0.00459572664374857,-0.0101195712442983,0.0158832264900496,0.021822659723803,-0.00597799062716379,-0.0251764040248129,-0.0311114566532899,-0.0599577472927067,-0.0222655686894313,-0.0296816537138206,-0.0223982070950831,-0.0243934961305355,-0.0102829253657502,-0.013452300485075,-0.0254666803627121,-0.00471894306275588,-0.0136710608978213,-0.00312574889476832,-0.00451109930345583,-0.0145128490443381,-0.00867534239081448,0.0139446388287495,-0.00551542352278369,-0.00146367310718638,0.0107069771289222,0.00757112088331722,-0.0462925461958484,0.00278483579160463,0.0063929827657203,-0.0066042429387685,0.0187410449382584,-0.00456415810747087,-0.0086332997706636,-0.023255666466062
"NR2C2",0.00283027478168959,0.0207746208777877,0.00831954826562851,-0.0187068313160989,0.0134029236245757,0.00832954393101855,-0.0160580500614511,-0.0193917854676426,0.0279419739480478,-0.0114009688861995,-0.00368176545034336,-0.0194046124698631,-0.00308009098136044,0.00534370028033806,-0.00238138387673524,-0.00744925981974643,0.00419407159783674,0.0183304445044529,0.00597360489076428,-0.012628834824172,0.020090589970607,0.0435207699297657,-0.0036549355999749,-0.0123081971408378,0.0154017501067249,0.0507675355889926,-0.0258666986166283,0.0127696548430489,0.00472694581467512,-0.00750895014934173,-0.0464444862130971,0.0321540995867492,-0.0243423637494416,0.0239217630407222,-0.00859852803915518,-0.00658737029196905,-0.0252837380544015,-0.0294748965937611,-0.000487401032007538,-0.0183956708424668,-0.0300994470867843,0.0115223662050658,0.0375109081427041,-0.00601694226974608,0.00970551345952188,-0.0239224654644833,0.0177770270540114,-0.00424651729825543,0.0187580317825022,0.0106278397960256,0.0070300020550056,-0.0234972829545021,-0.00154789808737703,0.0177574225147538,0.033826511551473,-0.0100994038106779,-0.00065858331202591,0.00405673625313986,0.0222108908562118,-0.0240085284047594,0.0263434361543156,0.00908729919050902,0.0186190814363001,0.0367433191128828,0.0267970619625985,0.00958767800781512,-0.0143404715910025,0.000606913878520356,0.0109292835872212,0.0132027537483741,-0.004053942168347,-0.0145783101251597,-0.00947603352320979,0.00898489458341369,-0.0238202704169856,0.0538421074780447,0.0135957360353075,0.00964244673972555,0.0267061530113053,0.0200106689728364,-0.00232710419421369,-0.0126027388905634,0.0289404280009818,-0.0241736802980912,0.0130877641050741,0.00630572554047121,-0.0484094254617422,0.00469772417782962,0.00553427673707718,-0.00683335228135868,0.0226436443381257
"NR2E3",-0.00350055846797919,0.00835222457543951,0.0324112557566553,0.0187779061464097,-0.0130804889726937,-0.0340736248242293,0.0150448310455322,-0.00751925445041559,0.00213869439273416,0.0312331623949908,0.00404910171285799,0.00525520102526451,0.0169333092505603,0.00627259881890142,0.000604120113646269,0.0119469612769701,0.00131829510643143,0.010920310557648,-0.0316376746327361,0.0289536715283474,0.0127434372849892,0.00690550838502091,0.00625148741372372,0.00521589355168926,-0.0114563310336602,0.0410936997848368,-0.00435528108319038,0.0159853056726151,-0.0155705948039266,-0.00312482098301597,0.00853878860272387,-0.00224231772321912,0.00656529806019851,-0.0186505628845967,-0.0130476442973727,0.0138788086667463,-0.00730839947919627,0.0121065600434983,0.00738134619356066,0.0135431530063564,-0.00195644942510052,0.0211273722590013,0.00538938806514991,0.0169599942199964,-0.0156237713861947,0.00492460709234541,-0.00149280985782388,0.0174214794399982,0.0191082868365197,0.018511568403527,-0.0105610030708887,-0.00980053669301124,-0.00437291139715032,-0.00927476691884213,-0.0147053150847729,0.00883046538001997,-0.00998346118938902,-0.0195512823492138,-0.0159876868670282,-0.0132591246227908,-0.0289641750919339,0.0209517361667011,0.0449395502461969,-0.00732589280392409,0.00506606854872528,-0.0083213841045883,-0.0199454283145191,0.00264933765293849,0.0282622297517092,0.0102131019531211,0.0359138490577158,-0.0135093726074024,0.0237665764485638,0.00524825522120944,-0.00720924997405531,0.00698549925428903,-0.0392930674048776,0.0262034483095341,-0.00563629749497823,0.00667251612914661,0.00534723914901267,0.00908495041379831,0.00821711847878027,-0.0168152926088579,-0.00857658534943974,0.0188427603942782,0.00236740088766852,0.00688835713320152,0.00854940700683566,-0.0111408215360716,0.0199130913900532
"NR4A1",0.00139091063670945,0.00983573356892946,0.0360779213431319,0.0104190818959011,-0.00920255154574576,-0.00850647943594447,-0.0144421375160825,-0.00702813828245915,-0.024563057185711,0.00338899276937159,0.00841258345128241,0.000404489664327685,-0.036985077917819,-0.00854977797006959,-0.0175885490563967,-0.0229110591073332,0.00867605843380908,0.00153449596364101,0.0156696308296925,0.053834003712074,0.0366809783792792,-0.00155358856957031,0.0178454413263701,0.0107233868257775,0.0238180016699782,-0.026519112941259,-0.0383465046435956,0.0135264037134743,0.0354450554508156,-0.0283839465607845,-0.0175140173861543,-0.0346017599723259,-0.0102885080644117,0.00859995357789529,-0.00989155030812437,0.0103270327483296,-0.00405754177917966,0.00193897056219014,-0.01708919615436,-0.0220735822346838,0.00242878179709436,-0.0169990725187588,-0.00603679552816689,-0.00622934754354887,-0.0181412399926677,0.0139047229949986,-0.0045206275265008,-0.0224803950382242,-0.0042191502942521,-0.0281115915210355,-0.0245682366197433,-0.00443545968302845,-0.00705520052452294,-0.0225089847569003,-0.00507493444044239,-0.00172393416589206,0.00249715980060515,0.00481516779676304,0.00992598340865148,-0.00907100309500965,-0.0110483326488084,-0.0112722433706533,-0.00536500050739581,0.00614131236913955,-0.00641733287622685,-0.0202431743800089,-0.000744680743272849,-0.0019066399929316,0.0141711367332055,0.0137769759418728,-0.00187842130242946,0.00455741745925956,-0.0094495259725764,-0.00858237934173866,0.00225527382401115,-0.00947665880081398,0.00708131798172951,-0.00159386984139498,0.0152462747724059,0.0268052687344331,-0.00383774972654022,0.0355503955978398,0.0146942494552978,-0.00352771545321832,0.0236131528143174,0.0306192085359379,0.00749879436306355,0.00111101703382955,0.0343012462353177,0.0449739471398703,-0.00940761399902232
"NR4A2",-0.00450977478445502,0.0137542019697257,-0.00755092691774136,0.0262986791588129,0.0235490622699488,0.0141822247076958,-0.0105833562386429,0.0138064017865998,0.0217874966668331,0.0186243667671404,-0.00309604338761288,-0.0475654542468647,-0.00484684090849908,0.0210523400267953,-0.0203977033547453,0.0329186277487169,-0.0106779610766364,0.00146887415557339,0.00982037093453751,-0.0389040273114855,-0.0479817455593168,-0.011894141501933,-0.0195191291511797,-0.048345356113399,0.0190268153809981,0.00586942601199982,0.01226555195188,-0.0197200247294799,5.78483882454234e-05,0.0300604105891059,0.00946258334129775,0.0210028536965707,-0.00261134122860409,0.00183582233205397,0.00440355400823008,-0.0115722235079273,-0.0070517451440972,0.00914392820879378,0.00142551633317633,0.0437952512601891,-0.00217066601356062,0.00822418226256176,-0.0251294079114509,-0.0107602759490886,-0.00207942017358233,-0.0315396517709584,0.0234472891516143,-0.0135935260893338,-0.00960211592797283,-0.0062397123296467,0.0259913374299948,-0.00379535377098413,-0.0106267577223398,-0.00554164757174958,-0.0150028826019884,0.0234256328112903,0.0256511662907419,-0.00728550779436399,0.00617443601110683,-0.00103845404280577,0.0169726089019816,0.0139281082055377,0.00787518467278214,0.0201698295095177,-0.00903723323695477,0.00436483188510512,-0.0254531888347428,-0.00019717700783973,-0.0039960599541613,-0.0377701982582117,0.0208224074841458,-0.0171523047623775,-0.0116677400594258,0.0252976815215381,0.0162615788208551,-0.0199779343852396,-0.0582357074398337,-0.0398695585290327,0.00959967624264277,-0.0171469118118202,-0.0243002921517734,-0.0396037576006013,-0.0521482626149014,0.0383452592133355,0.0152522369757147,0.031437995507452,0.0251534539407825,-0.00831215983343974,-0.00359510160138408,-0.0356880423168306,-0.00276530491033783
"NR5A2",0.0589860620999182,0.0285918481248973,-0.0185849999739552,-0.0203991337582279,0.0233417512301873,0.00774317062817211,-0.0302941637993306,-0.0106083652340478,-0.0183511778279246,-0.0529975088822275,-0.0268641969077524,0.00322098461922382,-0.0126111027260714,0.0062325426492849,-0.0479294898268705,-0.0313471397712787,0.0129963658553761,4.31522438417112e-05,0.0248194550829253,0.0231989190141118,0.00708243784645947,-0.0142666707337054,-0.0135082957488322,0.0382106392886148,0.0184319135295406,0.0142913804573881,-0.0271456588100446,-0.00206094634791992,0.0112124669509911,-0.00705748204533519,-0.00650956921341439,-0.0188266700656329,0.0190080524307981,-0.0418288469861913,0.0374586736073842,0.00825591281115556,-0.0138402088821571,0.009118479404478,-0.0195232508852425,0.0291357020436428,-0.0166268214486857,0.000215862337519674,0.00718602510117491,0.00630186778100459,0.00278646775467712,-0.0142638182520016,0.0427320890214129,-0.0105764593942854,-0.0302738103098666,-0.0320224993393692,-0.0169383376877781,3.84442590656671e-05,0.0042297826277332,0.0392119980713756,0.0175240622697748,-0.0404091625553545,-0.00567837524305822,-0.0347030587416416,-0.0124817020652314,-0.00582103135375429,-0.0134589858440207,-0.00719488492927409,-0.0436619480194682,0.0160632501822761,-0.0266144957504281,-0.0185625707251931,0.00307172370241794,-0.0486452659496206,0.0130791007062921,0.0186786339538745,-0.011147380487382,0.0101450037616158,-0.0154012991318195,-0.00373245774180162,-0.066922889779015,-0.010558720508156,-0.0398570633673755,0.0243445248805384,0.00338753158112097,-0.023436553011563,-0.0141284758431981,-0.0150783484827148,-0.00360962300966295,0.0136949036950122,0.0347802795432259,-0.00868959398743809,0.0203162203734204,0.0159678233983846,0.0273924145638998,-0.00502040403344579,-0.00994269187219672
"NR6A1",-0.00986098455355786,-0.0111877822812758,0.00423049736381578,0.00528813249621806,-0.00923361005324821,0.0126478962627525,0.0120596516984176,0.00977017950068999,-0.0432120211723804,-0.0344773439746991,0.0176057283678072,0.042492502127914,0.00782831266933361,-0.0144586740701148,0.0232078462852566,-0.0304224506103978,-0.0288706840469915,0.0211994180044166,0.000205102663297813,-0.0236659329375497,-0.0212459364290432,0.0237176903323127,-0.0133431037696455,0.00678880660441415,0.0192859497741279,-0.0371389133674074,-0.0302814806496984,-0.00658106497544688,-0.00986489639945778,-0.0122757038860329,0.0252340325410582,0.00652320801445843,0.00962545335614934,0.00400351410530934,0.00888266545816215,-0.0244658959602436,0.00398187060488628,0.00240917146394552,-0.00391381019600289,0.0175284319991403,0.000748872909663251,0.00364862388110976,-0.0191953540312887,0.00606850316511104,0.0283926229878735,0.0166238717489459,-0.0254532887290713,0.00973476385468925,-0.0175345684692815,-0.0170070582910306,0.010615947398634,0.0501983366921109,-0.00910721795018039,-0.026118799172462,0.0377184622301258,0.0257838322120345,0.0205204393441265,-0.00919826546546294,-0.00309598245410199,0.00714528225046951,0.00688546674692493,0.006177826316996,0.0015283515525877,-0.033067417646201,-0.0069126485442797,0.0286354243458051,0.00613379715039382,0.028349921234292,-0.01715838375095,0.0209787087798154,-0.044217887341472,0.0115656720813529,0.0181607501838488,-0.00905447824196128,0.0322915383391031,-0.00368953936166812,0.0157475074166007,0.00490507332218884,-0.0139712868649638,-0.00604677872778399,-0.0141920770996739,-0.010317160081981,-0.0241980861480368,-3.40547548724314e-05,-0.0188699023687457,-0.0425145758238555,0.0127476285900551,-0.00376282667985866,-0.0115538830581682,0.0247714014497105,0.0169158649455956
"NRF1",-0.0022991144638014,1.91064277269494e-05,-0.0024295903256424,-0.0138635688390722,0.0107828001278376,-0.013953955077264,0.0277588682876269,0.000441824305427828,0.0080050151373113,0.00755413117116589,0.00665571289343958,0.0208597515795609,-0.000725259840081892,-0.0109408552535545,0.00311993930775147,0.00623080215737127,0.00923944833302817,-0.00510643422514883,0.0100514281280238,0.00228282975587444,-0.00246609166036239,0.0149206278786613,0.00177428691500027,0.00681710164520568,-0.00124615015631943,-0.0308800649026884,-0.0191088707409183,-0.00712646545656035,0.00669476912276884,-0.0146417699692218,0.0173735667670054,0.00755606632990685,-0.0108496972570515,0.0118881809723229,0.00373663345898743,0.00245931803038031,0.0187935879217824,-0.00352949224048213,0.00714867891214028,0.0088049416111192,0.0156160794821141,0.0110249794177645,0.00303601365254058,-0.00270416351876687,-0.00278616937773244,-0.00211475779318621,0.00793542442412561,-0.0179362714291875,-0.00945898844704539,0.0162952176555151,0.00928696824623167,-0.00576132404164921,-0.0103338852078218,-0.00785314504216929,0.0124897228271047,-0.0209375996566909,0.000613629232892027,-0.000492912520613239,-0.0123544632231687,-0.0148807058756535,0.0031204780316401,0.015386653120173,0.0103135017581834,0.0285057298606861,0.00801096131886826,-0.0297899952374644,-0.00389681909086208,-0.00866328032556902,0.0272657295219305,-0.0221511286167162,-0.0207225313988043,0.00642596411117852,0.0279895123430764,0.0150700949528351,-0.0056750617006726,0.00398942397929959,-0.00394685025958516,-0.00237344483046582,-0.00183569299378206,0.000104261546939551,0.0244071065360537,-0.00916485039801192,-0.0135632756806277,-0.00287735742456515,-0.0158342622549511,0.025442500091997,-0.00572013030267876,0.0188223202183436,0.0230403051999962,-0.00495025769753076,0.00309318208969215
"OLIG2",0.0126849748457777,-0.00767231146847199,0.00227633538544885,-0.00894941268281282,-0.00142147919295406,-0.00454284047976643,-0.0178670059945227,0.0158218233160178,-0.00656095144358755,0.00970485993092545,-0.000450458764699083,0.00810904792947906,-0.019621076515236,-0.00442160891886159,-0.010310257915231,-0.00434457675474007,-0.0284106361163698,-0.0399719178289737,-0.0036789558220664,0.0148911162945698,0.019410050565998,0.00104578822220465,-0.0131918796708823,-0.00934350366105137,-0.00950672290595869,0.0254368798772387,-0.0133007536496936,0.00403824522020679,0.00273289410651032,-0.0266939111089863,0.00441041384165886,8.097809398306e-05,-0.0135430923330265,-0.0145597210648299,0.00312166151800911,0.008384246812126,-0.0316166087618777,0.0100026918531083,0.00514357728566864,0.0234234103208773,-0.00169533286851857,-0.00705064647013891,0.00894782958631326,0.00125922964604085,0.00311141762518629,-0.0129192333039668,0.0223415727674325,-0.00579537150777541,0.0152071226364683,-0.00900933940421035,0.0153488386434292,0.00131455009597299,0.0168808640283674,0.00547763865842874,-0.0140086574889017,-0.0139019649897675,-4.89138159120877e-06,0.0103135614471927,0.000549063654983507,-0.0044610089983941,0.0166244286674673,0.00657418361973721,-0.00098267968835182,-0.00736615261986386,-0.0106917367466819,0.00525489126374829,0.00824956715337732,0.00478779084974308,-0.0263466946640881,-0.00918485938724599,-0.000939735676124138,-0.00323245361544734,-0.00269324431900275,0.00398203781073427,-0.00134431801912372,0.00848757603077399,-0.0284398953983629,0.0161842461259854,0.00296291470690002,-0.0103220815558501,-0.00346515341937452,0.00970463483578991,-0.0142506322051274,-0.0187518271989782,0.011341766725027,0.0150500683577837,0.017205367454079,-0.00159118604035561,0.0111493089286771,-0.00473819905326706,0.00411153201646926
"OSR2",0.0149973973277467,0.000841976349075871,-0.0166547681650411,-0.00445591958127802,0.0165312514993449,-0.00130462391143903,-0.00952599926422769,0.00558128918340194,-0.00305075292505402,-0.000450305767408778,0.0203821333829161,0.0107597330427886,-0.00435938223891915,-0.0224211978700641,0.00428288459998088,-0.00767408611555697,0.00303109234927023,0.00725311898374402,-0.00196014881333768,0.00246258777827551,0.0147247694298976,-0.00145487515597334,-0.00801187405935723,-0.0153317630593379,-0.00437638605949163,-0.035224584469037,-0.00294813694265823,-0.00755585606569877,0.00157957602017626,-0.0170633888828531,-0.0219107033204513,0.0229576449557265,-0.00278912866346228,-0.00528112757836982,-0.01067829155359,-0.00971382056318921,-0.00600723156461235,-0.00374612183244638,0.00171269873999485,-0.00374038899345402,-0.00776382936804588,-8.87116038524131e-05,0.0155253994183494,0.0166118848001439,0.0107430488509352,-0.0105926923753123,0.0156766437719672,0.00671598736273347,-0.00235431024786991,0.0108923076819607,0.00910010654662837,-0.018515630584815,0.000191505508081471,0.0198653889171062,0.00370998260047578,-0.00278898669012825,0.00526579423515918,0.0128330915996739,0.00741642517573549,-0.00605204986624253,0.00386959195130156,0.00677281823619974,-0.010826220269038,0.00708913325665747,0.00879213392059474,-0.0215200005643033,-0.00603688783486575,0.000475463964078163,0.0315459792280581,-0.00890557838114212,0.00336792292752739,-0.0199303243183167,0.0122374143104103,0.00248050190614602,-0.01016856363777,-0.0169716601135707,0.0120794085829144,0.00222700771693423,0.00017444008666053,0.0094466914564445,0.0139150407527065,-0.00906632711109761,0.00509139164095518,0.0141050100549525,-0.0174676971744723,0.012725411331037,0.0160815882004701,-0.0166417252852584,-0.00188497414156168,0.0116482339826615,-0.00703869636857277
"OTX2",0.0433476463901107,-0.0214885421983233,0.0359024445891996,-0.0182289710185201,-0.0262992634217581,0.000209807981290378,-0.0303120320443355,0.0228653196800717,0.00118703815476406,0.0133835581775052,0.00900052510725239,0.0242688329594202,-0.00989180003254369,-0.0093596298985278,0.00515621557445167,0.0215576032344679,-0.0401917507071296,-0.0315597357504077,-0.0301992875065579,-0.0280131553924203,0.0264866829381154,0.00771647982038942,0.00870937313795633,-0.0425247790281131,-0.0232833696689876,-0.0377874144557184,-0.0226702098855374,-0.0516141868160064,-0.0218149844353012,-0.0258341041844267,-0.06955033800631,-0.027800341809061,-0.0351640250541939,0.0244488908392574,0.00756521366168434,0.0196019575399817,-0.000443645518472606,-0.026559147060244,0.00330116997469023,-0.0151604224908843,0.00911607392719466,0.0113369752227823,0.000631716549300965,-0.0165732780603087,-0.0229908450863323,0.0148096348921786,0.00590679927051243,-0.00154352271054051,-0.0115544873484628,0.00310927766768592,0.015979668918999,-0.0327431935688449,-0.0191418624381232,0.0310600192111051,0.00479951946783252,-0.00427667381499126,0.0111885438399324,0.0235661665760814,-0.0340398431982115,-0.0424315783403783,-0.0396834472909944,-0.0102675218745427,0.0131493914794651,-0.00583290210184251,0.0202293133044266,-0.00785011807235535,-0.00451936470442481,0.0234912959308217,-0.0275410722735812,0.0740917185877042,0.0278149843954639,-0.00853640079665117,-0.0223756293947988,0.0198289316858667,-0.00277961045850557,0.0242333858932086,-0.0193911639729633,0.00268767922621665,-0.0405223268520153,-0.00860653901568987,0.00677697088411487,-0.0328839115975461,0.00403126852609985,-0.034052814544738,-0.0331488205600269,-0.019830618212003,-0.0118660728382217,-0.00553441064630634,0.0221278154146654,0.0289534259262104,-0.0119129995540874
"OVOL1",0.040816075886245,0.0298244589592889,0.000748164673533059,0.0119852899094055,-0.00603383765830548,0.0323400360168789,0.0208346493351033,-0.0267884746771942,0.0157201086096749,-0.0477705191713171,-0.00910445340672242,0.00611036419737992,0.00678733462175463,0.0111282601193089,-0.0187149727110489,0.0259435608745049,-0.00852642462128514,-0.00838867385200475,-0.0367649566047164,-0.0323259275729262,0.00329731114872291,-0.0179515975174704,-0.0527362036833477,-0.0101557493771372,0.000138220260394669,0.0374861015930218,-0.0323862709098256,0.0180188752101888,-0.016107724206167,0.0170844671668846,-0.0067224159000662,-0.00234319432020639,0.0152817584408235,-0.00462533829617212,-0.0160675514196285,0.00683092342889275,-0.02077178916027,0.0118191123453563,0.00285961439297109,0.0344576912692986,-0.00766992235329027,-0.0235209117664432,-0.00709762066138745,-0.00900616647674858,-0.0535583434460548,0.00536834917222774,-0.00319894900195602,0.00990538643377157,0.0363131397544208,0.0176242300702055,0.0257630229466088,0.0156522829933735,0.0101687994095668,0.0130833084075772,-0.00481769770691989,-0.0457316862107007,0.0547022264150435,-0.0216939113812477,-0.00522298681225395,0.0109255942060084,0.0467023543699575,-0.0300871291227636,-0.0318847513908208,-0.00810509064951159,0.0221962962877676,0.014981008667976,0.00151417282699355,0.0453198315688468,-0.00471867104843247,-0.00584682839626286,0.031443276867532,-0.00346382181161311,-0.00453385875301095,0.00425421739278965,0.0463041955984586,0.0038636039310166,-0.00831138228969614,-0.0516790734982499,0.0512864573904385,0.0150744530094727,0.0468651079519081,-0.0375017878094198,0.0281797722290819,-0.0248875582006943,-0.00177029177279668,0.0193427301141007,0.0154466845590045,-0.0545334377377571,0.0237261442452251,0.0386484958987535,-0.0274478144574067
"OZF",-0.0101475817444585,0.0286588607333778,0.00714739505231784,0.0207693495887706,0.00754698505847927,-0.0515245840691456,-0.0262124859982843,0.000115367323095134,-0.0258998874010162,0.00737432088216086,0.0289439541873535,-0.02349838581494,-0.00403189932309615,-0.0052487694617655,-0.00108611028387857,0.0463025993787742,-0.0132390375721852,0.0114549635214874,-0.00594653717437907,0.0156863233493357,0.0415044589947821,0.0309053412435869,-0.00834492599526916,-0.00655278068434869,-0.0174961574040392,0.0261710913058663,0.0205266114157977,0.00579524418972363,-0.00135934188787136,-0.0221239959271866,-0.0639995927954472,-0.0369087268696952,-0.00592048773297556,0.00331889898366455,0.00494497575965203,0.0049820258041413,0.0023568628556924,0.0198475608755557,0.0168523638833335,-0.0144151492980963,-0.0209790261393641,0.0196968070738357,0.0264119959886315,-0.00883131451021378,-0.0138372275725199,0.00640559601212738,-0.0405978478928141,0.00255728050067691,-0.00864292301754738,-0.00326583590628749,0.0116199200457963,0.0033290434030391,0.019430827553715,0.00313527395475026,0.00236799633709978,0.0151972387587043,0.0246498025664977,-0.0319655832890378,-0.00908243106948651,0.0432944945100669,-0.00300183133161759,0.00447123745739334,0.0167303955279653,-0.0027181756263181,0.008854079182802,-0.00754701158317882,0.0169929198582799,0.0188519066945992,0.00378377218725989,0.0143538359793267,0.0154619458032698,-0.0288816540179902,0.0164613820961685,0.0134951549141273,-0.0039960236086377,-0.00725218075657066,0.0260613657490212,-0.0373281687349732,-0.032537008202986,-0.0087279656313342,0.00153164735346166,-0.0144382166886689,-0.0301203431407841,0.0140667674740514,-0.0364119278832106,-0.0149838986753554,0.0555417843958094,0.00413541949709294,0.032635254412501,-0.0123572121811559,0.00244839891272735
"P53",-0.0290727855304167,0.0226675887878403,-0.0208474354627032,-0.0117294981986005,-0.0271362214474921,-0.0123935401716486,0.00505392050474042,-0.0153029627449209,0.0319328772669975,0.029300594044444,-0.00927532213634464,-0.00661058759973398,0.0141018916731991,-0.0323087750065271,-0.0256414269902528,0.00114649147141368,-0.0460517621760067,0.00662362793838829,0.0132921860710684,0.00137183987244636,-0.00913911083006426,-0.00779905924411204,-0.00293628304336747,0.0175934975228268,0.00832245474978275,0.0127352183158358,0.0157317243673548,-0.0172381813699353,0.00396811953338268,-0.0455518305515264,-0.0181349165184091,-0.00779957109077194,-0.00333923683666639,-0.0202080630139345,-0.020871114775347,-0.00332749152459543,0.0166855448005741,-0.0212537589577563,0.0237497669727952,-0.000465902847113737,0.0264992131941019,-0.0369666487808031,-0.0122496355768864,-0.0212117115834688,0.054761743445725,-0.0403094996882274,0.0142005230838542,0.0308345856694685,-0.00282211300414967,-0.0246205406307963,-0.00453676947576154,0.00841039946254264,0.0532411947422918,0.0176262030255807,0.0130051666443326,-0.0119057716099819,-0.0267137520392061,-0.0274794901750371,0.0151052964543934,0.00785951967524144,-0.020675279645,-0.0244490254677057,-0.0180650257299643,-0.0205178614118909,-0.0403596704879398,-0.0159001171876075,-0.00887262868594152,0.00369844294650099,0.0178388333506773,0.00317676764343051,0.0130180453656289,0.00613396783560889,0.000790267302857953,-0.0176958345623202,-0.0346470354867108,0.0243380352119291,0.00547574295914436,0.0299633889958736,0.0491860351911174,-0.0393732008168095,-0.027367579258732,0.000587322005759801,0.00967329204184917,0.00638683695752447,-0.0146135104968799,-0.0151337506363745,-0.018362208483497,-0.0230187758083783,0.035169761683694,-0.0106568712516636,-0.0197733124223739
"P63",-0.000827321932698948,0.0226766202250731,0.0151078289687162,0.0110710927577257,0.00171738013801601,0.015016992071474,-0.00714360753491445,0.0269746983124779,0.011589403018467,0.0230762152671697,0.0647127201219005,-0.00899253500316758,0.0264740302453112,0.0226523501248701,0.0495558157737016,0.00182507162910735,0.0227939713230102,0.018459632224847,-0.017379172002618,0.0269704642327935,-0.0100227880158462,0.0533008222573558,0.0311206794140288,-0.00578430815124632,-0.037830020951526,0.00609774108141356,-0.0217603419766293,-0.0296183889710412,0.0231953334061729,-0.0318764815273848,-0.000329584200345143,0.00438297814665557,0.00122101528710301,-0.00614773229341335,0.00567745453361835,0.0164201150126309,-0.0108475403193128,0.0214734132713046,-0.00521529883935487,0.0362377675444407,-0.0117226221513692,-0.0285338393126894,-0.00539094969124112,0.00297280723318305,0.0207904998530823,-0.0365287658024087,0.0101438806313596,-0.0264175163897494,0.0176270235162196,0.0404648518092361,-0.00353580990082228,0.0518881776871076,-0.0200406465250724,0.00934590440817541,0.00279799277705363,0.00512245170545816,-0.00507131917815303,0.0403043569535574,0.000959692838111137,-0.0147660791173933,-0.0283052089411572,0.0106436908825596,0.0138595498087629,0.0021384308802176,0.0141107201982882,-0.025135640792085,0.00890020644419174,0.000421423632399478,0.0305440657656206,-0.00440843238934544,-0.0128346802424395,-0.0156051092646426,0.0089695195528706,0.037039433886468,-0.0129038585212516,0.0498312360071653,-0.0023049328546256,0.00835502670266661,-0.0233783309181859,-0.0420307108100925,0.0456586648201159,0.0199423103281892,0.0202395153571023,-0.0104994425220593,-0.0135875614087971,-0.0171111736203914,-0.0143309771124704,-0.0329351222311429,-0.032267334347095,0.01272087998333,-0.000697363221382968
"P73",0.00140853843797544,0.0118895247109031,-0.0240017564580878,-0.00439846100898284,0.0170216043874749,0.0318102653158262,0.0231119258936276,0.00244350407890411,-0.0247654307211998,-0.0455565982864875,-0.0497867260353201,0.00319402476594579,-0.030370248615144,-0.0121455060144792,-0.0114732006550285,-0.00627626902903481,0.00682769984340429,-0.0258481156031043,0.00731487343492263,-0.00600242048358906,-0.00437224219041555,-0.0192578996657502,-0.0278029129882596,-0.00408068709592819,0.0591184671550579,0.00659229651140393,-0.00430982992549413,0.0577002279112193,-0.0325623706222526,0.0497118611789798,0.00436303393406746,0.0467822946750088,0.043117448503646,0.0249276181479557,0.015694742206024,-0.0171990879532005,0.0200862318376287,0.0106996304738535,-0.0041281117767793,-0.0579466375093483,-0.00123072194361775,0.0392278641154247,0.00765193445895971,0.0086480018449238,-0.0317311184380733,0.058779466754139,0.016568519524507,-0.0304671661145745,3.01873602076665e-05,-0.0275919942296433,0.0007751727212419,-0.0345094594115429,-0.0254519712738364,-0.00732636514816469,0.00909245258485464,-0.00777944662322659,0.0397028686326523,-0.0174090039557335,0.00542230656198762,0.0217251487984313,0.049384204831363,0.0100662764791869,-0.00261183543507978,0.0257861192384278,0.0279708449286784,0.0410725009114807,0.0148278173322858,-0.00160820849521248,-0.0316801407340352,-0.0198506083830296,0.0107168871125527,0.00669473587851336,0.00567081926820346,-0.0159383775386076,0.0236922539016697,-0.040758647511077,0.0308191330403032,-0.0508237402115397,0.0162362004781204,0.056618508706782,-0.0116251397736624,-0.0240132205803141,0.0224889339786935,0.0276301693780593,-0.0187784944745127,-0.00054809583204204,-0.0127668659598629,0.018370574246659,-0.00560419457783777,0.0244536228930857,0.00579924485588144
"PAX5",-0.00743621439627816,-0.00524749921372939,0.00421287183262971,-0.00950353986080629,0.0157998223413847,-0.00988138548669958,0.0204924338813788,-0.0222108000339054,0.00504558510968706,-0.0129769387098808,-0.0159790206850514,-0.00876544291481492,-0.00890452176789578,-0.0054473448862366,0.0231954075525115,-0.00211336077286848,-0.00655973676957193,-0.0151788872327368,-0.00476382503590104,-0.00229575875584476,-0.0147002723641519,0.00909958413805107,0.00919361259177602,-0.0358186597761688,-0.00367421449606685,-0.00687061073016044,-0.0117798405068184,0.00672096091714031,-0.00560906364968806,-0.00939979698013031,-0.0245264054591834,-0.000815948924197208,-0.00115408316442327,-0.013467583361268,-0.000752843687993375,0.00744774146864835,-0.0141080147167619,0.00494307958446602,-0.018840069325267,0.00242419616657815,0.0108291132677961,-0.0182882913056864,-0.00619897987797857,-0.0109241537248772,-0.0162435304757777,-0.0142106025151991,0.00486139041827971,-0.0070192514710475,0.014786572511514,-0.0037241278746496,-0.0185522016661579,-0.0247935074521231,-0.0175522362322219,0.00469241431737135,-0.0239372992839632,0.0207530561349827,-0.0240015332390781,0.0128542461032265,-0.0352643739801645,-0.0275040543034983,0.00751992149085734,0.0113770452072852,-0.0130212410991271,0.00465639313566467,0.00967013685446226,-0.0331459462015068,0.0124275401800207,-0.000767408986730044,0.000865946414967733,0.00911869187582359,-0.0172697255552007,-0.0147893474046111,-0.018403993327213,0.00522838977016866,-0.00324078360795043,-0.0162618558952379,0.0278650261882158,-0.0113608353053771,-0.0351911326119322,-0.0151140491621777,0.00648770372926508,-0.000951634885747397,0.00588066000663207,-0.0100721994180165,0.00756159260746852,-0.0241858031566442,0.004762716504432,0.0100492756356215,-0.0152064810545627,0.00376996423155786,-0.00970644338526417
"PAX6",0.00846769657031868,0.00392948620514311,0.00960990702188922,0.0163227610873549,-0.0271821322415534,-0.0226021720849915,0.0510859907414461,-0.021122054371459,-0.00806572152304796,0.0180553064474095,-0.0224856294986869,0.0304402817011967,-0.0270278956691031,0.0110109096398611,-0.0192575243685312,-0.0173321310369468,-0.00417789885095097,0.00170653124761712,-0.0275023052917057,-0.011586716123872,-0.00424434851619758,-0.00963047372445329,-0.00402063224699145,-0.0198699340450141,0.0186159298067238,0.013150213656309,0.0135826848394013,0.013274458950666,0.00721258825617425,0.00730690428630453,0.0348901815658937,-0.0209475557472227,-0.0174545527163387,0.0191260570721833,0.0042526866523857,0.00234560170275753,0.0327668043614204,-0.0103795093627106,-0.00961589189385701,-0.0243103533855676,0.00699031422077863,-0.0488230697579849,-0.012711878371129,-0.000862754011574654,-0.0210979763656668,-0.0156556417470545,0.0102670939480309,-0.00368563825513089,-0.0464014990831556,-0.0283121259728205,0.0243390938312679,0.00184960025019799,-0.0095524550633565,-0.0272315847560136,-0.0286780616328582,0.00273477120881773,0.0124345638931045,0.00678960761333009,-0.0320489305889652,0.0044815230125402,-0.0126769091889579,-0.0209293939653229,0.0124967150073198,0.0100545490203108,0.0310186933977586,0.0195502650092979,-0.00881473713938764,-0.0062548364654245,0.0173805010500357,-0.012266184554899,0.0161277500717571,0.000361858360579925,0.0223032885135483,0.00207083328821021,0.0186629122779467,-0.00908441054205484,-0.00989432544228894,0.0184493149516062,-0.0119072972942662,0.0249636569801918,-0.0164947060994028,0.0556115739555608,0.0159739788904894,0.029329980866393,0.0532572141726179,0.0171535298774643,0.00984620318591932,-0.0369159960542418,-0.0527219538543041,-0.019191471553901,0.0137257045176538
"PBX1",0.0529974035881493,0.0102737475406638,-0.0315673173134444,-0.00678045763592318,0.0133937381334129,-0.0232556860498962,0.0221939628039179,-0.0069253237229253,-0.00577142884893167,-0.0238873466866655,-0.0211200961819953,-0.000375220993523718,0.0226037494913404,0.000561093635681793,-0.0289542418631227,0.00130404263899339,-0.000862817377565108,0.00325545413296829,0.0236282881632441,-0.00344254862637108,0.00305090232064504,0.00223996417905922,0.00682507907821075,-0.0209338004032629,-0.0117696704757365,0.00865484678725034,-0.00852694126076258,-0.0509507779693808,0.0388958344213287,-0.0124352186554468,0.023160107402661,-0.0192588984148012,0.0234927075958714,0.0238684657307082,0.00233669969961892,0.0218221049040651,-0.00659486388169376,-0.0196008002110115,0.010552585541642,-0.0252819901813033,-0.0192121080730101,0.0063324374935479,0.0436991816299132,-0.00182711353923122,0.00450793324202509,0.00764184494990621,-0.0208532485220015,0.00619943694888969,-0.00520550202318265,0.0238138541525891,-0.00592657890599478,-0.0270048582354164,0.00303733888685579,0.0384627779759015,0.0277629398405689,-0.0430121068263072,-0.00376059101511101,0.000222202763670339,0.0116752452207781,0.0106300265939907,0.0181332447488725,0.0247702108281564,-0.0205712681849382,-0.00970767920058029,-0.00540487002211822,0.0119764571124501,0.0016475677926698,-0.0335690599227268,-0.0188370210013244,-0.0152697126943883,-0.0297973598290473,0.0185503411510565,0.0181269152168456,0.0314123488427794,0.0131385090272517,-0.00699536534871539,-0.0199348950759394,-0.0301218062504351,0.0132714492754998,-0.00114095830093227,-0.0113117841002454,-0.000616763234094918,0.0233673798134732,0.0213207696100221,-0.0194056791728185,0.000864705126953406,-0.0228450507362478,0.0193383811123939,-0.00245855475321766,-0.0116068228385479,-0.0397166843539652
"PBX2",0.0342333665230997,0.0313081596817099,0.00680432505292008,-0.0219547285876889,-0.00233472857869896,0.0308915662613621,0.00546611782563107,0.0333873247561333,0.0156118601867815,0.00897517753184093,-0.00470101507522521,0.010033497331769,0.00696324169624154,-0.0111084103171557,0.00688909631384504,0.00760875677312382,0.0124471370907392,0.0172148243439319,0.0180450287548555,-0.00660247099392888,0.00731636201395573,0.00236515602927991,0.0208630387257859,0.00880668010941995,0.00118744678217151,-0.0154221787004361,0.0308638459027405,0.0313409526870464,0.00421001284447312,0.0060089367178573,0.0157104631091518,0.0390818078055235,-0.0334568363079382,0.0163229027979927,0.0185164162298862,-0.00186585552776006,0.0174143357803998,-0.00946117013152592,-0.00657512368860114,0.0133198177068129,-0.0153549108924655,0.010216485931891,0.0191899910560593,0.0175417546044906,0.0419200536886591,0.00634218408617916,0.0140177206617891,-0.0051012103496895,0.00115662641672968,0.0228323519467976,0.0199945893940782,0.0365474527686418,-0.0198257744899457,0.00423342482381813,-0.0173468189374631,0.0128395704067316,-0.0102778651910489,0.00790163839769695,0.0393272025324094,0.0186387186745214,-0.0266121645146182,0.00856195626954846,0.0257689880048523,0.00848011721095129,0.0183026380592753,0.038818852705068,0.0163280800079205,0.0192675980415195,0.0503557680441023,0.00901976229067381,0.00200036898840281,0.0318272421001674,0.00960045162502134,0.0173967260652474,-0.0261349040152028,0.00629915018197396,-0.0165896811309868,-0.00534600591616026,-0.0281658143649883,0.0252889188576796,-0.0511452332430706,0.00931427372048787,0.0312379083969592,0.0171811222983352,0.020726465118043,0.013934397937379,6.95630677095068e-05,0.0531210080501095,0.0338777757517308,-0.00101705851547184,0.01741508610436
"PDX1",-0.0533273322313361,-0.0682455419096425,-0.00243376462312461,-0.0019593864633915,-0.0196997665449458,-0.0663880579396221,0.0299289435035174,0.0227872489350267,0.0119401316109539,-0.0102194668638849,0.0232702370734828,-0.026056459425946,-0.0170134602818349,0.000553144015581332,-0.0311733324412391,-0.0103555948326522,-0.0342288372976882,-0.000151550212849386,-0.0293156173293113,0.0615622978575525,0.0336220432955709,-0.0503847998262676,-0.0477452218206467,-0.0168158489691518,-0.0174784651370824,-0.0200902665651086,0.0271370900869337,-0.00456343736218104,-0.00190521214848425,-0.0068475068742299,-0.0010449734200259,-0.0421057671901676,0.00141181986783233,0.0120045590769557,0.0431342160161622,0.0345737078683836,0.042364120702624,-0.0245990045803064,0.0193241464424374,-0.0426058789009184,-0.00058423987850879,0.0262194031167153,-0.031953912033182,-0.067325634819753,0.017186230505003,-0.00887558213957677,-0.004079599734853,-0.0132898651685811,0.0144449968815208,-0.0470775562278277,0.0181906630801286,-0.0357689689820673,-0.0167628858540988,0.0235318044705686,0.0138018676750589,0.0112076074305285,0.0138685211818315,0.0413219786314471,0.0515970405086343,0.00787534663416824,0.0188465901499273,0.00431482656533999,-0.0138363266156014,-0.0120622389139729,0.0157278004267773,-0.0266370887711987,-0.0334880389507682,-0.0516330664264158,-0.00450840185949514,0.00642512435845149,-0.0521372528036476,0.00787654989976724,0.00381278077646577,-0.00581232565130086,-0.00255700563161902,0.011726963808706,-0.0202298054387647,-0.0114236708377573,0.00370125817972478,0.0189612808045374,0.0111761469342714,-0.023587027984212,-0.0141127745170363,-0.00983261629949801,0.0391311111875699,-0.0261953733557376,0.0176254961221573,-0.00793113904063789,0.0111677061103457,0.000518125366652442,-0.0389990066063426
"PEBB",-0.0363370653769707,-0.0134171377075734,-0.0265300397229736,-0.0094406954893504,0.00546870679544254,0.0166426331306061,0.0107697249250612,-0.0169449807216733,0.0128296458132837,-0.00743164963021844,-0.0218555660780165,0.0131147552055609,-0.0182978513406789,0.0374969382041942,0.0385484673679927,0.035621491061078,0.026075617103509,0.0259435179931719,0.0239646363082562,-0.00527356824825773,-0.00388514678987366,-0.0191540692697102,0.0398380514569038,0.0200201272574786,0.036369672502194,0.0194511148607262,0.00700650870532217,0.0515514900420172,-0.0262352398658531,0.0142614864707335,0.0271852836560171,0.00877691227948428,-0.00673730641650585,0.00272899507919581,-0.0212916865310165,0.0375429932116169,-0.0046269514263936,0.0231881727900637,-0.00254912780103555,0.0227363010244601,-0.0013460680049241,0.020085967996576,0.0150914469363384,0.00659305275004046,0.0325837883611977,0.0255732169387275,-0.0174038472823202,0.0201916018285731,-0.0198675839333201,-0.00964361966732906,0.00601167424495381,-0.0117517894362084,0.00817332113589032,0.00937578771545999,-0.0300665228563993,-0.00767706265782813,-0.0395291962217956,0.00640183620558383,0.00264187212377324,0.0197561338278336,0.0155178993422302,0.0302179020686611,-0.0581023569209343,-0.00640727083267558,0.0345025645742425,0.0357416980629653,-0.0189149166138975,-0.000778415010147015,-0.0319526747392061,-0.0253607219656334,0.0156574800981084,-0.0179307302136945,0.0239274674871095,0.020420205762418,0.00037585901496493,0.00951850658282269,0.0202377989713014,0.0248369150115591,-0.0361842081162173,0.0263858817039193,0.00313458448311139,0.0367399096141154,-0.00377232698390856,0.00994357270357014,0.0265801667975001,-0.0145915447441427,-0.0374819154263682,-0.0192081657550269,0.0436290146538623,0.000198194064181454,0.00259930990737894
"PIT1",0.00486484481435811,-0.00464769547023687,-0.0276559385301864,-0.000862294859759183,-0.0168581395651452,-0.00379907054218956,-0.00439392620509101,-0.0227815014063946,-0.0117042914483898,0.00175275002544943,-0.00219197794170654,0.0247001747777506,0.0191491088401969,-0.0116918583177537,0.014825353768734,0.0215729815673694,0.013342569326574,0.00605924304357626,0.00372501420834774,0.0235108731178855,0.001234378061998,0.0283150088479285,0.0352838903425656,-0.0256678687353454,0.0130769291747292,0.0179211777631368,0.00343311057091518,0.0292776443589642,0.0140195390591529,0.00714330796230284,0.00188472315501271,0.0127369330979288,0.0107249525337146,0.000521553697581037,0.0194039142394107,0.00499174906180418,0.00918579525226403,-0.00945214985919682,-0.00459388228294046,0.027856304367133,-0.0113875147242946,0.0183125068411937,0.0199374712171121,0.00968322764295038,0.0138793047291744,0.0127153929611228,-8.6102621530283e-05,-0.00241993472147034,-0.00334781210971017,-0.0087483181259303,0.00709413250206764,-0.0145615081087158,0.0171128474893985,0.0264223190018382,0.0212346108283717,-0.0270168660546624,-0.00310576183075408,-0.0082557818904128,-0.0086608225880837,0.0110154844209206,0.0362869670855588,-0.00106645555536733,-0.00893920605761138,0.0126938843610342,0.0208122951284911,0.0257484159858825,0.0201855419635807,-0.00839138988277809,-0.022435882042153,-0.0261841339807868,0.013901637162025,-0.0343682196126325,-0.0133158624836604,-0.022735440838059,-0.00713482484185226,-0.00528955798634461,0.0167608337532317,-0.00306937874322677,0.0224116414250968,-0.00604489603372963,0.0124324187973813,0.0233660360561302,0.00648359114411126,-0.0183189390682658,0.0216430494904581,-0.00788711743842926,0.00841318656411663,0.0112506945963271,0.0214828993823942,-0.00673922330585153,-0.0144268555608701
"PO2F1",-0.00866851141859151,0.00609663764339973,0.0121770292413912,-0.017851007116603,-0.00089512094583727,0.0119894023750141,0.0348476075193088,0.011787217145781,-0.0169013596506185,0.0164299291290003,-0.024199193408543,-0.00537588146327968,-0.00530588225969814,0.0116093323018922,0.00138781379385401,0.0129347673344678,0.02214656278559,0.0224578083540987,-0.0240623697106094,0.00869323356324259,-0.0077560865881708,-0.0256132554479737,-0.00792502701900369,0.00391456384792658,0.0239679553581723,0.00858567823899619,0.000723955599919293,0.0195137235899264,-0.00900273222146148,0.0299974398588887,-0.00690527545018912,0.0134985548670835,0.0115977699601048,-0.0209917156834135,0.00738043984191445,0.00447962626663264,0.00451120838288047,-0.00682898144029929,0.00222776191141623,0.0280284885514473,0.0107172434993588,-0.0147976322614712,0.0134311750806923,-0.0116093631279829,-0.00495261218251936,-0.0019261140524992,-0.00953316810653396,-0.00288066849481232,0.00212579944104693,0.0121044456761203,0.0274756070210678,0.0148909850779747,-0.00391854674138121,-0.0067085815434102,0.0359249310177748,-0.0197229247999456,-0.00439891092472177,0.00789013779100027,-0.0107425242350932,0.00835288148239239,-0.024236759738973,-0.000841320883475571,0.0519635415703646,0.0145786394473751,0.000554086812382649,-0.00142866474868126,-0.0160294555956674,0.00104147315313204,0.0190453218931045,-0.0263192368063879,0.0160907873516109,0.0315089636786836,-0.00539386206047539,0.0177347516267849,0.0111266268047539,0.0124006961761379,0.0126491246235348,0.0197079987716468,-0.0109431931229194,-0.0192488942539664,0.0185697647645718,-0.00973682010611385,-0.00971707597931985,-0.0265407037475419,-0.0328009077766697,0.00393416087771011,-0.00684642423348624,0.0244295981212618,0.00828693750082728,-0.0145415724213014,0.0125739594868623
"PO2F2",-0.0150428683103423,-0.0176136150309241,0.00457922513299269,-0.0179034054742206,0.0593366981275458,0.00595569548541121,0.00281602085327362,-0.0179226627296738,0.00331788279631688,0.032283581257832,-0.00942795528870019,0.0124753623161229,0.0223258354760931,0.0154885827503915,0.000669962891751913,-0.00746750419531767,0.00417524956988453,-0.0140859225748736,-0.00647180276617497,-0.0169160034629603,-0.00326691392992031,-0.0119639215460596,-0.0132971438488235,0.0327895589752079,-0.0290186693290286,-0.02776918880229,0.000827026174146691,-0.0105251249770918,-0.0179730562217499,0.0301891620414824,0.0173746720894257,-0.0213400510261475,-0.0336444169156344,0.00900645864100083,0.0286159984134013,0.00909559348255405,-0.00129069390956925,0.0129416240497959,-0.0313650617722305,-0.00243072419982953,-0.00921351203509143,0.00978514557819443,-0.0343972063986136,-0.00112061556681703,0.00458768206979972,0.00590647433605484,-0.0204916334421271,-0.0127353569499765,0.0162219257974263,-0.0067636458916947,0.00660595725569574,-0.0189962894098508,0.00905832878287315,0.0486865757710841,0.0168013013876045,-0.0259501359821666,0.00407908945405557,-0.00725529014963943,-0.00467015945842696,0.0204553026581595,-0.0165071358091914,-0.0110483517299714,-0.0353834613849675,-0.023377355282834,-0.0414182182293096,-0.00141456335302461,0.0188890347682745,0.0107233377313731,0.000184112306510782,0.00508494375206673,-0.00336270694243851,-0.0125229767475879,0.0359587576937996,-0.0250844107843871,0.0198899059288049,-0.0120607890979381,0.00848911815424829,-0.0181814669498774,-0.00872748379638007,-0.00735610630113798,0.0132893937919396,-0.021035720330109,-0.0098838632865087,0.0273989569507032,-0.0243091474852796,0.00623340967014356,-0.0193244348727841,-0.0150796108588844,0.00872488272601364,-0.00708154487541115,-0.0218899132130779
"PO3F1",-0.0163743867053163,0.0234375674355995,-0.0052705834871867,-0.00733829140935083,-0.0225732856918184,0.0060837746068967,-0.0342571651422612,0.00897033523418464,-0.00876529804642827,0.0224857896864748,0.0105757559934621,-0.016538686645748,-0.0240071066729256,-0.0417134429928647,0.00408223712862233,0.0183756431859299,0.00548703365704283,0.0253820377795011,0.00222277685470436,0.00421734981198874,-0.0164269622435551,0.0225404901512021,0.0177325700725511,-0.0189830439008996,0.0143186444882991,0.00588328855379058,0.0169947457448946,-0.0268704781272988,0.0137761764464915,-0.0277203111807389,-0.0138771801387834,-0.0205892579955059,0.00489315402911351,0.0115288566153194,-0.0322822213116365,0.0105243884628628,0.00890606065728854,0.0109101073748124,0.006936378746307,-0.0221333652212726,-0.00366474948861916,-0.00208652427969823,-0.00240923664276448,0.0171645050857922,-0.00415049803974396,0.0136377621089847,0.0216812529688908,-0.0140440817650053,0.0175683987331669,-0.019723161386917,-0.00602547242813136,0.0276100681247533,-0.0282511052504698,0.0144252738319643,-0.00489954512140362,-0.0149610715915708,0.0670976367381518,-0.0506280557868983,-0.0109405714901112,-0.011373530692749,0.00254572632289102,-0.0104085639584595,-0.0107972619832926,0.0201256683902991,-0.0245496472857141,0.000977979855649821,-0.0267926774099765,-0.02826158189724,-0.0045342887301537,0.01275736471164,0.0190992264618348,0.0294184140521554,0.0169401442450887,-0.00780520901545891,0.0149156156938427,0.0151497583171127,-0.0103273507192739,-0.0300132557096816,-0.0341468773213913,0.00151167574546751,-0.0147316527391072,-0.00261742185826109,-0.0143088855338121,0.0169315318882191,0.032490692301184,0.0265637157180205,-0.00648545705148108,0.00684795648985782,0.0181603035086839,-0.0107553058530909,-0.0233354188759187
"PO3F2",-0.000361498668722296,0.004823473590182,0.0110765827175704,0.00965265149657336,-0.0221849842957887,-0.00282021519581156,-0.0222283531654026,-0.00777028850149452,-0.00396672920860261,-0.021438430536168,-0.00818124280995541,0.0070208728287191,-0.00323851247141413,-0.0191404273371429,-0.000863135493612816,0.0205263890944746,-0.0283320257246088,0.0318789850105589,-0.00119303063168101,0.0267473911211239,0.00815870885518007,-0.00794539845029316,-0.0054324441619071,-0.025124944741299,0.0187284623180166,0.000564325806333157,0.0163827092177416,0.00675674990136347,-0.00503494083830697,0.00770660124187034,0.0280529590982915,-0.0175034971686132,-0.00525981640068427,-0.00641885378938839,0.0199569796483949,-0.0239878436610771,-0.026009026736617,-0.0325978976645178,0.00861417100822297,0.00453761826262497,-0.0169794342199943,-0.0164804513709093,0.00570662791012601,0.00690014203924988,-0.0176902863976205,-0.00464882529587461,-0.0144446751867395,-0.0146116328671798,-0.00570119662122897,0.00236205379653529,-0.00228553908366348,0.0246875740291523,-0.0086482779458299,0.00103442532939844,0.00348447715661188,-0.017566390425369,0.00837307527540329,-0.00262868945990411,-0.00212612796759445,0.00231424012819256,-0.0133702816025879,-0.008937874183867,0.0374210319127065,0.0209091759980408,-0.0100724794542027,-0.0107662125801753,-0.0252931762087956,-0.000419135861361907,-0.00356923074872748,-0.0109928960602775,-0.00708068735837478,0.0213603538387788,0.00219788706617431,-0.0132422850289736,0.00265055158709527,0.0158905622289693,-0.0125090551501052,-0.0163277880935418,0.00742379407139316,-0.0337142217335233,-0.0285777206936442,0.00910007088316035,0.00833867601350981,-0.0330069846919762,-0.0455807128203072,0.0115686506737426,0.00297704568925635,0.0186626807302084,-0.0299558141984503,-0.0151662796805516,-0.0230840274385598
"PRD14",-0.0148190259189681,-0.00973825515259007,-0.0167268047870097,-0.0320852254340884,0.00217398787799627,0.0356870594070242,-0.0492350856640888,-0.0133912134553548,0.0248188526107667,0.00500978478617757,0.0116722893258166,-0.0077108466913624,-0.0412144781243259,-0.00465933216035674,-0.0241297213059198,-0.0206240314094179,0.000228912799228965,0.019259384212423,-0.0272344403691092,-0.0240424873971831,0.00207447443806588,-0.0315588843284648,0.0300365277524458,0.0125032819250597,0.0357250817576322,-0.0128726021320099,0.00684518391181528,0.0349287977484875,-0.0159944793688122,-0.00270614389019786,-0.027483842258949,0.00332635438864794,0.0097630030169137,0.00444574455955528,0.0559327234195247,-0.00848651254993983,-0.00834799457738888,-0.00854564665135545,-0.0045738567943824,0.0375243398664675,0.0411403626446438,0.0198823641438304,-0.00104653145753664,0.0166002920337476,-0.0142860698786499,-0.0152838122396695,0.0138550396330193,-0.037746728338687,0.037524322540741,-0.0243418253880466,0.0160043713849915,-0.0068136019963748,0.0225422170566641,-0.0509960805119373,0.0318651947606434,0.00394776241843749,0.0150502776737104,-0.027453890509512,-0.0214666487959177,-0.0339939322204494,0.016931219799907,0.0170683985075371,-0.013157776124386,-0.00223740402785108,0.00805408974868561,0.0232529196589091,-0.0169899302979341,-0.0231009753228325,0.0397627211056929,0.0294407174566889,0.0047060785121825,-0.0130887667582953,0.0185288377210334,-0.0109612955582717,-0.00444716531529024,-0.0283827630859341,0.00690359104683324,0.00100291642104657,-0.0319717780658306,-0.0160986372013163,-0.00607814888956955,0.10355288271165,-0.00787383625546199,0.00579574734658889,0.00324005444344717,-0.0128387813169463,0.0356650996676798,0.00203055092841527,-0.0555339692559882,-0.00229508759894793,0.00140149566009911
"PRDM1",0.00146589475868123,-0.00892219500420877,0.0148465626324536,-0.0161594495818423,-0.00853990436593503,0.00669086346495414,-0.0129816102472177,0.0029675251550929,-0.00238493497316261,0.0073511819575035,-0.000144777718595981,0.00139356285074001,0.000604039648997818,0.00846893736856539,0.0216023705116824,-0.0101297991121818,0.017944268067053,0.00095515629567265,-0.00172614792984309,-0.00311148648187115,-0.0033091754455104,-0.00692625787733926,-0.0187381649566587,0.00156615618817895,-0.000290165953814378,-0.0123141147527651,-0.00854470304375645,0.0040897866799771,-0.00805630139630314,-0.0168319795720107,-0.022196708985869,-0.00103646378660071,-0.0108443480791485,-0.000788510243054279,-0.00952808206762217,-0.0148216246799792,0.0132013857105718,0.00838654115518042,-0.00444443732623713,-0.00998992440233619,-0.00327888701647734,0.021887940728698,-0.0177774612133512,-0.023770455448344,-0.00791983714964625,-0.000412847615411915,-0.0224088564665554,0.00229229994013294,0.00333070047509626,-0.026742783222194,0.0108530011213694,0.000776442121316198,0.00220444965506795,-0.00278244742688499,-0.000451796606194449,-0.0128514238119282,-0.0164076689921958,-0.00909646460605348,0.0158026659284867,0.0230174347905177,-0.000243852364078894,-0.0140756674342527,-0.0112410147365696,-0.0230910714218735,0.000797879529942781,0.00624876345994717,0.00526004887359228,0.00144092142837844,0.00492937493006263,0.00492419614398332,0.00312843909505725,0.00777241204685054,-0.00131449113087055,-0.00618219576595646,-0.00825223857443729,0.0126489871653155,-0.0269945119546629,-0.0159328303589298,-0.000697742504015542,0.0146043693498229,-0.002057426060142,0.0152015312201625,-0.0148709714447763,-0.0169963790755463,0.00908393287353238,-0.00990396881918523,0.0138807973299614,0.0119209078094308,-0.0119366255627438,-0.0200307798228853,0.00047428147859392
"PRDM6",0.0095510740934931,-0.00752452972943307,-0.0102353619953538,-0.00240196251693848,0.00126306061708874,0.0120989385379416,0.00189642382888755,-0.00929773226262713,0.00392656415514223,0.000531459148038395,-0.00453727490695809,-0.000480108354343086,-0.00599011635708392,-0.00445750382347909,0.00787967577890272,0.0313651798190157,0.00409578000791225,-0.005190199722129,-0.0149017715009299,-0.00175061437058417,0.00919640632430173,-0.00104671528302797,0.0110293506581279,-0.0146293960058295,0.0119873055400311,-0.00829745794419032,0.00414856582881213,0.000839900132095269,-0.0108305501678874,0.000706071638219625,0.00137948614889107,0.00524762098225837,-0.00444687640224707,-0.0103715243782862,0.0168582137850233,0.00321904992361353,-0.00276232642160108,0.0107659271459278,0.0144638342841277,-0.000125514317715348,0.0198872858302913,0.000625346827830463,-0.0128899784378905,0.00953491018444866,0.0211157233465341,0.00506307977946802,-0.0277448700564888,-0.0202067449056806,0.00253015100638,0.00187575336908173,0.00200550305097951,0.00496473094306297,0.0159791546248057,-0.00329936771889783,0.0200769441219934,-0.00491870954798156,-0.0220761285629138,-0.00367669247325798,-0.00972134340996307,0.00315907286102945,-0.00476674782211716,0.0238300950122638,0.000441433844531427,-0.00885403431216103,-0.00913087035480624,-0.00513554962802444,0.00764200248664134,-0.00689372117215966,0.0367122672622598,0.0243431665406433,-0.00836822541206277,0.00563914891380817,-0.0102423635609509,-0.00847771370180713,-0.00406187497247499,0.00242388932033497,-0.0150200913403422,0.00871699555905709,-0.000711198261486028,0.00412972596700754,-0.00588352263762932,-0.00906314664626446,-0.00458224786622489,0.0155972662399668,-0.0115496339251278,0.0155625867190544,-0.00718570292517326,-0.00870313125681887,0.00489335430940607,0.0299162491911293,0.00591443916854967
"PGR",0.0117547941823461,-0.0153227075007116,0.00629583383842191,0.0171558131961968,0.00940273216691664,0.0479747184185825,0.0540220226423421,0.00524441349105555,-0.00217641500997269,-0.000966505381413943,0.00586423431122418,-0.0105661037446622,-0.00621346377616632,0.0185884255678204,0.00406101227132838,-0.0243542477760969,-0.00091367606790617,-0.0037793364846719,0.0174282510609851,-0.025246701388726,-0.0101281906663642,0.0425672704942218,-0.00949914296060225,0.00540526728723484,0.0232734780693981,-0.00632002255585302,0.0608071724546166,0.0248484266685294,0.0368144098131862,0.0310020457570464,-0.0271121318492618,-0.0100299762641174,-0.0233989100916469,0.039600246911174,-0.0158288037012831,-0.0254120978224814,-0.00606171548829873,0.0323884619450867,0.0109796080376328,-0.0379539740568075,0.0369999970699501,-0.00583594773581864,-0.00477483586965785,-0.00293543292734159,0.00708001783449134,0.0442647000536618,-0.0167128818888247,0.000497122189309551,0.0167907672811229,-0.0274677875667637,0.00952211931393479,0.00421834544440409,-0.019981527216218,0.00246949852381734,-0.0125048641587631,-0.0597097286665416,0.00479107779422304,-0.0132023980868798,0.012401760317274,0.0434313063572365,0.0449744933884009,0.0228429510433336,0.0734441834977797,0.00974961205268673,0.0358651177869208,0.018617400831076,0.0190217536931392,0.0520606666137745,0.00753022840638879,0.0325484356828647,0.00794467448441137,0.003598758018203,0.0291250852287506,0.0310233183738952,0.00460705572711966,0.0286040926248293,0.0262349524253522,0.00103447275904655,0.0316408608439238,-0.00386299633588435,0.0140488509498071,0.00147654670815763,0.00824870204869971,0.0223350757696445,0.00237074404590822,0.0399194168729215,0.0339357477840266,0.0384804657521207,0.0379102683513777,-0.017908205827638,0.0214029758672715
"PRRX2",0.0136886598181003,0.00786636738882541,-0.0280276974900659,-0.00148568935899039,0.0445688995419355,-0.022810146663454,0.00652504648168951,0.00228249862688337,-0.0222687735648208,-0.00571776575593117,-0.0122705544458125,0.0354764196025566,-0.04179805865884,0.0429376700062397,-0.0107374005522219,-0.00992256783422082,0.00227397850377144,0.0120858552056044,0.0555782611271506,-0.0170525651842569,0.00661874857438174,-0.00406307448526881,-0.0114698335990199,0.00469358419261806,-0.0138064494406732,0.0326063193479497,-0.000227501406518236,0.00671266832520658,-9.48432749886852e-05,-0.00319544183356026,-0.0129841255259314,-0.0140162887970854,0.0137180571005547,-0.0136133009646731,0.0241702703104183,-0.00757997132530639,0.00343984457354756,0.0558324976860732,-0.0178714806827111,-0.0100197153549159,-0.0307906299049597,0.0133715751244279,0.00530010853030984,-0.00216840396140001,0.025888629617403,-0.0179837954007142,-0.0122949115637598,-0.0216297141919376,-0.0121540566102611,0.0202310424344304,0.0119288204578628,-0.0173692034495865,0.0134988502174867,-0.00925768408533877,-0.0341134962360936,0.0237561247641725,-0.0375039632577546,0.0103392702560271,-0.00066951837968669,-0.0276905574223838,-0.0296505726268078,0.0324961207567864,-0.047954837646184,0.00864374419864937,-0.0259990755432383,0.0319152231375631,-0.0313034591209053,-0.0646544793910866,0.032675500338902,-0.0126255282491652,-0.014106792990085,-0.0170916776111567,-0.00962902391071101,-0.0186358593438996,-0.0300346205828489,0.00240774200008361,-0.040440053516789,-0.0117323635551194,-0.0185116296675792,-0.00940909341600253,-0.00182650424025872,-0.00684488399816621,0.0540096114982901,-0.0486849475858095,0.00721156481789343,-0.0151721568907999,0.00957328586512538,0.00674490584350076,-0.00674592873780733,0.010313710793082,0.0156251473183671
"PTF1A",0.00131535220764331,-0.0160369860817807,-0.0131202968678265,0.0204446122960262,0.0299535464117095,0.0208656003264772,0.00224517125381636,0.0118030408207488,0.0131350902151284,0.0130011575087701,0.0224600091115991,0.0155392194081024,-0.00503673239780183,0.0199925981458379,0.00784066936258923,-0.020978383616441,0.00768410030635466,0.00255667649411564,0.0144606091856689,-0.0105878250543138,-0.0121221236492691,0.00184401424433649,-0.0107312509187564,0.0204802098297269,0.000673779254035232,0.00795030093318689,-0.00190404261145249,0.00448559711822419,-0.00776869867977787,0.000388392656978475,0.00456738437331581,-5.62481983480057e-05,-0.00474083462042168,0.0159990246991493,-0.010781064248275,-0.0031023942475979,-0.000648356339482673,-0.000804036597390571,-0.00889265812493751,0.00753385546043059,0.022938927229222,0.0105452210793999,-0.00789036036957625,-0.00688091833619135,-0.000219852643368227,0.00372580678978193,-0.011072567491569,-0.00162089558933233,0.00689735563649246,-0.00919333635115218,-0.000186616036492082,-0.0166130088430462,0.0327915119680319,-0.00269750709855282,0.0119802725419712,0.00420657621844003,0.0126161781717717,0.00102262632281341,0.0194716068522598,-0.00398272687565996,0.00690575151674322,-0.000102213109552835,0.0207519871983486,-0.00973196559525721,0.0189433569333944,0.0268989438673034,0.0465093965436235,0.0343828552734123,-0.000411464860556193,0.00766690565664756,0.00511196039641118,-0.00512940455749375,-0.0188814342358936,-0.0155554783454525,-0.00436239099116915,0.0134660646610518,0.040596027457731,0.00082873763476336,0.00252058124231047,0.00942197002363408,0.000540600812038841,-0.00711987817035217,0.0130611432418584,-0.0271418432446509,-0.0136371784946871,-0.0254088047862593,0.00520652412051123,0.00338795641086734,-0.0360224234808023,-0.0142942385563725,-0.0253999987770477
"RARA",-0.00421715612469212,0.0198338125616354,-0.0195527049433497,0.00575456211679047,-0.0139538759967123,-0.0367940542983165,-0.0221621793379138,-0.0158270218524104,0.00179593682054314,-0.00702788365890337,-0.0271398204700054,-0.00855709110179459,0.00469377797078365,0.0383415079777844,-0.0141432339588921,-0.0207038023506463,-0.00636135221589149,0.0208119120853866,0.0144032918363908,0.00698944935945604,0.0118137702453283,0.0084778123195651,-0.0334890904568224,0.0165787217302422,0.00356936198154092,0.0126024915078985,-0.00929486071031165,0.00668064070886837,0.0143392242728921,0.00548856945641266,-0.00740064081088487,-0.00575965325802689,0.00955230916798288,-0.0021180035094601,-0.0126999441998062,0.0185450714456024,-0.00439500615323163,0.0119659809922345,0.0152232708411113,-0.019921650321486,-0.00039909539127369,0.0047793796609446,0.0176748822228793,0.00357611776934235,-0.0133386365137232,-0.000934684553887684,-0.0273727414401306,-0.00839890525649884,-0.00359251664218824,-0.0026614622288917,-0.00427364617425745,-0.0177722709525922,0.00980851903762408,0.0193518250155728,-0.00213284431721003,-0.0158364022511163,0.0172585805038689,0.0145042252996096,-0.00137295523334121,0.00685602671879072,-0.00424119228420045,0.0248830194326763,-0.0351163172603786,0.0240748250173861,0.0162906322990573,0.00942516032399046,0.0132650666993617,-0.018259148442156,0.0223703506821658,-0.000717641499744816,0.0210326919983601,-0.00736738823072738,0.0241803524622548,0.00385823544293946,-0.0155239655343373,0.0142523778352311,0.0222474969207498,0.0118376262363856,0.00829030522386422,0.000722408032226265,-0.00356917378408158,0.0236393811806628,0.0146351033915418,-0.00138278046796218,0.0206075283645995,-0.00386772795253155,-0.0361943649101098,-0.0107918276140841,-0.0120405567551346,0.00632258746976207,0.00473000397199287
"RARG",0.0205549971184631,0.00122637896385543,-0.00201156766549981,-0.0132125037530364,-0.00713723410564355,0.00807530108290161,-0.0055738727146842,0.0182592248665469,0.00647327650589035,-0.00602609497510181,0.0316250168660155,0.0178973723073751,0.0282925740400398,0.00401778665651473,0.0206063287212431,0.017968933829214,-0.00279910425534113,0.0122586640740642,0.00953790209197485,0.0210042232171424,-0.03096304618831,0.00711548453741993,0.0240056503881673,0.0203775306154787,0.00416805325951665,0.00539576441917531,0.0213599027320826,0.00815299524601865,0.0255238868065291,-0.0210198978335413,-0.02019525130762,0.0411226950620792,0.00309684504640844,-0.0214935065220448,0.0317172081361452,0.00685039862930632,0.000855896849853154,0.0206854504321263,0.0467518625601516,-0.00403431316380308,0.00500696851975497,0.0129351785994211,-0.0169134280767317,-0.00250786475013048,-0.0170131291568929,-0.0061966790634968,0.0243101105915031,-0.000284134786024627,-0.00181970810518035,0.00832125537184707,-0.0105994575464501,0.00581864920047978,-0.0229315345919751,-0.0159841157970241,0.0187436693653821,0.0140278773968706,-0.0385802477171081,0.0143696938424063,-0.00701097274129486,0.00688413975068414,-0.00548869468466351,0.0063491406678293,0.00551197220421731,-0.00124226236842351,0.0298160106440035,0.0192032707028934,0.00283658351304758,-0.0262122708745036,0.00722336522140203,0.0158039506918005,-0.0251378361392375,0.00397893481900095,0.00387632769386331,0.000286849311534645,0.0115599278139422,-0.00455513120201537,0.00783850326688657,0.013686476273009,0.00411659966084092,-0.00526816547872206,-0.00990905191193825,-0.0162625886239482,-0.00679921473114257,-0.0122373014253967,-0.0071044080201162,0.0198219957025651,-0.00601494553060936,0.0284698282817889,-0.0238866071689379,-0.0107821900679042,0.0142614942613146
"RELB",0.00346839147883229,0.00716179975165326,-0.00655807524737409,-0.00258442369866739,0.00952298873086226,-0.00639491447868829,-0.016360512154821,0.00737516965778127,-0.00854727492592301,0.0182141264202662,0.0104713963219327,0.00240583874559535,0.0109610502546174,-0.0290937512921718,-0.00524353839159153,-0.0389279669530722,-0.00994613368518561,0.0365851906184304,0.0117479295808771,0.0114484627533846,0.0249734720023398,-0.0175617215817236,0.0143624212452533,-0.0308186993711351,0.00425333293859194,0.016235019247004,-0.00963224602543595,-0.020750096651593,-0.00415383917962962,0.0168799961093838,-0.0161742416314863,-0.0179972664853083,0.0169897306971246,-0.0144596615770705,-0.0135401469931328,-0.0282262914225682,-0.00309271102863824,0.0200544765059225,-0.00275494710489854,-0.0162256852873417,-0.0101096034520505,-0.00248157409283291,-0.0358437509615848,0.0166646378574145,-0.0331898616826317,0.00106922043272708,-0.0162051938282559,-0.0169303478773423,0.0315907406988826,-0.00736379865063694,0.0352754476896133,-0.00665943411975571,-0.00667570007309346,-0.023298868357752,0.0350920923334422,-0.0235910437678395,0.0356852470192549,0.0298580186118948,0.00609101199999626,0.0368298198436058,0.0169713525102035,0.0167552281703603,-0.0185070143890469,-0.0317076060043256,0.00580440881153327,0.00318460702001257,-0.0496458326294347,-0.00628229427732603,0.0284460432425961,-0.0150126955477599,-0.00209282876192043,-0.00429604969871125,-0.0274712578550576,-0.0345145905213926,-0.0217886130383787,0.0305684359616984,-0.0194893903101929,-0.0233162656580664,0.0041740253074766,0.00204269274423023,0.0141280252385469,0.0122903945642622,-0.000867224932834858,0.00322507679853551,-0.00355601319177529,-0.0145407724746302,-0.0160349000328232,-0.000478896786101257,-0.0132821253556552,0.0255355438066705,-0.0185053086317374
"REL",-0.0137163606744654,-0.00904547595129846,0.00695950077121756,0.0212600805842612,-0.0118666526706704,-0.0145450923532354,0.0206830291815057,-0.00701747367529423,0.0122816466619089,0.00665790733165977,0.01092649997715,0.0234361385661165,0.0160412616521384,-0.00702845323613543,0.000991394301112139,0.0067089470927692,-0.00754974000190919,-0.012309869421929,0.0165340826002748,0.0200520552507284,0.0127846673114851,-0.0106253620678843,0.03263664310274,-0.00260987055997344,-0.0186632558187036,-0.000532201219955154,0.0163187395467494,0.00531524153176938,0.00644173269249838,-0.0253968828772341,-0.0176710729957642,0.00597738306037486,-0.00940139448071284,0.00717556621889878,0.012515197355871,-0.00595846003544107,-0.00492582759046695,-0.0273177132068873,0.0128489555805578,0.0205320115450051,-0.0246792254385201,-0.00330913039446333,0.0132109209472347,0.00460391750780792,-0.0122138645239727,0.00225253240232614,-0.0182316723002045,-0.0129724259980774,-0.00121650819741772,-0.00816695947675902,0.0143040323716967,-0.0177907480939431,-0.00840736032175225,0.0051581929749318,0.0149970821089239,-0.00969884874232034,0.00437961062451608,-0.0208256893821715,0.00823685892231608,-0.0173557904635159,-0.00933791263612442,0.0359911025794559,0.029037146930925,0.0368345981516338,-0.0095800204277454,0.0113320538595848,0.0451527578733559,-0.0239788119043904,-0.00925904780018647,0.0162436730177188,-0.0267870471253101,-0.00997680521524031,0.0184979498134573,-0.0416711663236276,0.0139580073275179,0.010940680381634,-0.00547069456375796,0.00910701350360524,-0.0105147512300212,-0.000948275556123382,-0.000345566582333243,-0.0231714359179452,-0.0200493697810182,0.00212926728678735,-0.00462497456219747,0.00110286743408069,0.00876054495330384,0.00599045814109824,-0.0121694894125056,0.0185848613130494,-0.00382254114451398
"REST",0.0211577996455357,-0.00877242838773519,0.0157981538210528,-0.00344790544287879,-0.00967121688029157,0.0323732317784992,-0.00536648349142261,-0.00637370688182851,0.007257899652332,-0.0208941693492958,0.0217791305469239,-0.00256088497158017,-0.0173961668013069,0.0226492844613382,0.0149476368503787,0.0162098985066253,0.028638396113533,0.00197014733380749,-0.000137868189098206,-0.00677952299848347,0.0197522400714928,0.00229778975582601,-0.00629213931299342,-0.0084027535570354,-0.00303336785718295,0.0223496110725656,0.00210554551028547,-0.0186426677752445,0.00453234148405668,0.0106141081027925,0.0119492866290341,0.00752554914618958,-0.00679470641611097,-0.00882022361968602,-0.0129083943653989,0.0118285185344847,0.00728761780201838,-0.00668724842329095,0.00611703642382394,-0.00642359017520334,0.00215926146229207,0.00852890621963921,0.00445677685886011,-0.00490939341143666,-0.0160960422921394,-0.00336884166323845,0.0252995954348941,-0.0292789744518005,0.00564855662187951,-0.00358713074451639,-0.0214499143619886,-0.00506277347307581,0.00518152630705877,0.0163229801232047,0.025579220366496,0.00413106332646463,-0.00749920237216764,-0.00596169260982613,0.000469908141979198,0.0252660091190492,0.0119646600820228,-0.0062169180408531,-1.47344117324322e-05,-0.0256534251573892,-0.00719616656311661,-0.00902766424117779,0.006798307576725,0.010503268140242,0.00277498760040377,-0.0146757840496949,0.00329654629124728,-0.0123759392359945,0.0022533143710456,0.00409302178237463,-0.0282129182266182,0.00618698704783625,-0.0229888124999294,0.0104405762433487,0.0164754785955802,0.00662549259079654,-0.0113096020005304,-0.00597140718811988,-0.0197536516186702,0.00736064190843445,-0.00594711930970339,0.0243999256755439,-0.0255527937087579,0.00803942802747941,-0.00636331695927415,0.0099578668815189,0.00289193910938747
"RFX1",0.0092401272649828,0.00704815887747374,-0.00711028730385332,-0.00841819524803465,-0.0148309015131557,0.012054363303756,0.00751465604791212,0.0173435018221971,-0.00985802512048168,-0.00015216256079634,-0.0270218935481192,0.00367714804281416,-0.000788177732282025,-0.00644091441859853,0.00817671540858462,0.0161600663197955,0.0282885650341286,-0.00811707274466903,0.0132868290809272,0.000173892633177603,-5.73576106846903e-05,-0.00482435225021355,0.00479495804868342,0.0050674536146593,0.0034256086899249,0.00812023295108888,0.0115619723799321,0.0344881598873729,0.012328484592739,0.000495128560090621,-0.0117761043856566,0.0235932795770045,7.78447700516175e-06,-0.017351051309888,-0.00700791061276134,0.0110290274031903,-0.0342214052399849,-0.00380409985425057,-0.00066367454504699,0.0214903909882668,0.00570583370674708,0.00727150520654753,-0.0202719352223688,-0.0115182957036687,0.0147345011094059,0.00923633963979782,-0.00463702409118457,0.0016742925589989,-0.00564092757472211,0.0196659398979718,0.0308953688310433,-0.000935642708133768,-0.0110077450246882,-0.00682509812091878,0.0116706303784874,-0.0152155260080126,0.00242727852771612,-0.0236515963101188,-0.0239185107702852,0.00263523892508607,-0.0133635886117133,0.0371533032736895,0.00723003929982159,0.0285207125758216,-0.0262623888278326,0.0174110135053776,-0.000537917651769589,0.00319145467923277,-0.0158624880608543,-0.00858825294764995,-0.00438691732148551,-0.0161483234103549,0.0119878151752182,-0.0127722314692518,-0.0148687427545324,0.0130907357576451,0.0031949528802295,0.000968158540478469,0.0115651808829788,0.0194098635656917,-0.0122567487409854,0.00851479762086935,-0.00631583338011379,-0.00419447421303234,0.00286324656634238,0.0116761268318212,0.000237772729988103,-0.0301335406798539,-0.00914644175727435,0.00644757998230334,-0.0177974316784839
"RFX2",-0.00461314600184593,-0.0410987437994287,-0.0298914925017503,0.00871427435260775,-0.0136691913365535,0.0248716265299896,-0.00153794415361949,-0.0282233612548028,-0.00638093312630545,-0.0478823846191252,-0.0177462884642045,-0.0201455641890577,0.0125044667797108,-0.00126925529582385,-0.0106105247480618,-0.00587273491942452,-0.0410291019375893,-0.011442238175071,-0.0142840695856277,0.0191739551497203,0.0110278535953275,-0.0045419447801136,0.0141748667569893,0.00663604633610034,0.0139624629533702,-0.00829081866889924,-0.016378566739763,-0.0332520112887448,0.00779853108872227,0.00447656264284294,0.0427401490625904,0.0216638118768353,0.00732635371040981,0.0235673812555368,-0.0145199376374401,-0.000333611503018875,0.0198434062568648,-0.00574805938071448,-0.0230889938403368,0.0162053254796344,-0.0223472262903809,-0.0368930309257138,0.00815729596334339,0.0192945367098829,-0.0321468874084589,-0.0165678451668232,-0.0249513141689319,0.0190021419174368,-0.0557132330706281,-0.0128591086701947,-0.0257022819321236,-0.0154678126674496,-0.0262609002074191,-0.0255001333761114,0.00740621277953155,0.0200404804895396,0.0205387126098541,0.0319208608570717,-0.01074995214892,0.00915939332638524,0.0130472524387592,0.0127622905392313,-0.0177069036163953,0.0164031967449176,0.0558834885899736,-0.0210490730334276,-0.0273701700279852,0.0494965362047006,0.020493729136842,0.00148154689874333,-0.0147465479909455,-0.00586223958265048,0.0122675020510015,0.00395715580087081,0.0200575674211468,-0.00226666192600879,-0.0358050084894019,0.00364580157963778,-0.0158591911754483,0.01272966174816,-0.0166692312196568,-0.0245054237015078,-0.0154706174970589,-0.00426714162730297,0.0177214632330729,-0.0435159206342119,0.00701666998684565,0.0419243389690934,-0.00314265494969639,0.0278404115218012,0.0202585556169681
"RFX3",0.00806547665013451,0.00709601678088601,-0.000712163957148877,0.00654984804620653,0.0397425019994688,0.00507044863902891,0.0396440395283671,0.00292681197435123,-0.0221525079722361,0.01863055345096,0.0310830663348001,-0.00388454839870791,0.0179988048050952,-0.0151648191944932,-0.029338889323183,0.00386695439421851,0.0049436047127993,-0.0297495239845132,0.0225937021310369,-0.0273587249005425,0.00150133708567888,0.00702274360973285,-0.00545611205260446,-0.00214415124194485,0.000695303252657947,-0.0188114271131457,0.0364933646740037,-0.00925258990479108,0.00498618232603533,-0.00683327325806081,-0.00182650809484831,-0.0275947233308879,0.0152981694084178,-0.0243154045004316,0.0087137182636213,0.0186995500517171,-0.0107024268276348,-0.007449076803114,0.0370876360295978,-0.0324652367307683,0.0220595625822804,0.0439449045082133,-0.00226515433955877,-0.0146309850836557,0.01192486245742,0.0109896621659809,0.0113005274040658,-0.0348905025006654,0.0470162789543152,-0.0166958175191287,0.0338566474795538,-0.0122608592642494,0.00401996483728994,0.0180353371182368,0.013332903348053,-0.0135053994993064,-0.0201847447346834,0.0130817000849688,0.0100210991651121,-0.0221960261958231,-0.00248996092255468,-0.0289482235348356,0.021022485304349,0.0131578871136377,-0.0523034324901666,0.0265797291921324,0.0470235243666325,-0.00814326219268202,-0.0174196064614812,-0.0265617904808759,-0.0433383588587032,-0.005824562570626,0.0217302590910744,-0.0151272828420468,0.0236050066604064,-0.0040443282700406,0.0216700264954555,-0.0155881868729958,-0.0318229530477738,0.018072112856981,0.00887346670986212,-0.0144101661652586,-0.0097374079135118,-0.0124844869882996,-0.0245335642975977,0.0237526375087824,-0.0102371999950142,-0.0160189814505766,0.0345810919920171,-0.0156033802361091,-0.0182321135852646
"RFX5",0.00399399415203994,0.0416710128106726,0.0038882743884052,0.000444366431772053,0.0137987472638522,0.00999750311523447,0.0166083929334186,0.000104109774680267,0.0165009342862947,0.0284662955738579,0.00186403715160394,0.0122238780038846,-0.00328718130860202,-0.00667606179274198,-0.00476856134029204,-0.0170025107591149,0.0102774975145733,0.0325962601583252,-0.00854397386922988,0.0264260040298095,-0.0160046976503206,-0.00512281392294441,0.0129415568673966,-0.0102493796592736,0.00587033330596737,0.0302136111428964,-0.00428929781082533,-0.00363165016342651,-0.00716495761569301,0.0137079339943679,0.0003920092901309,0.00796954292643998,0.00850808999473238,-0.0134040671648166,0.0113664570295301,0.00847821701683973,-0.00357477531145525,0.0233279889914696,0.00322084599429992,-0.0146422253097058,-0.0132462305769099,-0.00550183970205336,0.0175850974134314,-0.00236086451172502,-0.0129884285932699,-0.00358464061092437,0.0140033333109542,-0.00636223969557946,-0.000790495452424361,-0.00679440402435487,-0.00461737538437383,0.0303356246681689,0.000852056015060027,0.011246382737878,0.0114286588213485,0.017941293581017,0.00252581383127924,0.0123864508766312,0.00366682630834771,-0.00970335724501761,0.0214907069596472,-0.0123686089015261,0.0273164529502573,0.00190629160563308,0.032917106681905,-0.00585651281171893,0.0093989053719146,-0.0175600598836014,-0.00244811120495488,0.00794964396498568,0.0172470084737,0.00407271854898084,0.0127154298632919,0.0157059250475684,-0.0174932072732247,0.00900063619082992,0.000588029031272336,-0.00097288729950651,0.00318763413097738,-0.00459869695450058,-0.0101097907651152,0.0254406954530216,0.00588439839150799,-0.0186092522224287,0.00618740428990594,0.00633104562265341,-0.0120812342265295,0.00139037986696116,0.00951945044889628,-0.0205902619547228,0.0169711438308728
"RORA",0.0120257871284188,0.000138262315497216,0.0351402175892136,-0.00318279462275796,0.0191803075031964,-0.00381902791598217,0.0188820026358362,-0.00638717975641179,0.0121324107141395,0.00453016802506012,0.0182239116167827,-0.0190810681427467,0.0255031016330806,-0.00785416875793059,0.0151405979491575,0.0116131472838108,0.00638004955376545,-0.0207831813503074,-0.00498312946235238,-0.0074687106202323,-0.0277339448246666,-0.00107900481573634,0.00355581574461453,-0.00382834516484543,0.0220581432085937,0.00450490425817795,-0.0103666255481827,0.00845695005268536,-0.0154718638670942,-0.019431860481269,0.0268953086653744,0.000630612878950596,-0.0190261307497031,-0.0130636305024328,0.0303507387918609,0.0141995970751955,0.0147011469021839,-0.00532110421773657,0.00895188081151818,0.0330737120103428,-0.0132900210144431,-0.00322548580387736,0.00332416827134909,-0.0198432708939847,-0.00350113865850446,-0.00447208658564662,-0.00274185930536717,-0.00914781473359321,-0.0225148353467625,0.00460174417095161,0.00656758391790507,-0.00181091385820363,-0.0200470386387061,0.0125106126836942,-0.000939566907632339,0.00422075252362313,-0.00216306300538516,0.00689959188104046,0.00260576626444587,0.0182266756432959,-0.00370737525215893,-0.0062609914142335,-0.00454344882670283,0.0343746216593855,-0.020160725936939,-0.0169292073978617,-0.000108069248140819,-0.00447195093171065,-0.00675282312903929,0.0278683127508299,0.0282479032868643,-0.0346556086703749,-0.00197329063018853,0.0320874767229132,0.0104528814024261,0.02748313770148,-0.013532968033199,0.0196766394716482,-0.00880510746597984,0.00651709364722217,0.00644648536388398,0.000425096514394647,0.0215595107457933,-0.0382657998044401,-0.0234111672815264,0.00779107405896736,-0.0282152707275545,0.00635504395159236,-0.00371458306652976,0.0244307066937959,0.0211627692941977
"RORG",0.020701881237845,-0.017340519406149,-0.0175323923417255,0.00331146278060367,-0.0463280720124014,2.45245256018508e-06,0.0117928666617986,-0.00835549460525544,-0.0170870696153579,-0.0103534516241635,0.0374972220178576,0.0140456453076847,-0.0170516963616793,-0.0129946824726978,0.0110393322562403,-0.013339515630572,0.018569129674439,0.0102414008121623,0.0342653170429675,0.0270261270744336,0.0378501932991941,-0.0103213697127046,-0.015569740171279,-0.0383138406105705,-0.00742192148095437,0.000830446514509917,-0.0043762957320451,0.0226539739539943,-0.00324432291932732,0.0240977566653467,-0.0347844321861266,0.0176672655028192,-0.00605354201519396,0.0177771836863201,0.00779890256812724,0.0232348397025568,-0.0180880181880974,0.00741440141590322,-0.0348049387152449,0.00665988863734487,0.00476209681939281,0.00382144722783973,-0.0302596127133705,-0.006448398814386,0.0333615116925177,0.00185697788562413,0.00347681222080796,0.0366540466743321,-0.0473230168702116,0.0275721084283164,0.0359180447165832,-0.0105523380176339,0.0198126645770771,0.00525541752730295,-0.0279620651308268,-0.0323555402083149,-0.00544966046933104,-0.00990530655005904,0.00133437158243681,-0.0157755855376936,-0.00408201058587694,0.0173624849705714,-0.00568193272563353,-0.0446103601844807,0.0113893369359404,-0.00696950810626432,-0.00265217224413924,-0.0141298515899936,0.0263302261691311,-0.02653338986357,-0.0248925141521377,0.00390942945674441,0.010388375004462,0.0168863509390528,0.00471091452021584,-0.0194169048585233,0.00114992588413828,0.0211459651359509,-0.010319829016006,0.00154542840227322,-0.0208863648741053,-0.0255734877458385,0.0143087142520465,-0.000338540105675199,0.0219209488140633,0.00281992997743974,0.00607546775873478,0.00323610981164622,0.0212323547207717,0.00500264453939047,-0.0418647646345347
"RUNX2",0.00342478545127906,0.0073497906086887,0.0268044313319792,0.0104266610953481,-0.0162204083911176,0.00894818863691782,-0.00160722870261569,0.0143506551252654,0.031930611503543,0.00594014741649933,-6.19908397506762e-05,-0.00907914918122607,-0.0039473172921456,0.00902350984850112,0.0154506844568625,-0.0164316116555544,0.0179713504909483,-0.0105215441370832,-0.00126302987552297,0.019348356265574,-0.00507627164431385,0.0209698296392068,0.00901064917660488,0.00903672180260472,0.0114759804878083,0.0094786763684269,-0.0207655294837425,-0.0170479889690176,-0.0217562386437696,0.0129202022217931,0.00858544680963813,-0.006472758948306,-0.0178183031333712,0.020986957698383,0.0172633796000357,-0.000244488838526122,0.000393302127452149,-0.0075273418291047,-0.00614886250665841,0.00129909764122467,-0.00405115207111025,-0.00283732727509018,0.0102809844318477,0.00734559984881939,-0.00985967921361723,-0.024962229118979,0.000450267256054803,-0.00375126292769341,0.00215399354113318,-0.0250053912853995,0.0111485179301817,0.000976796006088676,-0.00251630204999444,-0.0126584903305416,0.0360654789957707,0.0188833977114508,-0.0107869199362569,-0.00042068619992791,-0.00539367261135239,0.00292637062612158,0.0110727417929682,-0.00582006832183415,0.0328999493005427,0.00308680994705111,0.00551939013302104,-0.00712456261253583,6.52424466915275e-05,0.0292677885801297,-0.0182307537786637,-0.0159405772112395,-0.0056604526069637,-0.0155740135077714,0.0194084464158247,-0.0191561518934976,-0.00224390647562531,-0.00892190044424474,-0.0133172542660921,0.0132233820437843,-0.00684312894517668,-0.00145436378667757,0.00591817080327156,-0.0219723378681557,0.0189326334845672,-0.00447417449065325,0.00711932981818584,0.00656657269409246,-0.0215973364878199,0.000413487415152818,-0.0114056007109737,-0.0304796048988591,-0.0126467666922092
"RXRA",0.0133694173357886,-0.00550851678958848,-0.0103036718075532,0.0229949986438429,0.0204730401154456,-0.0155903286884542,0.00329221609148748,-0.00132916843804508,-0.015401815519589,-0.00259632874836981,-0.0165997458993776,-0.00488113879434724,-0.00458325947924942,-0.0358325952159965,0.00755991051723517,-0.00341849662600022,0.00602303251571888,-0.0161452951412374,-0.00896133668473217,0.00473536826700939,0.0218494832533008,0.0120931404922541,-0.00396645186544471,-0.00967096056496145,-0.00108454241524869,-0.0262945267196102,0.0105783160614383,-0.0210457005654174,-0.0222908326383689,-0.0136991233593872,0.00578516501892877,-0.013330843691864,0.00404679989635204,-0.0112093485761658,-0.00107455924689975,-0.000788746264256169,-0.0199803558113066,-0.0156024930906646,0.0135155445845151,-0.0311673562372178,-0.00969945436855412,-0.0109452095089624,0.0071927211978531,-0.0089894593574177,0.0125119097470028,0.00649934810095588,0.00131860301322507,-0.0150885695010027,0.0110988669246105,0.0102308354156629,-0.00375886650931548,0.0158729560530751,-0.00523909975990779,-0.00857545179872406,-0.0192506508383072,-0.010370026302694,-0.0230658039545623,-0.00932026456959705,-0.0155205585615948,-0.010023040422487,-0.00756618196092368,-0.00187841156293685,0.000655877548073613,-0.0242660884130971,-0.0186366941915679,-0.00946851451859376,0.0144032635166951,-0.00660712685206717,-0.00293911546332459,-0.00632430997618783,-0.032741751613541,0.0128737184142001,-0.0286600945468604,-0.0203008354140254,-0.0106504536630938,-0.044108573603262,0.00418677445185668,-0.0280688447073729,-0.0117457848107454,-0.00674044361456273,-0.0118953586907739,-0.0136037251661272,-0.00397962413645653,-0.00653760463922915,-0.00218654423889348,-0.00417097311012326,0.00732909618693333,-0.0049978046363849,0.0155854896825797,0.0163603586713965,-0.0116804578711794
"RXRB",0.00832359899586803,0.00429397164060901,-0.0295041004787463,-0.0135931609796178,0.0036042154706739,-0.0367195988513927,0.0180152324045511,0.00337186120156986,-0.00372114907313851,-0.00715816404114151,-0.0131617753327002,0.00859451095630777,-0.0264739888300232,-0.00249156308857514,-0.0303217853033691,-0.031696202826575,-0.0169422452860141,-0.0119209270305673,-0.00579982921650343,-0.0144089959900219,-0.00483636719770873,0.00142593341751193,-0.00792817044262665,-0.0140906701048517,-0.00337733763734283,0.0132642762400776,-0.00829148503792661,0.0106257350675125,0.0208767868641722,-0.0379692450353258,0.0024878900989884,-0.00552434506766172,-0.0111199587578808,0.0132870311807929,-0.0260101594432645,0.00690509290445113,0.0200366040742207,0.000760630748781125,-0.0184843218854791,0.0275788047110178,-0.000700667221736349,-0.00595949741742899,0.00457091652271693,-0.020791698237665,0.00396824295247155,0.00371612900782953,0.0395209972394722,0.0246329578625536,-0.017246404320555,0.00685528393287354,0.0307672933565033,-0.0114195096370048,0.0258378102134648,0.0323861262612232,0.021175434482482,-0.0146246109189473,0.0222595849630449,0.00556153264685085,-0.0137650720040268,-0.00651980704570038,0.0222740647584785,0.0123404114806835,0.0346196144805267,-0.0213883072618561,0.0104481611144884,-0.00823325918825365,-0.0209463551871165,0.0243779804132788,-0.0356768215918087,-0.00243903164875863,-0.0143127507262276,0.0279843593981141,0.0296355183708886,0.00484585929170482,-8.62018612828342e-05,0.00495563437584054,-0.00246913442106525,-0.00141875725417294,-0.0222299936590201,0.0186913040632456,0.0113797793397467,-0.00956772799313405,-0.0386220468550563,0.00358256413981381,0.0003026001468008,0.016397201540649,0.0110298581474636,-0.0160122876784212,-0.0227336702801179,-0.0267554995957113,0.00699706518372169
"RXRG",0.0103426046698469,-0.0132497639235249,-0.0367504060798014,0.00392206818164236,0.000224273265802353,-0.0150354265837928,0.00975067395302147,0.0265910820220038,0.0110861431932964,-0.00138391648231259,-0.0139783488113581,0.0042544736690527,-0.0347391298872407,0.0187820416465142,-0.00899179839737765,0.0433738739815473,0.00395477103719929,0.00845778082849729,-0.035370848859323,-0.018064287483163,0.00120701015691445,-0.00711726162759779,-0.000234267346355786,-0.0190700394197668,-0.0204197814292653,-0.0205628648601171,-0.0102814836874422,0.00946024197319719,0.0234773482220104,0.0110713216575937,-0.000915278838305236,0.0322350909983494,0.00838034193042348,-0.022728595415232,0.00168027964173311,-0.0189129571293634,0.0493830825529174,0.0227444518497285,0.00726781401283101,0.023199541466631,0.00442159390551891,-0.00971058510343725,-0.0336018104334261,-0.0185221431486005,-0.00885705360703297,0.0278244827318127,-0.0234311731288221,0.00284643461220103,0.0105621853606023,-0.0185977032743724,0.0146068728387381,0.0243781149496335,0.0102175539801636,0.00116929897100955,0.0210877513185772,0.0126597035785592,-0.00772999959844544,0.0221046345086068,0.0336778030007112,0.0141043450645524,-0.0135501107089111,-0.0092805499400456,-0.00184090706121194,0.0354102316766855,0.0236288674761736,-0.00933795385603364,0.0208833431431898,0.0216402335390315,-0.0214250040633366,0.0132078500636998,-0.0138267534356084,0.0395201799787148,0.0189291354952788,-0.0388770406763273,0.0161848101253382,0.023560337147505,0.0230058425513046,-0.0158123015650537,0.00201208978417793,-0.0216947074035838,0.00587911742590096,0.0102825297980206,0.0350183041214429,0.0401107255567678,-0.00191481302378889,-0.000292071400236032,-0.0018546722186807,-0.00225037928404139,0.00627114060117518,0.0208559594409191,0.0176797474462381
"SALL4",-0.017380714231482,-0.00420756763167966,0.00386148724997045,-0.0181500721350363,-0.009255085411543,0.0112926595064496,-0.0131180962305447,-0.0280546403814509,-0.0147299294850482,-0.00107460326577459,0.0174308202600833,-0.00108895743768028,0.0061301704609285,0.00373005002812173,-0.0232404223266926,0.00932438562711909,0.0158600098207897,0.00682276676326532,0.00463841220833417,-0.00448168991545941,-0.00405360069548233,-0.00101266553953646,-0.00848714351280205,-0.00637650329740616,0.00541485923678087,0.00181409664771368,0.0176376317288635,0.00930422022895716,-0.00961893790815766,-0.00909785811199585,0.00232906211532409,0.00660684672870719,-0.00500350860080751,-0.00447811076249325,-0.0159377010425993,-0.00174951092065173,-0.0122667644131782,-0.00622013732580332,-0.0116041189991582,-0.00417655684193994,-0.008782120285386,0.0144435072352419,-0.00335892890276529,-0.00673168589912687,0.00775512589577503,0.00191008805694629,-0.0373688768064219,-0.0114110369377885,0.00679126265450362,0.0128252302768424,0.0163094419031338,-0.00485269981427661,-0.000601476989502578,-0.0058021913517002,0.00695312905840753,0.00124905337990901,-0.00778347841852084,0.00378547635864032,-0.0224940068184112,0.00210050019006735,-0.000486713624550313,0.0119058506143921,0.00157409948510735,-0.0182256295474491,0.00751169072909335,-0.00700048944108751,-0.00824331854529625,0.00263162345113132,-0.016328504744458,-0.00304556666932037,-0.00665887416365226,0.00444391141395751,-0.00127833706373288,-0.00665966411018468,-0.00354212566668241,0.0114174583663102,0.0158467272192673,0.00118262872326064,-0.00554531994333289,-0.0122747860897312,0.00550202273933785,0.00839627269109791,-0.0136533813972686,0.0102653721381707,-0.00303450353335191,-0.000397045214959188,-0.00242459583670899,-0.0180661105811966,0.010196108221922,-0.00948488533958914,0.00133725903950946
"SMAD2",-0.00202598493001074,-0.0217047543252499,0.012321657778051,-0.0328469933956771,0.01766619820175,-0.0117547739564961,0.00357952628138214,-0.0188496759829535,0.0318612784341167,0.0078246010468961,-0.00567745320257339,0.0072065168805115,-0.0247111466356396,-0.0334250040071775,-0.00693521706179768,-0.00499642065638758,0.00139019923749066,-0.0175875639960853,0.022706409103824,0.0119564585548351,0.00618072630419732,0.0034393831797589,0.039633892160788,0.00273941028573351,0.00850638691231512,-0.036766841531372,-0.0184883186095531,-0.00506811561664304,0.0225389356783465,0.0163929071355799,0.00657548786202467,0.0312981213178507,-0.0127315480726882,0.0127990501878889,0.0116008314269999,-0.00628468329761655,-0.034465568408706,-0.032649235257761,0.0177010440667441,-0.0364604907384165,-0.0143042476371147,-0.0173474011618701,-0.0141569156955023,0.0360431219773486,0.00684044886592525,0.000435153812428259,-0.0154375359308672,0.0229237075091288,0.00599442005772932,0.0190368917614207,0.0185669239507975,0.00811295698354885,0.0227146534289771,-0.0249972867447428,-0.0139314014406738,-0.00907817353345047,-0.0277799168367172,0.0017019607229926,-0.00628511179249297,-0.0217026575485229,-0.0302393571073007,0.00815751647158382,0.0101181207365963,0.0272056775395757,0.0018179379438689,-0.00507300754392666,0.00956361263968933,0.00782922931063515,-0.00364280182039571,-0.00970049721122269,-0.0327998868488203,-0.0138231659071605,0.05485861161197,0.0255447036609963,0.0196975095910624,-0.0151706774288206,0.0410819536850176,-0.0300989684543536,0.0494121188469254,0.0188357867947349,-0.0236486280539102,0.000386893480269927,-0.00175860082126211,0.00193269026848351,-0.00920258461814908,-0.0228393625391889,-0.0110502474802187,0.000579960814295313,0.0166867907130461,-0.00806392692210615,0.0260910196136405
"SMAD3",0.0141101003072596,0.0254109032636663,-0.00227941218758447,0.00658941597048309,-0.00203887397284964,0.00100603653406438,-0.0143665428745924,-0.0223905356066815,0.00388482224303687,0.00132704237523756,-0.00638014774437497,0.00498812446775862,-0.0145957215491553,-0.00676117169971331,-0.00382138695511883,0.0161658985436018,0.010692405735043,0.000398946914104908,-0.0105377040813151,0.0117357204732392,-0.00435653896760922,-0.0011019890746984,-0.00477304305476982,-0.0161180466411441,-0.0291408910493924,0.00803913864624871,0.00395912222559182,-0.00113201970427854,0.00430597161507,0.00715397362583676,-0.00523019557430777,-0.00721368242251091,-0.00914910125968539,-0.024222441249438,-0.00733506138834908,-0.00594968637949446,-0.00340183437240162,-0.0173502727571467,0.00142628940015891,-0.00217858362344193,0.00770669474147732,0.00619045236077466,0.00386032067190895,-0.000839975841232351,-0.00180297070316628,0.00718910219667712,-0.00659259834476342,-0.0208754847246102,0.000969268033513048,-0.000620272250911673,-0.00398200697937748,-0.00592242836577492,-0.00449946624604247,0.00213583549748684,0.0100153147523352,0.0181859466171813,-0.00409090257178952,-0.00608678410060543,-0.0242856010017548,-0.00860652097788358,-0.0172684801843343,-0.0123880278739012,-0.00864825186669963,-0.00365935859980148,0.0119754926109184,0.0166160489569119,-0.00834344299859327,-0.021987718735552,-0.000432682747187318,-0.0188737165466964,0.00523643052151146,0.0124672552397423,-0.00210407047923342,-0.00841810282108183,-0.00990091366256502,-0.00867233662183234,-0.00188332251529692,-0.0117574314262026,0.00532608468819189,-0.00250528475640276,0.0107402430641189,-0.00252675548039285,-0.0167066356962884,-0.0123966129552141,-0.0192836147448792,0.00354767081911623,0.00985934186149541,0.00805101440058863,-0.005886864761825,-0.00220837857865645,-0.00614950124887893
"SMAD4",-0.0100831572344721,-0.0112751374195083,0.02287053478096,0.0263983620475898,-0.0303968003424679,0.0374542092416779,-0.00397135009544042,0.014145312017666,-0.00783036221996317,0.0143301751933887,7.07775827680968e-05,0.00900887525389828,0.0139177721652134,0.0356996037869695,0.0221840167667829,-0.00738304370648266,-0.00441647594816395,0.0145294088906876,0.0113197732787892,-0.00749493683453835,0.00768210496694907,0.0236920393586331,-0.0260453129735351,0.0101881783513614,0.016842464374936,0.0460280975395867,0.0157265870582526,0.00394235366170568,-0.00260330753834867,-0.0254938987807739,-0.013307314756713,-0.0107193126643883,0.0104346889565055,0.0173303771182238,-0.0233933489432679,-0.00935366182595767,0.0010097253672196,0.0273703550936156,-0.00603343329999743,0.0324050421535879,-0.00331656441321179,0.00792732539435922,0.0124549541239494,-0.0243938090522988,0.0196889836403618,-0.00209732822740333,0.0277974548057598,-0.0101655753436072,-0.015106712848109,-0.0222835433575919,-0.0247617200088465,-0.0235048574703721,-0.00402468628396394,0.0223577174431444,-0.00217137634109473,0.0124863294299148,0.00688162347653524,-0.0237935870844165,-0.00325144278924206,0.00588288865963254,0.0490851725707114,-0.0352846783309932,0.00420307075592778,-0.0179598656757285,-0.0199747517912009,0.00978282877365325,0.0351515287804557,0.00901269571308442,0.0336763102508949,-0.0267774046522915,0.00457586888195037,-0.0247287828991887,-0.0482354899442972,-0.0179270014770913,0.0137088776356388,0.0220684215286537,-0.0407108714060314,0.0344314637502821,-0.0537961839098323,0.0112728184409812,0.00867421485323501,-0.0247339374288705,-0.00212745635615436,-0.00887624844221953,0.0267641064425062,0.0259657784911172,0.0189097479320712,0.00254500540508551,-0.000886980403150389,-0.0223988008323603,-0.00806866797863409
"SMCA1",-0.0132984992689723,0.0126811762422022,0.00144837969892803,-0.0129193953775535,0.0283632858397065,-0.00350856282953464,0.0291428872853228,-0.00960528232303023,-0.0110255600173363,0.0250747325552295,-0.00834358865290074,0.00894082237893732,0.00769976173773464,-0.0097901519329485,0.00326541483853961,0.0352910332770227,4.61360455460914e-05,0.00923836221819999,-0.00137328588596432,-0.0148830056497226,0.0117992453856112,0.0075084906853663,-0.0108942261515052,0.0247130655961642,0.0279846224656518,-0.0114275313255284,-0.00615763576864792,0.0189339626350898,-0.00738870002827432,-0.0159212345564814,-0.0254456452922551,-0.0141551635730898,0.0036970070628055,0.00691770987336217,0.0067875854192145,0.0103544223610156,0.0169488214601385,-0.0163635735321286,0.0127966832552261,0.0110861809061613,0.0096897196270711,-0.00784291770284286,0.00604699772131135,0.00548781441952898,-0.0337718391545227,0.0194990818071786,0.000106406506906488,-0.0212346230643755,0.0154153943981253,0.0192091318390991,0.0190805870865518,-0.011794492033314,-0.0114142992176501,-0.0153783259738764,0.0148363065988331,0.0041453978926874,0.00590135756446447,0.0138965009206879,0.00199550295905585,0.00323120235951301,0.00690978278634307,-0.0212856523824789,0.00678318421002923,0.0432237924291968,0.0027554754370643,-0.0161984370856377,0.00947411820998949,0.012366757412894,0.0214872310153259,-0.0168020250254061,0.0174200600356946,0.00977539457809782,-0.00845690874218345,0.000128655282781208,-0.0079778437104713,0.00929413396915672,-0.0153915859756393,-0.000611343763900333,-0.0047989561797253,-0.000788485702041465,-0.00962678926929952,0.0119569396123846,-0.0127281192626713,-0.00998114792233101,-0.019344275720052,-0.01737784309932,-0.0282730578780355,0.0125586724915997,-0.000404384422189516,-0.0162304685226658,-0.0093636109994969
"SMCA5",0.013514231329939,0.0333450522698624,0.0332618608971319,-0.0269866452454109,0.0237421773806356,0.00270813923959174,-0.00277502122013331,0.00073629641813215,0.00367887597753814,0.0161763658258436,-0.00360719156805825,0.0107951267136124,0.0184196788798791,-0.00628644113988689,-0.00941470944746529,0.00655281563229672,0.0299413031863767,-0.0144475921380396,-0.0167377730528809,-0.0158528284869414,-0.00490696994086423,0.0196205172265076,-0.0215924979683924,-0.00340996851234979,-0.00129929027170362,0.00159825346841244,-0.03084159367936,-0.00855921152086607,0.002035760577646,-0.0151744693100173,-0.0238845795729819,-0.0296746622263051,0.0243577472137245,0.0163514023687544,-0.00274572929927388,0.0112695002526742,0.0227848187448894,0.00174314854971748,0.0116108311021587,0.0304054444705615,-0.00137643457688176,-0.0147274206909509,-0.00292714610846558,-0.0155474760554153,-0.0120669327611783,0.00438172077257187,-0.0045635335976464,0.00771534563431958,0.0224116437311741,0.0149232776923615,0.0155993589539261,-0.0115539596248628,-0.0170017956760738,-0.00204004301505872,-0.014955714174506,0.0176693208485184,0.0300349786267136,-0.00575550921685306,0.00414656642753677,0.000154649441279788,-0.00734011485154937,-0.00565045900823219,-0.00248687452927048,0.00145472060587437,-0.0280450496766216,0.0067234468977028,0.0198046783964463,-0.033687108993516,0.0100887702285525,-0.0105467435470353,0.00772129514732067,-0.0147381193300033,0.0221452182671196,-0.00422157226077632,-0.00850832917070243,0.0148388515370453,-0.00485444808847971,0.00137712592003781,-0.018094143321373,0.0281082250326458,-0.0137373984124177,0.00205236343643352,-0.00399685007453088,-0.00828177749009339,0.00307557363755328,-0.0109402243519276,0.0297633335254693,-0.00176457142434478,0.012563218838303,-0.0429699530740378,-0.0230029549615362
"SNAI1",0.0226986784398239,0.00678842233956674,0.0129590606078466,0.0144289954711312,0.00411606297346878,-0.0122728922255457,0.0128974905785694,-0.00964515492645185,0.0297612159484178,0.0241578159115436,-0.0236497925597576,-0.00794602504112559,-0.0096913674610306,-0.00554725052275568,-0.0254799916917404,0.0255276104051517,-0.00807024266097615,-0.00230073693642577,0.0027311997332601,-0.0273966173014481,0.00910895705070943,0.0140548755034041,-0.0154155042500524,0.025817070893213,0.025054387911132,0.00857082971738788,0.0243017327943401,0.0281073053910074,-0.00980952022476902,-0.0100096632320371,0.00402085306813484,0.0083881703708563,0.0174071852975885,-0.0111282178981995,0.037279512961213,0.018170060173146,0.0119374653945462,0.0131718533108124,0.0164361929838843,-0.0331057320133796,0.0124037422481058,-0.0232179976269908,-0.0109443287554837,0.014194504799392,0.00811932722006966,0.019629640940714,0.0090735940610869,0.00146820826773614,-0.0138491723432937,-0.0118421401661557,0.00555643551333476,0.0148669605098967,-0.000147572743725184,0.0119912601419054,-0.0202786586051905,0.00304124216227412,-0.0179449459023342,0.0263814570939871,0.00198295992916251,-0.00766222889379913,0.0126339129465225,0.000389422553517013,0.00182636620119277,0.0244773966969417,0.0129709553397953,0.00145536400793602,0.030086584487594,-0.0349370670908451,0.00461561593900642,-0.00671954555890416,0.0263712484099703,0.00928629784948618,0.0210730887166996,-0.0113045805232379,0.0102617538013518,0.00349522017174109,0.0234035437546917,-0.00405079708272703,-0.0269082940768765,0.0356551239617122,-0.00332148221456297,-0.00845215055610261,0.0431074430334967,0.0141446128992186,0.0120633446808497,-0.00345154853228266,-0.00935587125236458,0.0105888569603401,-0.0117200696838509,0.0139119320867116,0.00622133691928498
"SNAI2",0.0128922387153852,-0.0376467102862855,0.0169928840512749,0.000183346617241247,-0.00177394733174426,-0.0134217614582144,-0.00202607158386186,0.032139225367419,0.00189582877244997,0.0243119456921645,-0.0109067985426523,0.00164113539474126,0.0203142261833497,0.00425827689420884,0.00842583343098704,0.0185307387834141,0.0135966043256501,0.0147328083439177,0.000226096896908643,0.0170612520492161,0.00702351379789679,-0.00964966464022254,-0.000698485409228697,-0.02717976629676,0.017662493404867,0.00253421636014031,-0.00476894892072666,0.00665803845783433,0.0202408102128877,0.0222954544274994,0.0223943727862792,-0.00461851448416392,0.00757581026040512,0.0130864047528861,0.0130365984919481,0.0151323024004269,0.00889323075324688,0.0319937597613136,0.00308155897904987,0.0229319803962516,0.00320036109542183,0.0257314375473027,-0.0378961348312297,0.00535430307950231,-0.0501610652044579,-0.0330912871351765,-0.0164476881375173,0.00964447737538361,0.0195541225657217,-0.00764253197966843,0.0382552271134604,-0.0159363364708542,0.0121412184099289,0.0122268295759014,0.00211724377627186,-0.000569598104329711,0.00408958376142894,0.00412568355186112,-0.00515273870909678,0.0123646101092029,0.00853068799572545,0.0102452881873001,-0.0347290723351676,0.0162756109424641,0.0276481426967282,0.0238086898490845,0.00781932115026242,0.0582989170480096,0.014460199240547,-0.00175577830459005,0.0265227970110233,-0.00492070848601404,0.013208993747613,0.0432298282411512,-0.0195787211220428,-0.000743763496318144,-0.0187109555727249,-0.0358513556609383,0.0343416030707924,0.0108093035685235,0.0304093963233599,0.0172768474225014,-0.00253128141604264,0.022808930902462,0.0249618963313036,-0.0177860701341543,-0.00624065448272845,0.0221096371463887,0.0182433437079284,0.00808269871719731,0.00657928450240162
"SOX10",0.0191672364246448,0.010093472713884,0.016264395129318,0.00368548956748934,-0.00183098524415934,-0.00934493844010693,-0.0178868830347138,0.00191207340821746,-0.008102083714873,-0.000477129198372526,0.0137573484261947,-0.000299823317517221,-0.00960060933238495,0.0213239631796752,-0.0015000879485802,0.022342233172975,-0.00467708290727723,0.0125420715163731,0.000196526882625507,-0.0208053741428413,-0.000716687056466822,-0.0174062107903005,0.0142812057658901,0.0258082799566426,0.000848738432831909,0.00558545090820041,0.000782781561071481,0.0131467824579353,-0.0024194107213155,0.0117406275863541,-0.0252185282834944,-0.00794343419511935,0.0179935062343981,0.000835827401534573,0.0357585385202422,-0.0133961381180501,-0.0461691109089184,0.0162134767248016,-0.00214516600314185,0.0145995788224476,-0.00678858777750283,0.00494829615851299,-0.0230807091044275,-0.0195119853084332,0.0146772600043734,0.0114116408880582,-0.0238330214948602,0.0196693934317846,0.00631405978667434,-0.0157800154913766,-0.0107967137890146,0.00390529147287317,0.00703598294093001,0.0124351235795844,-0.00286840133004485,-0.0123597603828867,0.0217293222679274,-0.00720185913132971,0.00406952347010861,-0.0113100209690429,-0.00566682102068062,0.00617019174940118,-0.0159966077070591,-0.0406555612072115,0.0439291264946098,-0.0216991180994788,0.008560668199896,0.00530214020387176,-0.00747942371331724,0.0113214441889703,-0.0251449576866723,0.0208366859486522,0.0214300880876381,0.0125737236586424,0.00648641014968785,-0.0325770173657397,-0.0048889569749742,-0.016788320200704,-0.0220666426077754,0.021322156221935,0.0103988727030011,-0.0206506669771211,0.00757022270901691,-0.0203436910550177,0.0118542479487426,0.0363771284247376,0.0159119461021062,0.00657903924653473,-0.0128860181145437,0.00632820951291213,0.0193093009873163
"SOX17",-0.0145214555708591,-0.0103624739878056,0.0034156373242675,-0.0135008776172633,0.0352280582037884,-0.00341183344308416,0.0125065364677779,0.00636350247483822,0.017543934410393,0.0200993290671004,-0.00659766206758301,0.0165199501808792,0.0383043692539676,-0.00359879561700671,-0.00685460123282841,0.012523636939842,-0.014360559453405,-0.0214484082076072,-0.0425188070067009,0.0378852127319388,-0.02185754320618,0.00619467810818358,0.0142574485094541,0.00545272534260836,0.00629671804646733,0.0408061642622726,0.012180313283988,0.00827321043958859,0.0149114123182846,0.00432801402683741,0.00622227643480424,0.00309450825546637,-0.00120890335276282,-0.0138564918490381,0.0195153394418737,0.00664861174398164,0.0173911932915131,-0.0352399413988373,-0.0079301845723176,-0.0205619448069326,-0.00456955103145087,-0.00528888603903088,-0.001401175490753,-0.023003859186837,0.0450787340885974,0.0111989893639786,0.0311363686592891,-0.0089826019930007,-0.00311621663092395,0.000674497307791835,0.0175020861238186,0.0310985623926253,-0.0103944962495839,-0.0142084104086636,-0.0226193766944991,-0.0256674581106526,0.0241475771755678,-0.00190911067490012,-0.0110131185755904,-0.00402554939192999,-0.011397490711313,0.00293563796073573,0.0138621514147847,0.00935967866743194,0.0106134889116993,0.00274386686751142,0.0129366457102248,0.00943761245116489,-0.00469750277784453,0.012620647035073,-0.00467190317847006,0.00164316823229219,-0.0197951931664068,0.021511616056783,-0.00287017035283861,-0.0220209626463818,0.0165556903859388,-0.00364967087316726,-0.00408259509770794,-0.0103705785974524,0.028329966858139,0.00769265157167962,-0.0160997274912895,0.00543673212052245,-0.0148435545122196,-0.00910622506154014,0.00582691570558901,-0.0336767083812001,0.00971277622595108,-0.0130445449236003,0.00222144898708039
"SOX3",-0.0131768296591661,-0.0114928944276498,0.00266068066309785,0.00610490585992959,9.61421703641132e-05,-0.00319287032221149,-0.00523530523476624,0.00229853457038068,0.0105817593311541,0.0186898090409963,-0.00443217813571303,-0.0101058451368154,-0.0274805340928283,0.0212336307371892,-0.0192494128963731,0.0147021593354211,-0.0351372612527607,0.0202620547663165,-0.0100345426480097,-0.00413632683742317,0.000445927527474847,0.0207653402164932,-0.01598407054753,0.0230786858854768,-0.00812812924718758,0.00917957122598274,0.00944055738013627,0.0422405169912671,0.00647977795271616,0.0420605552371159,-0.0117951276820047,0.0336949153597319,-0.00976150750310075,0.0360372330490012,-0.014609387958558,-0.0271335395604256,0.00221720989762479,0.0127504145864165,-0.0256753295191457,-0.0172138652908347,-0.00624558152577037,0.0303607503431731,0.00124816467497484,-0.00143480890191524,-0.0364633029346112,0.020654254784258,-0.0232611633368448,0.00703360794295647,-0.0170985154725549,-0.0195179379942882,-0.0201776037217028,0.000193796287002686,-0.00418686514132019,-0.0175194517427376,-0.0195618986755726,0.00513909819983617,0.026470431516163,0.00998722903768106,0.00939645303595918,-0.0195330170131505,0.0277834504990156,0.000389001174823355,0.00817262678099788,-0.00547395534526756,-0.00130816073001313,-0.00855715044092306,-0.0110168230122481,-0.0395701693749413,0.0199731596996345,-0.00918008802012833,0.0108804885558812,-0.0272470031848899,0.0269150436635972,-0.0109857159150143,0.00233274790413138,0.0144846849094232,-0.000481336861466632,-0.0154642149761217,0.00431019376021127,0.0131016679245451,0.00177680572308865,-0.0273633590519242,0.0163675573079097,0.00494916476985247,-0.0256132875991416,0.0303885434072429,0.0345810735427024,-0.00760702229161415,0.00127687034724877,-0.00407799706224672,-0.00845694711179704
"SOX5",-0.0137860370336956,0.0331504836182409,-0.0163966488160739,-0.0167938381102959,0.0280792272350432,0.00568534901454329,-0.0640947221929364,0.015564289559755,0.0026559360225789,-0.00562129712588785,-0.0154260191317619,-0.0186771238072429,0.0120160705526164,0.0385453632115559,-0.00136756536217068,0.0226725886743527,0.0315405006176522,-0.0227518200096958,0.00199542858877871,0.0163259408197663,0.0275150214930782,-0.00130498187708414,-0.0083498087905017,0.0034572354735431,-0.0296412744966635,-0.00114317841703341,0.00797757792397991,0.00577126056198326,-0.0253003959483491,0.00135681482237301,-0.00778128651406917,0.0262357190025576,0.0127219833818058,0.02593703116878,0.0348382413242924,-0.0104192360969054,-0.0131654296591426,-0.0333650410993696,0.0381935854609234,0.0247479635395783,-0.0337937391256414,-0.0439082479863244,0.0309451329427562,0.0303539705588414,0.0211131967956349,0.0618222599911233,-0.0246913321624242,0.0265358462934942,-0.00238749200983098,0.0369996877338985,0.00124033896965278,0.040190558869676,0.0258083156549815,0.0305260980777867,0.0391017325601749,0.000197231539771302,-0.037128907272705,-0.0395921627259212,0.00457782893228878,-0.0349099780580321,0.00151557593645745,-0.0301806598880457,-0.0235306332182615,-0.0410561777609934,0.0409627698328934,-0.0199779563705455,0.013690080079143,-0.0069063342435021,0.0341375971431421,0.0135559963536712,-0.0314105730300748,-0.0497361148708865,0.024160052345063,0.00592527677781262,0.0375108709656208,-0.020944649560467,0.019830295625405,0.0474058812076105,-0.0318723647776577,-0.046465959955141,-0.0398926454558032,-0.0210186621929753,-0.0530206527053843,-0.0177098156423824,0.00667571098735971,0.00208671880035464,0.00586362759896598,0.0500804544935764,-0.0245835125006478,-0.00894757349237166,0.0321210098577373
"SOX9",-0.0262590463968784,0.0368907811586228,-0.016679629721982,-0.00451558781779554,-0.00922168287531735,-0.0162522762884141,0.015916077981238,0.0163757412671506,-0.0141022698563781,0.0166406208024133,-0.00938842821849069,-0.0263593857637331,-0.00204013617212344,0.020123295951386,0.00528755799533884,-0.014667712162194,0.0122981512527284,-0.0125433743720356,0.0301997295602405,0.0106222076000236,0.0325102750610273,0.029702382153723,-0.0383756508621657,-0.00856334325124956,-0.0200304445193936,0.00276459785837917,-0.0379555719485124,-0.0200510688477511,-0.0179361380182178,0.00277613749282078,0.0243567556311997,-0.0101643560442235,-0.00823754058262566,-0.0267884406449057,-0.0247889984970175,0.0237187623329732,0.0176453722710465,0.0212118710908057,0.0101350759907892,-0.00943587661298956,0.00682083491783996,-0.00741705687681372,0.00705313912390893,0.0344336769287598,-0.0156952520903873,0.000323532319769101,0.0244634067375604,0.00237365985271771,0.0100322437848262,0.0173467856108732,0.0218045155314936,-0.000627031717634005,-0.00541382869935144,-0.00390188913165139,-0.00164226441652155,-0.006165035718355,-0.0382166868492331,0.0117414573699372,-0.00672743250492572,0.0172461399253158,0.0181238668999644,-0.023351142875962,0.00356078350575226,0.0283131761747532,-0.0358695339071347,-0.0177132142310136,0.0254427196190506,-0.0505088620171974,0.00492471544529415,-0.03377688211852,0.0316136288624773,-0.0125558195627353,-0.0268727261391621,-0.0098979002599661,-0.0144735172696677,0.00139881179188395,0.0196410785060712,0.0155396033515742,0.0011724575033981,-0.00664420159940495,-0.0141782817179515,-0.00134653377993843,0.0121172900046096,0.0212628605477497,-0.00326193491259566,0.0155888401812441,-0.0223624872326693,-0.0127369223448049,-0.0107512079395029,-0.00137316664259567,0.00980422339325052
"SRBP1",-0.0339246794701303,0.00689226059479397,-0.0125934940238284,0.0147188720313539,0.00859979017003275,0.0238751265146973,0.0135628595291943,0.00608764469174672,0.0128879240431825,0.0317602586353833,-0.0086637904822035,-0.00137657822864647,-0.0270037577584728,0.0116109511161803,-0.00184495224026638,0.00941986439408194,-0.020891910049345,0.0119915149653292,-0.00602577848168231,-0.00269987722329489,-0.0156911303419002,-0.00288509543165346,0.0244954238607477,-0.00388227646226248,-0.00222851633563303,-0.0242283996429176,0.00989190196494055,-0.00469637749460309,0.00139688364341472,-0.00582636927139204,-0.0237405099488697,0.0127813018634612,0.000711717690793444,0.0033744181659547,-0.0213861597714882,-0.00120221137869523,-0.00483451654728599,-0.00103795751716459,-0.00474155547759701,0.012466987843297,-0.00768104951085432,0.0212453053150026,-0.0087840849111715,-0.00344486355156933,-0.00791861944277631,0.0193676504004089,0.00364639929983198,0.0246246569934626,0.0284445656889758,0.0004753521228931,-0.0266366633270334,-0.0118376112628499,0.00470865044628553,0.00157743213501888,0.0106318711432503,-0.00198491368595568,0.016435342522522,0.0132054132944397,-0.0324095991269938,-0.00864794483191583,-0.0121033489559895,0.0300995938390965,-0.00195047507590124,0.0178624463556575,-0.00774835185365647,-0.000775171580155196,0.032779804910097,-0.0303998525908683,0.00394517599500348,-0.0247220489862281,-0.0377663459450977,-0.00295814230946272,0.0241846711641293,-0.035593849016451,-0.0164318145793261,0.00653554925798216,-0.00274775346956857,-0.00263045180011556,-0.00908468270786706,0.0313947008427778,0.0164442930535517,0.00765968862944914,-0.0300942681372538,0.00929451167074532,0.00506774600407021,0.0279588307000905,0.00891600225907661,0.00990139951092798,0.0124727334358379,0.0128789057875474,-0.00454397658629014
"SRBP2",0.0233080811256109,0.00517175220889498,-0.0038335405632118,-0.0240609321286341,0.00912551803458251,-0.0227022379805488,0.00593210693174787,-0.0219175360080677,-0.0275331011562525,-0.0207434083920205,0.00889197554137197,0.0218210925601254,-0.0017029300212724,0.00711919570976589,-0.00185678639028938,-0.0114047054744366,0.026754172336179,-0.00259879861795377,0.00605543717160518,-0.00968480440497503,0.00213020680956223,-0.0105844259031439,-0.00373126712913621,-0.00480027620626859,0.012487145486721,-0.0125530154461263,-0.0124708802765552,-0.00156979502615017,0.00701352884182963,0.013256455985041,0.00589234239422715,0.0122412447658196,0.0155415876455372,-0.0224812659834525,0.00220204335300266,0.00959745505933168,0.0116862564966701,-0.0122329017661678,0.0204272467762699,0.0202759889249063,0.0305632714595196,-0.0138029359392821,0.0200473442777495,-0.0122817911108361,-0.00365712561516162,-0.00563785919449957,0.00331540718043354,-0.0171614309216282,0.0061498365294096,-0.00565043489741347,0.00361658285664068,-0.0168757214181046,-0.00117297208956888,0.00286727381986102,-0.00424681153049598,0.00911775504899044,0.0117285925370873,-0.0114900693417297,0.0066261970234184,0.00455099441355274,-0.0117865185257151,0.00938228299013916,0.00270885751978382,0.0024459660236436,-0.017605514062576,0.00657661148765004,0.00740811884421754,0.00224215786470785,-0.0120508620971343,-0.00365395252709421,0.0127478241457708,-0.00154285781455197,-0.00571040838536569,0.0130366065848546,-0.00757225402443706,0.00561472009258662,0.00921162183514537,0.0131687498362213,0.0181890438075536,0.0160246491556955,-0.00237305962138846,-0.0223817007982899,0.0128499187022658,0.00263975592325365,-0.00319421829789685,0.0115152726545868,-0.00841248645634889,-0.0214263895407507,-0.0192697955876682,0.00554599304870265,0.00256033724521827
"SRF",0.00918379814505282,-0.0250324351397217,0.00351047151879626,0.00385748303365221,0.000830330259096347,-0.0349339540828048,0.0284974448164228,-0.00453205458746055,-0.000499723635056731,0.0197524801338057,0.0286545093368559,-0.0155574669696641,-0.00236356853800134,-0.00237225643499113,0.00982260588762706,0.00246713136004252,0.0272820682491748,-0.0099499144511816,0.012981846795857,-0.0255535424435211,0.0142851645525459,0.00659302295566194,-0.0207022274089714,0.000943534623318785,-0.0236435821118515,0.0147332598910204,-0.0108688030828447,-0.00891554518286583,-0.00565841630172683,-0.00996203025274588,-0.0190395552875781,-0.0202708816415932,-0.0152083645903136,0.0142842909102466,0.0389490856454194,0.0162951497444195,0.0021840070728247,-0.000885577706068976,-0.0218545462279376,0.0251894016567475,-0.014557177371609,0.0109424655957667,0.0195084040413369,-0.0140309917890972,0.0150572763424248,0.0213365350708095,-0.0304302289730619,0.0220822085759959,0.056619594511559,0.0239113408487905,-0.00829589319613393,0.0172670826160871,0.0216212976211676,0.00144827190424823,-0.0141876274638102,0.00131043983197727,-0.00651735029550691,0.00255606873415944,-0.00227031602082787,-0.00553569185078331,0.0040996710797594,0.0135210186038294,0.0046967804262713,-0.0148291059328667,0.0146863438989653,-0.00430876885433538,-0.00437291971721415,0.01871998561001,0.0226637261032934,-0.000322365731924115,-0.0247782654052972,0.0242633911571573,-0.0305814963247147,-0.0133367071517277,-0.00582913708573523,-0.0175069388785384,0.00565634145929158,0.0123573580761379,-0.00157681395045733,0.0171753186377687,-0.0507084115022633,-0.01601646149831,-0.00750369831869257,-0.00885113062836008,-0.0150199717762763,0.00776956746582152,-0.0013558852349987,0.0209938485568718,0.0314011966133419,0.0488139265250735,-0.0240370569295776
"SRY",0.0154828686694763,0.00342734103628493,0.000955601530262055,-0.0229741796458991,0.00314494117097339,0.022175551867928,-0.000442806921132297,-0.00355335990367591,0.0053106296875483,0.000230615565774433,0.0219321429844182,0.0137754339539265,-0.00132743187695987,-0.0308521214400377,0.0226999323934743,0.0215581045522416,-0.00868149671214286,0.0319811280352152,-0.00200847705347244,0.00158979299756357,-0.00575018152676027,0.0110669238332036,-0.00643397506259835,-0.00647293481320517,-0.00137967295897778,-0.00178256915958832,-0.0301922373029845,0.0244000536533552,0.00941127261210553,0.00158671273613829,-0.000702765014284623,0.0231824507477708,0.0157612875062507,0.00309919768655511,-0.00560879059862601,-0.0314176145754535,0.0107800884656242,0.0125080411958029,0.00779150489412924,-0.00958856439935645,0.0079411504052223,0.0235399882675873,-0.0143297120366099,0.000849116742882197,-0.000262503703779268,0.00682633768868618,0.017221556467364,-0.00742510526560093,0.0232087718213527,-0.000988570242471683,-0.00615798392288428,-0.0169923958141049,0.0175115041464077,-0.00259947717241161,0.026198962462573,0.00893310013409293,-0.00435805420058318,-0.00985981196890867,-0.00266857294097255,-0.0183556405287363,0.00286382567601486,0.0222183839395593,0.00742933465502054,-0.0102527260083731,0.00902582463289574,0.025394666373641,-0.00185285854984327,0.017718453861023,0.00649806099827316,-0.00579849920401244,-0.00558590947697493,-0.0105234122205515,-0.000198078524202371,0.0160904660555131,0.0156047710825851,0.000984997620101379,-0.0196775416335501,0.00715985778987787,0.0190190786913255,0.0123762624040134,0.0119950665982353,0.0286377111507598,-0.00441642799877194,0.0128983842361616,-0.0120997607253483,-0.00756588941804092,0.0101319306873182,0.000158223374225744,-0.000611028147949327,-0.00170886664696838,-0.0351260337108904
"STAT1",0.0135586923047392,-0.0300280940005798,0.00763409843006183,0.00510538170960276,0.00337829643807918,0.0342380613567031,0.0209548363979612,0.0131991094938014,0.0169368096919034,0.0103731519321695,0.0108429923360764,-0.0101445537404449,0.0090700523882838,0.024836634323692,0.00980987417417679,0.0339993639015396,0.0108892507939637,0.0102091741340002,0.00157340747155484,0.0122289167159211,-0.00212856959447122,-0.0190797826956608,0.0262611956245342,-0.0133653948114489,0.00237432243290512,-0.0113437760160598,0.0345331615316816,0.0072474801830073,0.00819638357718382,0.0198581748808472,-0.00133455479665855,-0.0194603485812387,-0.0251453918898325,0.00480894911900126,-0.0276942377130069,0.0161925437350498,0.00482709096924554,0.00783356938449509,0.0232743713935662,-0.0133660038811042,0.00269757645816555,-0.00441594147072249,0.0277136650693609,-0.0123785708070366,-0.00300522947243099,-0.0414878532237239,0.000830217636960113,-0.0237994142045955,0.035601909833033,-0.0268969804638364,-0.0121854727039467,-0.011752004277633,0.00230078353859564,0.00218997817094514,-0.023720957323168,-0.016069246501509,0.0313674457776069,0.00107609399572093,0.0132761104405425,0.0225057214007449,0.00531485416191148,-0.0158183724937661,-0.0102859283162335,0.050200259761545,-0.0165487657674503,0.0102274182714952,-0.0148493255584661,-0.00202722095006277,-0.0214043059811956,-0.00678298819971546,0.0250670370986836,0.0148671704010471,-0.00148573507893081,-0.0337897834080607,-0.023436652572414,-0.0272601324685163,0.0113267619314395,0.0265586345250735,-0.00159494670500721,-0.000101049296860474,0.0128951907165026,-0.00595745365462443,-0.000929918719473437,0.0215770100659515,-0.0102175975130578,0.00370849519483232,0.00246662398670872,0.00383372060114548,0.00234514619140241,-0.000427611429472392,-0.0376566065950244
"STAT3",-0.0219155841631293,0.0072696620287896,-0.0276383654905728,-0.017059875536836,-0.04463368514313,0.0206531502703458,-0.0310203421141627,0.0107631248780428,-0.0417659586809675,-0.00605415771308391,-0.00428532019323405,0.0160448037364454,0.0160289183403147,-0.0399963264432157,-0.00767344137689513,-0.0372761069175596,-0.0229403274315885,0.00769597076944029,-0.0160678315421022,-0.0111926455894775,0.00327534941284708,0.00245320793567646,-0.04471467544846,0.0146415734022884,-0.0153260061068413,-0.0092042640728722,-0.00123866362002885,-0.0406951062709645,-0.016912459849852,0.00186465344100193,0.0127974226397668,-0.016494410475424,0.031246026386624,-0.0200575970145701,0.00981207873076022,0.0354660081424432,-0.0272499086230566,-0.019999830374383,0.0024683935589026,-0.00769393509596706,0.00837373073576023,-0.0127733219022,-0.000772699447301902,-0.0137435010351996,-0.00114179126278922,0.0272907300417155,0.00657282446047307,-0.0139850404076725,-0.0221906136351435,0.00137221185928188,-0.00620846299552964,-0.0184137340380476,-0.00029481795282648,-0.0136965572063665,-0.00935499017459862,0.0284343336557151,0.00136625435222145,-0.031579645388668,-0.00483775854244611,0.0161637371209494,0.000524539035476031,0.00596779802195551,0.00331918629104448,-0.0153791823144081,-0.0002150380765407,-0.0271913169331433,-0.00712305695704958,-0.0116622017457177,0.0217700659667391,0.00898186556988717,0.0160813792974351,-0.011976807399966,0.00678570516824639,-0.0188325996212144,0.016287279145946,-0.00297183696649848,0.00889955407085626,0.0109842624610181,-0.0291282034147633,0.0174695017775389,0.000994087788022778,0.00227867376755957,-0.0204328129022902,-0.00250826142601516,0.0254309512843072,-0.00705941345583254,0.0225930986346817,0.0103434360381368,0.00984255994195905,0.0106715983483309,0.0285414544518334
"STAT4",-0.0209993091764723,-0.00631088669917129,0.0120814477051837,-0.0139715838160477,-0.0199524343868078,-0.0185646999510303,0.0265964959854948,0.000298539448742912,0.018358234846354,-0.0179096097181027,-0.0142138600052521,-0.00803941794150153,-0.00953382485865038,0.0163350144407571,0.015508248852831,-0.0115024024795425,0.0100796879926905,-0.000198915944290515,0.0327559794666995,-0.00272426468633802,0.0111287386128183,-0.00966300285615355,0.0206126785673501,0.0206847917087899,-0.0425555651165313,0.00741237285910337,0.00610224412560676,0.0240783522911201,0.0234512706910155,-0.0240779511567035,0.0247661372090327,0.0197712004440395,0.0266964154264401,0.000120334062136748,0.0199402140905008,-0.0231987242387824,0.0255310640483019,-0.000253711133778855,-0.00193901335908075,0.0432322698075448,0.0130050522157745,-0.00265607680038935,-0.00126280156458926,0.0152953887580842,-0.034421972493675,0.0149160105168117,0.0341642576608869,-0.0204123487899089,-0.0108788267539671,0.0058050557104684,-0.00232988320215924,0.0136629611370221,0.0104432108220006,0.00257061154358564,-0.00286835963444234,0.00107636285473318,-0.0160753580290198,0.0188322879988972,-0.0112129581439582,-0.00731919648630056,-0.00211709705011686,0.018648244029656,-0.00481869230928904,-0.00655869154689155,0.0257859960504341,-0.0174131148551125,-0.00396993545475539,0.0185186405671274,-0.0265104888893474,0.0466115741701226,-0.00886722593396688,0.00689852848589849,0.00541759743566979,-0.0240870841534925,-0.0469351476575774,0.00298919076239438,-0.0102918049596838,-0.00773986826338229,0.018238787407825,0.00953767452787785,-0.00366543916053182,0.00626819603610027,0.011267953117786,-0.0119164755154487,0.0133760983086364,-0.0226185156919897,0.0191185942987728,-0.00412395539117594,-0.0177436018327281,-0.0287839287839412,0.0384111468222081
"STAT6",0.00634490052063745,-0.0169947204958456,-0.00124816075576631,0.00614268516980002,-0.0192691768572768,0.00460360291450687,0.00650882118245053,0.0073597971360993,-0.00419345527380724,-0.0194134086563055,0.00344704603224556,-0.00547616281825251,-0.0250342161982481,0.0276359886999155,-0.00781761618929648,0.0117486040092659,-0.00283675006977209,-0.0131184964357232,-0.0169736712064572,-0.0109122719611894,-0.0142822602562015,-0.0120712091822012,-0.0113830183435992,0.0234870927422753,-0.0109348971389743,0.0239092813029854,-0.00112892561479002,0.0228710978339543,-0.0123034535432253,-0.0159574910944502,-0.0238813226972214,0.0271718348894746,0.0103266198789577,0.0297928091827837,-0.00475926377731922,-0.0236360301081695,0.016758127918511,0.0146462201880609,0.000227665272836516,0.0379044323158008,-0.0141050414013447,0.0111557607405332,0.0289194164024535,-0.0139245782684715,-0.0102411767139488,-0.00085326744584542,0.0140167736862724,-0.00678968502129839,-0.000134883951649647,-0.00582280220705202,0.0307871096176962,-0.0260329597809332,-0.0123964193394748,0.00950489719685729,0.0140511753994811,-0.00953020228745207,0.0229471001643921,-0.00296347646902111,0.0316189494629278,0.0070764416079177,-0.0112336929078778,-0.00503367088721548,0.00368655591687166,-0.0138475040654332,0.0168789304250583,0.0282567377358807,-0.00193467061586071,-0.00649147974133638,-0.0066706940533593,-0.0278821654491661,-0.0028984944430559,0.00206581242410164,0.0159695512722581,-0.000844237886830119,0.0195203730769803,-0.000846683658918997,-0.013771510506401,0.045878350851085,-0.00205955475578962,0.00094261551030748,0.0201188533657104,0.00351171812878682,-0.0166593379872076,-0.00160505935665079,0.00383173079750142,-0.0243626404363865,-0.0145913291288167,-0.000259004455894209,0.0084937643685565,0.0141468996089879,-0.00397187757003131
"STF1",-0.0295911850071289,-0.0232227237253297,0.0068019370784455,0.0299058855780284,0.0132532786607553,0.00129302883891798,-0.0190057960837795,-0.0348409761619773,0.0182589400466657,0.0453424066018538,0.0210537080129667,-0.0140998031489117,-0.0082463754881632,-0.026426717173206,0.0170396082926263,0.00575798521100621,-0.00325505636278142,0.00171940078970471,-0.0223527278994477,-0.0114213269629671,-0.0141519134101016,-0.0333563454543762,0.00149070516347083,-0.00860756352369149,-0.0030522484454822,0.0102586636331519,-0.0171156522467968,0.0194144847913829,0.00477058978070857,0.0015102350005663,0.00450822949667823,0.0224810457785759,-0.00666341500136415,0.0147377382886768,-0.0139299266213208,0.0103861133078398,-0.0192971512572042,-0.00748079366384988,0.0189285184969166,-0.00516566041889456,0.0125385764274047,0.00649863408114006,-0.00296454938216643,-0.00154018031129312,-0.000543042177526317,0.0259263095353482,-0.0283105180156632,0.019473354499102,0.0078803402331867,0.00985464175185398,0.0599147795691101,-0.00352566834749916,-0.0119334063707239,-0.0154074466160895,-0.0430740253537581,0.0214196657896667,0.00506717569479768,0.00476063026276639,-0.0117938577659712,0.0128222486032744,-0.0262084444965632,-0.00601510372089455,-0.00295627272102521,0.0150873298374277,0.0205703807429253,-0.0226091396395608,0.0289700147313524,0.00414129309291217,0.0228344194910024,-0.0313940768838423,0.0109644267376762,-0.00674888264145285,-0.0211582288832688,-0.027379840542581,0.0273510984149401,0.0398747115832716,0.00732446038667622,-0.0207076482652956,-0.00749543159357702,0.0151958935309225,0.0132997605723217,-0.0113377229069555,0.0196571337849947,-0.0233088865997572,-0.0303792968753487,-0.014677906847708,-0.0119477089536202,-0.0279397969417935,0.00399743440245247,-0.0374719982247845,0.00737165833151005
"SUH",0.00720662837571179,-0.0141955468303938,-0.000722558158883484,-0.00538711726395775,0.0122908272067743,0.00453952090012781,0.018994048353,0.0156698423615733,0.00103247949696645,0.00104027596715567,0.0145530895494281,0.013583672087992,0.00556720349441597,0.0188409038892677,-0.00762161178866491,0.0173387727500441,0.00118525258270454,0.000628306191051979,0.01030142356822,-0.012749905852119,0.00316795561729018,0.0146287230836735,0.0232089251658673,-0.00208592110440068,-0.0087563451252102,0.00837857083409798,0.00900007486392965,-0.0097806134821222,-0.0146256629886565,-0.00400313553312839,0.0177292312836202,-0.0270919759803846,0.0151451379808802,0.0088235385628176,-0.00968778648371135,-0.00540091226864,0.00199493431305783,-0.00455821735874074,0.00295551452210946,-0.0111608810609246,0.013007843180957,-0.0108389885163672,0.0210276967379858,0.000753415776079514,-0.00793548273701888,0.00305656098082661,-0.00836255638986021,0.00658760522283305,-0.0167483698221692,0.0138630978697006,0.0135345332704859,-0.00271726416560769,0.0105454000347528,0.0243779404685436,0.000297894840516412,-0.00502938404011209,0.00440110733999399,0.0158762126210527,0.0186031718895073,-0.0117812597361431,-0.0120614989038275,0.0187332137521751,0.00893461168399091,-0.0157548713862374,0.0222039806772944,0.0165911767475799,-0.000228122152680274,-0.0156000850026358,-0.0185418681528933,-0.0143933183343468,-0.00102325061570681,-0.0240840312186217,0.00389990371589905,-0.0115062163037477,-0.00217662238974641,0.00333581418924686,0.0198493189455789,-0.00259456501232708,0.0205977903482541,0.00730857511976788,-0.0106220195415068,-0.0120349537565937,-0.0180022417361137,0.00323544951363314,0.00898026087861186,0.0140496443499694,-0.00451887480473596,0.00348966718557006,0.0116468513642098,-0.0201086485608614,-0.00143560287414984
"TAF1",-0.0200001901896651,0.00998384153134261,0.0164061381120978,0.0123869374512018,0.00524472515853839,0.00311508113143287,-0.0114632362343158,-0.00349166837435423,0.0154442944577905,0.000244434894975233,0.0137231609102336,0.000887419122885545,0.00050731947491371,0.00134502271045576,-0.00480103305572152,-0.00675791297692264,-0.00752582174704023,-0.00518782212292452,1.33532077789119e-05,-0.00140918466917116,-0.00554701920600098,-0.00076766340028304,0.00344253544298692,-0.00495797099599444,0.00858469414091714,-0.0025874707824018,-0.00144275180830976,0.0248006365970392,0.00185515253217086,-0.00310220653193867,-0.00195907392020234,-0.00520496113794247,-0.0232610419224691,-0.000340020591642249,0.00398774515184371,0.00773070126799049,-0.00300720347137113,-0.0188029625798184,-0.0104106290502086,-0.00909107456812048,0.00274803797336858,0.00226174445537004,-0.00919924781214238,0.0105546016067218,-0.00151484041215864,-0.00840544289912773,0.00667488840141266,0.00171700273433016,0.0111544881707251,0.00176294095695546,0.00624062225491853,0.0102861762109845,0.00542994508380233,-0.0120971240953698,-0.00523985830823163,-0.00302041609940621,0.00926269529682208,-0.0220367193716902,0.00270893909003074,-0.00253110668853379,-0.00870590836668024,-0.0125912027739752,0.0121820040895417,0.0188982937702946,0.0178524985231073,0.0236237370416248,-0.00263682555272767,-0.00413418533047661,0.0186026758107872,0.00710370168845348,-0.0205949043010457,-0.0137230281189583,-0.000708051823915207,-0.00952031164680896,0.00488298567838378,0.00930561910036303,0.00895257125143864,-0.000551046159953003,-0.000431475012654243,0.0110578474139343,0.0183265800120356,-0.000348563247179279,0.00986909301313576,0.00350345659213749,-0.00832630257644445,0.000424122802804968,0.0108762255331087,0.00286416369782133,0.0183248174412045,-0.0177222878265776,-0.00786696599175052
"TBP",0.0185189590082171,-0.01716715231405,0.00586864056989665,0.0272459638066261,0.00822930290764739,-0.00685597554587549,0.0215800437538777,-0.00463761870677702,0.00830039717165687,-0.0172360648145036,0.00616200751075473,-0.0228047307804454,-0.0293160458863411,0.0127415053629194,0.0401158980209758,0.000423169561099238,0.0155001364863736,0.00977084755969453,-0.0310886350149367,0.000181304505066332,0.0452446325221866,-0.000840000384948081,-0.0143090865224876,0.0376934472625578,-0.0158432830997561,0.00589139560991477,0.000441262004999271,0.0166193080650622,0.0291487696994413,-0.00484451148849004,0.00249294360827618,-0.000285340915927264,0.0111162643323355,-0.000440257385235206,-0.0441672798396397,-0.0204570132771072,0.0267650580953559,-0.0208325483475216,0.00516743869352372,0.00212994821899395,-0.0303902240503673,-0.0057378098039571,-0.00533562449404648,-0.0236831276506196,0.000986695321619349,-0.0108620498139412,0.015681089526653,-0.0279833449356846,0.00813293411998416,0.0448969096767015,0.0278975655456986,0.0097982301131043,0.0136757564148837,0.0267933581056635,0.00644259731823188,0.0267589005265627,-0.017683015882582,0.0487438527659202,0.0309271371967551,-0.0401357704610084,-0.0191846304483707,-0.0101995894956122,0.0303126042240795,0.00808773757074605,0.0249008129245091,-0.00242135789676578,-0.0217519913147572,-0.0466969103039421,0.0558268423968707,-0.00362089028190827,0.00399047589725023,0.0161327727316192,0.00542634358154189,-0.00772468212757362,0.0125413582478765,0.000159502993018449,-0.0296644400975846,0.0114799354536084,0.00784935430620225,0.0185960617271518,0.00950791863771156,0.00692066266873821,0.0560079215560082,-0.00371801900933545,0.00517665681567301,-0.0163220551758623,-0.0321657672413726,-0.00556293419609753,-0.00965263671133303,-0.00269811858781297,-0.0151720622913578
"TBX21",-0.00618741661278866,0.0135512428368551,1.47750091415717e-05,-0.00192967015865789,0.00322229060341277,0.00296562012858384,0.0152440693332962,-0.0174341681974725,0.00227753655933181,0.0103866465760523,-0.0242962599688321,0.0163245431061547,0.00953547298659578,0.00474661400167144,0.0105405499145183,0.00623738952170942,0.0177873366146758,0.0197414080762732,0.00396920621893092,0.00755129101371893,-0.00539442384682263,0.0140637666781608,0.00168853104889764,0.000728341850976383,0.0257009074334767,0.00329622866831278,-0.0282088103095662,-0.0156679953626487,0.0129915399532189,-0.0223718745627076,-0.000418813620012353,-0.00563090351254902,-0.00740908455304199,0.0263251342610836,-0.019566096824093,0.0102768959405222,-0.0194735436781313,0.0157165565572635,-0.0108298307874795,-0.0242431518042454,0.00511185943145364,-0.0042842834384526,-0.0115345620078446,0.0291187471037831,0.00368936355737326,-0.0218230592343763,0.0133529547077058,0.00627829094402734,-0.00118385301796156,0.00628636690641014,0.00270107907152517,-0.00289688289777964,0.0105321243982923,-0.00411763974309806,-0.00765324033311873,-0.00164704739782881,-0.00908908086159421,-0.00919036742331533,0.00871356633786377,0.0110868052514483,-0.0173153489666509,-0.00116223998208181,-0.014282976325639,0.021831843848075,-0.00586197461800295,-0.00516976287934882,0.0240840523962845,-0.004897276918911,0.00370700726927799,-0.0031104389113652,-0.0131132510099108,-0.0190155789971782,0.0032546932653097,-0.00107486088161899,0.00274496474456577,-0.0217274247588278,-0.0167490356344069,-0.0110964380543311,-0.0107616235518167,0.0196025802876101,-0.00877222764069305,0.00292756820474957,0.0203304960245303,0.0066043097611927,0.0130534705149619,-0.0152822551611942,-0.00645219048715904,-0.0172316612101609,0.00948423947795917,0.0231511053495227,0.00111981170330367
"TBX3",0.0113275205892296,-0.022367008558833,-0.0100455187545863,0.021618796236356,-0.000579665162498793,-0.0160009153101634,0.0145727113433283,0.00487780913728467,0.00361007001209888,0.00873725236927663,-0.00166472280626725,-0.00348464231615347,0.0192121198007763,0.0355816538640058,-0.00906136377042818,-0.0101066124608261,-0.000556793489540467,0.00682091460533897,-0.00813383374747331,0.0265177016501922,-0.0124827255831735,-0.00184157989870944,-0.0172942776478759,0.00705288467453636,-0.00463557418369262,0.000591454862012613,0.00271789770530977,0.00902197796145152,-0.0168428752660828,-0.0114233932695696,-0.00233984643988551,0.0140264672820369,-0.000544391483367323,0.0145482108231015,-0.00435555813610463,-0.0270074431901833,-0.00252047113388697,-0.0059646553444892,-0.0172987604117475,0.0193026481592295,0.0124310621262582,0.00187600829872894,0.0144824028614672,0.00872127967808915,-0.000493273807354563,0.00307764121908154,0.0227304342884503,0.000814113429667472,0.00144404025749087,-0.000410512223319626,0.00452080381761258,-0.000615915103788386,-0.0281103740399626,0.000592390920405652,0.0160321123225214,-0.00216614084983966,-0.0327938852175015,-0.00158414727342866,-0.00187468061307346,0.023558036694082,0.00837535897523926,0.0314969989769659,0.00152167219951122,0.00353109782692134,-0.0202304395741718,0.00644262615619472,0.0110619815293454,-0.00179257137980518,0.00365047969785578,0.0209744190021588,-0.00200138407403796,-0.00160863650756842,-0.00132489676378872,0.025417650037048,0.0141003242096476,0.0292323905545222,-0.00242189423663823,0.0223783706296567,-0.00791212481389296,-0.00298212965179266,0.00288671086615596,0.0139373461500736,0.00872710871258015,-0.022144130525586,0.00671587364812859,-0.00331665209395612,-0.0135483472007569,-0.00833047693764508,-0.0126206328552865,-0.000419314264751546,0.0166093988589082
"TCF7",0.000261207705182945,0.00306090062037006,0.00802595697566348,-0.00676862203735549,0.000798852986383388,0.000515261110861871,-0.0102509337773227,-0.01859801496875,-0.0244104668601239,-0.00305825623487365,-0.000304238374620442,0.000822722598626408,0.00290562967657292,-0.00969749564574279,0.01693045496688,0.00416217310621076,0.0133815022291643,0.00678351918243122,-0.00778499336090061,0.00292035292365936,-0.0419665918254078,-0.0179214571721627,-0.00213600725393024,0.00367872286167229,0.00192018621901181,-0.00799003868488413,0.00373144841303339,0.00466164327523127,-0.000712025894771659,0.0071615229599627,-0.0103753301746797,-0.00851767089107231,0.00183663370676263,0.000495665547857202,0.0356750813139418,0.0142878323885048,-0.00542466662059439,-0.0060068114628707,-0.0145714102755728,-0.0206171368116938,-0.0142281591173896,-0.0194275412404978,0.00721095068626729,-0.00789487130041152,-0.0187947484922817,-0.0201437426234189,-0.00439319631549763,-0.0345127696989124,-0.0106129543120284,0.0045899992576617,-0.00141831440984512,-0.00686839709826594,0.0235115628177494,0.0369360307890096,-0.0307553445761535,-0.0130295642822694,0.0183210768616868,0.0121478830304331,-0.0391460976049703,0.00442000342250496,-0.0248861417592805,-0.0244464145385762,-0.00303640383199696,-0.0123123635795748,-0.0189347871859472,-0.00315439893705506,0.00702643369622763,0.0221031573728455,-0.0290367328039603,0.014019383565285,-0.0127903896071701,0.00856775979987418,-0.0229950755290892,0.044317328016594,0.0229701768960116,-0.0048284075608917,0.0199883008571111,0.00875239474700088,0.014005587058343,0.00722599348697197,-0.010136716854145,0.0124419726880398,0.00868416678358394,0.0106681340550598,0.00678487958077694,-0.00674924980425114,-0.0115965523132608,-0.0128974394239888,0.0343958941706902,0.00369913828355344,2.9083980704395e-05
"TF65",0.0312387088729673,0.0264500346419121,0.0329100369569721,-0.0105876023452925,0.0295867471862687,-0.0168841722231582,0.0343899937417097,-0.020368104402343,0.0184658746103317,0.0419290653591496,0.00748265988952732,-0.0164378394480045,-0.0176139170451089,-0.00633427730923912,0.0146863341466739,0.00671331369296478,0.013100795515822,-0.0272677168956424,-0.0575345851558427,-0.00165839071935664,-0.00359554164856643,0.000503925466629643,0.0250718989705593,0.0255808976236975,0.0220583732040955,-0.0149762616018861,-0.0211637246501591,0.0179520267946235,-0.0122642035205305,0.0183277080867262,0.0165833605940825,0.0215143758349649,0.00382738081329118,0.00713548209204743,0.0151409040193802,0.0291741836749623,0.00356173891168025,-0.0114938533662413,-0.0172607597551333,0.00703197447020783,0.0177855992651849,0.00405874621718628,0.0192374295682042,-0.0326588797963706,0.0167421490527606,0.000148611932501544,0.00422078196729137,0.0135107375179972,0.0312042316245667,-0.00788067108800197,-0.0167609020264431,0.0484866717255535,-0.00169628238478459,-0.0312898607506687,-0.00589911940630129,0.0386907499524191,0.00251214709322937,-0.00354794453410998,0.0265455745628152,0.00390253079799207,0.025624854194152,0.00139144491048545,0.00233234699819355,-0.00439509708404014,0.0112654966844308,-0.00854751930323777,0.00304099924519739,-0.011088575838528,-0.0130769926554598,0.0323114915669397,-0.0122793986915581,0.00402509985131642,0.00301757902726167,0.00402817587399582,-0.0152320093915407,0.00274611272376311,0.0437892826541073,0.0300082182901697,0.00198852625876984,0.0183574740311257,-0.0517161909620253,0.0191594465199286,0.00172054235468606,0.000323711762363316,0.00446759336247745,-0.00790046563055999,0.003237109255791,0.00542648563432835,-0.0183554905970322,0.00816155289798923,-0.00123156919938074
"TFAP4",0.0368012077279184,0.000188491173132235,-0.00181441474653893,-0.00425819790110795,0.00166803589526275,0.0165550614609972,-0.000214158486132875,0.000316843219871818,0.00833468440191732,-0.00129086920888304,-0.00449547486543308,-0.0204215465355904,0.0262784515526821,-0.0076252429380625,-0.00795923692630482,0.000561902688413016,0.0183671629084241,0.0131495721193181,-0.00656079112924427,0.00354562585293675,0.0116110146240786,-0.0171884203364117,0.00434671558343812,-0.0277807030440475,-0.00633011740386077,0.00755367717839422,0.00328477621943022,0.0040484217358727,0.00421799419544516,0.0137559644426951,0.00587059787631084,-0.00551492974511695,0.00191466103359143,-0.0222082223641675,-0.0159954344536533,0.00106566584763301,0.0163109949045557,-0.00827040703712261,-0.0321889290528654,0.0369004991201695,0.00488888863780107,-0.00795552317394407,-0.0137677683863455,-0.0146048206883975,0.0231602735901725,-0.0200829329642324,-0.00639307016040556,-0.00316630510299467,0.0366861933216729,0.0359363854164773,0.0180530613823361,-0.0113121730980766,0.000901961421255086,-0.0134102010866032,-0.00730400600118183,0.0132616826638984,-0.0317930994255382,-0.00847178993478024,-0.00264689833341145,0.0297349682256838,-0.0180951882358881,-0.00706831748626222,-0.0394632196656942,0.0157728748499028,0.000784446720522486,0.0146625446343463,0.00973898719749809,-0.00560667257581915,0.0480154794633747,0.00486013021896985,-0.00658034395498023,0.00866249510959941,0.0072812404807632,-0.00151417817048213,-0.0118485875371866,-0.0301955526984583,-0.022302408802929,-0.00711421713493159,-0.0179156606392389,0.0242995061722049,0.00698468852613718,0.0076734428991023,0.0321421686067879,0.000422697960775546,0.00483391626684646,0.00201455451494081,-0.00259601073679859,-0.0216951141774567,0.010330091349143,-0.0160695055905472,-0.00830894914653366
"TFEB",0.0638948367239228,-0.0397963579641428,0.0115840032363217,-0.0536145732848714,-0.00703503767886893,0.0223185663017442,-0.00531517321204936,0.0447742487106965,-0.0355844163547751,0.0148985736038802,0.0362306164550856,0.0159293107379842,0.00394783866878106,-0.0148653215631083,-0.0263934972770091,0.0164602237464006,0.0216013864708081,0.0099405182102065,-0.027009274458519,0.0145973940419675,0.0629415954577655,0.0445523430102185,0.0691869664784133,-0.011852421063748,-0.0588409988190858,0.0172318386284748,-0.00100212744726656,4.72157190937421e-05,0.0224281277306272,0.0511992150204465,-0.00602453908208456,0.0571269753489851,0.024020302975009,-0.020736051996756,-0.0081765403667681,-0.0208424076426123,0.0188692831270074,-0.0402381627157601,0.0218788795124298,0.0167956410968963,0.00118134369613718,0.0188504312202721,0.0194196761286967,-0.0379792064909817,-0.0185534612637547,0.0229496370927659,5.73622857621479e-05,-0.0172141756592929,0.00993267213489846,0.0227303913630315,0.0204066936318182,0.00330054762621057,0.00739890484628727,0.00368429190995557,-0.0146916616005202,-0.0113233643868537,0.0266829081409871,-0.0103314391249229,0.0493910785698735,0.0381772918249065,-0.00670553156752514,0.018773273502144,-0.0173489479381817,-0.0451061549753328,0.0677843316067409,-0.0212423009499813,-0.023571741565497,-0.0130109307814112,0.0129425565000018,0.0654385184647951,0.00470941876944418,0.065869276696263,0.00919244941587571,0.0629175098722775,-0.0350004090680809,-0.0132013641659308,0.013735429305524,-0.0340551106764404,0.054688730726948,0.026461680530821,0.00825283002457567,0.0239924341460164,-0.0588740968880616,0.0556534857419878,0.037646905908709,0.121418952908002,0.0185745576509615,0.0433716374391214,0.00262867879330648,0.0095417539442254,0.0548633725717646
"TGIF1",0.00741465691046482,0.00801279135567065,-0.0105836238193008,0.00977555084645758,0.0197748992069737,-0.00951554039534187,0.0168548314815098,0.00426563834561494,-0.00859720116506015,-0.00619809376619991,-0.0188476781543747,0.0148231051034859,-0.0016215604134362,0.00410580703740468,-0.00808641751443948,0.00400120081128643,0.00802893463576795,-0.014357713855301,0.00870655716987884,-0.0248320753268296,-0.0380950339212204,-0.0164687221262054,0.0185659491239079,0.0250240320037522,0.0110667134312027,0.0126961887731556,-0.00165463257789624,0.0129390054535689,0.0185933491524687,-0.0342855843008701,-0.00265708858043747,-0.0213643704016673,0.00246791712893531,-0.00256066141041903,-0.00278843407306733,-0.0212488230364139,-0.00532280800162859,0.0192958287854182,0.0160157027645424,-0.0142348677394987,-0.00541146551862111,-0.000812461008923598,0.00554513529202305,0.00282201149807125,-0.0201684624711369,-0.00474597372102003,0.00651369254661318,-0.0213604035174183,0.0137550716162371,0.00797841157802934,-0.0178057671483528,0.00081831315080048,-0.0120538343058145,0.0128793469701742,0.00244032901920403,0.0145806877327439,-0.0280473888697691,-0.0104622393618444,-0.00596569373949785,0.000110598541977605,-0.0252294498348452,0.00410482573997373,0.00601570217779478,0.0250395725820191,0.00294950430623794,0.0120885482453503,0.00141684524097945,0.032239390736658,-0.0130828584312321,-0.00697589434854951,-0.0193395355269546,-0.00929181486601317,-0.00307138450985207,-0.00287706412628197,-0.00382562329385482,-0.00697188292296752,-0.0329764309259704,0.0162432811098942,-0.00721886659738902,-0.00111022334660941,0.0271749633448108,0.0195962051304852,0.00882455478236838,-0.0241990025189502,0.00236534738408291,-0.0215813848206971,-0.0234371622003637,-0.0196183960648438,0.0157060011305939,-0.00735843833512696,0.00898488998389227
"THAP1",0.00432691048845313,-0.00143319547149569,-0.00317807317468602,-0.013358672389025,-0.00844688852129313,-0.0189396478705991,-0.0152251421099854,0.0169208605586982,-0.00898510799734958,0.0230236348866846,0.017338371374958,0.0128928005702385,0.0229724737373634,0.00411644328810733,0.0157678692774839,-0.00960285942938907,0.00472608680356923,0.00817191797987208,-0.0118702860017726,-0.00311163180027202,0.0133627767092488,0.0216051497038148,-0.000183125648376371,0.002565277153697,-0.0120056267304501,0.0041182206780455,0.00443072994017547,0.00532371400488483,0.0072575516886602,0.00444657446743761,0.0178372089472608,0.0215317451631653,0.0155946281389825,-0.00964281240775084,-0.00782069583396028,0.0237683957054361,0.0185482237331366,-0.010263355204766,0.0104031380216108,-0.00633545820897264,-0.0044168777769602,-0.0207423340131807,-0.0158513401538127,0.0100805973278974,-0.0232255005758068,0.00768224947845646,0.0160151981097375,0.000117735280267362,0.00896122638190444,0.000751252389883385,-0.0132063201557355,0.00867347550804283,0.0159248091298311,0.0137556635012384,0.00146209944123872,0.011182589069783,-0.0123013667707877,0.014143437036641,0.00621680475951023,0.0113645180776983,0.0116022820181382,-0.0284444850105261,-0.00116492754473003,-0.0115654700977708,-4.90008603705049e-05,-0.027062136753611,0.00266539268201972,-0.00834192215332683,-0.00457683588644203,0.00827955043249911,0.0276453481047696,-0.00898581977748015,-0.0240719158896256,0.00336480354180396,0.00617742029616164,-0.0145165798389707,-0.0123513072802652,-0.0190698629741324,-0.00765136297472946,0.0054760156516208,-0.0316042999849512,0.0053716259529021,0.0347631601054771,-0.014175653579004,-0.000170167935821966,0.0166766590363807,-0.00515548021041917,-0.00367601278663122,0.00245690018548339,0.018396146290081,0.00229824561678296
"THRA",0.00600132445592966,-0.0440098891767981,0.0210149660584885,0.0113756147169124,0.00111443137002168,-0.00884808966746133,0.00995392049709326,0.00977277499073282,0.0083747522550055,-0.011440845713046,-0.0278113570682285,-0.00625235124308007,-0.0290207584775574,-0.00440823016642503,0.00100503164913315,0.00764085617206098,0.0283876989706493,-0.00530049776369434,-0.0393020076135859,0.0208464936862432,0.0187183410945595,-0.0157101013160456,0.00250409262378973,-0.0155032756361294,0.00438544311513103,-0.00101057708666724,-0.0187620337850001,-0.00623147072891145,0.00190230917131784,-0.0037645948756299,0.00304923405122125,0.0100442048578927,0.0151889421238894,0.0235144140602788,-0.0102620284490123,0.0322560302395597,-0.0405017443029617,-0.0283390532024787,-0.0197680386288793,-0.00754058490665646,0.000939858453336494,-0.0200203826171509,-0.00943405725426925,-0.0135663237665587,-0.0184944333694217,-0.0235621037050905,-0.00619500117573409,-0.00377897425097299,0.0258972103798938,0.0109705922415926,-0.00462552243019416,-0.0244656365214116,-0.0341838160982891,-0.00511695130680403,0.01364063933561,-0.00202396220051571,0.00125564886154204,0.0210758550702479,-0.0280443919783478,-0.0101057705935819,0.0321325090543019,0.0240677317734795,0.0150149784784833,0.0227674901033627,0.0203535964376935,-0.0222509101168224,-0.00957373910235149,-0.00269114885094061,0.00444151523958206,-0.0125753314697906,0.00428182848491048,0.00645364720123406,-0.0154336209606893,-0.049022831433161,0.00951241843214316,-0.0312570568668696,0.00462121535320635,0.0162891456832858,-0.00269005169565087,0.0243878574712325,-0.0195042306823623,0.00180846463737266,0.00418068047079355,0.0222774452560477,-0.00471238872103906,0.00494276340236907,-0.00447060126554283,-0.0112329246182736,-0.000711947314232204,-0.00434321006850317,-0.00168115819410093
"THRB",0.0213512744913922,0.0205630244471033,-0.00384074525906843,0.0107297493521529,-0.0183660095840742,0.00414530586849856,0.0134882290110241,-0.00588737268695331,-0.0252574282969097,0.00372727757461556,0.0110895817391173,0.0122450504228936,0.00723685258639709,-0.00699769210257779,0.0130807176265712,0.0101214487661473,-0.0202370972911219,0.020297166210511,0.0313730288021756,0.00311164333724424,-0.00372541172020661,-0.0162164462547193,0.0110995504270036,0.0203577058290186,-0.0181850061799581,0.0125947225545728,0.000486668846096297,-0.0180628410267782,-0.00737869430115112,-0.016760503635128,0.0178008828219903,-0.000280010872189267,-0.0021546506621341,-0.00375145261080113,0.0133792005467388,-0.00929691971145741,-0.0288944255716545,0.0142877591095499,0.0294597442345263,0.0136962923891355,0.0295468199908533,0.00304900150853638,0.0286733543645951,0.00469059153748757,-0.0152998432145495,0.0154316597538201,-0.00458102481479355,-0.0125284218298182,-0.0299658335437667,-0.02283816344348,0.0111462393831544,0.0332446620712134,0.0241012449549627,0.00516906322731154,-0.00836922501798053,0.0128869606541629,0.00233658322526743,-0.00104671865720945,-0.00808969464720732,0.00175756881058616,-0.012399218676441,0.0103111096247966,-0.00987654940711194,-0.0167215465350067,-0.0131805016818606,-0.025609463114794,-0.00414946768853669,-0.013124993357441,-0.0267591855345361,0.00238360528963337,0.00712123528594265,-0.0433265468046151,-0.0172517326978971,0.0298178493194761,-0.00272754614335736,-0.00190561331407837,0.0108204543538547,-0.0114968687281208,0.015689496239822,-0.0257576497624434,0.0265751185308955,-0.0175040382606529,-0.000707183385485529,0.0042878822220956,-0.000767010559886706,-0.00238109133609517,0.00347829039160153,-0.000262190634243888,-0.0128657021407119,0.0114908144137979,-0.0293418471321906
"TWIST1",-0.031765055083055,-0.00160515125943076,-0.00928263404345731,0.0213439971654918,-0.0232333220240656,-0.00333738785835976,0.00177596686765684,0.000458388686358803,-0.0261112100675836,0.0112900872557103,0.00364961041474864,0.0177829630354257,-0.0269510673521988,0.0253336242530205,-0.0119626602778311,0.0162048980398017,-0.00965119450472074,-0.00718258107740973,0.0219038345355985,-0.04428248170151,-0.026332725280233,-0.000172801412261218,-0.00116149320762617,-0.00278465074929037,-0.0239959687380201,-0.00533964336004475,-0.00523529550638907,-0.0185931833657494,-0.00382027873096193,0.00190640870248725,0.0110864355732631,-0.00806263923032168,-0.0153050123977309,-0.0121295649821028,-0.0208762531745225,-0.0214987059719827,-0.00875585157143422,0.000219617581038674,0.0186189992477298,-0.00485985863217549,0.000773894942943688,-0.00710869002539782,0.00332797239786181,-0.00425549641374598,0.0074783543187091,-0.0295773967638855,-0.000554535769661014,0.00457155467236227,-0.0178463552554617,0.00911905628332451,-0.0171741362920255,-0.0536613742432915,0.0255757901759312,-0.0296738858280567,-0.00835640804388763,0.00609877280806031,0.013507129006627,-0.0113644401356396,0.0285917341463902,0.0091014573436944,-0.0212988192791311,-0.0174572831134221,0.00112001849264822,0.0232660312281263,0.0112784513598787,0.00492042895272966,-0.015899786804914,-0.00913416885559163,0.00374133207855165,0.0307357461766398,-0.0143140300463748,0.00715593269921467,-0.013471373192384,-0.04241624430431,-0.012868134000625,-0.0275715940473024,-0.0451433263869069,0.0085337709192482,0.0171952557071974,-0.0248190417275198,-0.0247017511336998,-0.0076790794712516,-0.00178053179391204,0.00655246254118192,-0.0187705422583791,-0.00311788035764087,-0.00236287210617827,0.0419331344479622,-0.00252655140416992,-0.0222877474075381,0.0177368043793495
"TYY1",0.00134076431996265,-0.0148034678654663,0.00164955021020463,0.0251263158382587,-0.0375438478352214,-0.0169395972190217,0.0120097318483368,0.0247705999146917,0.0201156143680657,-0.0357448999051786,0.00388775944457341,0.0106406111288541,0.017777568866853,-0.0267890986272582,0.025904828432105,-0.0049860221588124,-0.0282234901117641,-0.0329807031123684,0.0132557718101533,0.0223040716694638,-0.019780972882176,0.00235378391931609,0.000165066580034488,0.0258916370559236,0.0171408490035999,-0.0264022940586392,0.0226978525843278,0.000455412787447111,-0.00686055610919454,-0.00683233086227572,0.02823496108762,-0.0439109260145219,-0.0131552614454284,-0.00446739046050777,0.0435295844073653,0.00983074818096787,0.00891948637256558,0.0619162949204317,0.00736876892132039,-0.00545072510739122,-0.00185463819237609,-0.0271840822870455,0.00243970002567043,-0.00872489766807049,-0.0252727538716147,0.0139032108774131,0.0288519033405463,0.00374446123579393,0.0480987015622011,-0.0124364547103723,-0.0205058271693064,-0.00974692445666871,-0.00299106804842741,-0.00195825458261033,-0.0455878982552034,0.0293632162462783,-0.0361959870312522,-0.0156508630638906,-0.0305446861001277,-0.00250080821550036,-0.00275303847136626,0.0136783000651649,-0.00793360635146626,0.0242277257087326,-0.0157088944268739,0.00624732167989292,0.017135636097866,0.0564442480126073,-0.0021845507441459,0.00340918849062964,0.032507792315416,0.00598585783499438,-0.00772995484712643,0.00672744549742381,-0.00298321792285589,-0.0182288733714216,0.000224275507031418,-0.0327121308510605,0.00797694562533468,-0.0117744757506292,-0.0179068793406627,0.014532044436854,-0.0178109634508203,-0.0164577894501852,-0.0380152675418711,-0.0204537378992046,-0.0195530878009261,0.0255203421866654,-0.0228724516022484,-0.00983510193106201,-0.0261856395233013
"VDR",-0.00967198918515387,0.0161857413635317,0.0259376913238305,0.00411407067801607,-0.00297099618970648,0.0291026021196095,-0.000735540100450181,-0.00186171119884821,-0.00115575947272375,0.00415582415456693,0.0199540891651344,0.0118934699819982,-0.0161690970186835,-0.0243404909816262,0.0139812377622428,0.00686841854046594,0.0130556167968391,-0.00305001457015561,-0.014544543628987,-0.00992364430253017,-0.010304227674528,0.0204319179998984,6.38530896487517e-05,0.00445239247241376,-0.00637552581022369,-0.00538636365199581,-0.0265045129735996,0.0220123364353953,0.0175955201392018,0.0281557506598375,0.00905238419803497,0.010335759311716,0.00987187249591029,-0.000706147357563076,-0.0217190970572496,0.00466768029361178,0.0275855247483487,0.00964253538487773,0.00234743741993446,0.0238095273549184,0.0161250039723149,-0.03215499360094,-0.0179361215345023,0.0105362057530965,-0.0201732769541492,-0.017750917319548,-0.00364380720874129,0.00510123772033401,0.000848674052426775,-0.00965252675817086,-0.00260048908137002,-0.0246961867332441,-0.0187711056960828,-0.0205814560320639,-0.0157380440623096,0.011959099873066,-0.00469770548594102,0.00966962600184112,0.0325293429072892,0.000565391075472264,-0.0308666747815711,-0.00163270426461929,-0.00075492451893032,-0.00404309310235976,0.0185872071290308,-0.0146990050750431,-0.0182340922807824,-0.0242812840327176,0.0176242007236547,0.00277904920895706,0.0248056138744047,-0.00970468052282647,0.0187638859243537,0.00363521750867576,-0.00635523519641889,0.00404076564939499,0.00361000091917941,0.0115992751143974,-0.00357355927808936,-0.0200503154285751,-0.00629966599846411,0.0469830984950081,-0.013890232360915,-0.0110713357849325,0.0195474656245366,-0.00445442624633236,0.0196897517351032,-0.00954525508470095,0.00786537585197863,0.00909440438724772,0.00466216828050268
"Z324A",0.000855138412392034,0.00668710980055044,-0.00823693449667695,0.0228168388311337,0.00135808576753654,-0.0141736423332819,0.0242528584826243,0.0163998213848762,0.0129099256706932,7.60249781639684e-05,0.0166965404610192,0.0138702204180289,0.0192944479666642,-0.00895761930728883,0.00248483548713489,0.000845601495027172,0.019706095112191,0.0119049664165909,-0.00817806316828968,-0.0217421007504391,0.00319219584964541,-0.0124036652458458,-0.0204080910834214,0.00404644814714747,-0.00580630151164174,0.0122648451515884,0.0199411629406829,-0.000264574959013929,-0.0196535728256064,0.00100296761816055,0.00825190263962323,0.00884540329733574,0.00580155160049876,0.0103576159081811,0.0144979914800563,-0.00213738707146643,0.00281521543246907,0.0269690576501064,-0.00944642621559427,-0.0245538741198284,-0.00394185263936966,0.00588565805218462,0.00684151707057736,-0.00111702225562252,0.0107498110379909,0.00922852059234933,0.00136233263475385,0.0209190280547077,-0.00424963050185185,-0.0221871079999589,0.0101406058233842,0.023519696363152,0.0156908315427827,-0.00599322092624974,0.00715799419538095,0.00371239978185931,0.0100542314174004,-0.0233155772166735,-0.0198708356428802,-0.00825392533954958,0.00825414957783934,-0.00775440628182002,-0.0154115244281241,0.00213855952288657,0.00435170640769139,-0.000745700243869836,-0.00393391952729483,-0.000258819955072924,0.0181191841439003,0.00412705297855242,-0.0120200784837282,0.0103875068920882,-0.010327676316248,0.00271474431256616,-0.00239811047889587,0.0108622974379565,-0.0291494508539528,0.00148183037516991,0.00372144960513098,-0.00190662672168312,0.018676612101605,-0.0159109366915783,0.0181448778704039,0.00474831931570756,0.0133142259383033,-0.0164473232265051,-0.0116796052494826,-0.0100794382051602,0.00138250979928636,0.00770252534809819,0.0185789912085979
"Z354A",-0.00468258371303618,-0.0196939906635753,0.0117001056364818,-0.00422786203893261,0.0122531040622909,0.00675657970436963,0.00745203512050711,0.00491059308638822,0.00400510061000376,0.00307037370411392,0.0185366797741904,0.00484861995020385,0.000103205692277112,-0.00199297871679074,0.0174317362263039,-0.000344953914908487,-0.0034853281839881,0.00111675668469358,-0.0147213590476262,-0.00547705323244355,0.00522317786456828,0.0115193704839185,-0.0151331764619494,0.0029636394033503,-0.0103362772829859,-0.0160745820547538,-0.0216612740155094,0.00880523319428064,0.00548141967498761,-0.0235609529443123,-0.00933824004588913,0.00922572122536069,0.0217555942767409,-0.0180022756892544,-0.0130849836672137,-0.00827149666919636,-0.00809436336811579,-0.00585418658664243,0.0133275862777678,0.00762607869368578,-0.0200078508737393,0.0143496530435135,0.00497852328689596,-0.0148808717025084,0.0127658461190514,-0.00698530102989496,0.00522354864770527,-0.00570760351464435,0.00758455550533503,0.00328019653480104,0.00450975925167639,-0.0397105650781316,0.0117708444836123,0.00296971824044037,-0.00770952284243238,-0.00506627504542084,0.0137840513077372,-0.023912512772002,0.0321853693637902,-0.00162958035751445,-0.00383260440207337,-0.0125536641689641,-0.0150065185099753,0.00492041872086411,-0.00614718888788301,0.0338656314273786,0.00738055258303113,-0.00943335439726035,0.00311598965548796,0.00868398065609847,-0.00729671634424334,0.00381610640479152,-0.00657530450319311,0.00734322670715265,0.00529518976451073,0.0104827853196291,0.00630287220672373,-0.0176950931960427,0.0090880260016751,0.00128667903777765,-0.000542070449399696,-0.0109374118265386,0.00515793591823049,-0.00730614302076168,-0.000697423345378098,-0.000625469024143425,-0.00534456765816042,-0.00499627378831752,0.0130130987435796,0.0140346041221704,0.00247157029897503
"ZBT14",0.0216754797033137,-0.00521038410523682,0.00617097880835294,0.0260090506762449,0.00303901523758417,-0.0263565015653063,0.00272370804400468,-0.0143754580206053,-0.0197915096719806,0.0100202898490054,0.000754945032896235,0.0182176229859653,-0.0235347449632237,-0.00172284724965693,-0.0360008828801927,-0.00561833412531029,0.0165714997772374,-0.00301307931779626,-0.0183171092361985,-0.0103491418368965,-0.0113858271150336,-0.0219048293385006,0.00296609549821981,-0.0181672398390637,-0.0201163585650603,-0.00713930414016932,-0.00753079166584007,-0.012775172942616,-0.00296419335274141,0.00128826573439741,-0.00899528102677078,-0.00818013799615456,0.00953322735275263,0.00701844877830195,-0.0111902424017954,-0.0115597428988214,-0.0184916966937134,-0.00222815287663157,-0.0278994627287985,-0.00604877112085652,0.018634410764734,-0.00665050681798024,-0.0125280283241881,0.00434545695138599,0.00474778993013271,0.0150854947534218,-0.0198833120770241,0.0202363378778494,-0.00556473220387701,-0.0110694927718574,0.0250807796997333,-0.0212069994906618,0.00268017365262288,-0.00508310812980726,-0.0230427587180168,-0.00876909138385235,-0.0311431471403692,-0.00554001446318932,-0.00144021965251674,-0.00703820713627177,-0.012549582429434,0.00539005977206785,0.00230095603564882,-0.0224728500226382,-0.00397096640856776,-0.0317994794995771,0.00608478196179024,-0.0325184629748637,0.0251705662685495,0.019977980338114,0.00062730895014719,-0.00048415583438366,-0.0107226068503619,-0.0026469605228537,-0.0099181589398124,0.00455189964766851,-0.0177004287010714,0.00381685475167563,0.000249065657536191,-0.0275221836816413,-0.0151553625518495,0.00033756820484142,-0.0198288603426941,-0.0234784988884942,0.00886024610085269,-0.00393017844960575,0.00529931112544598,0.00503574794318114,-0.0106041617499038,0.0204603115487985,-0.00230790022772331
"ZBT18",-0.0230112820098115,0.00245424370284021,0.00656407953973599,-0.011158667915479,0.0127610819571462,0.0154001712884479,-0.0110659456284629,-0.00780929964482182,-0.0105983292445867,0.021764180053966,0.0119766218692139,-0.00644585502706004,-0.0124590918456624,0.0102993453104597,0.00908939767084111,0.0186814310364376,-0.0282223364764162,-0.0298625119902356,-0.00421846819693164,0.0205420601687088,0.0128180927513157,0.0386602263094104,0.010975712144925,-0.00141978248461238,-0.0168797824242718,-0.00134386896359545,0.0171414281358565,-0.0138240138499168,-0.0172804917265309,0.00775859207342534,-0.0106859122558238,-0.00158226835213615,0.00386635567842138,0.00929648583856688,-0.0132952822928316,0.00238485202504609,0.00936736779483477,0.0143591202256467,0.0041644894050243,0.0319409899811247,-0.000902462314430054,0.00917884667684326,0.0010238561976184,0.00122670811368143,-0.00627600805552695,0.00180686268318491,0.0228536531589983,0.00748749586791128,0.0093977195238165,0.00584484004833498,-0.0122404790359811,-0.0350214491734013,0.0151675056389451,-0.0170557586462572,0.0206528446171061,0.0139084755770496,-0.00360115821130172,0.0377574424268589,0.0113437244966696,-0.013150458869565,-0.00205590695208899,-0.0188046932693016,0.00322684210120869,0.0191824879660821,-0.000513660265413468,-0.0152859309122839,0.0207675844344156,-0.0110821872376524,-0.00218043895520135,0.00441238439350963,0.0182873845768798,0.00337903087421369,0.0119891450767148,0.0106652349379116,0.0251208692214604,0.0465397264901654,0.0320124319495112,0.014383500853811,-0.0252170789496616,-0.0181499595346147,0.0138661083862947,0.00264741487991547,-0.00347355274500402,0.04551833430616,0.0140518008452986,0.0411490127275358,0.0192836963300877,0.000834102354612085,-0.0112859262747168,0.0153423491389029,0.00906004260567525
"ZBT48",0.0397052127806688,-0.0166954562150815,-0.00685565448701293,0.0281481945055419,0.0114632022912416,-0.00862909512454881,-0.0502550629341991,0.00156656239098443,-0.00226011317466596,-0.0229931447984854,0.0231085709379328,-0.00550547525978431,0.000951206853489328,-0.0198171952236186,-0.00510617913267357,0.0160759740619885,-0.0216941772197497,0.00305810767795788,-0.0037760116244119,0.0160737192420408,-0.00525167464992396,0.0315800605371962,0.00571524691868756,-0.00367672422985687,0.0140473307236699,0.00126157651721364,-0.0155670666382355,0.00579380124772354,-0.0152170389260891,0.00178274910403257,-0.0308768963979406,-0.0103442915924926,0.0180555334544006,0.0235270128915919,0.00263329303537188,0.020055429599631,-0.0160526105077649,-0.0270558272600596,-0.0200056685944028,0.00573219844750201,-0.0224506574469328,-0.0195083575756539,-0.0190619626183872,0.0046897454431739,0.0223670158763131,-0.00300442445496475,0.00981083698783579,0.00242984163284072,0.0031303291798928,-0.0186400308522624,-0.00690488173883037,0.00407716592781247,-0.0175536933838156,0.0167913434912655,0.0137446703501831,-0.0321444042610987,-0.0194635989533492,0.00161964249870882,0.00268971218108876,0.00874131906728417,0.0304279580957412,-0.00425902054302127,0.0159687814420296,0.0072301066998848,-0.0178389914723732,-0.0231114156027364,0.00481459766369432,0.00500732410090116,-0.0379637518067537,0.0117391873305924,0.0239385294579915,0.0239506898538986,0.00304382911671816,0.0205373326839172,0.00399944595331069,-0.00204075203508521,-0.0227905219935141,0.0119461259647703,-0.0179687311277062,0.00231675267139034,0.0114808382951491,-0.0022924461006189,0.0117783094670415,-0.0303418279318472,0.0154271969930629,0.0183809322674649,-0.00596988249973875,-0.0051089645103754,-0.011375599255399,0.0197517252020006,0.010734912617075
"ZBT7A",0.0325235232213881,0.0316120246212648,0.0131376661115113,0.000205204121717644,-0.0492709023965599,-0.0357426404189411,0.0485329632604115,-0.00622076633345892,-0.0172207893399372,0.0319363861594166,-0.0310751623421565,-0.0072471210260083,-0.00724816081465335,-0.0126658022358771,0.00984914994711229,0.00499565175556844,-0.050908461013031,0.0144902690164438,0.0315824227761891,0.00802043096900157,-0.00882953511040466,0.0111862356711538,-0.031138897934148,-0.0338052310138856,0.0214776337948011,-0.00679929131686469,0.0139892336213615,-0.034181462898688,0.0247602259748582,-0.00757357131675637,-0.0109320549431415,-0.0202730148315971,-0.0062695028752065,-0.0140200344864649,0.00303975504718457,-0.00900462548778485,0.00407609009701447,0.00863760893353118,-0.00911133596466823,0.00479844025042092,-0.0294849870467521,0.00858630896662015,0.000843788834569261,0.00410756819150505,-0.000347948909750374,0.00572653363433905,0.00657287023581447,-0.0131840252733996,-0.00994116967915354,0.0142570854239818,-0.0231841572775944,-0.0137818383932905,0.0320228432648621,0.0343981745692014,-0.000519941615465611,0.00259973537452201,0.0049036039592141,-0.00529450182092144,-0.028361767497981,-0.00808668313339216,0.0156948542474078,0.0158037908572219,-0.0145017511770252,0.00299887232274625,0.0071913644696531,-0.00821050580730043,-0.00758166952580547,0.0121847898427038,-8.39863859894504e-05,-0.0534028979455146,0.0131925494494076,-0.0166443439729964,0.00809851744547559,0.00391033110545122,-0.00650760024018408,0.00580850322834691,-0.0124719373749793,-0.0129187836334043,0.0195228659678743,0.0277695945082294,-0.0352412747587604,-0.0152737715459559,-0.0149161988433081,-0.0223017451858756,0.016402849101778,-0.00779053313630331,-0.0144854617688634,-0.0281977342639509,-0.0147383587404189,0.0240739068038993,-0.00857759080127244
"ZBTB6",-0.0328702342227343,0.0201243462025155,0.0141648211857192,-0.0008099751864934,0.00251894389640742,-0.0130473265478707,-0.0122484088145849,-0.0123368163840854,0.000945080303168442,0.01296710089741,0.0186472788086471,-0.0279646461294002,0.0168582218111752,0.000186420765175569,-0.0134830692437956,0.0115045047341088,-0.00101862373898839,0.00693140639345115,0.0068706325261073,-0.00904622124421646,-0.0149082697733668,-0.0125592177576029,0.00355053263986473,0.00377321239722255,0.0168710310140299,-0.0100920800386153,0.0255158134168065,-0.00350657969201095,-0.0103854414882141,0.00598640933257119,0.000792835533260826,-0.0139660599326343,-0.027265042573618,-0.0212730566428571,-0.000611188776191236,-0.00657805249568545,0.015906065644555,0.0155414026362996,-0.00982624724632074,0.0159508909783407,0.00650823566538036,-0.0160982122153396,-0.0125307094190355,0.00600874207495002,0.01923368961623,-0.0136578362948416,-0.00105446467095888,-0.0082329678966136,-0.00105731120908906,0.0046804499023699,-0.0046499342866007,0.0121348957464761,-0.0094646080178899,0.0154479078455959,-0.00230847670753112,0.0166261528214186,-0.0110691201762544,0.00638289737061158,-0.0106346727577499,-0.0106489441570231,0.00587090185571039,0.0323003141709211,-0.0158381282761045,0.0101455541910986,0.00758573294679523,-0.00563882654504045,-0.0158258330961221,0.00100128796219108,0.0110544155101536,-0.00614177256075509,0.00323361903033113,-0.00545905441882671,0.0235172749571241,-0.0033532146295309,-0.000391772819734061,-0.00347118966242268,-0.010856695973664,-0.00154902593338641,-0.0110658151919614,0.00544737716835072,-0.0104253702609355,-0.0111499529827217,-0.0193391349339211,0.00325270020955416,0.0122330993262041,0.0117362553689427,0.0108597729082832,-0.00116778342703787,0.00117728482295361,0.0119888889562037,0.0285151102289815
"ZEB1",0.00928283716442147,0.00437257835163685,0.00889027562108171,-0.0259313495740378,0.00933908884280826,0.00369631566668983,-0.00961978242274257,0.0273513084959678,-0.00122335260138279,0.00397470195544648,0.00820830724276905,0.0351927873169536,-0.00869208513476242,-0.0355510344844884,-0.0263572994301895,0.00720042008193127,0.00401616182133974,0.00885251389997679,0.0187137252423258,0.00939262445441675,0.0286607107411915,-0.0129939452337615,-0.00598456563957946,0.0376545755711779,0.0159847421822556,0.0403584927475495,0.00596047703839992,-0.00156252220807757,0.0510874437947289,0.0296490095699214,-0.00275050974776459,-0.00701495847119802,0.00524770947848737,0.00905412482959665,0.0136944178229986,0.0348447666430201,-0.0220411632730209,0.0316175000700309,0.00218595492249996,0.0147096136408327,-0.0387597936644384,0.0502993612664649,-0.0260448111402898,-0.0288302081907693,0.000396331636378547,-0.0143336135794196,0.0273797260642279,0.00207773366467517,-0.0235959226598928,0.00709778883928898,0.0293014371745375,0.00284186334930265,0.0171692708405684,-0.025362032135203,0.0238928436834258,0.01540203408032,0.0350931496785259,0.021142930505258,-0.00427418756320288,0.00148848127320102,-0.0227160139777826,0.0169648584050945,-0.00639277198305723,-0.0197700146935695,0.0145739084311781,-0.000778915159267969,0.0123025797702502,0.0301948834521893,0.00499839362823627,-0.0264245911973516,0.0224221920884764,0.00212338141356788,-0.00785904479975904,-0.0137933923865456,-0.0148125352028243,-0.000973556144887394,-0.0180294508522702,0.00781700696330886,-0.00998249211331266,-0.00383362548506865,-0.00552980104990339,0.0233740466970006,0.0247455850904607,0.00036165649581239,-0.00323199828249366,-0.0144982852974014,-0.00108969705135963,0.0173771849090788,0.0124798621051238,0.0110456136351578,0.0090358666416299
"ZFP28",0.00424222191949159,0.00390748861719103,-0.0131799999711623,-0.0152531355828911,0.00777140557740414,0.00682037556240078,0.00342872309414974,0.00712942300548059,-0.0106027757378307,0.00285828715278923,-0.00441642746117786,-0.00119379920157883,0.0145113419966577,0.00941022990459273,-0.0010534433824412,0.00441449863844163,-0.0123468338921888,-0.0113783000941255,-0.000161089985175239,-0.000223214125606927,0.0234416087057331,0.00119353219123741,0.0079607609503538,-0.00190917778150804,-0.0237910568395128,-0.0172402683342945,0.0160994629944451,-0.00590967900104536,-0.00795384319546383,0.00945717402938175,-0.0134266683736283,0.000326587383238157,-0.0107588940179947,0.00217607171386493,-0.0107248156425101,0.00209014698490946,0.00807886806652031,0.00512279901157939,0.00053363879413013,-0.00747047430474893,-0.00480377177850138,0.00266297467691818,0.000887938574520634,0.00375086960761306,-0.0120599257978959,0.0154659529327231,-0.0133201864406457,0.0215980566790968,-0.0093030885938202,0.0171625452972077,0.0129052219605996,-0.00249466700564543,-0.00988072287696097,0.00375346027969178,-0.00135155770132587,-0.00457093988264689,-0.00231062072461363,0.0260438567782232,-0.000701798733764431,0.0314697695530299,0.00486692247491527,-0.0163025846768007,-0.00879825003902018,0.0168421358458848,0.0136105378565548,-0.00746151390548344,-0.000751088698123485,0.00210646924254259,-0.00882037028227355,0.00447859623537045,-0.00997802736795194,-0.00369732300321649,0.00150923799410519,-0.00493330273930658,0.00481159751681875,0.0167551859526928,-0.00786879437128685,0.0104258036998827,-0.0112380262135164,0.00603551575490823,-0.00985996606498498,-0.000242569365371912,0.0022431535981212,0.00110770176221514,0.00967544759518905,0.013999682126522,-0.0118116193173138,-0.0108054478814117,-0.00302644113762456,0.00953418040390778,0.0100653967926132
"ZFP42",0.00228929036718969,0.00857677256831493,-0.013762099943383,0.00218385232441116,0.0338335834271975,0.00202399996403383,-0.0164893690649606,-0.014248717346337,-0.0298777623680667,0.0238193761820354,0.0203154587044457,-0.046234421334751,-0.0441031190612569,0.0404760909199914,-0.0282921132216564,-0.001202519963931,0.0116041693371183,0.00569822218241957,-0.0181228966305272,-0.00996212804594633,0.00902868728791173,-0.029598202340215,0.00176101235204632,0.00330682122714563,0.00204301405964661,0.0361816687047209,-0.0105159375061998,-0.0241215089863251,-0.0226686400310084,-0.00713738752785277,-0.0144986776904972,0.0105518776164843,-0.000351072728064737,0.0236197648351628,-0.0222749726018925,-0.0222262195576399,-0.0187235491460969,-0.0229436705614898,-0.0379708678069385,0.0185187477228548,-0.00305249683303257,0.0190300423826738,-0.00594054772724166,0.00680802419746769,0.0118465673337761,-0.0325940355279302,-0.0178205232480199,0.0236130360890813,-0.0163151430915273,-0.011415121074099,-0.0150853868908243,-0.0235302940178957,0.0064329117585084,-0.00954800837988447,0.0243779780254827,-0.0179735697733889,0.0335213008311465,-0.0132980101293236,0.0460336829622791,0.0110596079287049,0.00481752082408637,0.0103110605130421,-0.00262501701224369,-0.0118571116258758,-0.0148033538818121,-0.00208024800292829,-0.019309631175117,-0.00994400891209301,-0.00182828290326089,-0.0080765541940417,-0.0089109668282438,0.00396744261034942,0.0213805497096189,-0.00151236928091662,-0.0179110828314505,0.00421985176602023,0.0133570708312929,0.0088628453897821,-0.0340200128483745,0.00802749769580088,0.00390973222831168,-0.0141201426863798,0.0108974092147647,0.0297056614248808,0.028613202859495,0.0386828616875348,0.0179217600949137,0.0217593201154168,0.0344712845798648,0.00481811416532326,-0.024941256263832
"ZFP82",-0.0062039402435551,-0.0123174850946714,0.00674575120446664,0.0162381394730473,0.00637160071368389,0.00126189734453406,-0.000984862494879644,0.00355494033707089,0.0279371376696618,-0.0238491134714563,0.00906115072204779,-0.0212890713065124,0.0135047671673247,-0.00562611474319051,0.00151249908162685,-0.0119621283153111,0.00106945715382542,-0.0117649045409113,-0.0112542530464251,-0.00605601377148346,0.00820240218419419,-0.000512065313293064,-0.0135852814552218,0.0177434802139524,0.0121423159550266,-0.0218215246162194,-0.0105641127828178,-0.0181864262733479,-0.000648692223802028,-0.0179994044675251,-0.00540731432683895,-0.0216992654849403,-0.00468323431509027,-0.00309622724317313,-0.00461376645812618,-0.00133008541463972,0.00709437373260199,0.0128327345401949,-6.82992472499722e-05,-0.0108849527298977,-0.00993379280847688,0.000429842826490763,-0.00385277641388305,0.00039173126999646,0.0111600733619552,0.021425876384939,-0.0158963266268611,0.0160160149927368,0.00577893914977827,0.00202341267612841,0.00166501550205476,-0.00320883109324224,-0.0147425754968615,0.0270399569356214,-0.00422217133258803,-0.0177538214766434,-0.0105609860667105,0.0124518278025548,-0.00865958714154136,-0.0135361354637263,-0.0025009628574338,-0.00321251222903752,-0.0106080009652533,-0.0020222059830796,-0.00261072590264087,0.00132960883963611,-0.00235728924456751,-0.00180758836460264,-0.00131896468100042,-0.00785099616251544,0.00890864952212285,0.00458921925449748,0.0120424313123834,-0.0036106847082122,0.00907455362986934,-0.000556533287831301,3.13858063182381e-05,0.0177201983320748,0.00388559068403339,-0.0232252402510236,0.0105919017876855,-0.0096499897695816,-0.0179881015920519,0.00673048059861229,0.00641465346714748,0.0057367155949414,-0.00752682334588553,0.0110098827584368,-0.00928147338818342,0.00886556565611294,-3.49661607482625e-05
"ZFX",0.0227121933775354,-0.0133690595052941,-0.0206253970180279,0.0134485837668544,0.00760079615215005,0.0055173280548703,-0.00422731660338348,0.000755264172199084,0.000783338761697178,-0.00428485831197766,-0.00542563297362419,-0.00501181396487665,-0.00925301574810495,0.00722716690757024,0.0114297793908524,-0.0115343218649252,-0.0194695669412821,-0.00992142207839641,-0.0125081254889028,-0.00993745603904436,-0.0173755155403658,0.00672329961009778,3.13971804773146e-05,-0.011365565648262,0.00100797524161541,0.0166693829938559,-0.00483188168828003,-0.019300471226639,0.0140018102282462,-0.0263472493223863,0.00528517703404031,-0.0145031183894943,0.00530352541742389,0.0148737171455696,-0.0191084447877393,0.00499550734870694,-0.00196390794542389,0.0125588021865754,-0.0148668185837661,-0.00104347971951147,-0.0418852004583023,0.00399100867821735,-0.0147802532642348,-0.0152759515173527,0.0164712530786159,-0.0270492632027726,0.0191596778162009,-0.00418289586339087,-0.0108459035301959,-0.0120666513248622,0.0192608958046092,-0.0324450723804655,0.0218457670010935,-0.0097368012167902,0.0100767597445444,0.0105484804893655,0.0107373015967577,-0.0124312368676859,-0.00973667428940259,-0.00243234322899998,-0.00780622494532804,0.00897292390175182,-0.0139757229548966,-0.0264860407883724,-0.0183509281717612,0.0204932093295012,-0.00810945829369486,-0.0111750435668342,0.0135126716527192,0.0257533074281577,-0.00638918888543455,-0.00167179884250097,0.00439954238158905,0.00132673492945156,-0.00267686294199845,-0.00400873748831445,-0.00511100639380963,0.0124134071057796,0.0109962798336383,-0.0020611448880222,-0.00616579604446488,0.00191160344019564,0.00982915484334913,-0.00201014107071991,-0.000424687414775449,-0.0151063824895438,-0.0234316500179024,-0.00997130801253426,0.00166413600474266,0.0211793046901301,0.0115428458495133
"ZIC1",-0.0200354228677678,-0.000135963182719836,-0.00486654752879625,0.0033366540306562,0.0171554445148247,-0.00534539562470533,-0.0137685469243372,0.0155223538608768,-0.00676856075542662,0.0236950102046544,-0.0106297413580487,-0.00172843993994165,-0.0217352743934984,-0.0033943556571679,-0.0194227293760345,0.00910251765941561,0.00783836948385213,-0.00183948255621125,-0.0202882308517889,0.0127604556897802,-0.00692279800780159,-0.00989487795843905,0.0136967112930988,0.0310415106583193,-0.00148803465786186,-0.0109090236011009,0.00477883318845895,0.011352761852093,0.00879398086151933,-0.00303525076405165,-0.00695188286070419,-0.00800351322828207,0.0159691281927188,0.0134362185536276,-0.00123787003450999,0.000916564726474878,-0.00357885938218682,0.0164151944270015,-0.00806767621113189,-0.0268470374774547,-0.0125387487889638,0.00165665486631539,-0.033668386388846,0.00897828604578569,-0.0171440396823832,-0.00593026207524481,0.0243275390531098,0.00580528218469599,0.00752092137038826,0.00328067642220932,-0.0265653368167768,-0.00567617970520372,0.00622062985386965,0.00496328760763038,-0.00875970545198548,-0.00274021816363831,0.02686134446167,-0.0160092386099241,0.0161600695508562,-0.0221435236165959,-0.0198826756862401,-0.0173698486974078,-0.00613631864306577,0.00314756096550603,-0.00149666007817702,0.0101384659412365,0.0090696589259728,0.0151412717601533,-0.00496038474505438,0.0193068005368231,-0.00647891937500551,0.0104729023617335,0.0274417991476147,-0.00765453821587495,-0.0069268541375543,-0.00464192299810687,0.00933406457672658,-0.00469003694665512,0.0112963204195397,-0.0119205134889985,-0.0138534948789108,-0.0223407398546026,0.00636444631413065,0.00227141163676817,0.00506547432941288,-0.00519219369595977,0.00377363751392683,0.0204240579635517,-0.0133968914063814,0.017923404983591,-0.0277410006721176
"ZIC3",0.0155754979606041,-0.0178969575756074,0.000137461371163491,-0.0054366996831548,0.00602734690772032,-0.0174839179577344,-0.00831515464014066,0.0125373426797411,0.00198132025829513,-0.00118990866896417,-0.0211840895278509,-0.00365150241054596,-0.0162070494499383,-0.0176988812120305,0.00152000285972951,-0.00459153426496222,-0.0362310351090485,0.016090513496679,-0.00109316116930489,-0.00578236935174601,-0.0366498732346434,-0.00840294495175328,0.00512256182832169,-0.0108736869461014,-0.00843894971852011,0.017455181298552,-0.00586732644302844,-0.00581275126221232,-0.00690749778623513,0.0166472827200158,0.00952616717353984,-0.0268523676761844,-0.0267006698401879,-0.0109670873963715,0.00493962065787789,-0.0109956201787209,0.000255161350360671,0.0211620619514457,0.00814055910440282,-0.0112885088556387,0.00905521030139851,-0.00984452525518606,0.000823781815144425,0.0142140766545856,-0.0125783432485971,0.00237170204345508,-0.013350685139923,0.0165962000617451,-0.0187658398862912,-0.0206914876585951,-0.00889047054710811,0.000902416576047449,0.000947660802786094,-0.0160255451691045,-0.000310165689211654,-0.00814461434888407,0.00717492597363513,-0.00814243632302263,-0.00502922281879418,-0.0297407563710014,-0.00621150411002462,0.0217333642883613,-0.00456273737845699,-0.00579681238055411,-0.00713156130043198,-0.0263053819697324,-0.0222089853839318,0.00867267131186689,-0.0213838629322842,0.0185525968332824,0.0202405926474421,0.0192262654405976,-0.0024733710688915,-0.00875039624256254,0.0093382025741569,-0.00464872279158672,-0.0148946555856295,0.0283050240204987,0.0281910791702813,-0.0103293332158401,0.00573570040058444,-0.00138540889142689,-0.0385206155331392,0.0051057932492984,-0.0333504781666541,-0.0207544184225639,0.00751259272478628,0.00656869917016004,-0.00631022494258319,-0.00415370159301662,-0.00568327994221221
"ZIM3",0.0187766953634032,0.0189047543548563,0.00263416485530667,0.00492569265961939,0.000520681982257503,-0.00258173901114531,-0.0122288934352771,-0.0148404504725916,0.00202479934560288,8.23377976880908e-05,-0.00608954804352531,0.00866838095936987,0.0089559928738823,-0.00110857173360099,-0.0118507058527594,0.0096120663743851,0.0197759087271572,0.0240162986885424,0.00933439671815812,0.0200646887829977,-0.00716628837751277,-0.012300312610146,0.0086157360830693,-0.00829307547789206,0.0196907238704351,-0.0162740367106788,0.00148066714525181,-0.0068005344064023,-0.0100160846024388,0.0113066946076593,-0.0055057801671968,-0.0148146873450689,0.0231616849357724,-0.0283278988155799,-0.00923628960935741,-0.0227426209241775,0.0152083034092269,-0.00379155612646926,0.0173200985049711,0.0185016086530979,-0.0158290660764856,-0.00959062688722881,0.0132183448860315,-2.2945935689805e-05,0.000855758956809866,0.00347905842855914,0.00960177355817949,0.0212046311156194,0.0120288949283886,-0.00354373379223477,-0.011617849903339,-0.00101647905102017,0.000757019946480738,0.00848431554283901,-0.0112196680760852,0.000652805566865569,-0.0142430743567033,-0.00512329091565566,0.000118235842299976,0.0336189543108182,-0.0114027975669915,0.0112742231048952,0.0114341035309648,-0.00448805942369737,0.0140069391247043,0.0224980407719232,-0.00452461695964077,0.0147125067589801,-0.0180117090080755,0.00369762767298451,-0.0132957402379802,-0.000257145062181346,-0.00539759509167775,-0.0015232397955682,-0.0142056560680602,0.0150621887620165,0.00446853879784045,-0.0229798828147595,0.00690739348923273,0.00889863540348935,-0.0122529028418916,0.00428657391436619,0.0194376728748203,-0.0205875483346615,-0.0103177906940275,0.0176748052108717,0.0134644232621502,-0.00475636307909554,-0.00691368608751857,0.026835159011946,-0.0302894436154449
"ZKSC1",0.0152008458672697,-0.00148831523574717,0.0346539716280365,0.0219985284949946,0.0176412482812945,0.00417305736620417,0.0345491532595894,-0.00575831258055682,0.0260634541621466,0.0314261555025371,0.0102510304451376,0.00323100547011683,0.0107603800993452,-0.00787847051542661,-0.00519329168931412,-0.00879669508552572,0.000906331871478088,-0.00857035658295196,0.00345873361844056,0.0205597850273038,-0.0155214453270319,0.00439693222246542,-0.0392581299036065,0.00688205604697173,0.0220661831940308,0.0110719069452409,0.000429439194715589,0.0079475194809848,0.00645590163808901,-2.60405625637063e-05,0.0279653026350814,-0.0132131230197534,-0.020157890420546,0.00280580189793277,-0.0121483067542786,0.0149955611335097,0.00120437565819324,0.000462404882151751,0.00219034861479936,-0.00668424049771125,-0.0227178934516132,0.00103481114326514,0.00903079089799582,-0.0067904671491853,0.027103552426984,-0.041678358050704,-0.0164681773812195,0.00781495627236904,-0.0335878572983518,-0.0379486917461761,-0.00223993910607875,-0.0122685926552864,0.0318451557743281,-0.0114518401310891,-0.0120952689573387,-0.015927176965614,0.0159273722991276,0.00115937118017268,-0.0598801139770636,-0.0461960515932582,-0.0157650792180952,0.00391454375210164,-0.00800269018318457,-0.0107819272737811,0.0236839298323083,-0.0132939396572399,-0.0162941254287509,0.0364914591008006,0.0216478553754246,-0.00600806263452862,-0.025932830382231,-0.0108869495736167,0.0123417521841709,0.00332676565051433,0.032911797777828,0.00501783103909007,0.00177051199170749,-0.0146047132792722,0.00248390284838509,-0.0054282628588902,-0.00193107766154351,-0.000467807689336993,0.0159236594482199,0.0177317762767864,-0.0143440670530867,-0.0287073468268837,0.0131331102136422,-0.0264480067551389,-0.0044223081666262,0.0208470229860965,-0.00600119738995768
"ZN121",-0.025672302677089,-0.00691584817334369,0.00432446924677878,0.00740473763617509,-0.00460018338359902,-0.00634193464575713,-0.00845724714686775,0.0298874584652463,-0.0118535333905676,0.000792742196351131,0.00874453093638816,0.00364919096089864,-0.0158016451146351,0.0222577986678562,-0.00635309500026837,0.0023465290525881,0.00732996166810465,-0.00894023046002462,0.00293867331499172,0.0225690278939077,-0.00873415177277733,0.0112401354612102,0.00770464243851591,0.012099954099193,0.0209906773527267,0.00443981952739995,0.00253821303190084,0.00535253618387171,0.0192725106572725,-0.00152292596953779,0.00718189639526798,-0.0116867831235249,-0.00632091663052931,-0.00611256621943025,0.0157963985857584,0.00203293198505623,0.0288670301538152,-0.0257277641931574,0.0138418906401982,0.00794152259860741,-0.0146369866144291,0.0126557641187865,-0.00108325394521009,-0.00663816171652653,0.00948834309447995,0.00964858332090255,0.00411119643575059,-0.0100234260722034,-0.0197179354520187,-0.00440728494670602,-0.00029749566543191,0.00937634801228615,0.00998217572807741,-0.00420778717861181,0.00745118508781653,-0.0227225837399112,-0.0131089576951065,-0.024818356053901,-0.0123908557905505,0.008705701302359,-0.0161937387874834,-0.0257299535952917,0.0162817222343415,-0.0273087065718743,0.00346442111595859,-0.00689799979163737,-0.012687017915548,0.000261097052875389,-0.0100018229873822,-0.00489377541966699,0.0119697395430872,0.0200138224305126,0.00813727780355375,0.014582637146926,-0.0105303505776234,0.0014173821358366,-0.0314459843553263,0.010300251924362,0.0142770439561237,-0.0107297965486673,-0.0230967452832789,0.00282122943875052,-0.0156615758288724,-0.0211425357452196,-0.0160396668814337,0.027588684963498,-0.00706607955071936,-0.0108628124071597,0.0083543915215817,-0.000990999867545771,-0.0114655957352532
"ZN134",-0.0189821992129568,-0.00160510464806826,-0.0171583260716381,0.00240080947685819,-0.01943823369592,0.0150248096027278,-0.00718358363854432,0.0181154594924766,-0.0123145371779644,0.0124945713561105,0.0225043975095261,-0.0286541524085062,-0.00312890580589977,0.0187500071735598,-0.0162124746845485,-0.00172887470884409,-0.000417173277507875,0.00881505332813242,-0.00145609886684619,-0.00631490783252775,0.0283987386562896,-0.0150888033191848,0.0071150078700038,0.015949095480837,0.00959527167664865,-0.00748216006582106,-0.0160149220604412,0.0116678157453607,0.0254704346626337,0.0172689935391806,0.0173382592520195,-0.00103323820238179,-0.0084179541786778,0.0120084684209478,0.00588833630479211,0.00921237314412296,-0.0120452424250416,0.000127062479942559,-0.00780601080942614,-0.00396076653039582,0.0165827179664297,-0.0127782442025642,-0.00242273057597741,-0.00450480404039906,-0.0104941434723152,-0.000846821802533032,0.00482188985984861,0.0165232375639853,-0.0135336090482725,0.0123300307214704,-0.0211167274494453,0.0123639096514307,0.0103630564798474,-0.00397743913154239,-0.0383727888225122,0.0103124374880507,-0.023482942161961,-0.0081147893519378,-0.0284868033912098,-0.00608112471176379,-0.0156647678379693,-0.0152963065990079,-0.0246238646011424,-0.020963814942044,-0.0223428356385572,-0.00888197803771623,0.00863395274679777,-0.00379118557736863,0.00613807294388235,-0.01516445004754,-0.011778775510423,0.00592185234921624,-0.0385686501298404,-0.00939741507485373,0.000602857374033105,0.000780324885821194,0.017910565429091,0.013848658629094,0.00531761593541528,0.0071170117872842,-0.0114962445911955,-0.00308316438303083,0.00398331530132576,0.00103837004371333,-0.0167349103922248,-0.00127902300997795,-0.0187309917716424,0.00400957323508278,0.00298702652695044,-0.00319466764509675,-0.0144029880823432
"ZN136",-0.00627912459192011,-0.0041472073402883,0.0268443758894435,0.0208638208634008,0.0274638310621906,-0.00751242822887633,0.0119759530435146,0.00405808117511327,-0.0126306783659809,-0.0224275402472259,-0.00117908697803054,0.00581821986313337,-0.0350386653639994,-0.0174906306675841,0.00510109520385512,-0.0258468223576796,-0.00901831223399575,-0.0380894086553781,0.00270786834812921,0.0154855675329224,0.0427905820384239,0.00479836142897076,0.00782614374116259,0.00631442089144822,-0.00547760002033938,0.0103570995762479,-0.00905990400404833,-0.0156755954246126,0.0314054397133966,-0.003232841422975,0.0340280582697178,0.0167487214582183,0.0210243677163727,0.00454524047921848,-0.0156345729812651,0.00839380915097883,0.0201645482842632,0.00589664412292623,-0.00116773663213806,0.00190561565191662,-0.0116718258321842,-0.0163475723383515,0.00255165402032874,-0.0113143388908337,0.0198076536740162,0.0263693361194319,0.00989187817987635,0.00973445638627964,0.0127936843321254,-0.00204539441995537,0.00853177900859103,0.0379204030504323,0.0166406175811301,0.0118526707521096,0.00925460571087264,-0.0351306473053369,-0.00271623227921805,0.00611471178727931,0.01993664756973,-0.00897058134087124,0.0357333774288005,0.00304317656258912,0.0133550641694907,-0.033331472399343,0.00676932825516868,-0.00532631455464735,0.020161528440581,0.00236626177162577,0.00831139863694041,0.0308447867898788,0.0171351078122114,-0.00489017884550458,0.00619666353150016,-0.00708521487200591,0.0136319765836626,0.0200363392810395,-0.0221981470488882,-0.0053222611586593,-0.00569678377771459,0.00582182700037683,0.0173395988802124,-0.0165276044375706,-0.00304433478661427,0.030271860272848,0.0377937236625559,-0.00201603500270227,-0.0011804881562301,0.0493205943685278,0.0463183744812083,0.0366907134281463,0.000704101085590808
"ZN140",-0.02020545991388,-0.0434958116249095,-0.0270840548708988,-0.0120231877851999,-0.0146357305222782,-0.00267645979499378,0.0164954551419538,-0.00214123612236193,-0.0372286907744819,-0.0110479009841909,-0.0262219758784686,-0.0261993623020299,0.00339610959956631,-0.00286745023883288,-0.0378496957841985,-0.00735432872935429,0.00107617529507245,0.011446831110881,-0.00286621323677555,-0.00131301413163461,0.00841853686922245,0.0190274152438379,-0.0232944918543603,0.0180664165893787,0.0179562138291905,-0.0208499531704088,-0.0439500923414409,-0.0136931419397744,0.0115482786838681,-0.00658042230923507,-0.0193260153774532,-0.0078723934400575,-0.0168020008940221,-0.0171231879881647,0.0122714095495549,0.0107914826525582,-0.0208694019343637,0.00510896199966106,0.0152306889732601,0.00979935475339338,0.0186802913766689,-0.0151435364382387,-0.0185916307410755,-0.0209785574981832,-0.0157459246117448,-0.0214956422210274,-0.018768822551816,0.0161209665938428,-0.0193825991266685,-0.0363704515299532,-0.00568979412620693,-0.00312609460723242,-0.0090693274177103,0.00198348081760937,0.0134743662207203,0.000596042261636065,-0.00314098942429421,-0.00807636649618847,0.00769464732131911,0.0316558499541865,0.00846925400025304,-0.00227574888073894,0.0217937028663334,-0.0267343977745206,-0.0133987684844548,-0.0324292195717384,-0.0391501734221658,0.00762664169612582,-0.0267034291793673,-0.017862031216429,0.00695719268940914,0.0175236927330456,-0.00799272670585859,-0.0210551883876695,0.0217003544768187,-0.0336015492970164,-0.00387758234651435,0.0199334905972825,-0.0148676520590416,0.0237008859125198,-0.026071111674041,0.0108597106386042,0.00520223371153751,0.00601839143727129,-0.00380861471749753,-0.00345558111853175,-0.0288845621796869,-0.0214316179076464,-0.01218118177655,0.0176119192701714,0.00942091596478656
"ZN214",-0.0177067881499751,-0.0122144927102835,-0.00804825049626405,0.00355860884220987,-0.0019885126407842,0.00631348298339867,0.0403504437564717,-0.0144745293602997,0.00305051198776976,-0.0133605308108115,-0.0119938305701585,-0.00798257286199308,0.00415465495436573,-0.0305584971897336,-0.00566673917147503,0.0586699815039248,0.000401143073683412,-0.0289532423152774,-0.027402551226117,-0.0124441331083236,-0.0348090761925256,-0.0152629175838737,-0.0122534292625272,-0.0701657029228289,0.02102390288068,0.0180398023884092,0.00613642706372033,0.0427419473346225,-0.0260269387843822,-0.0283318204572718,-0.011054777114017,0.0163550693332777,-0.0219203532989217,-0.0415184235261626,0.025411907945565,0.0115313921331416,0.00455174910493228,-0.00839371883159331,-0.0138416594509266,-0.0254538190228484,-0.0172384096419928,-0.0126646077421064,-0.00839412922606373,-0.000584765894583468,-0.00372099130708446,-0.0489795644008003,-0.0291853198128764,-0.00377210909866039,-0.0232126584858839,-0.022737014372835,0.0108045429885596,-0.0135952693087669,0.0244019888198177,0.00204122729804747,-0.0144476300735416,-0.00644281043882545,0.0010653393497989,-0.0115810283883135,-0.00455414925070574,0.00315973480428127,-0.00378697274597221,0.0358258350700912,0.00308312587588224,0.018723652006725,0.00987253231891129,0.0151576324048665,0.0166975691780485,0.00638842410966464,0.0252122524625288,-0.00748128021448845,-0.0246054099424728,0.0150541165357907,-0.0227720957506542,-5.59073391028922e-05,0.0164730955330916,0.00480758664714965,-0.0130290944420462,-0.00229681451566769,-0.000542875677746479,0.0050016786387445,-0.0190871046454132,-0.00245313377562034,0.00067281138780211,-0.0164494220582984,0.00438944695547978,0.0276045642482597,-0.000685456623350015,-0.0106523594624468,0.00683295365007602,-0.0288841668937263,0.00495633132683045
"ZN250",-0.0621056639689503,-0.0133011300154725,-0.00793470915509501,0.0133997077752507,-0.00404033435254658,0.00100823171132514,0.0158288505728692,0.00588853387758437,0.00329029184397758,-0.00897761935025925,0.0255635741982929,0.011230345263768,-0.0548279826481836,0.0225886581869863,-0.0169209109821941,0.00631404678648993,-0.0126897212936539,0.0168961280337949,-0.00836817905005725,0.0389906537596512,-0.0285192495149334,0.0117682268251915,-0.00498777149791108,0.0111882724339552,-0.0125663518973112,0.00166341541858318,-0.0317865278839709,-0.00264744230156782,0.0177390205730251,0.0116564100387301,-0.00745621116920143,-0.00421826975513998,0.0152627820034832,0.0180100870407078,0.012717798567012,0.000430993613760038,0.0300372967245036,0.0346664175740643,0.0195508049796962,-0.014402024020965,-0.00721204854306441,0.00268136772380666,0.00528771171241189,0.0240042587263418,0.00148995175311666,-0.0182337824646425,-0.010636566418929,0.00407600067192439,-0.00466430994034136,-0.00151053653832771,0.00520872459025397,0.0330155201992361,0.00142775371920267,-0.036497743536232,-0.0146696311675474,-0.0108053612015453,0.00197433387961794,0.0201156371219589,-0.000410063614487563,0.0402844030610929,-0.0368808214271322,0.0009906883932185,-0.0341194389024657,0.00189466013670588,-0.00560269080517641,0.0260251642935192,0.00258721833323324,0.033502987477975,0.0283582216722426,0.0126694553060899,0.00752348433168276,-0.00622274149047203,-0.023551948797302,0.0265722336618187,0.00905540874551285,0.032833213955968,0.0217974629931178,-0.00098112561203459,-0.0250014223542607,-0.056173229175205,-0.0623282202194823,-0.0146132977384078,-0.0301891481451052,0.0109318584539259,-0.0231821056973075,0.0230992808192768,-0.0061132461554636,-0.0210361951109907,-0.00717830947792534,-0.00726887505024925,0.0246678513477903
"ZN257",0.00762788804332778,-0.00469390436608661,0.00612637287931065,-0.0155539802392138,-0.00637884227925716,-0.00634107096660299,-0.0398703542574076,-0.00383853014933754,0.00179391426816591,-0.00603870260303334,-0.010671369336294,-0.0348283119538636,-0.0236100428739051,-0.00273878133122299,-0.00863793596113492,0.0127200095532986,-0.00353302746573872,0.0269282114346429,0.0216133096672181,-0.0270852963094112,0.00388735608154858,-0.0135327143093087,-0.00163250281946283,0.00246255125965382,0.0132327934326803,0.0107408863192543,0.0153177744582083,0.00874560245786969,-0.0126108537383584,-0.0119720363843634,0.0141330912257569,0.00749614092525714,-0.0192963783986728,-0.0318110330520919,-0.00859469470570729,0.00115039194104242,-0.0250952331373777,0.00391473241031735,0.0024442567538309,0.0265647013444616,-0.0157293270837451,0.0305260180503089,-0.00602383440121285,-0.019331249579586,-6.78006473137547e-05,-0.0132878032911937,-0.00820652903932967,-0.0111431552340032,-0.00916927748762424,0.00539412461447733,-0.00152842186164914,0.00795892110042729,0.0175664828146158,0.0196707853997143,0.00705776076835473,-0.023359943293283,-0.00808947629232906,-0.00698155394763953,-0.0152797697845115,-0.0278491674025871,-0.0158487713822421,-0.0147262842543748,-0.0160894941199484,0.0103962884081941,0.0267956445681682,0.00143248374710239,0.0245541353983366,-0.0187410182714067,-0.0257050720229082,0.00518855115836669,0.0176068281236958,-0.0233494975174594,-0.000384243803931527,0.0188872633832162,-0.0118844987120621,0.00834895984775985,-0.004203211156743,-0.00219975258445268,-0.000911458542685733,-0.0041229591059088,-0.0118446024043644,-0.00578884746190088,-0.00488187351182248,-0.0079356683554174,-0.0046810817086699,0.0368149476971816,0.0130677786918441,-0.00318590269819707,0.00415244343715063,-0.0058815570365573,-0.0105969113655952
"ZN260",0.0172184528405219,-0.0188363167707968,-0.0130499045124181,0.00309936392470374,0.033189588731447,0.0017401164108592,0.0355612804744818,-0.0517956079160426,0.0047176673594029,-0.0121039422331421,0.00818319072811898,0.0555868304632947,0.0232501030894505,-0.00682524237238876,0.00231882353614353,-0.0181913898514477,0.0211216002971745,-0.0249234258906675,-0.0204401709421119,-0.004198387191146,-0.0108762557350193,-0.0339034957896331,-0.0217799982285874,0.0402971891542179,-0.0142940196307485,0.0151118095044253,-0.00257448530067664,0.013002433278721,0.016233875754396,0.0137710920240706,0.0348994293451184,0.0391710807260844,-0.00158062520499518,-0.0122070975000489,-0.0248827884852593,-0.00841658106877722,0.00263126267142245,0.000562141657260241,0.0186675295125676,0.0255140366131694,0.0184294862653337,-0.0147598495349502,-0.0181624473473349,-0.00230909437438434,-0.00929730294845504,-0.0136333661799155,0.0256930590209358,0.0198076197461672,-0.00525716918542146,-0.0195280168709394,-0.00241830269288644,-0.00469372576427942,-0.0440636376963433,-0.0044482732870033,0.00640676791053335,0.00100579763536044,-0.0205260421520437,0.0439729066717254,-0.0182357765613967,-0.0212655656775351,-0.011218723107918,0.0261949772201589,0.00242428100252966,0.0126729944284689,0.0171887725412747,0.0179736782175287,-0.0263825131054454,0.00394827514601153,0.000569283442021445,-0.04328023574708,0.00886004105551092,-0.00550796208600059,-0.0172533499102176,0.0123562164519502,0.0362498425449585,-0.00207325077869516,0.0100131114363537,0.0514306660843277,0.0115622166338254,0.0398892606660868,-0.0191017195350078,-0.0104660058060437,0.039291922116479,0.00451128509390863,0.0212009692663728,0.0132797097999528,-0.0260899685710111,0.00871989512979273,-0.0442573237406924,0.0251240090565435,0.0174334451711672
"ZN264",-0.0245214003870816,0.0143632080238121,0.0269715775120256,0.0152787806818377,0.0205362895552384,0.00535897136176216,-0.017673825686772,0.00364121120892664,0.0239173096700485,0.0106576881381286,-0.00885555050492014,-0.00104349258436175,0.00219980871699932,-0.0243652574833357,-0.00482530748157658,0.00616874898871665,-0.0208419842368432,-0.000519664535728353,-0.00951850468719004,0.0384710574770803,0.0132856298002562,-0.00324138947564993,-0.0096605463780566,0.0171449509861018,-0.0285645911422992,0.0140220230341855,-0.02267220325774,0.0246728470582518,0.00401565739757457,-0.0120130244426184,0.0529380329310847,0.0258213264909681,0.00875741259435792,-0.00351997987200489,-0.013320493745265,0.035811377488214,-0.0160032477438406,0.0132411343979947,0.0040583066427724,0.0409563685517162,0.000719802682496441,-0.00830594202785168,0.0147450470332587,0.0092531821566837,0.00417883044793463,0.0274720313304129,0.0167408994630865,-0.016286579097143,-0.0180856040287979,0.00352473097237423,-0.00188242029803544,-0.013257392668724,-0.000199984676855595,0.029289623019043,-0.013502856667518,-0.026050696108556,0.00614790184855524,0.00482903164301031,-0.0284229429947019,0.0215123800578301,0.00569891586961811,0.018696012455972,0.0164321572506295,-0.00798101937795538,0.000304679294367306,0.0176466210630813,0.0243271145232235,0.0285954440112522,-0.0183507030348844,0.014781991478396,-0.0192242200381914,-0.0312213175618054,-0.0064053132858563,0.00416184542452124,-0.0331241524023486,-0.0173934782890184,0.00247443919182305,-0.0431565579850491,0.0275288918875932,-0.0330503166389783,0.0161796810057353,0.0096205416163515,0.0274455081711682,-0.00133388148212891,-0.00746196778945921,0.00254352879535387,0.00404484263710233,-0.0100790414821597,0.0174087244852771,-0.010110819700595,-0.00915201650375694
"ZN274",-0.0239893042761799,0.00171531886303458,0.0173795071995974,-0.0143527183594472,0.00209287965986559,0.0051689880934394,-0.0248689343931643,0.013203309969375,-0.0325215440349663,0.029856613731425,0.00643549178929167,0.0124720253774399,-0.00642226045007427,0.030009083182356,0.017656919018806,0.00905384213028654,0.0235898965094052,-0.00437016245301776,-0.00416723905385302,0.00440955540351964,-0.00317576888946036,0.020400346584034,0.00736445293657696,0.0226968261335902,-0.00903765473375038,-0.0272644073013297,-0.000751327544252221,0.00017011330662417,0.00830428024764396,0.00415765534107761,0.0271562986519253,0.00577405266587698,0.0220311314206726,0.00268210430421539,0.0197059583823009,-0.00427214057046086,0.0312131728753472,-0.0130961669543564,-0.00195946008888585,0.0289154313856763,-0.0338416753980743,-0.0287817965211519,-0.0172205176700374,0.0214307744750888,-0.0116956377240327,-0.00229255014935086,-0.020750041327806,-0.0143380943573818,-0.0281727047729967,0.0143591423587288,0.00896501666369097,-0.0174938419551801,0.00736151993337695,-0.020275841414941,-0.00824691993353617,0.00150249025423638,-0.0130226428489992,0.0121881057647522,0.01537929407429,0.00542647437832617,-0.0114479525921881,0.0101047427292976,0.00512939219447451,-0.0127319626771365,-0.00458675277915483,-0.0184635355535983,0.00377907863919088,-0.00161097346019785,0.0132417396556695,0.0250195173605297,0.0158903100678331,0.0142993546742281,0.00493586727149866,-0.00288154290881954,0.0194248200862207,0.0370587993192643,0.00601191844856193,0.00981856182556541,0.00410683943850847,0.0236708115397258,-0.00923212964861225,-0.0115385803316852,-0.00818564167144252,-0.0342159929461177,-0.00715278013899354,0.0163763360662742,-0.0043771149897443,0.000840920104527995,0.0298428176530668,-0.000303651683655964,0.0280358231652842
"ZN317",-0.0231585845956845,-0.00920451215898585,0.00179920505052403,0.00509146829321637,0.00980014538232186,0.0137460875981374,0.00383221491995589,0.0235831598428021,-0.0378817758040149,-0.000528667152921902,-0.0158277398328445,0.0399029389937142,0.00770276739748656,0.0192800965449815,0.00894516019716238,-0.0296598660263517,0.000850962080025756,-0.0130652090070792,0.000905899284443438,0.0208794507140375,0.00320554651645364,0.0146940347722734,-0.000725070113315399,-0.0135008394234241,-0.0037700925529928,-0.0206149162065061,0.00271128571961883,-0.0355764086418276,0.00382277641155139,0.00622297977485527,-0.0413790901173307,0.0322789915518317,-0.0255766036926583,0.0117342036320384,0.00378057812877016,-0.0291946598013345,-0.0106182604293882,0.0134856583275753,-0.00551577740297007,0.0019691838745429,0.00234051359187559,-0.0246212698725429,0.00133339274504327,-0.00821245912072271,-0.0301316191498311,0.00578379328757311,-0.0164885570670596,0.0342060619286833,0.0164305197646787,-0.0117826123090081,-0.00578544692879277,0.0188733308672938,-0.000333393258401254,-1.46101553388842e-06,-0.0314564745955804,0.0196951503617293,-0.015550425168544,-0.0148141130720371,-0.0143900873096207,0.00579782411126546,0.00801752033494005,-0.0180358921893326,0.00785872843033507,-0.0223235039765452,-0.00215163602626505,-0.0112015450059637,0.0192441583581374,-0.00710963982871458,0.015338394707689,0.028822508787246,0.0115245506076635,0.0143394758380566,0.00464987779121762,-0.00883944296520595,-0.045423245481035,-0.0427353793013116,0.0055963964027247,-0.0226310984016366,-0.0334811994536614,0.00284283297425484,0.0296628624655093,-0.0238405178181436,-0.000189609987251567,0.0301764648399349,-0.0058947255479417,-0.00323455174130268,-0.0101241906927508,-0.0343368585913394,-0.0181613091319834,0.0235778326138311,-0.0433893656564175
"ZN320",0.0201421996524822,0.00108246862540822,-0.00773122233135653,0.00991045752959057,-0.0159583815632108,-0.0186907885757946,-0.00673246792372587,-0.00739634355104072,-0.00127660313718702,0.0093004983750951,-0.0163087685346155,0.0057449299893267,-0.007152526013379,-0.00327174560529498,0.00606923623001298,-0.0120678215385997,-0.023846276646725,0.0339815925896688,0.0175646619814394,-0.0168004682802345,-0.0333794684786559,-0.00407240928345184,-0.0120669175024895,-0.00205050747931623,0.00184755292412331,4.07759467762036e-05,-0.00448716679127408,0.0057468545342397,-0.00808126447984741,-0.0083518316440298,0.000271812856445536,-0.025014588236803,0.0105265274886693,-0.0123692488319716,-0.00326798576569801,-0.0161915580892258,-0.00590074303497443,0.00205151752118172,-0.00979005948910696,-0.00101201371459792,-0.00311636289900378,-0.00585269808856595,-0.0195717742055523,-0.0231868309825565,-0.000836857545333357,-0.018454515484346,0.00524606041045501,0.00817528366106996,-0.0123088462578353,0.00373515755175238,-0.0247921780135722,-0.028165055915442,0.0124487856439087,-0.0265380339179262,0.012235936468574,0.00120102780013055,0.024042354394173,-0.000286555086655973,-0.0003904005465926,-0.0133026514113675,-0.00527433533718183,0.0157883702334016,-0.0164941094541412,0.00435562707677779,0.0037796578239803,-0.0235706680890074,-0.0163661917713384,0.0152408975305221,0.00280482334267025,-0.00374715663556069,-0.00437149213973236,-0.00274003569344939,0.00136208521323413,-0.0118027251434411,-3.68479969184407e-05,-0.0181178749910134,-0.0156398124036699,-0.01682629621817,0.0014698085652961,-0.0134862462230037,-0.00952550814241376,0.000133884718294129,0.00728061921344247,-0.00334313282876805,-0.0042950170568417,-0.0180563536649069,-0.0263218175416788,-0.00267606662288611,0.0152148392620655,-0.0186839891022761,0.00950292109013473
"ZN322",0.000952854275307895,0.0157571416780565,0.0183842232932092,-0.000190164625346229,0.00150892805133418,-0.0030402310451075,-0.0111088594508309,-0.00621410609840906,-0.00604730412525004,-0.0179284556620684,0.00894476064304527,-0.0336344303168848,-0.0176394708641837,-0.000640988311900198,-0.0154389534306949,-0.0213221267397991,-0.0263698091528726,0.0148481414130524,-0.00526615357233068,-0.0100638630095744,-0.00883595488356416,-0.0112624648676516,0.000467606117144161,0.00575783495954215,-0.000401546060107498,0.00039910473477911,-0.000840555632582947,0.011038957662609,0.0141085188784113,0.0199672363319082,-0.0163879136130354,-0.0102319364792718,0.00233755011200177,-0.00130760009878168,-0.0102369061052445,-0.0205508930249203,-0.0031485420679441,-0.0244315383567245,-0.00915067539169619,-0.00417451136704878,-0.00781935838294379,-0.00297836390308978,0.0365965363987425,-0.00478131616742816,0.0273481341508242,0.0142165433579709,0.00461913929579336,0.002161312883485,-0.0169272869916956,0.0178072735220207,-0.00138157623004058,-0.0149940421841389,0.00281195172713664,-0.00229001475947618,-0.00647352675704266,-0.0161645870737521,0.0273450594574112,0.00115460352027249,0.00453410107423325,0.00584553553177554,-0.0261459403965361,-0.0253272391938915,-0.00984114187204556,0.00565015976664718,-0.0219480163851446,0.0197890277194468,0.00572083871591974,-0.00440604884624376,0.0104559886807912,0.0224295572283905,-0.0160482427023852,0.0109995028805337,0.00885023034984386,-0.0108454928273543,0.0141909123224684,-0.0166632693458743,-0.0220789695946712,0.00269914445175497,-0.042195812703762,-0.0115567414785489,0.0029068734384804,-0.000724474357399065,-0.016191659407448,0.00338081953757407,-0.0160218539638024,-0.0160061759201324,0.00172453999152932,0.0167564734604237,0.00995475954888083,-0.00386038838558814,-0.0155699151675419
"ZN329",0.000308731137904174,0.00952584147074473,0.0245530581459189,1.34732590487034e-05,-0.000919552920450794,0.00969232578098564,-0.0004979675969291,-0.0148111735720035,-0.0278402335942021,0.00037637448717984,0.0314010580605342,0.0134173777003099,-0.0124679471673837,-0.0235920099193992,0.00297112395129267,0.0285321263523745,-0.000981352509370641,-0.0254780249441339,0.0132131738781378,-0.0202185071446031,0.00885401948415775,-0.00976618827840057,-0.00402328221989215,-0.00720860510681732,-0.0106784123536471,-0.0288836038399327,-0.0207113822212403,-0.00895303455529712,0.0101108537515081,0.0166479698896344,0.0145596393091428,-0.0129489819846887,0.0217228600186921,0.013047508707748,-0.00566483789904556,-0.00520252247294581,-0.000198136475246795,-0.00424775348375811,0.00349901568355248,0.0264094027599389,-0.00358952091038821,0.00019117019448294,0.00439667073126479,0.0235270605880787,-0.0187105599492221,-0.00904302559267143,0.0150404921248812,-0.0016131677866172,-0.00116396378804197,-0.00311632131482832,-0.0220176577873753,0.00547031657081533,0.00388031935823327,-0.0120203759655847,0.0160153188462055,-0.0227737247128721,-0.00403855303461606,-0.0302778183579753,-0.00422942260923294,0.00037992134328336,-0.0285184254070718,-0.0240162771627463,-0.0258840962306135,-0.0168613467333931,-0.00913049571531232,0.00920701008672177,0.0308252837821314,-0.0140576845097436,-0.0350307053593139,-0.0168140352168432,0.0218311446470237,-0.000730744065326014,-0.00978353618010757,0.0177495806058643,-0.0382307575205962,-0.00352411356880074,0.00423286135825214,0.000850120665252454,-0.0172151303655571,-0.0177409591930001,0.00545721305692227,0.0120005903850656,-0.0121538320466229,0.0150064322388741,-0.00640372050448564,0.00822238523907829,0.015895683142653,-0.0277115929192385,-0.00296855550977602,0.0132787714066203,0.00851615099141656
"ZN331",-0.00659048498239784,0.0038973424785596,0.0142341979701511,0.00811476221753612,-0.00186780857432092,0.0168419260968605,-0.0236311411097674,0.0257592527361869,0.0236323614620206,0.0101502356964637,-0.00230042281297449,0.0109504133021619,-0.0226893114096045,-0.0154143024929366,0.0161206165904115,0.00649097884481286,0.0155137239532523,0.01191090030554,0.00182365641191894,0.0119802622662011,0.000194624705201446,0.00780121774947315,0.00425501706905077,-0.0233899963838405,0.0127669315610317,-0.0162493294390979,-0.0115093766352683,-0.00910048718283161,-0.000160035267090123,-0.00976068909054994,0.00486776106285606,0.0147177721343481,0.0127816062314959,0.0200715214277519,0.00555076826563055,0.0135601791327357,-0.0213228090451846,0.0027732349606891,-0.0156939045329142,-0.0329765971310248,-0.0147245117798849,0.00328423245589597,0.00167454831385931,-0.000607365264023143,0.000155464760211925,-0.00369065706051796,0.0253098006034101,0.00891189427273909,0.00473452355191785,0.00663642704803917,0.00986505105218486,0.0190450407104124,0.000365750367720509,0.0157153470634325,-0.00781138948611235,-0.00316668738828917,-0.00581037596676106,-0.031059180600595,-0.00255841085928988,0.0112687956455561,0.0038346042815065,-0.00142764525727342,-0.010707453747854,0.00762014979717405,0.00285130857759921,-0.0131770325098488,-0.00245292918875121,-0.000753839738256972,-0.00848332444966256,-0.00752043998990749,-0.0118916609540211,-0.00661831782183299,0.00651811554301662,-0.0143937660807738,-0.0177689165181549,-0.0107149140180663,-0.0115057329725662,-0.0046867774561571,-0.0177723315973748,-0.00988234598159402,0.00236626383160324,0.00756442788471249,-0.0182792806439611,0.0145879965238442,0.0300273477972163,-0.00481025172420365,0.00891889736668678,-4.46687282721007e-05,-0.0139095266747664,0.00416840444145675,0.00192313326062909
"ZN335",0.0199331980868571,0.000322950099806605,-0.0075548561122863,0.00467237572562042,0.00237522610710574,-0.00673538379547833,-0.00540070210469755,-0.0134566170852229,0.00372298760638844,-0.0106972534296478,-0.0109575421253097,-0.0060212765721631,0.00543665627129267,0.0199627700688369,0.0214155113320004,0.0141117389981556,0.0146376250071204,-0.0128883633200849,-0.000664400448863576,0.0173586525823739,0.0100923374980522,0.00489718180950393,-0.0176507145866702,-0.0072326077099699,0.00767110251011693,0.00577386706794568,-0.0118869526843894,-0.00457349066203444,-0.0258080184779525,-0.0157113344654743,0.0231962010751818,-0.0155946213768952,0.0179886990528133,-0.0176142220383795,-0.0036232701130567,-0.00334150295347172,0.0189497390324939,0.0189556305416818,0.0128705613766037,-0.00158993266045699,-0.0166640267228035,0.0141318618753904,0.00660089755286826,-0.0101432310660766,-0.0184503691192586,-0.0145189791440542,0.00214060187479573,-0.000563448674250313,0.00723879738976066,0.00253388103679801,-0.00314805933459674,0.00255973199096206,-0.00229852926004803,0.00379658410175503,0.0111699606043564,-0.00635137746339516,0.00776651350782364,0.00570236601906117,-0.00156096559194169,0.00155681838597452,-0.0128687946780057,0.000779832132033888,-0.0148467894620236,0.00880064977348653,-0.00503382412941114,0.0212701995022058,-0.00573791190401546,-0.00272287291580825,0.00186637771926337,-0.00320711110668957,0.00838433718043773,-0.0149358940762309,0.0181379906566532,-0.0127528463601263,-0.00747345536004715,0.0114678001251737,0.012845767953377,0.00818826634786517,0.0054970268446577,0.00984018784031795,-0.0140544903290912,0.00342703428660703,0.0147611837402086,0.0220116026937004,-0.00776043165098892,0.00656209972181042,-0.0239246815262793,-0.00558841021496204,-0.0216618802071747,-0.0119286189686376,-0.00852376861117136
"ZN350",0.00658034839682972,0.00723163538534637,0.0151325438474194,0.00551608719260848,-0.00577447344126881,0.00173736257732694,-0.00548504793141495,-0.00406731279196651,0.00296556230296789,-0.00321500351508005,0.0211085500291696,-0.00587184605817931,0.0110872025827578,0.00366400120464123,-0.0263388163335422,-0.0191003912443734,0.00291598947629668,0.0120217842758322,0.00968078387432953,0.00614545717233258,0.0151320107527771,0.0147150281545135,0.0169210529971739,-0.00150222874533055,-0.00797872252190086,0.0106517875932326,-0.00633582148379795,-0.0195785786768985,0.0258248556554154,-0.0137928869649874,-0.00112301960854541,-0.0025022335249504,7.64679576987402e-05,0.0187969748151356,-0.00263373914441418,0.00152850007724522,-0.00610551950659728,0.00332868422946541,0.014990452013645,0.0180616856798782,-0.00252904751036811,-0.00877780881784007,-0.0047903025242015,0.0113941083559666,-0.015962649808327,-0.0127926381511572,0.000712499274109283,0.0065248492378381,-0.0315502511049718,-0.00110098070998083,6.35869674300473e-05,0.00304152402857287,-0.00178149059663275,0.0310476640523589,-0.0137333597774193,0.0205593374289441,0.0131800321081522,-0.0068644957209129,0.00667580941638837,0.0135657555930768,-0.0106422487152549,0.0119246589951352,0.0351352748685139,-0.00637229924911996,0.0126389929994206,0.0224424844872655,0.0114283072277109,0.00570001609836533,-0.0109735765883428,-0.0192920419107408,0.00599259488844493,0.0187066192490487,0.00422618701449486,-0.00398940629842847,2.11203981951911e-05,-0.00496423398583049,-0.0108181620529552,-0.0178611622201164,-0.00872877128378378,-0.00575745537492648,0.0104046400473289,-0.000923015792631968,0.00771541621127222,0.0172509978903834,-0.000805583025162691,0.0167408324153736,-0.00739008026712956,0.0335122912846467,-0.0016623565508402,4.36915782311092e-05,0.00583090275120214
"ZN382",-0.0487868062668739,-0.0010147486851841,-0.0112164177409939,-0.0229530234310084,0.0140196420852201,0.028804802273788,-0.0368687865101424,0.0260219726786738,0.0325148825899363,-0.00724793346443829,-0.00647680531980968,0.0217559495971706,-0.0139063449818339,-0.0256977424530486,-0.00311756919189429,-0.0157110588353013,0.00902455964292779,0.0167179155242338,0.0230050776873567,-0.0173777328354754,-0.023520633373227,-0.0216937259489415,-0.00163418884659543,0.0251132316899656,-0.00305955272030373,-0.000291794542944913,0.00574452701500846,0.00537555174868045,0.0196287491730971,0.0303580263340354,-0.0188734010351647,0.0269160801452277,0.00955213941174441,0.0164169705754656,-0.0436628920346556,-0.0168284204950475,-0.0120511036007921,-0.0385257053122965,0.00151392092798124,0.0421535320403201,0.00271306942324876,-0.013156445795253,0.000754154234287281,-0.0350441556464763,0.00500907431894006,0.0282180665346326,-0.0240291617061281,-0.00448542025000471,-0.000256897308415388,-0.0317630482698697,0.0154091913257572,0.00944674156531855,0.0374963516332525,0.0167295516959003,0.0276993375885984,-0.00268218181434838,-0.0149666305207579,-0.0154269809647241,0.0343869309065673,-0.00195267414906763,0.0258929894535598,-0.0287007846168962,0.00879479044487837,0.02996461690608,0.0141481605573262,-0.0228364682852945,0.017184386490717,-0.00737994636327455,-0.0257721983845023,-0.0269615397620857,0.0287778499287115,-0.0326675762622557,0.00133814467235079,-0.0284363560694778,-0.0246953531381619,0.00458031948585058,-0.0452512134753996,-0.024037459742852,-0.0167693611821959,-0.0297269537109378,0.019453144360977,0.00034354670614113,0.00642259830684513,-0.00939692263647524,0.00793029177904776,0.0122686549614742,0.00129037421845886,-0.00111326683933761,-0.0195738511115837,0.0296109956913065,0.0102080792423114
"ZN384",0.011690971626845,0.0133964785481563,0.00467460680244504,0.0151408541500917,-0.0229368265581207,-0.00847831722345322,-0.0257055972154942,0.0127697121170254,0.011641582051587,-0.00673664974200319,-0.0109873274591242,-0.0309737237943042,0.0191852974780614,0.00227679180113974,-0.00907144978757944,0.00906868703065452,0.00731067646628541,0.0214103598254487,-0.00947183226277037,0.00619044533604194,0.0378604558284925,0.0221798998847177,0.0216029191721946,-0.00452844957303154,-0.0261252042058202,0.0156290083299964,0.00151487451496526,0.00259949755864602,0.00195648894058269,-0.0154683976545836,0.0278287127405102,-0.0118440771873393,0.0158818372229176,-0.000865062097571019,0.00408759829057419,-0.0149964700608786,-0.00383907575396234,0.00126617339075443,-0.0429165698886372,0.0231691666519486,0.00777848375694705,0.0218357388344515,0.023069079958436,-0.0142574058341737,0.00518876510693221,0.0292316525593356,-0.000928730834928874,-0.00190014409751677,0.0151641512994689,-0.027940411075967,0.0317592101525764,0.0145498965197637,-0.022533361674057,-0.00360108133679491,0.00460782077093277,-0.0121553419445153,0.0153014982668209,0.00333622366148603,-0.019619509700223,-0.0261812719177258,-0.0119599226333715,0.00154237750893064,-0.0243323377820304,-0.0143292053399855,0.0126227636266077,-0.010068850811959,-0.0127126312231046,-0.0271280748346309,-0.0166405736824682,-0.000470478219227084,-0.0127052395454072,0.0279673246382379,-0.00271956294548621,0.00260534160854607,-0.00607781489071436,-0.0106693362804004,-0.0289549093691204,-0.000199899470313018,0.00313185421077231,0.0119597979163251,-0.0161582234957857,0.0063181203994298,0.0320379169294602,-0.0284287183066116,-0.0329867853699097,-0.0163556893059149,-0.0106515929524235,-0.00969839488416034,-0.018178928707432,-0.0268730354060089,0.010765381228776
"ZN394",-0.00921606939845923,-0.00220468071149071,-0.00588817047689017,-0.00507713905903125,0.0140001725098266,0.0146065562991726,-0.0108670422292565,-0.00551390996362829,-0.0106128626391254,0.0324464299975666,0.0201937964175298,0.00308637421533611,0.0222438711557726,0.0252324424931535,0.00217946181850101,0.00330010959965907,0.0169495079120879,0.010568577299665,-0.0026521673619122,0.0128873449120133,-0.0120026614211279,-0.0039690446374316,-0.00088767406599041,0.0159810434059239,-0.00922595781169957,0.00658732720195281,-0.0180273767119478,0.0150235979925713,0.0203074372954879,0.00177547158563201,0.00792782675749934,0.00369643848485999,0.00513595968106128,0.0178057098742841,0.0078749544050818,0.000188617734104953,0.00503732085027282,0.000440725566242194,-0.00731159484867029,0.020105376544321,0.00999679420203091,0.00549575721730832,-0.00563649849680435,0.00173820484171606,-0.0127348738121934,-0.015622430625552,-0.0146655858503419,0.000286331210811404,0.00544528740575402,0.0027404194874285,0.00996788448000051,0.0108139038764785,-0.00235296113848143,-0.0158002870400691,0.0273088994413539,0.0221355185803194,-0.00178629469917306,-0.0196678355551497,-0.00762482010388324,0.00409146208366688,0.00211718961874176,-0.0122108037667397,6.63823568399782e-05,0.00505513237510848,0.0211456790310338,0.00319734521576948,0.00303436924870289,0.021922648840711,0.00347695462700997,-0.000961481481771408,-0.00912183723921034,0.0112210517932514,0.00337504451379511,0.000681813133164304,-0.0135356727727514,0.00263007780783631,0.0060579594455549,0.00874955998617793,-0.00781290054105775,0.00762713065709003,0.00596242030696065,0.0209526399564485,0.018485212838019,0.00560936922208095,0.00141328327623577,-0.00690365883883025,0.0271681826889834,0.00652889216548885,-0.00392924051440496,-0.0142643594970833,-0.00698431245062442
"ZN418",-0.00357819766615324,0.00687183199095354,-0.0117534372208166,-0.0131530721345858,-0.00780665314217549,0.0227145902546153,0.00982289782311936,0.0286496229529688,0.00244726585411105,-0.0112712002236155,0.0178603961932995,-0.00852780773688222,-0.00380372590565397,-0.0203555779488527,-0.00419837332347861,-0.0107487942544468,-0.030215761262382,0.0208579883661168,0.00696436706408866,-0.00137256018162629,-0.0137367434170043,-0.0115782594038559,0.00145427053811886,0.013466847606041,-0.0146439043995627,0.0188717987873588,0.0215467947220914,0.00188605348030039,0.0138316326225984,-0.0216097577069744,0.00301245969379238,0.00279249200094811,0.0110116800395399,0.00491183283267871,-0.00883521013158327,-0.00875417844155472,0.00858301174548357,-0.0215933967030094,0.0173165036347831,0.00944633817361228,-0.00272372498270296,0.00632908892984857,-0.00301065228540682,-0.0193086309437361,0.0182293902395759,-0.00875349035682086,0.0100375426048511,-0.019743386885786,0.00200518572744886,0.0134279555196593,-0.0173979004161853,0.00530120106351744,0.00492213734243394,-0.00247190032240034,0.0146107778350873,-0.0136750573880063,0.000728452702971149,0.00369633757563367,0.00916031863020251,0.00811944287228949,0.0142249548632974,-0.00369793805553725,0.0179345772106464,-0.00672833554139378,0.0121104124008677,-0.000333630197631566,0.00364966313510524,-0.0061151665692562,-0.0139495934199572,-0.00514436836744785,-0.0204465079292152,0.00956785149688185,0.00596756664560922,0.00675512297639155,0.017069604662777,-0.00618717252637709,0.0038380473227148,0.00709903990668474,0.00599865315941948,-0.0237631714092311,0.0182223955006936,0.0127375934888888,0.0114031822767475,0.0150349821851451,0.0103116877057736,-0.0123006107618397,0.00815287443249036,-0.0102327600502596,-0.000778380850781062,0.00727952691165428,-0.0261298697704044
"ZN436",-0.00524192765839739,-0.00552137322405736,-0.00270014378491708,-0.0062314877452298,-0.00938705994068548,-0.0173985627656877,0.0109679533611594,0.00983220098388551,0.00132927491171762,0.00481105676676991,-0.00194027287413358,-0.0111606427231014,-0.000309694469956114,0.0105654299669093,-0.00842179602402713,0.0169034391903171,-0.0052161756138777,-0.0212771413250666,-0.00690424275029745,0.00763733494596498,-0.0122269633925469,-0.0109381256811401,-0.00468678483956503,0.0064569040525306,-0.0164358383093961,0.0126314105333845,-0.0208805967744301,-0.00161741996790643,-0.00492225072660806,-0.00808477156871705,-0.00157722386340417,0.00679548622015577,0.00695326222862541,0.00769743038010219,0.0221460341248295,-0.0261230581237958,0.00213687585694429,-0.0111764026538154,-0.00815893976249192,0.00435797141866142,-0.0243989882060389,-0.000598666078471191,0.0106354454911958,-0.0124068025568606,0.00926488223391866,-0.0166431568263967,-0.0243683545094892,0.0316579483045401,-0.0238022286860191,-0.000879379417298231,-0.00161331509490321,-0.0188962829023307,-0.0186482212730257,-0.00225791549874126,-0.00867180324583036,-0.00892904148816722,-0.0165183522903905,0.0110687389886108,-0.0131089859906374,-0.00936915286746314,-0.00610286523193893,0.00355672450789185,0.0042790042752584,-0.0194928743715626,-0.00416498346764293,0.00668283330307894,-0.00660267061147088,-0.00169175575563029,0.00104134707260547,-0.00448982255959427,-0.0148284176137472,-0.00223575276150248,-0.00841086793007359,-0.0109255144671001,0.00651868267188917,-0.0104887697602506,-0.0118983568361228,-0.0128595465169624,-0.0162473673503748,0.00432551229044631,-0.0137353173741821,0.00388102247372667,0.00854704916839241,-0.00921234860091577,0.0077328400731042,0.029742148635544,-0.015885902597919,-0.0157409172201014,-0.00679190467875857,0.0167039907500515,0.00864495181662329
"ZN449",-0.0214857063286288,-0.00191395465604499,0.0116814845014207,0.00407123516526081,-0.0101747889297932,0.0089061603130302,0.0143548364638207,-0.000692632533541863,-0.0250733355897577,0.0153636293615732,0.019536687297676,0.012022946382286,-0.00541701995831106,0.0181243438387608,0.00816356467979337,-0.0153957538288807,-0.0096570261846772,0.0125222679565051,-0.0103311387053951,-0.0125704888982279,0.0184510802885095,0.00626796725023717,-0.0156665392319611,0.00962739876124176,0.018875123292758,0.0319861704621996,0.0153073965030266,0.0257306399692555,0.02279660714666,0.0107745904911708,-0.00356509207716964,0.00616588792567023,0.0124318097977989,-0.0162587458701413,-0.00604999723350539,0.00507866819814407,0.00561634142103889,-0.00684625897842688,-0.0032436352450283,0.00817047321907935,0.00850909518057749,0.0295416127010832,-0.00798308370816893,0.0180730749070264,-0.0179630645705298,0.0182828326030074,-0.0155941860813454,0.00610250414858181,-0.017023031003602,0.0171029136946672,0.00109685853414045,-0.00169027252341165,-0.00629452159354411,0.0154949265470732,0.00437857390524037,-0.00568496176059515,-0.000368620313262288,-0.0129468091099527,-0.0128276195527507,0.00191019745273308,0.00921704317040496,0.00536236704946623,0.0125114910718602,0.00401067875303597,-0.0349193144316988,0.0128161463840712,-0.0129281184657628,-0.0113844961765369,-0.0193352068049826,0.0352465414877296,0.00472614963629106,-0.0223932785510715,0.0199521004328265,0.00252610402593692,-0.00820309245838578,-0.00217598443693625,0.00798212960902694,0.0156267089971781,0.032481688132352,0.00526146589784972,0.019746368648794,0.0273564946111561,-0.00435840582379803,0.0065109585913048,0.00846691420426079,0.0220993342768234,0.0134281856352025,0.010226999651456,0.00794175495600622,0.00221421969562278,0.0216281795940468
"ZN490",7.77242220434343e-05,-0.00178942049589208,-0.0262592013753288,-0.00785176520076556,-0.00407333403612952,-0.00339122329168186,0.0115428393058106,-0.0274524933056417,0.0117406818180384,0.0163144547383834,0.00411186547323717,-0.0128416047516231,-0.0125741281142084,-0.0167198393446215,0.00301347764792973,-0.0144421035469204,0.0147142965687983,0.0383744041810567,-0.0139549042479764,0.00381567793083836,-0.00294184697227796,0.0238311565589863,-0.0104823482231451,0.0218516294468877,-0.00720094283988225,-0.0254678087075222,-0.0177546041328484,0.0135071784248175,0.0517551582724771,0.0029000547043699,9.72075432913e-05,-0.0152557299405786,0.00289632469635895,-0.0193654206725232,-0.00981070228549339,-0.0101409771637146,-0.0164332091362637,0.00776561945487532,-0.0174121483385287,0.0116532965528508,0.0177292446291949,0.0217049524950112,-0.00427773637077608,-0.00499943542851801,0.00304249110089368,0.00539297670104713,-0.0335192112027602,-0.00140489679282438,0.0152960973207572,0.00208129183855611,-0.0187236032055583,0.0481256967097003,-0.00392080956588643,0.00283817232755323,0.0290697493029932,0.0199078620590444,0.0114760278479156,0.0249287682095182,0.0310892708579015,0.00911444785425096,-0.00688728549781845,0.0183033009179324,-0.018538642908172,-0.0059979732391603,0.00883824227111753,-0.0217496606135017,-0.00659522661467109,0.0157610817117953,-0.0110403169462118,0.00987479039301411,0.0329157132545606,0.00813322182699997,0.0126825131994624,-0.0190151306172589,-0.0142613575628971,-0.0138622680428342,0.0333719884591616,0.0100099447215369,0.00536489108067287,-0.00312307586208042,-0.00461514475376596,-0.0415983510006695,0.00258222495080679,0.00306922702741652,-0.00485257150176279,-0.0149760812878872,0.0198235640436461,0.00524203524253771,0.0267271231188181,-0.015662186603329,-0.00275339378432451
"ZN502",-0.0253236079937754,-0.0173283895582043,-0.0385843126936815,-0.011676145963873,-0.00837123558850885,-0.00564358209979926,-0.0111839870375457,-0.000681659315191997,0.00890251435801117,-0.0277942879672399,0.0151993447114124,0.0207860836285552,-0.0197426313409944,0.000530753727692756,0.00733820791851867,0.00551444184338795,-0.0142844717534447,-0.0152263373363516,-0.00879085498995415,0.029392286306723,-0.00131999189811108,-0.00149408134892858,0.023299496370526,-0.00107384881720094,0.00788178211124704,0.0200071508563898,0.0268090353586379,-0.00554925928951587,-0.0160370451033629,0.0312604992243364,-0.00946070819089586,0.00917792730602347,-0.00854724240381433,-0.0709450873536442,-0.0078486549679561,0.0329734911319999,-0.0200311052631211,0.00440050872024566,-0.00976158053960279,0.028433119406481,-0.0151381838796075,-0.0130020322636521,-0.00559522707571105,0.0256084864821605,0.00979614946378768,-0.0280573612500802,-0.00667074476006604,-0.0100785656914793,-0.00917359236605903,0.00373237327212131,-0.00118123377438127,-0.0128281230722194,0.023286036138567,0.00266793118187466,-0.0504652798266846,-0.0238064974901073,-0.0233228701635326,-0.00323076076038106,0.0205506388783737,0.000160331385724992,0.00691820952905361,-0.0109440902753475,0.0188632404084626,0.0192743520528304,-0.0376366257926567,0.01111516872121,-0.0029821638065233,-0.00581681638530887,0.0165716760224278,-0.0206612795159037,-0.0193931678518989,-0.00625715782065738,-0.0164466496929418,0.0192645395713516,-0.0136237298015249,-0.0086191148642661,0.0141400477652566,0.000698620846304394,-0.0229616008590614,-0.000961379095535801,-0.0207283995046116,-0.00601056054482776,-0.0117811249117051,0.00792263564088917,0.0058080155115033,0.0333138532102132,-0.0153448279988151,-0.00827876885181769,-0.0477689603429019,0.0035625865874559,0.0374029025418737
"ZN528",0.0272578114074967,0.00320624123780966,-0.00403296062607696,0.00663125613767759,-0.0422957760831963,0.0141336056228622,0.0260038108563164,-0.00848165011757246,0.00615594347605262,-0.0128613238953862,-0.0241788636612502,-0.00931880231668598,-0.00297264683385626,-0.00477143013514448,-0.0125476395503147,-0.00523266401042174,-0.0109572055654051,0.0117939289094172,-0.0228500918390992,-0.000401209169367552,0.0188646801337165,-0.00294441510031614,-0.028427606805465,-0.000656798102538361,-9.4238201452378e-05,-0.0256056468965236,-0.0060190207383922,-0.0138994701813044,0.00286056096863447,-0.0167200060498068,-0.00866062333522623,0.0280959432779617,-0.0350249329765885,-0.0112348799212385,-0.0083381158652921,-0.0204517438457834,0.00506514936568948,-0.005737523602589,0.00838195998213295,-0.00119214298142255,-0.0120284899903673,-0.00605398816006319,0.0129438221217157,0.0149891741404845,0.0015127748244267,-0.0149510306671384,-0.00254287121681194,-0.01151453837003,-0.00526601426902974,0.00542029496203362,0.0144472508257167,-0.030923664872203,0.00250596309331654,-0.00495425045213588,-0.0275779626546399,-0.00804179566115349,0.00549331956103454,-0.000474985777998826,8.54951893041397e-05,-0.0104353515545846,-0.00694615857978681,-0.0117812042255357,-0.0178119778129986,0.0297441975919663,0.00791395242388702,-0.0404687724448488,0.0083492603951431,-0.0253542632537478,-0.0120234703532998,0.000803853791692764,0.0153511946406458,-0.0289639106353324,0.0178495613329719,-0.00748381790643773,0.00279669908387561,-0.00789733715695116,0.00689779232971794,-0.00225255898212892,-0.0302863576029078,-0.0355661536219776,-0.0106134733261746,-0.0177264152279261,-0.00502333246505557,0.00254406943873823,-0.0101912438670695,-0.0117165115800226,-0.0283817281074245,-0.0152436263967436,0.0355416400477552,0.0281872790488011,0.011118963775204
"ZN547",0.00262005986025445,-0.0117766858716448,0.00399412968958067,-0.0177470952254663,0.0029692810257258,0.00733845953833133,-0.0179238951477913,-0.0175302535463619,-0.0190390905489754,-0.00310571998745969,-0.0282245526880839,-0.00998730454527008,0.00116213633529938,0.0169560142727494,-0.0164308758834187,-0.0227556579718202,-0.0187781015821621,-0.00279783695955814,-0.0134809806438898,-0.000671983128043834,0.00882040808136174,-0.00958342301592131,0.00689316330368029,-0.0159612516252083,-0.0293644378406978,-0.0128882181412791,-0.0226348236165766,-0.0471921372081273,-0.0106250905663433,0.0108343977131293,-0.0265078999492435,0.047318945551678,0.00149251911823604,-0.00508371195287906,-0.00894338225293395,-0.00952383037387341,-0.039119650959976,0.0164942029456518,-0.0290387318796274,0.00149529357309441,0.0496033402612044,-0.0144105919734218,0.00332559363062644,0.00449052375513828,0.00967902392860681,-0.0204873911493638,-0.0212497532146861,0.0093592773235416,-0.0178475772893592,-0.0094808328788366,-0.029008987979362,-0.0114200884372318,-0.0263982201688602,-0.0140087460197361,-0.000322422452526327,0.0325783447079514,0.00709606851850639,0.00337432027038285,0.0176021687210368,0.000730950242788119,-0.0200578890050296,0.00717163047652819,0.0327441800548215,-0.0062557521700983,0.0149242604411251,-0.0107992029851537,0.00282276230936748,-0.0209458705699436,0.00668893015429634,-0.00459302364317582,-0.0469081178182089,-0.0102231911175441,-0.0186576961243137,-0.00444635354364795,0.00388248940349014,-0.0369881338845728,-0.0114791926807846,0.00427831143753247,0.000108580015496634,-0.0166206041351562,-0.0154005359026518,-0.051635675952478,-0.010479627703934,0.00472203096959537,-0.00278928475804169,-0.00125417672913883,-0.00896043274648672,-0.0132257085125211,-0.0274347171089245,0.00468098141253592,0.0129902306504631
"ZN549",0.0155607481317317,0.00876616829079446,0.0195616867403667,0.0319651172699501,-0.00891236409475597,-0.029939906186107,-0.0140537810155534,0.04174981971301,-0.0158487020932489,-0.0105188247631958,-0.00269425198414096,-0.0182520374006146,-0.0120159064454737,0.0221957446116948,0.00510644458566724,0.0112996023163108,0.0150428524784517,0.00671763406573719,0.01177248023056,0.0103232599490238,-0.00893425882985129,-0.00826716876907488,-0.0195051735061292,0.00984641341753554,-0.00734189028045,-0.0137547945206715,0.0196735530792521,0.00731882782515774,-0.0179348990464258,-0.0101008658142281,-0.00254254321344029,-0.00781503388836594,-0.00762477650781781,-0.0082033870481451,0.00189730300553092,0.0065312007471321,-0.0197890062340795,-0.023902197115494,0.0089162494075501,0.0133296871204474,0.0233209767700546,0.0284890252147698,0.0270708731309804,0.0150606406574368,0.013010049187669,-0.00220587039980546,0.0111141461045202,0.000971982556137565,0.00536075807816553,-0.0032861142551429,-0.0164230360089961,0.00702095791525082,0.00540298973372558,0.00482745857872844,0.0124511996043842,0.0239849032023324,-0.0116382280412344,0.0122933605392639,0.00558293255066043,0.0405571812428393,0.000267029721820374,0.00970627416784861,-0.0240666056202948,0.0290837687202269,0.0165849494475892,0.0344969532423406,-0.00152801677473153,-0.021755982756064,0.0172631775238178,-0.0239921887896933,-0.00140725461645741,-0.0056476743430033,-0.00536970081566829,0.00818377325188938,0.0178093087218379,0.0271863663890358,-0.0338500557712768,-0.00836430725144754,-0.00812960853666462,0.0155901443203065,0.0263472011950147,0.0170529521329892,-0.000380711735642687,-0.00457938287555579,-0.00723674318803432,0.0273548472542206,0.00627078272857838,-0.030389298974287,-0.0155847769084846,0.00127272055807374,-9.40878313700341e-05
"ZN554",0.00998306679781842,0.0270158319653009,0.00187345536677295,0.0124954610258487,-0.009773874522127,-0.00400173019282843,0.00498123765201091,0.0174562730083468,0.00823329230012975,0.00864256486948316,0.0156211418999872,-0.00220423773323443,0.0191068988105371,-0.0186884267530956,-0.0155459881481941,-0.00864409904362438,0.0237628597454164,0.00122884497445931,-0.0119175215904253,-0.022881242714152,0.0032913692025448,0.000479933551496923,0.00248185014454404,0.0287463724619261,-0.00634117227377661,0.0175764219228611,0.0111108717032348,-0.0152035518051816,-0.00992548734447968,0.00897027424647154,-0.0114100435360493,-0.0146241272865497,0.0261152171047214,0.00397415934963644,-0.00298869483533223,0.00224815520887736,0.0176470818397132,0.0102815200352894,0.00411350073451615,-0.00236322500975349,0.000200933976303261,0.0192348859729612,-0.00224914555607589,-0.00882025412919275,-0.0113202791552859,-0.0222238615928632,-0.0266617067274783,-0.00369687715157944,-0.00354710807199696,0.021083021004985,-0.00271899651556198,-0.00729620785885477,0.00664337152433455,-0.00262059020725362,0.0223844628767827,-0.0118525183826506,-0.00871309143799128,-0.0142314755724653,-0.0179641091006613,-0.00910403701895728,0.0114584155663086,-9.28604763637311e-05,-0.0120797300367859,0.0168895425055354,-0.0111508010413327,-0.00721866803175672,-0.00991351883396993,0.0105670945350613,0.0122369583050014,-0.0245087721737746,-0.006359323029464,-0.000166643109487177,0.0236836288252797,-0.00790422117521231,0.00247747884185784,0.0140682119944752,0.0115990617871196,-0.0105960886783385,0.00261582554103153,0.00442659546307205,0.00594940276764794,-0.0388159615490257,0.0107975618871152,-0.0187894842408577,-0.00922691233145938,-0.0552205737291398,-0.00879244658643863,-0.0377424848116921,0.0346167266352569,0.0107813114431029,-0.000557757176439691
"ZN563",-0.0246764254340724,-0.0167679803275789,0.0114671704259736,-0.0171715365612974,-0.0160739470048009,-0.005506650576884,-0.0213102939387671,0.00934078514523532,-0.00771541283785188,-0.00211312041394375,0.00289658550264815,0.0139542991461896,0.00676510934263141,0.00743375231546843,-0.0214560195663883,-0.00537292861249441,0.00857301298914898,-0.0187769481254404,-0.00407790234683172,-0.0176171974497483,-0.00402274950696475,-0.00752722004222523,-0.00757149812843683,0.0131439699808481,-0.021941995486678,0.00504991427743179,0.0133874160258146,-0.00184592559613273,0.0172419199500063,-0.00463491398564365,-0.00031429598563288,-0.000496590937336192,0.00823418496601864,-0.0154603128620458,-0.017811423478642,-0.000210470807933278,-0.00689419461819521,0.0129424071405889,-0.00669310110997278,0.0135689330252296,-0.00179368671839909,0.0218855961935208,-0.0243121358848862,-0.00119079386738711,-0.00609111236850077,0.0197543198069682,0.0113955388254781,0.0155350367299247,-0.00828974173294319,-0.0065916283559334,0.00120099756008908,0.0180122351809286,-0.013746452677077,0.00421905616675412,-0.00654436197963435,0.00725185888425648,-0.00401339366838492,-0.0183639941564751,-0.00497456877942126,-0.00484813376527587,0.00366917493558157,-0.00692446617241849,-0.0193940886005218,-0.00836000624986467,0.00796527874611678,-0.000565320675413161,0.0134463336501302,0.000218354016221111,0.00658289570681017,-0.00903622660838423,0.0129111627693354,0.00347328075916723,-0.00867221754475699,-0.0214550834269248,-0.00801388245669676,0.0137875805770256,0.0131953226884546,0.0215912029314808,-0.00969948223249622,0.00653963125424266,-0.0130182453089694,0.0197890273746122,-0.00883950202143445,-0.0290368575873323,0.00540111571446112,-0.0133538518646343,0.0179405513198201,-0.0106285655529148,0.0133677194375135,-0.00761526510951151,-0.020013770763165
"ZN582",-0.009578935920013,0.0138272934488237,0.0137329364946901,-0.0219526091812329,-0.0413149653358895,0.00245846972138747,-0.00979369834399297,0.0214636161002357,0.00669646586570091,0.0114342821331588,-0.0242186653100966,-0.0134429319426297,-0.0146081708862794,0.00806695048923496,-0.0446656814087557,0.0137216899488993,0.00258639738227277,-0.00810139399996196,0.00615903192745338,-0.0188119958978043,0.0157405443039593,0.0114413520159895,0.00117868461620899,-0.00463678909115454,-0.0124950558519061,-0.0117779865758065,-0.0437778363634469,0.0108249380107892,-0.0155004675106721,-0.0131853577150405,0.0077771416345083,-0.00131620226715549,0.00348568668784387,0.0149331385997704,-0.052545131119497,0.0142630810081066,-0.0170284498766618,0.0016994726471279,0.0103039616690663,-0.0476581934590612,0.00139673624348394,0.0200060435915769,0.0245896631060457,-0.0161886559570008,0.00597723683406634,-0.0201435540779844,-0.0171377059359215,-0.0135399702533795,0.00206342493197758,-0.0134670588944963,0.000228034580881467,0.0141613409945111,-0.00174873823408731,-0.00148370195291321,0.00344714801803925,-0.00309568475190912,-0.00671543649374439,0.0102971990319021,-0.0310122604192623,-0.026303430817498,0.0312787835688664,-0.0361388899568501,-0.00362163026061758,0.00185179948072804,-0.017389358368554,-0.00110600745776086,0.0322982014490666,0.0212430040222954,0.00178066560190593,-0.0214414380409686,-0.00128588819301933,0.00205929057422785,-0.0120918121975646,-0.0225644075888045,0.00846935355408747,-0.0112187950806764,0.0116497473321554,-0.0285372743307273,0.0268932411801492,0.00396465926687935,0.0222254391757785,-0.00867505928554911,0.0105273680489762,-0.0182674525013054,-0.0272002351357654,-0.0182516853579692,-0.0198565598698134,0.00506416895772111,0.0117002525351493,0.00413496834646864,-0.00621846245294855
"ZN586",-0.0108978392773764,0.0108767125858995,0.00377312555226214,0.000622270364492959,-0.0019152994554065,0.00369529682515228,-0.00991637523783289,-0.00114069715065195,-0.00157171938577147,-0.0179849983070337,-0.03006280322614,0.000235972396355127,-0.00288770862978363,-0.0182073554800154,-0.0108210052344145,-0.0127346392561084,0.0131964453712665,-0.00496136144014313,0.0104525308205986,-0.00428931463990306,0.000756878579612503,-0.0101791876608878,-0.00670557718317203,-0.00315299452504198,-0.00199693986613398,0.00580515125934144,0.0123416458889942,0.0152492855999551,-0.0105840424714229,0.00184529368893138,-0.0179744049963561,0.00261284775213992,0.00555801509013932,-0.00283265301583631,0.0129828333994205,0.000169083387265647,-0.0192797012241824,-0.0196055501111858,-0.00966537021458506,0.0104095005512477,-0.0104744818721348,-0.023406096122777,-0.0146718738981784,-0.00155645672418704,0.00243991308114006,-0.0108914059257099,-0.00809371075486476,-0.00401291106729681,-0.0156064565501064,0.0121671122883203,0.008591952155251,0.0123038983952324,-0.0194879685814896,-0.0134763033731748,-0.00287422783539021,0.0114584776106844,0.0106623537960556,-0.0119813500730533,0.00152524630359804,0.0191278115605002,0.0124309349350043,0.00355735698453993,-0.00650335404177133,-0.0121700777866501,0.00168286317749774,-0.00910042975268352,-0.0110661808688048,0.0255714717760055,-0.0108073928908984,-0.000222833351564615,-0.00325120668041476,0.0118046344946241,-0.00645478139219456,-0.0175065328818231,0.00270310990956873,-0.0179154623332229,0.0283306798538059,0.0187579445115291,0.00819792805725366,0.018756422834668,-0.0289168635750663,0.00169514530234821,-0.00868829025242016,0.0209822088638978,0.0145980554230243,-0.0182205975131004,-0.00379703567168876,0.0079404588625284,0.0144167978252357,0.0117551322936892,-0.0170634288806348
"ZN667",-0.000305592328729392,-0.01537560889064,-0.0184921686485487,-0.0012428728684701,0.0191594871633718,0.0176622350884242,0.00998347107048937,-0.0179672463272514,-0.00199755438387392,-0.0166384633780251,0.00866487798275838,0.0165221903961818,0.0117442392002885,-0.0212252990799175,-0.0034826824856406,-0.0147115448304494,0.00544368974548624,-0.000228416307128224,0.0102739173623347,-0.00545158944830212,0.016681116487257,-0.00867894345049062,-0.0157554580591891,0.00473564143372272,-0.0174824487878041,0.0206851442913763,0.0122596658007592,-0.00438971286153896,0.020409975224833,0.0261751981212154,-0.0243644529312407,0.0176792254418952,-0.0249935005305638,-0.00361530217611224,0.0147115052668936,-0.00345932514244052,-0.00709229594669164,-0.0156657769369867,0.0116162250699521,0.0383837521282865,-0.00626373060191149,-0.0264796120649198,-0.00270130982820916,-0.0151305000508576,-0.0394489486642835,0.00687449799207309,-0.0108850661058937,0.00107375750629114,-0.0263950089815064,-0.0192461616333857,-0.0122366745413578,-0.00382408959782538,-0.000144784859160617,0.00173599687528182,0.00526611514728106,0.00837615097603736,-0.00100747071918985,0.0365428820917488,-0.0105296366230982,0.00411149234511211,-0.00241862291368919,0.00226014148798976,-0.0150460987998792,0.00539888936732834,0.0135615246989437,0.0201098971865958,-0.00843954740704351,0.0183291196544568,-0.00404240346617462,-0.0115957219451594,-0.0215173687060307,0.0248072767064108,0.0221360740994248,0.0237134350207919,0.0160631715120797,0.00517310601745408,-0.00487809868386785,-0.00470162433934231,-0.018156966935624,-0.0067670713731769,-0.0286485165141703,0.0273599527835566,-0.0162273642139626,-0.00884035805879194,-0.00556470191976505,-0.0300213022748207,0.00523108216843723,-0.0319103469564173,-0.0214282904654825,0.0153280854050905,-0.00363312143343304
"ZN680",-0.00855638333669913,0.00917960465975503,-0.00737954913586263,0.0121872311286006,0.000502386494951256,0.00545380391057136,0.0209211443137098,0.00312812877559529,0.00353917343100111,-0.00948248976730037,-0.00497637226918478,-0.0201291130422137,-0.0024812704788537,0.02379723745327,0.0184113402522671,-0.0126801404006682,0.0204806804367959,-0.0103140795277059,-0.0171686655957102,-0.0157516205600068,0.0031674894538254,-0.00166893057685159,-0.000198166784843086,-0.000140682965891084,-0.00469107933832747,0.00324526496402602,0.00818469652709052,0.00279746734799412,0.0256248582621605,0.0048005251201479,0.009036774370095,-0.0119926239697996,0.0149552804910413,0.0245109035205755,-0.0116820462586016,-0.0201062762607162,0.016637063431821,0.0204117529051181,-0.0138690338791779,-0.00286665763587462,0.00439963262544828,0.00400676324695241,-0.00690862765020421,-0.00901235531290534,0.0434308695238873,-0.00678221226803725,-0.00270659515629601,0.014251031359156,0.0250997390193674,-0.00135266899614256,0.0112436901857026,0.0212264918103557,0.017035055170183,-0.0114287610094554,0.00790914131229155,-0.0017040748442333,-0.010621376254579,0.00306637174250416,0.0065853195919558,0.0209367819845612,0.00919857821065058,0.0244920383528381,-0.0216372311816436,-0.020876348838691,-0.00776157025993879,-0.00165352870722183,0.0129510823224938,-0.0151364694851668,0.0224692700921062,-0.00719944038220158,0.0088761199275794,-0.0459867530706406,0.0200076358995543,0.00988678073965703,0.0225648690113049,0.00550204869269439,-0.0144369637400984,-0.00379904026897468,0.0253090545830534,0.0096423779947145,0.0120334579405454,-0.0257999294178549,0.0166538832567725,0.000763392025245098,-0.00482518210982635,0.0285257838021523,0.0101662772040199,0.0126714223597525,0.0104057159747474,-0.0029349574130417,0.00540910209953051
"ZN708",0.0103537147141518,0.00972550999619524,0.00522230853826263,-0.00190506009512874,0.00854970997591293,-0.0167847715296839,0.0124573470689393,0.0145339291934206,-0.00808734999166411,0.00627058253819994,-0.0135285152656695,-0.00200320152576598,0.00633609921193114,-0.0345860319394701,0.00385136674771249,-0.0279485766946733,-0.0161454383269223,-0.00887207778215724,0.026421399116607,-0.0135516176066626,-0.00976429012750688,-9.8058927215186e-05,-0.0105246504022344,-0.013095595038529,-0.00670988378671263,0.00885608069469331,-0.0152733928738704,0.0122469383738104,-0.00583328507698856,-0.00160490646366598,0.00444335450273683,0.00305825880947181,0.00496483123314083,-0.00108581172082254,0.0013587982391738,-0.00217571546977122,0.00587147973393556,-0.0174306938682925,0.0223676561450166,-0.0107094279719435,0.00307426003924718,-0.00659303537809343,0.00665313121515363,-0.00506034463258888,-0.0100222368777707,-0.0133020860724582,0.0204149221505049,9.19898242747493e-05,-0.0105064641547292,0.0195760663837531,0.0142899265912496,-0.00495164937804395,-0.00504038663208669,0.0138743165115199,-0.00276547677834772,-0.00528937697733866,0.00652420019371589,-0.0111398633128319,0.00506386240418735,0.00102569789860776,-0.00118402385607712,0.013045798575423,-0.0133181852374843,-0.0225404255983689,0.0176715388304744,-0.0320488731954563,-0.016157533021959,-0.00222304425153488,0.028222584321847,-0.0208895816807705,-0.0179393068535614,0.0106168497790711,0.0101686704889589,-0.0150994171874747,-0.0234494988930898,0.0248968279220314,0.0110938983707182,-0.00714861644547398,0.00134708766369011,0.0119189373572026,-0.0072193140914344,0.00515281811949452,0.000634365999350729,0.0214112769672369,-0.00437130832774341,-0.018931479941587,-0.00461245882538656,0.0389659007277895,-0.0326648088131151,0.0188207714863733,0.03269475375386
"ZN768",-0.00267804618685874,-0.00219664214573013,0.00222762292302123,-0.00349800967958657,0.00630830039206746,0.00346358103661769,0.00517988283609486,-0.0227519019859214,0.0101306674483183,-0.0192621204448045,-0.0170980786386688,-0.00629513677040642,0.00466317508854919,0.0101374114259218,-0.0105492003207868,-0.00898897640342798,0.00485183529489924,0.00412899175723257,-0.00257730948055952,0.0117776647751556,-0.00142623736118749,0.00358758837835283,-0.00733697565660053,-0.00643535009855902,-0.0148118393143583,0.0284005949140278,0.00192044094620117,-0.00946854849801407,0.00496644397363522,0.0183188379673611,0.00417268638616549,-0.00144707789489999,0.0118201652204567,-0.0137739568206782,-0.00163491151444746,-0.0034831336261892,-0.00725867340152721,0.00862111398611693,0.0156733502112835,0.0336512756608851,-0.000615597635331374,0.00492145049924352,-0.00593506244977578,-0.0390217658528422,0.00471144772106027,0.00529815873250088,-0.00342746775491577,0.00133748884723491,0.0118117148601896,-0.00605522271790907,0.00541124558445135,-0.0134283802007143,-0.0031549419597211,-0.0210233970803371,-0.0108380985444806,0.0110713461356952,0.0227213983284164,-0.00525221779307109,0.00315749936918772,-0.00796339098491354,0.00490433697571574,0.0134633609082789,-0.0074054353391095,0.00713113644016232,0.00840048667092261,-0.00937850473276935,0.00751719525146826,-0.00398410654961869,0.00138430033259868,-0.0048236755447251,-0.0180287748474665,-0.00416843398056581,-0.0161958139754631,0.0112774836901039,-0.0195937478049536,-0.012382543276157,0.010327760270776,-0.0196186775151639,0.00387097976130765,0.00329561936162596,-0.020514799214179,0.0118298994490427,0.00531927293122217,0.00381877849864933,0.00769988888956711,0.0123770249845874,-0.00300477909122613,0.0145251346364575,-0.00263981498011229,-0.0107852535280283,-0.01961366917858
"ZN770",0.024622513007879,-0.0122837146934627,-0.00343005338188053,-0.0173092572212023,0.00170405835510287,-0.0112111961427149,0.00625286327850387,-0.00632065400047873,-0.00371793512219775,-0.00709725851593301,-0.0110962401837761,-0.0108512501642123,-0.00352483288583414,-0.00501618851403102,-0.0114488730552801,-0.00596136119921708,-0.0119675997531687,0.0104632661538893,-0.00111339237709981,-0.000611224818759808,0.00787948724909992,-0.0226910773873244,0.00614157839816723,-0.0124665368208155,-0.00877576349358001,0.0084334018834204,-0.0018406597872792,-0.0123580708327282,-0.00252714283352225,0.0159054772805909,-0.00935415439656416,0.0187311206443719,0.00776298735100982,0.00499746730860938,0.000639863121679537,0.00494888483226998,5.34607785472146e-05,-0.00139258988199283,-0.0146003786558077,0.00350525596821183,0.00919339990001513,-0.0203694578740336,0.00832144767563449,-0.00177489855989493,-0.0135446056035526,-0.00366432081185979,0.0106088360947099,0.012822513633098,-0.00987664620310503,-0.0176462879836562,-0.0199033523460754,-0.00872919089456794,-0.00442630472840324,0.0076829542738198,-0.00648967730980593,0.00336195043459262,-0.0163763974178075,0.0148725771488156,0.00888302704014696,0.00017865395658436,0.00595745276039458,0.00481120865201292,-0.00130814692015655,0.011032986724283,-0.0089071797979751,-0.0107905475285236,-0.0133152117302555,-0.000864374794650598,-0.0167239376962806,0.00497699509352814,-0.00110525429818279,0.00682023289925924,0.00623734689425007,0.00213115906717905,0.00201513901181137,-0.00594844978106626,-0.00714586759759103,0.000519758451311505,0.00121645904797069,0.0123289304000912,0.010791913811468,0.00504849033415153,-0.00503277093083527,0.00592577139583799,0.0113039110536162,0.0122774167454899,0.0138953125571893,-0.00960202005618554,-0.0046236970416208,-0.00482128433061002,-0.00100777401685893
"ZN816",-0.00286565759406002,-0.0174312257957905,-0.00623118235837887,0.0109617233960854,0.0289162315303958,-1.23646830115864e-05,0.0269372140673727,-0.0130512280123952,-0.0108632256135487,0.00203072042199046,-0.003386766181569,-0.0146622721289929,-0.00623306935181567,0.00777559684396637,-0.0031129164842928,-0.000176394704540045,-0.0119641820792751,0.0132860387135902,-0.00637141436557944,0.00185435559097918,0.00662353289975169,-0.00747754904037564,-0.00740635759732642,0.00419821488990239,0.000455624034450388,-0.00944030928116722,-0.0229844977879723,0.012839289048894,0.0155223507953469,0.0154342418584385,-0.025285387973752,0.0139009547788437,0.0263578443866198,0.00857547691614312,0.00273136776790492,-0.00404623626396021,-0.0045062235177611,0.0107713915519063,-0.0062459813191798,-0.0342615540809032,-0.0194914116363031,0.0105773769332332,0.00875627696572276,-0.0230797989512921,-0.00514276572079775,-0.0199075758252933,0.013260784910973,0.00953527688739772,-0.0224093703226049,0.0158918661754655,-0.00298443164387087,-0.00194457756244765,-0.000852184462163425,0.0264670811787908,0.00135749891336885,0.00930593901182619,0.0177092306431978,0.00362895997252908,0.0029766461194868,-0.0160065945165295,-0.00715695696481896,-0.00610592494382947,-0.00272370171594955,-0.00294498222138896,0.000642365002619578,-0.00399715174588127,-0.00578794846351289,-0.0197341659495589,-0.010338152531966,-0.0116864761196218,0.0296676775785132,-0.000915036938625598,0.00576277972423333,0.00195717183184567,0.00763886109815387,0.00371741624149573,-0.0115626339911064,0.013606260251442,-0.00108688718538625,0.00607673714631816,-0.0111516401739804,-0.0155271913244515,-0.00189889753998228,0.0157109325289333,0.00765224157488546,0.00179706684306057,-0.00373750191981509,0.0138791981390912,0.00706905929227552,0.00890924085970991,-0.00478276666460431
"ZNF18",3.47250529070278e-05,0.0203840118052521,-0.00236291645497615,-0.0158955401149815,-0.00012269808861413,0.0194438537455296,0.0127021611843654,-0.0144367606205054,-0.0104309729578022,-0.00306786263600429,0.000121030872853796,-0.0188494581072733,0.000130970457829715,-0.0180683574935123,-0.020834913242388,-0.00267849136737893,-0.0159151840229503,0.0189765634301657,-0.00187090884434521,-0.000545991578697664,-0.0115203380974757,-0.00343620288740532,-0.0456439279554905,0.0230433216693712,0.027261689515448,0.000291883689655427,0.02478264292292,-0.0076064036626088,-0.0126817092449651,-0.00345588620120366,0.0115943474234411,-0.0108387140782446,-0.0103175373875589,0.000605908935431132,-0.00602802759799372,-0.00605064971769175,-0.00385414107036664,0.0147842572046712,0.00113137917842367,0.0313800148971,-0.0094957286380102,-0.00451636415967303,0.0136097675978741,-0.00515610802809753,0.020210589807793,0.0305631748855176,0.0130785662430695,0.0143150982429274,0.0179741495589026,0.0249502475452633,0.0148470659988338,-0.0123375371453101,-0.00038856578566885,0.0117386749153694,-0.0131367507419618,0.013085275042096,-0.00128792680011091,-0.00900781133059959,0.00807855522617662,0.00686929103126272,0.0177707554410632,0.0214650911487258,0.0381592140028858,0.00598725787399853,-0.0115194378167928,-0.0203418885763213,0.00209900013983663,0.0255763007718558,-0.0644638143358119,0.0291692475227349,-0.00948734717012305,0.0063600585450229,-0.000652296496066342,-0.00752938949061678,0.00641434502937125,0.0343355945508394,-0.00549436785824091,0.00823865183237968,0.010168851307265,0.0103508433571003,0.0528890446571167,0.00126368370040672,-0.00872612147068999,0.032491702225314,-0.0110754214238453,0.0383963387430682,0.0014332232590761,0.0283966473374117,0.0152689520407494,0.035649033625027,0.0232545002982281
"ZNF41",0.0204953025872484,0.013958216975761,-0.0277267390393267,0.00299071399879054,0.00385314279180635,0.013674632742602,0.00753223887525496,-0.00056744738192439,-0.0215342492801452,0.0117440804949998,0.0027057290802644,-0.0242580612307637,-0.00255801106274667,0.00697616764127231,-0.000957803948325299,-0.00258954026400102,0.00247405399389162,-0.00426330266522713,0.000386579757031783,0.0176975055903607,0.00404418639470772,-0.00672003326185785,-0.00157961238275465,-0.0195485044240825,0.0049064485252244,-0.0175872953823824,0.015354881113976,-0.00970290761321265,-0.00487322621930631,-0.00358987852948738,0.0186674078320199,-0.0103506243090004,-0.0183173439220329,0.00429166802358269,0.0204795222949685,0.00467634791501034,0.00401522063404217,-0.00941535178951649,-0.0041814428638137,0.000196163039387933,0.00515612605641648,0.00815752784404392,-0.0179685909837214,-0.0221835289259667,0.00970476359412676,0.00450208984327884,0.0188022778271254,0.00847949992866992,0.0140640162774347,-0.0117008547582996,-0.000537985393673622,0.00574308837825586,-0.00228537395135454,0.00561293707966759,0.00299502872424525,0.00762135259688076,-0.0137107189932252,0.0165761737597659,0.0168917780346628,0.007063131017521,0.00416811815176461,0.00928046487202373,-0.00543787162787366,-0.0139387811181646,-0.00535493411754246,0.00942009707354688,-0.00632690577860351,-0.0175164319381164,-0.00395368853985822,0.00353129575595172,-0.00555279193786499,-0.00450225018345804,-0.00207575259374034,-0.0183294349318421,0.0188127124959102,-0.013221615493604,-0.011734753141206,0.0029421174475462,-0.0193574032890159,-0.00890558067766938,0.0120965845723264,0.00428775664640254,-0.00894502597298787,-0.0090475045169174,0.00421282481041783,0.00470631866842552,-0.00897261434828243,-0.00808521348503505,-0.0424663117530017,0.0153021964736461,-0.0240110356376836
"ZNF76",0.0141823128108623,0.00166943813293984,0.00601966901106077,0.0223590840915847,0.020442216038403,0.0176846318995014,0.00748062622221118,-0.0299693251953124,0.00113276395226726,0.00697905215657748,0.0183174558798746,0.00145780825392542,0.00735499202531236,-0.0333193292942828,-0.00747684804256155,0.0201772000291811,-0.0190737737751271,-0.022122907030356,-0.0170031054026827,-0.00254487418616845,-0.0201651124871134,0.00985967515135587,0.000480574983121667,-0.0205299449191975,0.00552407240812449,-0.00132916190780986,-0.00668297741790973,-0.0143792444004483,0.0281776634514347,0.00699896091293696,0.0021349595226837,-0.00498061629873708,0.00036791484663157,-0.00586588786734246,-0.0080238941198995,0.0118433330882974,-0.00258318559357009,-0.013231803307848,0.00471769726910594,0.00674396505684417,0.00520544699758825,-0.00163361362070307,-0.000414505002900005,0.0227669132419279,-0.00411605997958547,-0.010006183567381,0.00443296975954709,-0.0114673485087211,-0.00143191753812347,0.00519574049160862,-0.0174897312426174,0.00344649753495353,0.00834545621665264,0.00773954384510907,-0.0261310986477072,0.0215225130236609,-0.00163747779926566,-0.0100632399564793,0.00056699355506331,-0.0195852562840758,0.0185903666508835,-0.00932852529723493,-0.00162832194880892,0.00838621472312543,-0.00545750064887676,0.0155907199142363,-0.0116324917219709,-0.00386473264378078,0.0110882874980558,-0.00813047934340279,0.000303096111249857,-0.00849499288083205,-0.0243586855724615,-0.0104063098336587,0.0114799458045862,0.00642766830243814,0.007325606082605,0.00528143239258952,-0.00546856425184733,0.0046667179109807,0.00638725792718822,-0.0140637151226224,0.0055095150420432,-0.00365480492620348,0.00530328426889698,0.022371436858262,-0.013789738714934,0.0157062055855554,-0.0122137252693391,0.00583501731317257,0.0112908959157272
"ZNF85",0.0244227753930485,0.0106368038039517,-0.0237979794595622,0.013232438727269,0.00546318948603714,-0.00297559118391405,0.016861349381825,0.0109635945231973,0.0286921453004934,-0.0185389408684218,0.0175109580448478,0.0065836404945888,-0.00507486101086448,0.0231593045070653,0.0315713830774146,0.00715953223586834,-0.0189566290884602,0.00894680611812458,0.0222587080797658,0.0115240937198114,0.0389998464674151,0.0275255715488266,0.0204258453460548,-0.0218506254805394,0.0308824106244959,0.0166647427790916,0.0261191642765994,0.019045577795278,0.00761904591792287,-0.00197703048438419,-0.0248674678087134,-0.0246905096538709,-0.00501744946996407,-0.0157881250615818,-0.00162123686954625,-0.0366314547600317,-0.0130748117927871,-0.0275059633996663,0.0138063332999074,-0.00111950415785124,-0.00341378748745997,0.00842919490554253,-0.00508398860457889,0.0224793849664951,-0.009513742808719,-0.00582344897929455,0.0139263152993729,0.0297761145101048,-0.0164501243422814,-0.00633623166311418,0.0100493907108715,0.00714135464078987,0.00721544542732846,-0.0366852811032878,0.0181390842150641,0.0182785280248482,0.0124710193323585,-0.0110788125839952,0.0148311894045177,-0.0334658166946943,-0.0079082145030912,-0.00994264143858612,-0.0137770413211551,0.00649454280281227,-0.0324787133883584,0.0190489842300842,-0.0131431144992879,0.0249287960111912,0.0150670477689642,-0.00857207804072004,-0.0464295699730675,0.0227602809691926,-0.0102297825453063,0.0245701641135612,0.0322381536279121,-0.0171673565460899,0.0041825729190441,0.0106291840671356,0.00200068102102782,-0.0295845887956309,-0.0111000164700111,0.00965164205218275,0.00083665757248853,0.0158818011047377,-0.00291673147498561,0.0156285900267266,0.00146929333020056,0.0156754881567246,0.00335149009844766,0.0325420176804785,-0.00415414872087369
"ZNF8",0.0322266996370961,0.0128199155463706,0.031938956174221,0.0463335965198154,0.0293794513950019,-0.0102495503695615,0.0156186903617052,0.000903848429240126,0.00739045330199495,-0.0400500111915962,-0.041345093784312,-0.0236941136367831,0.0356839630188236,-0.0476240184013163,0.0447128277621623,-0.00780901002373374,-0.0532823245437766,0.0108127592977997,-0.00775313934480092,-0.00950081428904277,-0.00988866484934492,-0.0403290303792265,0.0212388289834103,0.0231997883835097,-0.041343484179306,-0.00135633666707959,0.023372000877795,0.0352896131049239,0.0158973357480147,0.00928820696376222,0.0211501860789623,0.000183004340791092,0.00810240948640109,0.0442767929820922,0.0358661985848938,0.0473215394687624,-0.0141148598452027,-0.00542732009339079,0.0188096341114616,-0.0235230854417419,0.026713233924986,-0.00354694703743503,-0.0166662436009898,-0.00924450681257378,0.00500860911715425,0.0450438375962561,0.0111382417929906,0.000625476398125608,0.00377615333700122,0.0279131591936193,-0.00377572726977074,-0.0135513421870933,-0.011328240181427,-0.0308662822586832,0.00969814280340548,-0.00157919895153748,0.00692765776738763,0.0209911590454525,0.0182523381500759,-0.00851124721130842,0.0141626884895968,0.000334987769822631,-0.00415396185942651,0.0120887384830961,0.00782334032692097,-0.00559083496420149,-0.0273906656394794,0.0103032669446223,0.0314399825112197,0.0186209424092004,-0.0284641857778787,0.0135609619919248,0.0645916857555135,0.0316126383880598,-0.00176938164547947,-0.0162081717723495,0.000785840109368121,0.0502678440625941,0.00585273472544271,0.0350349929342421,0.0193780143130246,-0.00117881584494147,-0.0453119960833252,0.00396533553432749,-0.0121621072338951,-0.00372426721440376,0.0154930793017897,-0.0356004037034494,-0.00667621905735822,-0.0126584309711639,0.0163153330753834
"ZSC22",-0.00335950738872471,-0.00318133076191605,0.0114926550346091,-0.00209700378763573,0.00909835264208904,0.0127615453928097,0.000932421080853119,0.00176201515748085,-0.00711283444428963,-0.0167699553926106,-0.00485941689857958,2.00441172811538e-05,-0.0064244004791316,0.0152761898656842,0.00515193176932619,-0.00611912963905339,0.00569297511171496,0.00206321085157434,0.0139065462064357,-0.00933851781337779,0.00568508082932005,0.0108732821345588,-0.0012112638738383,-0.0172676175538874,-0.00981053900124972,-0.00703835283504802,-0.00479663406160988,-0.0123683328221552,-0.0131523020663545,-0.00203418280408587,0.00980765851872091,-0.0061232775531577,-0.00148424092129842,0.00958903125617652,0.01306327526783,-0.00564917908634964,0.0168309809709823,0.00302388136829612,0.0129497747759683,-0.0202898238098071,-0.020126276032888,0.0143762657669728,-0.0156584564536039,-0.00462876848558293,-0.0169970243792606,0.00130270340567452,-0.0229508000853369,0.00644421608093026,0.00880550393725999,-0.00073976259040388,-0.00913867792135842,0.00782502572859814,-0.00530407705112803,-0.00483926776478673,-0.00450459278413595,-0.0221027217487606,0.00391553447622344,0.00300634810292805,-0.00358731467973316,0.00094684398431397,0.00937591989919144,0.0147696275957515,-0.00620469603114178,-0.011146501519884,0.0140554700372632,0.0167318213418092,0.00853816046620866,-0.00415609517566582,-0.0210274061591059,-0.000390592232009349,-0.010286438817453,-0.00609544488925874,-0.00154216745987633,0.00371855856336763,0.0163439396562847,-0.00700422632568287,-0.0158438948287814,0.00293088584828559,0.00766529673135664,0.00696129712256311,0.0110364430481327,-0.0139557268158557,-0.0106960933767164,-0.0105436226554515,0.00673363379038137,-0.00915039310711094,-0.00447842362377552,-0.0149602664635467,-0.00900508899243439,-0.00428774371125594,0.00966644777159544
"ZSC31",-0.00198263800698198,0.00529475121855549,-0.00913310642453613,-0.0235678668777765,-0.00669396718099417,-0.00871614768287959,-0.0137630582472471,0.00358801143601262,-0.00586498294661993,0.00487499209749357,-0.000649128964825261,-0.0137415520523499,-0.00611123553504978,0.00216013792530102,0.00502853686174505,0.0156158449725697,0.00628745825063654,-0.00647519938584907,0.0154057403522931,-0.00841065896639694,-0.00665001410059077,-0.0135462355651154,0.0062839947810092,-0.00256883119504552,-0.0148013001721354,0.008225135727726,0.0201925798789504,-0.000783643222466971,0.00703468187338861,-0.00199278233024579,-0.00978314340095714,0.00121544095947813,-0.0240221498525848,-0.00178483841813227,-0.00465722642705932,0.0279810016388553,-0.00746075001362136,-0.0291771105865643,0.0101411157810509,-0.0209782450177435,0.00341214016495972,-0.00887108652077075,-0.000595129169604979,0.003121162814046,-0.0116301071154885,0.0007085378467604,-0.0120159579604254,0.0205030045976173,-0.00592313855263464,0.00254591578547822,-0.00842733081341313,0.0114758778205579,-0.00357362307543196,-0.0215033278736667,0.00848443521605675,0.0108918542887289,0.00750748415009179,0.0117930908363711,0.00244339316314095,-0.0209161478603441,0.0216510051829032,0.00586501983648884,-0.00548844146761747,-0.00683607604147186,0.00381359860657695,-0.0231031439145649,0.00703160318242443,0.00586283847067665,0.0323443844292482,0.00595987508834418,0.00616125465802151,0.0106303261557734,0.000501020837401011,0.00733043391643332,0.0170202154093218,0.00505681759939069,-0.00493470035734896,-0.0116280527882217,-0.0298171306017192,-0.00735362565068517,-0.0200490163700623,-0.00192502429174858,-0.00779239015850556,-0.00963324938076333,0.00747537380414082,0.016773770217866,-0.0183392453562349,-0.00460635995760555,0.00227966721092958,0.0132665867259365,-0.00678384624195825
"TFGroup_1",-0.01010866292957,0.0385639349276029,-0.0239781975980153,-0.00635121605196472,-0.0125605302662436,-0.00984347100837538,-0.0170074524598606,0.0131710989271853,0.0156087781505909,-0.000937247320090644,0.00309991824659253,0.0131948185228829,0.00533078562286922,-0.00357664294390774,-0.0299114120240386,0.00613492792333705,0.000389005908709094,0.000554350777741557,0.0137621087000949,-0.00183438854079818,0.0127756494601114,-0.0103416838962789,-0.00600966374638252,-0.0100223912914229,0.018437312143209,-0.00210691511352392,0.00364399625463521,-0.00941557797059463,-0.00226244807020659,0.013086402401114,0.0138926047813002,-0.00596683331854314,-0.00275278147907356,-0.00505423182223612,0.014807726544892,-0.00385116717322082,0.0160343140567329,0.0203217614086664,-0.00491757099958588,-0.0269307670209637,-0.00429781220790579,0.000872307543502377,-0.00413475410699223,-0.00183028388989192,-0.0189484182679791,0.0166115030291846,0.0164042386654752,-0.000779283517447099,-0.00809919772583205,-0.0109676450623734,0.00839115423008924,-0.0184075191281979,-0.00311217947156526,0.0149538649994281,0.038831632797786,-0.0101307847874302,0.0072675331780424,-0.00871426509223976,0.00891135065759706,-0.00958726529041947,-0.00945708310809273,-0.0136995748616479,0.012977553858836,0.00778509646621722,0.0116410034220451,0.00279082832212991,-0.0310770058894629,0.0171111674149665,0.03344903859632,0.000734252801012725,-0.00410692223981402,-0.0173705276925005,0.00382558125212464,-0.0188924630285086,0.00741472070709489,0.000264266368657035,-0.0125763837480186,-0.0154697714616055,-0.0110096990939421,-0.00465253774330261,-0.00681513452270889,0.0010570235641058,-0.0104098172292346,0.00592055848405429,-0.00825074152125451,0.000665418173018663,-0.000654853379947963,-0.00663622728401739,-0.00470972858375254,0.0104693826273431,-0.000912457446969453
"TFGroup_2",-0.0129732864055027,0.0183843626710292,-0.0137818526438139,0.0330164993298888,0.0135563276922658,0.00160465113349672,-0.0291536718698352,0.0149396823980112,-0.0259198294482735,0.0557223715748077,-0.047851118785253,-0.0849836457751156,0.0243187007021574,0.000948307377415798,-0.0155292938474009,-0.00787572433018669,-0.0359673483493887,-0.0234731221333539,-0.0220337451345569,-0.011704795942606,0.010367515798382,0.0475156572722074,-0.0457456435761126,-0.0119137447139951,-0.0352639986850043,0.0410675921890456,-0.0605694653271918,-0.0392813915327867,-0.0177965360317771,-0.0684934409589865,-0.0440300465612079,0.0507892735530608,-0.0264270434248179,-0.0318992163872244,-0.0148607029353319,0.00621174679375841,-0.00409616975166085,0.00205793854585878,-0.0027682594215235,-0.0150198653348341,-0.0731556381527136,0.00964349791962182,-0.0442911358034162,-0.0252373972573082,0.0161764299997801,0.0195699948044133,0.00266319117847205,-0.0126585332442513,0.00815683326888022,0.0571603847038915,-0.00574231279505193,0.0255490177796994,-0.0434599385369819,0.0206561124817918,0.00615789729479092,-0.0133124298009752,0.00837354780040792,-0.0215571105326193,-0.0158912706054346,-0.053961022950985,0.0300364878703096,-0.0185445229874748,-0.0147197700658831,0.0248551598768163,0.00918871186688763,-0.0295205441107613,-0.0339678328550638,-0.0356155745169248,-0.03924037786411,-0.0428810951950375,-0.00632918844154237,-0.0163202336353377,0.00720203761702969,0.0203256540936702,-0.0611276696878873,-0.0255380847982019,-0.0093999075876581,0.0112536221043079,-0.0619834658004504,-0.0216503345503559,-0.0374467863810933,0.0457783268533616,-0.0114323962568411,0.0125446862137101,0.0245698436986254,-0.026246127156691,-0.0180278941821478,-0.0437400445257496,0.0069606408290154,-0.00382672036447661,-0.0451091987426948
"TFGroup_3",0.134380414064022,-0.00261308122846209,0.0370200992990996,-0.0619576062417715,0.00422640801249653,-0.0306973518137345,-0.0120915701077373,0.00662041345682829,-0.0417604047875005,0.000996974000730599,-0.00244284792612187,0.0230250818495073,-0.0372631633998089,-0.00806583070691245,0.0131074469911036,-0.00245777291568862,-0.00440105423525101,-0.00802439850148681,-0.0379516632243398,-0.017343185157145,-0.0335972732636607,0.0119288375150686,0.00200857981270225,-0.0536200886039615,-0.0331150648992125,-0.0127170162597912,-0.0666540289285159,0.00807450348852355,-0.00703856455868041,-0.0518592969934275,-0.0380570078758226,-0.0653620969741956,0.00942485523316431,-0.0382722589319461,0.0241851303514966,0.0148706507375641,-0.0298505459534502,-0.0523924376381751,-0.0195455794770523,0.0331048884723744,-0.00123258310392509,0.0605278114185348,-0.0112605740604506,0.0264341943206664,0.0327082482250357,0.00799489589699706,-0.0021480357338282,-0.0277081622525511,-0.0259558984500919,-0.033823318389454,-0.00804582303085016,-0.00280825203358443,-0.00593569090531877,0.00478796648739013,-0.0244864771494423,-0.0234046456633236,0.0423135395041285,0.00639281061748083,-0.0568263039651146,0.00094435441076018,-0.0181273768046469,0.00174552073970168,-0.0145846451534105,-0.0646488874347651,0.0250982671965359,0.0233314260424833,-0.0547770102066208,-0.0135718703239919,-0.000368294530857508,0.0271054403300643,-0.0284077044635168,-0.0155762451956503,-0.00140285095570944,-0.0426812463113699,-0.0445559898925919,-0.0251559395678166,0.0164831755989909,-0.0232118198622884,-0.0132801595349576,0.00550112686411523,-0.00628188136339884,0.0543570795419065,-0.0378943927735213,-0.0383534584259528,0.02339416290874,-0.0151911598140962,-0.00749658102187948,-0.0341427479927887,-0.0132172211019303,0.0331183625253592,0.0371543731971353
"TFGroup_4",-0.000490538719023467,-0.0211556072323999,3.89895660801978e-05,-0.00563767559237473,-0.0121416380448834,-0.0179277664348426,0.00505390750158871,-0.0211295454705483,0.00341990841769069,0.00640941794796707,0.0128585659836678,-0.02274735224613,-0.00672499192493512,-0.0303971762499394,-0.0115011645795638,0.00185670404600793,-0.00568726566916244,-0.00138989899680674,-0.0417539449611694,-0.0167941204811533,-0.00899358186827991,0.0329578614532133,-0.015589093664424,-0.012033534401037,0.000637653078858541,-0.0265147525495216,0.0277502391216373,-0.0199637967461345,-0.0131303712492206,-0.00395684233379591,0.00349823758479701,0.00293125792658095,-0.00657345552915824,0.00430991031379999,0.00183468814694739,0.0294102651595449,0.0061483608069292,-0.010961980554115,-0.0441610573984744,0.0204753523825614,0.028160238481036,0.0107749905682228,0.00904999636323332,-0.0281292904226942,0.0236421345742208,0.00964934788524124,-0.00583193724178038,-0.0283066013362208,-0.0289233198452703,-1.54669713499026e-05,0.010463375669362,0.0103681756307874,0.0104854736187261,-0.00598006505482273,0.00841932929569041,-0.00178353360394898,-0.022239284885855,-0.0150570391676972,-0.00526007141656457,-0.0034777228252892,0.00635020113425136,0.0230404078409274,0.0264584941564786,-0.0430520266526455,0.0370296690593169,-0.0293735183053469,-0.0139838741497395,-0.0390065110079058,0.0188529475615469,0.00253844166362139,0.0138917857298667,0.0110927492195662,0.0298763590924644,-0.0300964030240365,-0.0327963165892122,0.00828864183298258,-0.00627723173202955,0.030024579902968,-0.0236510704474905,0.00517503800320177,0.024236941156593,0.0430421452462624,-0.0183261679543695,0.000417740262779927,0.0389155886496935,-0.0189592372949199,0.00890666068696315,-0.00270466316955773,-0.00771122591090246,0.00354338609979051,0.0507322307960877
"TFGroup_5",0.00754736039698403,0.0144408763275472,-0.0115855582564925,0.00209877002928945,0.0282660402612123,0.0131437343015989,0.000428068539870542,0.0314982255415318,0.000262743165639655,0.00328277889523297,0.00953736542395923,0.00981620604906224,-0.00966879666827092,0.0145136007816065,0.00235565800898621,-0.0192651358534916,0.0124197364112026,0.00453263294140104,0.00776912070066676,0.00732585689073054,-0.0273150870995953,0.00167435164870028,-0.0204122720903665,0.00687411435133472,0.0124106266707195,-0.0257118151402491,0.00409139095601622,0.00110852405241302,-0.0110607053624827,0.012503125946543,-0.0238585695377374,0.00884883330176261,-0.00990074255593506,-0.0156541153384066,-0.0370800946116424,-0.00318337547594139,0.00365483003337454,-0.000371415504155899,0.00545129957493852,-0.0384500958519051,0.0135561363108378,-0.0158027126322956,0.0154604481823245,0.0127847504181508,-0.0125485073166912,0.00798979814784169,-0.0041086590551412,-0.00572560547933505,-0.00408644307037711,-0.0256310555647139,-0.00338567484494092,0.0263081046541989,-0.0214664340754863,-0.0143932717544684,-0.00104527282710226,-0.00850623954484359,-0.0235898618987583,0.00321298211820871,0.00294834930372211,0.012535460530059,-0.0110081607043479,-0.00757127896758677,0.00589595494609112,0.0029095611250358,-0.0398136416679743,0.00639702099315688,-0.0330618896751295,-0.0174463763017139,-0.0193468308719836,0.0101329347362964,-0.0031465330377626,0.0136753073914065,0.00636251731732889,0.0164250733192522,0.0177705856926817,0.00715032585819919,0.00316170701469308,-0.0044691773859442,-0.00651658900188331,0.00330919172194613,-0.00640950489532914,-0.0140388841409176,-0.00185255909546385,-0.00424589714837254,0.026035688024816,-0.0134202107849574,0.0215563414259668,0.0295217377116253,0.0261890500782548,0.0297531862321159,-0.0275550673188312
"TFGroup_6",-0.00261973578746982,0.0181001770638222,-0.00412231907606356,-0.0223768421388303,0.0173612431870762,-0.0112482493894518,-0.0222739708511944,0.0214997317713904,0.0195851444111077,-0.0105436047019552,-0.0158340520037641,0.00726697008027337,-0.0321319917279521,-0.00339064339622353,-0.0287465733531737,-0.042919585911549,-0.00869610188560741,-0.0272212160164523,-0.0244348738324884,-0.0361898952669644,0.00554477818206029,-0.0382556914285742,0.00687102848324228,-0.00256093065517807,0.0132204258298687,-0.00776518192909079,-0.0106587601679541,-0.00651161254225714,0.000254640680500714,0.0163122285144278,-0.032844348462312,-0.0182389451728973,-0.0113856160172212,0.00375797057637995,-0.00505446307717315,0.00427899217059446,-0.0481245759951605,0.0274044128009013,0.000911402219811121,-0.0295713533853785,-0.000494063556431079,0.0123061662572221,0.0196822368383491,-0.0134442035958257,-0.0115837109492861,-0.0107799096069361,-0.0256860079717213,-0.00751477432358645,0.0204954234152746,-0.00750492569162825,0.0101420437036054,-0.00182647247180285,-0.0115413216684364,-0.00515593645139772,-0.00463383498399692,-0.00308643169296265,0.000447555259247557,0.00430701401749936,-0.00851590100176708,0.0160733035470108,0.015068176993087,-0.0158802271114901,-0.0318243102124821,-0.00647326724114431,-0.00548043452545372,0.0036822553810036,0.00102863017507095,-0.0231687434183453,0.0215121715826852,0.00572337349961974,-0.0143674640664056,-0.000956652573368895,-0.00764617619127396,0.00408522304191847,0.00207468004635863,-0.0101435426927761,0.00230909248775288,0.0146620418435638,-0.0486939273993684,0.0104778626028683,0.0105263388601347,-0.0178787259891603,0.00632999906809134,-0.0245818755270789,-0.016370502783338,0.00323070795260395,-0.033053755290004,0.0153337959138479,0.0114012009354912,0.0185286651251596,-0.00161501685422865
"TFGroup_7",0.0313422448508355,0.0103150128401078,-0.00784827606907726,-0.00533750896250164,0.0544155445337095,-0.015302253800458,0.00729492888120798,0.00886983341187545,0.0456835279545778,0.0177992371309813,0.00778014188306566,0.0273073964817557,-0.0259474716589936,-0.064451327487937,0.0191551027477081,-0.0047099476756764,-0.0109815692157202,0.0388665817989076,0.0231919057279528,-0.00307250341494091,0.0547940167720873,0.0121336203304059,0.00204963328867412,0.00707868150758461,-0.0109364098936974,-0.0210473847299122,-0.0359130081958718,-0.00231149225024324,0.0303320324444168,0.0377436882536247,0.018965292810861,-0.00601401073171517,0.00579077107583336,0.0120389705029264,-0.0117285458026649,-0.013642125859317,-0.000614046149973459,0.0104849087141351,0.0214916971149412,-0.0250422525345664,-0.0114060563895747,0.0381135764045592,-0.0146551959687697,0.0309326441600132,-0.00127257197584765,-0.0189835980554177,-0.0307826101798334,-0.0174423070789242,0.0648143424903306,-0.0294723775737784,-0.01718799524985,-0.0402605447077714,0.0010397913751672,-0.043875043478551,-0.00438264349537477,0.0100284202796578,0.0314686763340948,0.0122424885177797,0.0417772970137302,0.0254837020416517,0.061126583926636,0.020740714690731,-0.0175654685243009,0.0465201587127981,0.00803739670611675,0.0300172419732491,-0.00686281500308077,0.00621245408788146,-0.023684917032733,0.0656348977971362,-0.0392072055620406,-0.0229788175796859,-0.0329125119832216,0.0140534645374136,0.0305777209710848,0.000495191245010996,0.00113974377013258,-0.0358395260904796,0.00114410699813564,0.0047538180880648,0.00168716836307778,0.0188828226552926,-0.00184671733510042,-0.000810315423633894,0.0349547454467547,0.00581070368687511,0.00590092829245224,-0.0216131118687574,-0.0399086284204391,0.038997957408779,0.0194745374609474
"TFGroup_8",-0.0239957773638103,-0.0139205592044824,0.000313184093167968,-0.0151095150669128,-0.0126509160885539,-0.00014816730588086,0.00019654220563805,-0.0163726607760019,-0.00417591240634285,-0.0163048113563011,-0.00355159689602012,-0.0101580989478796,-0.0148071211543219,0.0174070293592088,0.00218232415332148,0.000935486938761425,0.00695163293269404,-0.00707678770642271,-0.00601362436603113,-0.0126099998391153,-0.0319343111447583,-0.0247324610562751,0.00382325303077697,-0.0174764815828212,-0.00298234888813314,0.00186923942383269,-0.0101098700096183,2.32019082001358e-05,-0.0236429112862378,-0.00678513236130654,0.00705866083678701,8.69690036605338e-05,-0.00215278344029619,-0.0158617592394952,-0.00240380791242882,-0.00307189874139994,0.0244318729825943,-0.0238333066959717,-0.00755178352807032,-0.00310065492872464,-0.00838004070489663,-0.0202684128563398,-0.00273004788936807,-0.021811489676743,0.000333891950995986,0.0131974102986034,-0.00395651527931645,-0.00624075247714098,0.0294579982002722,0.00470049570205654,-0.0235256647995591,-0.00174731284403912,-0.0173009560601601,0.00435305271030919,-0.0176755606902473,-0.00327578239898264,-0.00876102661988897,-0.0265220670052506,-0.0218501806302854,-0.0010534912672136,0.00302558470614074,-0.0226301486199329,0.00467909362333626,-0.00951935809714519,-0.0118853075561767,-0.00287365342433651,0.0114568178082414,0.0132324181161942,0.00312784871358163,-0.0340184754636727,0.00639660358503455,-0.0244427580212529,0.00289991030550912,-0.00274160809595703,0.00757778696875427,0.000951400642786674,0.0118895190457823,-0.0194841877779801,-0.0214679382182898,-0.0106293642060048,-0.0134141922390218,-0.00519934901418526,-0.0106550553393444,-0.0123811546937383,-0.0135573015936514,-0.00270955623163207,0.00957679273170958,0.00974093255435613,-0.0154410404347738,-0.00989763813860045,-0.00604157937924177
"TFGroup_9",0.0155810942430669,-0.011224566591664,0.00845543992309061,0.00382801311838435,-0.00413622034413319,0.000244900831500365,0.0206181463452721,0.00168330414363136,-0.0082837372794228,0.0181706139185656,0.0101787203300053,0.00291871997928895,0.00359960832445395,-0.0270302644942362,0.0178004944856547,0.000560242132693233,0.00600069548815891,-0.00512031179729523,0.00278233206842327,0.0130796667995581,0.0100177207137735,0.0100762133819414,-0.00428112739572218,0.0123424792113621,0.0229217176170147,0.0132427092936945,-0.00211637261466481,-0.0166731665422652,-0.00347546519583962,0.00636587972680067,-0.00809555751494373,-0.000554658837935178,-0.000382910422096435,0.0112035788680757,-0.00850189518662221,-0.0055119374443649,0.0130813179248335,0.00890762026260952,0.00302801174331176,0.000766707876911566,0.0048043403424858,-0.00273900713720282,-0.0120785877204504,-0.00952493943479972,-0.00161406666221322,0.00667468392383355,0.00636623922869667,-0.0220494385204461,0.0133544322489409,-0.00379466292082671,0.00835450029654609,0.0112012169588707,-0.0243558170406626,0.0160085673280141,0.0150019757851315,0.012455777532445,0.0231921195257269,-0.0118263639983863,0.00410064959825576,0.0095119769108264,-0.000126435444843121,0.00234636993725319,-0.0120911924067673,0.0161302431913895,0.0095185286980408,0.0119034103937525,0.018975626234394,0.0104458211879703,-0.0125992596471567,-0.024148758212628,-0.00126727573410532,0.00100537350897256,-0.00550228105745889,0.0145271807090615,0.0122397069224337,0.0300438810191275,-0.00568729931433801,0.0171931120241731,-0.00285366529898316,-0.0166404510400012,0.00729382964372494,-0.00851161370891883,0.0212385701111056,-0.0109536037963496,0.00248490040896327,-0.007948928279395,-0.000298281508067541,-0.0166853720446153,0.0067570715352973,-0.0179629090871037,0.00127412398023138
"TFGroup_10",-0.0303295797827495,-0.0146634948199503,-0.0288062062408105,-0.0320772755275127,-0.0071274601125217,-0.00548209444082087,-0.0375067451489594,-0.0171058824670517,0.0170298416756213,-0.00218568046253596,0.00136551128383461,-0.010016381159961,-0.0202625446840085,0.0142612534789187,-0.00203562566126186,-0.00270548607635922,-0.0304265032554043,0.00879184017223741,0.00667244248053445,0.0039254617730028,0.00306286826736305,-0.0148801968711787,-0.00438783177159743,0.00751437171125931,-0.0222050763793794,0.0164319419809298,-0.0179833611074258,0.0119826966513533,-0.00876088400563309,-0.0196766221341786,0.00746847225984886,0.00168870185940054,-0.0348379868078888,-0.0153411768725214,-0.010215218631465,0.0133813429455117,0.00215263421588998,0.00496322427588505,0.00821656985550257,-0.0141255401347442,0.00182856870697923,-0.0120343377589479,-0.0514776657664303,0.00181385307175922,-0.0391780688774499,0.0225535207320136,0.0282324923407217,-0.00542547663586058,-0.00453952240749363,-0.00535131417217782,0.00978268801772108,0.0432140390067914,0.00811919300695736,0.00147134319772436,-0.0234062854985455,0.00264784049750249,-0.00403295044113369,-0.00406444408491669,0.00124352079415158,0.00372806923768849,0.029587964845253,-0.00741449263288177,0.00484109114566658,-0.0023576164573037,0.00145397584605361,0.0163796372012391,-0.030974685822717,-0.00297989413545887,-0.020119010253301,-0.00639396040963831,0.0184138177547138,0.00694403411029375,0.0161201797313279,-0.00637698803949559,-0.00561509714162335,-0.00714999091969849,0.00328219064014058,-0.000963228068293057,-0.0104824728601878,-0.00876295372063325,-0.0139251237938181,0.00957178711864751,-0.0161879621178316,-0.0246186658274095,-0.0110345197255164,-0.00893054677171984,-0.0072967468777459,0.00206384664645996,-0.00934956678120021,0.00278288429255861,-0.00708001652777151
"TFGroup_11",0.0183026550768236,-0.027133742206862,-0.0150778468834332,-0.0222944798093855,-0.00430091214810206,-0.0076151940992284,0.00262509979580162,-0.0112602429418009,-0.0158566472086973,-0.0045560420876127,-0.0371396424496399,-0.00583568235672012,-0.00155522501356106,0.020626471476603,0.0181633232125551,-0.0237890891879281,-0.0057765449937854,-0.00196244647006141,0.00753088294525919,0.00783173204843615,-0.0203394064437186,0.0255805984779653,0.0172176450283558,0.0184359289315694,-0.00324500940041702,0.00115310802675936,-0.00430474952553752,0.0109016158882619,-0.0243395420878316,-0.0326162597803077,0.00288926442720678,0.0150250528307967,0.00163391258973366,0.0077802763781466,0.0241064671788147,0.0224407148578618,0.016597706082538,0.00739599118501138,-0.00330210979505391,-0.00405378125798848,-0.0169712919083441,-0.0214169900675385,-0.00343320348980398,-0.00374316833644169,-0.0119910884347234,-0.0233359404056017,0.0125645441584829,0.00384295687840016,-0.0108998314952237,-0.0170309923153601,0.0241823094110727,0.02219601045479,0.0067615713583646,-0.0132351185012507,0.00199301042367527,-0.00246533888404348,-0.0117705313069161,-0.0100332234400848,-0.00705189427366226,-0.00292470343924846,-0.0044259548176947,0.0169982693258922,0.0143719138136399,-0.0126897223882654,0.0146744693756953,-0.0183679739840857,-0.00950431049852415,0.00144537942565254,-0.0223733605999891,0.0175542241093075,-0.0130897258503821,0.0014440154035711,0.000498954719073879,-0.00717329964919134,0.00194478753705367,-0.00667970586525621,-0.00999412830951877,0.000901630971381226,0.0123054388881312,0.0131127859796057,0.0133074692306258,-0.00435768873699281,0.0173223169469049,-0.00806113483833086,-0.022599082727228,0.00687573623492945,-0.00557180035216337,-0.0211350211199475,-0.0371246067532224,0.031498599813906,0.014786607443627
"TFGroup_12",-0.000678262815306817,-0.000170602818194347,0.00441619729070704,-0.0236395256002468,-0.0100580397105131,0.000226672828064573,-0.00818954370518791,-0.02126096570794,0.0138823237860015,0.00458457450916158,0.022685927735717,-0.0198606518638004,0.00498414107559453,-0.0254554552309797,0.00280148850388052,0.0221590800661971,0.0170951314970569,-0.0244999833578855,-0.0104830037770433,-0.00670402890460378,0.0039181446873088,0.0132542854226147,0.00305177125933998,-0.0169912285351911,0.0194117101092793,0.00162626590150842,-0.0170304587264501,-0.000363912067887593,0.0252829218375563,0.0276341815969281,-0.0235672434018475,-0.00130800112246674,0.00598140045416946,0.00661252501726378,0.012954393422283,0.018598460511156,-0.0145598573373604,-0.00220841787156687,-0.00267176268798191,0.0189342145407009,-0.00724604015980602,-0.0350902651576618,-0.00518004753420398,-0.00672054087341969,-0.0315004201952285,-0.00272984187173407,-0.0114053269651255,-0.0300145159119602,0.00565714703359977,0.0199806662392129,-0.0160043847208975,0.0289375797672886,-0.0170186210412814,0.00861817619448132,-0.00789990591569602,-0.00589280083826916,0.0183011893880274,-0.00195783384861517,0.0132388817027012,-0.016966132171828,-0.0228323543051414,-0.0144693347171174,-0.0213646901058041,-0.00551480395348763,0.01723734828701,-0.0242814938807568,0.00458271740147394,-0.0381811087622901,-0.0145716630262459,-0.00198675845598324,0.0117929625420296,0.00975111190394395,0.00661658753503009,-0.0135617921704823,-0.0108724939798326,0.0160349723260467,0.0147488248311334,0.00543077155463376,0.0270308207918768,0.00450431220288981,-0.00769093446946675,-0.0110430367188182,-0.0116435033170032,0.000397850605178455,0.0052969068894203,0.0016918790121098,0.00572237686696077,0.0190215701502789,0.0119386351213072,-0.0190501153642479,-0.0124685874440253
"TFGroup_13",-0.0293766970741503,0.0116538011803737,0.011720817791144,-0.0183221615796062,-0.0200281822132177,-0.00982935076986402,0.00753959683770054,0.0329277222198639,-0.00238397886134641,0.00492399963936405,-0.00551101704364369,0.025590363858024,0.0101379212155788,0.0103276632437726,-0.00529448134225099,-0.015377657411425,-0.0201705163139839,0.0062652432503279,0.0149467945860521,0.0168492050537123,-0.0113453956948357,-0.0315412584361223,-0.00756818491756006,0.0127960038145812,-0.0111746021700133,-0.0312551611186971,0.00588270460770246,-0.0156860860726794,-0.0130390995007426,-0.00538224142271765,0.000278977518251153,0.00421099185478249,0.0292472547994668,-0.00555160642916602,-0.00360962894895907,-0.0296776581371303,-0.000475904278034927,0.0275431975529188,-0.00373883100886289,-0.00891474319620043,0.00226839854557694,0.0259864554288328,-0.00906761364100414,0.00971703635746238,0.0478475882483157,0.0216582504274531,-0.0263407420517091,0.0205800776869242,0.000760488309888304,-0.054508341685886,0.0347522912022835,-0.00808258713398557,0.0115127449589736,-0.0170177810753131,-0.020074398284116,0.00230993040568101,-0.00345933212824125,0.0208477202483442,-0.0342662969078179,0.00323415138753573,0.00637658112897242,-0.00843594364896923,0.0315039417114916,-0.0129602285430396,-0.024490780649747,0.0141604644309609,0.0298862499710033,0.00598505450069105,-0.0124664998953168,0.0409230671601997,0.00566426669748039,-0.0220233891381702,-0.00983124396388027,0.0109064357308338,0.00822318536967875,0.00263324747655953,-0.0119851387371955,-0.0227452579667448,0.0115559681403818,-0.0221717168218603,0.0258670632191136,0.0195870873024802,0.0249247592438524,0.00434834307027574,-0.0161184177425326,0.0195819096075267,-0.0125448572766489,-0.0380187312067283,0.0013647621418354,-0.00934678167375534,0.00341443430270236
"TFGroup_14",0.00404959599843037,-0.0235054544782554,0.0194531083617493,0.0183374229470431,0.00198772863464467,-0.0119062588697607,0.0176151755047258,0.00442103983942706,0.0249430384195549,-0.0140270641464873,-0.00725957666290559,-0.00254355515876382,0.0243426854986767,0.0168045995786961,0.0238194828714611,0.0252607253007089,0.0227578266875371,0.0166956535323394,0.0324170314547975,-0.0145730657369121,0.00337007341153167,0.0246388257412546,-0.0026742769263056,-0.018711192403142,0.00916668560663689,-0.016426049803029,0.000301041960401376,0.0310117384666712,0.0133452663545188,0.000360536537987776,0.0222535709336285,0.0527152550774787,0.0112863649826591,-0.00526855534160611,0.0324858613639927,0.0169673839637461,0.052416729149238,-3.6006782211509e-05,-0.0106241074450522,0.00607842595738307,0.00912934208913115,0.0263367574808577,0.0104918466161853,-0.00401774123447236,0.00479682833445826,-0.0110216080627102,0.0138338098665091,0.00705324592237715,0.0146910791389327,0.0271832606422688,-0.00129904140919562,0.0541976719313215,-0.0107224992334464,0.0403020107410645,0.0184946739086089,-0.0233087909456842,0.00143174190143665,0.0189601502006359,-0.0060847053185779,-0.0101584624318062,0.00216529128350601,-0.00312296219450911,0.0281641643262166,0.024038654467789,0.00391173503749434,-0.00990068562015759,-0.0151262336593167,0.0140102448266702,-0.0175151131895199,0.0122429030977965,0.0280296039985574,-0.00948915578688976,0.0231759915591156,0.00353120718261632,0.00165742384887813,0.0431934013367677,-0.0338662468133984,0.0217125094847618,-0.00138554233129923,0.0257060073727005,-0.00545768475516119,0.0378802306145593,0.0233182850712896,0.0225185481286006,0.00602850571015913,-0.0115234190705868,0.0168429180447647,0.0113309226173165,-0.0367500472886253,0.0057651372748047,0.0269249219624753
"TFGroup_15",0.01071187844382,0.0129433990912608,0.00938055620078162,-0.0217486088859077,-0.00507206502257878,0.0039642270006124,0.0241931864481218,-0.0148866794144441,0.0079958998939885,-0.00342850380826577,-0.0094414606881786,-0.0159689628466628,0.0165589467718788,0.00449345598167124,-0.00192325562512426,0.00486332224565576,-0.003359155764163,-0.00935450435844603,-0.00496045182302431,-0.0022860956685601,-0.0135418753580354,-0.0105118802630118,-0.000659502063781056,0.00655287395489902,0.00631826096676107,0.0062146971479044,0.0190369567415231,0.0163970054341204,0.0229991165659034,-0.00339897878861827,-0.000763935667709308,0.0232313950417175,0.00317535042813221,-0.0176214840928751,0.0165379389612419,0.00186628159092667,-0.0102568940707767,0.0151981704762112,0.010057130078526,-0.0111771590714611,-0.000301172010471961,0.0140138643771541,0.00654109666441969,-0.0150265301184096,-0.00928373449224371,0.030840534980141,0.0173113018947373,0.00908458166443893,0.00406920652677362,-0.00634984590114163,0.00973287981807168,0.0192926499729265,0.018195797515486,-0.0197193569464037,0.00478545425339733,0.00191120634797882,0.0267308243668339,0.00971247349221727,-0.0019602549041348,-0.023515786635014,0.0256165835622609,0.021040478623505,0.0212129119685983,-0.017748562275081,-0.00833279974993236,0.0378010080737059,0.0215826323569378,-0.0167219154018467,0.0125738929782131,-0.00420882845579425,0.0137581974664189,0.00358881910513301,0.0316041524492389,-0.014514976963197,0.00781028116743608,-0.00471622898895125,-0.0256167244259058,0.0170675994033345,0.0145187611001594,-0.0044826229865253,0.0385816390946136,-0.00942194742478076,-0.00337361903139122,0.00165059349109539,-0.0112457861642091,-0.0207177032731044,0.00489149852075381,0.019812331040412,-0.00256979563642427,-0.00798338403882393,0.0069009284805624
"TFGroup_16",-0.0118349153174623,0.0505404746642673,-0.0251453371191411,-0.0170304813956287,0.00219210784331654,-0.00946959371130393,-0.0193571955608168,-0.000622575958097143,-0.015571115823363,0.00216319654316348,-0.0147227169472585,-0.00974749167211935,-0.0133985963381755,0.00207802257847418,-4.97503860817052e-05,-0.00678358197131997,-4.18761879090829e-05,0.000415169725368215,-0.0284193960481379,0.0350578080466949,-0.0133984367987462,0.0109190297257586,-0.0226668080496292,0.00541050057936317,-0.00493570177328704,0.00796694538104254,0.002727976657963,-0.0151405554423216,-0.0313167778708201,-0.00728843345324473,0.00097469305388133,-0.018557867393859,0.0017059546301453,-0.0335481128124599,0.000469273957749817,-0.017132251002722,-0.017835659754417,0.00741003865586058,-0.0301042024517076,0.0225606017855818,-0.00627546085531651,-0.0437596283965596,-0.00304591069665635,-0.0144834626727491,-0.0229750346788895,0.00640066594952016,-0.0160453292206628,-0.00866213941490963,-0.0117802887421853,-0.0114008829714604,-0.00846080571675864,0.0253274495211954,0.00110087072865885,0.00460654090044078,0.0251689573811022,0.0231237892345813,0.024572699813148,-0.00318281870331889,0.000543763834002117,0.0205177943486027,-0.000375633803070359,0.000758477268506361,0.0348430412159751,0.00517980992773262,0.00605589398986923,-0.0217894725873057,0.0239365250356638,-0.0146091605014453,0.0171229385495896,0.0175699038111591,0.0227120011898898,-0.00702264228059006,-0.0165560677223909,0.00599553060517003,0.00149373472709659,-0.0186955073576016,0.037730361331756,0.00819004124983373,0.0104132063073626,0.0224197101252375,-0.00844916079866346,0.0293536811765739,0.0112959950381106,0.00191221441414306,0.00116163821085342,0.00668064619827846,-0.0141299394643668,-0.0187275512903873,0.0182063898768849,0.0261204363807547,0.00379520590958269
"TFGroup_17",0.000559664478660013,-0.00789801354283232,-0.0193229443590395,0.0273150963382704,0.0210714964127788,0.0156611453768867,0.0460159040085134,-0.00842701898454724,0.00195149706605114,-0.00808935953419672,0.0109483921998489,0.00833730075567647,0.0142507831393303,-0.0162154050498712,0.00183571212090732,0.0118425483017791,0.0287397972030953,-0.0124299940804785,0.0147553530547372,0.0238481138912216,-0.0175317321390191,0.00920230787906686,0.0332225118513129,0.0147132220097159,-0.00287517557246024,0.0163170100288354,0.0231822421954703,0.00340135959580707,0.0159021152463286,0.0118003039210954,-0.0305910669679676,0.00453096640429637,-0.00388764032576561,0.0191383570488325,0.028198605412635,-0.00457871813524086,0.0470842800131572,0.00113468502246515,0.0179855640846033,0.000505943091763879,-0.0149781674868969,0.0186767390068503,-0.00463550312341953,0.0229228417915489,0.0103499677248079,0.0132523051289459,0.0314804480201574,0.0202539762912276,-0.0288323923959731,0.0084874138776102,0.0135911571633328,0.0218174851194945,0.0442111560610555,0.0262378774483843,0.014977713326435,-0.00175758323907176,0.00224622251141041,-0.0260499238690501,0.0207103563559377,-0.00398211686762009,0.0217075364993525,0.0274649359107909,-0.00745651781134614,0.012746761535936,0.0166569509023294,0.034871166529624,-0.00163752863633188,0.00767699055449209,-0.00964913874373041,0.0168160747500563,0.0304892399072036,-0.0241864735816164,-0.0125931684907661,-0.00614054542834593,0.00822746322747246,0.0391319787429157,-0.0248922127418295,0.000380496034149606,0.00213244663396487,0.0195318724890641,-0.0286567747127142,-0.0362068883399324,-0.0222912234194019,-0.00473475008103937,-0.0108653567058631,0.0214239561090498,0.00190887648406317,-0.00208467342325143,0.0220573108491442,-0.0289185296844523,-0.00336202131060522
"TFGroup_18",0.00348468293506007,0.0123621975469931,0.0204845727858155,0.0168876661955336,-0.00637897812084128,0.0237530763639801,-0.0539808340398074,0.0511038557670567,0.0150968242739394,0.0110577840426572,-0.0210119179763033,-0.00664359750436487,0.0167011421961314,0.0260238763329877,0.0145695850640176,-0.0181144294035389,-0.00107774627511929,0.0397991731162847,0.0108163746317923,-0.0279046078966399,0.0304017823560386,0.0201403335035899,-0.0262121376472928,-0.0150483033507791,-0.00392892071287813,-0.00329861567554772,0.0012354025571321,-0.012394332001181,0.00368174118023649,0.0182518870225954,0.0393135402643452,-0.00087328412813018,0.0325963134681355,0.0096467303151125,0.0430875552159369,-0.0173885795724672,-0.0120375279106056,0.0570233097209569,0.0105492650513023,0.00670944043941947,0.0122280242216976,-0.0256202823236751,-0.00351639556342819,-0.0103836030534154,-0.0146540896116487,0.000795825800679389,0.0138657441464767,0.0333144464998248,0.0620441000753651,0.00903540300564504,0.00496500122819933,0.00893746886555359,-0.0182789536706705,0.010664699819507,-0.00504165974274895,0.0342948334710459,0.00889782408090058,-0.00474154763208604,0.0105115737474318,-0.0104979288843962,0.0201773734491058,0.00119642642437997,0.0409914891844709,-0.00755081495059915,0.0131598987590436,-0.0193971715047382,0.0207932066061928,0.0274031163771577,0.0313203965776948,-0.0197355546439458,-0.0206058147797014,0.0489377612638573,0.0168163214509994,-0.0191116276975168,0.00612928359668016,0.0177940663126554,0.0500749606487251,-0.00762933479013892,-0.00635198598801979,-0.0350459464556123,0.021072804974109,0.00153975910256774,-0.0279318478843192,-0.0341606383544007,-0.0168437946333856,0.013135306329336,-0.0564535886398807,-0.0297327764648555,0.0283319927287096,0.0316525925156233,0.0214438126231088
"TFGroup_19",-0.00923843237442002,0.000768601719853205,0.00349877052576254,-0.0168929030919824,-0.0352839876440642,0.0106173072811843,-0.014310548868679,-0.00863249778628393,-0.00395036516868354,-0.00118916802459357,0.00547654944100841,-0.0121004621020345,0.0154865413141797,0.00904778044997015,0.0161176011556155,0.00500879586969038,0.0224022458700208,0.00662744561229172,0.0106920543704118,-0.0104450503451578,-0.00405425287552777,0.0110016093783518,0.036638132879642,0.00954915738199637,0.0149510349395337,0.00175586662059679,-0.00982281156325431,-0.0207281619698468,0.00758100715348744,0.0100567760043438,0.0026862668724486,-0.0137171659411844,0.0114488125694551,-0.00744062638630049,-0.0032163332409618,0.0303260331953931,0.0187699563029103,0.0111963769364449,0.010274800937598,0.0255893082366912,-0.0118788084832319,0.0249156246263494,-0.00515659697765768,0.00115590868685645,-0.0155062978734322,-0.0109052842343295,-0.0144482217457178,-0.00227879326298328,0.00517306937217436,-0.00537548449518561,-0.0166095161594481,0.0122487548235916,-0.000508929998697319,-0.00462010064769044,0.018033775433568,0.030222597116669,-0.0199089800569946,-0.010570831750662,0.00719156240716934,-0.0125420915560354,-0.0123191984896829,0.00729757367720596,0.0253037626731075,-0.00417293723212356,-0.00173105240269758,0.0302588334421471,0.0292138553474148,0.00403320324805974,-0.00456641496696769,-0.0144424519074211,-0.027256293528453,0.00905726063838474,-0.0165663373131088,-0.00369287087243133,0.00118000418359047,0.0128689096146262,0.00297924449133342,0.00858893448959763,0.0135008443414365,0.0137834481836207,0.0193177449766967,-0.0152150163255907,0.00855647632857651,-0.00246508777931957,-0.0130238315516519,0.0296802731343399,0.015447876298164,0.00264850362204673,-0.00101740740008698,-0.00796413291870692,-0.0210151938837582
"TFGroup_20",0.0247064100605287,0.0194338343213828,0.0218998119319027,-0.0124367754833868,0.00774669414750786,0.011027545275213,0.0486230212376858,-0.00935363990759405,0.0137995797569432,-0.00830085088614347,0.00653818551266695,-0.00680989640176726,0.0106890113263937,-0.00529812325335098,0.0153362092371022,0.015006598883571,-0.0063441083409543,0.00345377387703234,-0.00299444655086421,-0.0208582473574528,0.00234453803485,0.0239191675065665,0.0155392486807096,0.00947171509345968,-0.00761604523618643,0.01257482293266,0.0162691823416834,0.00243042097088212,0.0313100471666511,-0.00230727995510371,0.0388165301239015,0.000524841878875346,-0.0239680300739559,0.00114072880128396,0.00913573672466093,0.00572326482012609,0.0195762374166421,0.0419178185598297,0.00699070397629034,0.0199810592973933,-0.00376116955324175,0.00881216024238619,0.0169593216943662,0.0117427866455653,-0.0182457845369644,0.00265088253764454,0.0230691067763573,0.0172660061671501,-0.0045967308973481,0.00184374310035992,0.0183350760277996,0.00336212488454629,0.00868492915260366,0.00223431215838692,0.0085940482676855,0.00056925261323886,-0.0173149617271465,-0.00653057529897803,0.00500401354561951,-0.0138281589644971,0.00443482308387644,0.0394680568354795,0.00186867407155772,-0.022114702669653,0.00499484981995259,0.0219861254166685,0.0416248940867156,-0.00542345237906222,-0.0259663978818742,0.00217041763948047,-0.000873807275401418,0.0137100595156462,0.0105854432104425,-0.0115354841778219,-0.0010032888246462,-0.00568402320879332,0.00562969283462262,0.00848079747081681,0.0252121358220603,0.0167100062089451,-0.00478793090594827,-0.0201287309159499,0.0171158584382997,-0.00934027269895883,0.0233979283471389,-0.00503536648805411,-0.0141016183668401,0.0202869874782682,-0.00210252682152355,-0.000394937974754333,-0.00653468346879955
"TFGroup_21",0.0257839103846466,0.000714585004289093,0.0220112363302461,7.32339533474127e-05,0.0281399398603091,-0.0158427084577708,-0.000802785477303406,0.00936532435408238,-0.000934380472258186,0.0142825190934341,0.00578389883372582,-0.00409034190787873,0.0101128439341334,0.018774180441988,-0.00758423083007291,0.0220099949871353,0.0112221222403764,-0.0181025705964325,0.0240486034121512,0.0376944057426307,-0.00460380504951414,0.0286212369477861,0.0304162848527942,-0.00932528142391304,0.0251548262596626,0.000727536571978559,-0.0362652825536222,0.0121284858232805,0.0212237708872511,0.00269761407310848,0.00797347339174584,0.0184266242490709,0.0185887040890452,-0.0188582566519022,-0.00676854481133382,0.00308054337024929,-0.0128419716198748,0.00273389201489574,-0.0010227967427808,0.0366126783706464,-0.00911573418363981,-0.011375439755598,-0.0114624852046693,-0.000101322003648573,-0.0524269008378475,-0.0131523512180051,-0.00448417697395672,-0.0232841049527156,-0.022791064971655,-0.00577347720931606,0.00234614314440342,0.0308111918979348,0.0122956212188913,0.0279992318742524,-0.00846506119216257,-0.0173887723963361,0.040038201139783,0.0169745031958156,0.00544687357905008,-0.00333812520727242,-0.0160912394556996,-0.00995415039203842,0.0135292777573858,0.0197415004332646,-0.0359250094891701,-0.0096784493056872,0.0456229143427104,0.0179483556442258,-0.0259092093563757,0.00518843919770802,0.0166691265044919,-0.0122351476493747,0.00852625165562837,0.0260506329459372,0.015651846485585,-0.00797185773569818,0.0450611460626131,-0.0178285122614936,0.0108930659404743,0.0159431287886096,0.00754335796489192,-0.00716489414536344,-9.24804829371229e-05,-0.00121829312743811,0.00676119971583038,0.00071295304421397,-0.0309866029420768,-0.0271696325201036,0.0204147978376373,0.000805887744956765,-0.00549773627613776
"TFGroup_22",0.00168636616583279,0.00577834337646242,0.00498897626995743,0.00579936242699335,-0.0130965605234638,-0.0122932530128041,0.00033793082932537,0.005689196705247,0.00457934690094027,-0.0180531361607439,-0.0118802678167271,0.00565045429964049,-0.0092463093221126,-0.00542576038188795,0.00921027725444276,0.0150286097378178,0.0210826835999507,0.00367889340935702,-0.00189817262876812,-0.0011881098833901,0.0122841650849386,-0.00824180185965302,-0.00624492763279349,0.0122542514580659,0.00244641825389815,-0.00240214477695001,0.00769270671319046,-0.00374002180931577,-0.013588984358362,0.0119053058512506,-0.0153698904180007,0.00838531709306669,0.00193272949257712,-0.00558260997856773,0.00217177808529115,-0.0010236811216451,-0.00248136682611901,-0.015527582981704,-0.0270338473539242,0.00455720873723862,-0.00989866954656637,0.00598740495940612,0.0267836286854975,0.00312468444439263,0.0124426132411975,-0.0139638870093862,3.22860549635699e-05,-0.00395046837236256,0.010358088045426,-0.0126838960127408,-0.0074233027592131,0.00735378315869569,0.010786062592231,0.0094113956452136,0.0252335501952547,-0.00609057675576771,0.0124153480289904,0.000812628859194386,0.00832436856238255,-0.0172179176338592,-0.0168763753067971,-0.00295837849984254,0.000718113596444453,0.000191908918727024,0.00899650515847024,0.0112971406938793,-0.000351113805457264,-0.0214754592837544,-0.0141846693686686,0.0151353154775661,0.0133640077880896,0.00339394297646525,-0.00843549514493697,0.00315982529398519,0.00304224570942581,-0.00505295293360907,3.73037209298763e-05,0.00218955432238674,-0.0144042424999611,0.00195701491235757,0.00409978978851193,-0.00238555645504502,0.00289139577025671,0.00477162703548344,0.0111831452831211,0.00801422511541779,-0.018934686871504,0.0110776744292708,-0.0010945204323948,-0.00586301730637599,0.00955986177002486
"TFGroup_23",-0.0133345304516157,-0.0066382700681409,-0.00258087030851533,-0.00462739685954279,0.00599941653283777,0.00681159862367927,0.03354385768637,-0.0192572104853712,0.00566372809483222,-0.00505578217770367,0.00738104447628408,-0.00386497569239273,-0.0183165416376085,-0.0238514805255843,0.00868089717966216,0.0170749858040683,-0.0124533583354406,0.00770881716780218,0.0102771204451326,0.022067688551276,-0.0142309882563223,0.0161240178684477,0.0242814691054629,0.00999039683780816,-0.00900651541998131,0.00556599503072418,-0.0216660502951514,-0.00814626825405337,-0.000169884338599009,-0.0039141388382518,0.0209421044199114,-0.00334221987148643,-0.0265875411762284,0.00990370005102112,0.00972199978349368,-0.0098368468844453,-0.0132402114465025,0.00347802777835953,0.00443410848675379,0.0231743005329898,-0.00708398621630844,-0.00310807869122669,-0.0046578871382787,0.00260423196008569,-0.00698649525154115,-0.00202810416028945,0.00370033835656117,-0.0152305608680809,-0.0383004657950693,0.0136087688436061,-0.0226918038001949,-0.00698905453701513,0.0178872325655739,-0.00365054790581944,0.00123504154828606,0.000131337592643711,0.01956860002694,0.00029944675516353,-0.00608031090118999,-0.000716325723149692,0.00732626752342584,0.0146273931323886,-0.00618647857174981,-0.0200775663945419,0.000866035089025917,0.0110595286608987,0.00202675807170621,-0.00491099321222784,0.000533057363079324,0.00650541239627716,0.0054979787377189,-0.0146427162744951,-0.00924019094867573,0.0141822893554824,0.0129649828142679,0.0071576474167077,0.0165775872900427,0.0207532690106942,-0.0147132366618053,-0.0183583267665963,-0.00535891148392965,-0.00869253816845495,0.00700993329965987,-0.00061693015646015,-0.00851993866001141,0.011420152052096,-0.00847764165453457,-0.0096348086357863,0.0157541620424156,-0.00428562275912901,-0.00463687016478952
"TFGroup_24",-0.0208456136516214,0.00445096080965167,-0.0221991163978459,0.0147015396915388,0.0162188458995708,-0.00676621193004337,-0.00323866948213882,-0.00402558165806933,0.00662354038333106,0.00170394413387533,-0.00714461948376944,-0.00102452037159329,-0.0265460193317109,-0.0089596658087486,-0.0172712304681037,0.0317329396180307,-0.0213357788565521,-0.00160827170564881,-0.0151341449606193,-0.0201657692820417,0.00260098526584527,0.0192263268765999,0.0211203067095296,0.00674195827716924,0.00717729338872012,-0.00313894357558393,0.00608172254028382,-0.00713254795246921,-0.0196199581124089,-0.00519507824500526,0.0132597798311995,0.0133873759559191,0.0119130685505075,0.0117886699616897,0.00337062126797451,-0.0055668295923215,0.00641225730633107,0.000487003518317761,-0.00606413874423137,0.00625523998655336,-0.0093615612915693,-0.0300136092649753,-0.0310219030308589,-0.0245501938429402,-0.0253118648390037,-0.00581833017557098,-0.0058786062668111,-0.00148707777098145,0.00030834963416362,-0.0100860873500249,-0.00834909151039221,0.00708684424955177,-0.00776913598064096,-0.00816765465538454,0.024917671372037,-0.0151643763506967,0.0220808469450215,-0.000690676927884489,0.0182451147374285,0.000191650444399115,0.00873294999341511,-0.0166577179404062,0.0072454192670237,-0.00823032867801479,-0.0132387274267335,0.00432223426309681,-0.00603228253163025,-0.0185231693021584,-0.000498147520712564,-0.00356435733582738,0.00604138843200939,-0.0164659320897967,-0.0107101970010157,-0.0102936462451299,-0.00402310170015071,-0.0138555910118651,-0.00921153168825226,0.00673847735879406,-0.00574562516135609,-0.0395270939703055,-0.0271684355714486,0.0110127114712477,0.023243945011524,0.0114267558480767,-0.00781687073491433,-0.0106614100252033,0.00103586476336935,0.00645688239743544,-0.0243648532002911,-0.0148118207824269,0.00590974370211153
"TFGroup_25",0.00660470858406285,-0.00598255316072019,0.0024842163068228,0.00653679764934357,-0.00149330701948,0.0113556011626548,0.0344449491022952,-0.0321521811063192,0.00959524715391865,-0.00747558888038699,0.000953170902588625,-0.0124236726989761,0.0057296880621389,0.00964824959394396,0.0257289931706513,0.0266836129777307,0.00725703320961744,0.00723390160799675,0.0243871306541219,0.0432576353580164,0.0287540124759638,-0.0102734298161925,-0.0371031794995718,-0.037456751699029,0.0094748110365332,-0.0030560137483957,0.00269969571080026,0.00183458031267695,0.0267252742301807,0.0145657091760151,0.00343481825002243,0.0475605467303525,0.0223781545687381,0.000807520903099559,0.0530773400606323,0.00706300647043662,-0.0113899666224899,-0.0372480412003722,-0.02299447290671,-0.0116320691631021,-0.000673599962605452,0.00774873352955498,-0.0250572457021103,0.00237068775047002,0.0324951831062531,-0.0105672186544069,-0.0204789111022403,0.017639486755826,0.0226612969011605,0.0171817275497429,0.00420155176324339,-0.0737278762372036,-0.0351025032037906,-0.0122563557697875,-0.0174793998511876,0.00553142155993608,-0.00928612543691424,0.0172821992420987,-0.0234597702708877,0.00425103703026083,0.007127421443904,0.0328513409558178,-0.00207448159391126,0.0277110196978255,0.0145220394261802,0.0179727050820565,-0.0163397919904677,0.0241574617779926,0.0675370699083556,0.0395750356000139,0.0316290847351813,-0.00360033804882426,-0.00529146448020539,-0.0149853528015067,0.0217668548808159,0.000782631525011482,-0.0212298737583721,0.00365000742363119,0.0209389967771132,0.0336897980733541,-0.0410807219036994,-0.027303335014313,0.0519650779472128,0.00383399870183466,0.00721969909526087,-0.0174758168563814,0.0214116654721218,-0.0455011575078021,-0.00268685972947844,-0.00420285457654326,-0.006047875848361
"TFGroup_26",-0.00296324229346129,0.0198637562478509,-0.0182309573922663,-0.0172132394761651,-0.0257011703619011,0.00355950505855514,0.0021040707068162,-0.000736138003091932,0.000768582901935191,-0.0144258339602842,0.00648590404220333,-0.0172563449538729,-0.00227154811996019,0.00488495101306937,0.00110895756129713,0.00221680835214262,-0.00199762765454256,0.00725571771775182,0.0266557504851126,-0.000550037581881557,0.00297659417968111,0.00557794149789902,0.00291932655324537,0.00144710942179173,0.0140675902618719,0.002391125253473,0.00734476053979114,0.0147829668277599,-0.00870869309776853,0.00777802716947264,0.00470538311617997,0.00623901580930876,-0.0182104820794367,0.00939597652152336,-0.000647657528403447,-0.00171103001167761,0.00939419463265671,0.00669865186809132,-0.0155187844929755,-0.0137454888474647,-0.00449069479050071,-0.00543717917779949,-0.0162642351761094,0.0174794041376919,-0.00291544974300078,-0.0189329362988946,-0.00666600089027514,0.00364296102634759,0.00723911346761711,0.00793151386234776,0.00755551085271576,0.0156501414745207,0.00230101791859993,-0.0198939491557106,0.00922041542348267,-0.000289099193646658,0.0107718950971168,0.0129680411389227,0.0145387399384515,0.0149139702462802,0.00752732665698444,0.0167478535624099,-0.0220999713762401,-0.00372945203068508,0.0159984526732794,0.0181328559899293,0.0125931183159547,-0.0102201953883948,0.00498630130896995,0.0251195652986692,0.00413711957266992,0.00565074960991402,-0.00314527597867226,0.019334931126754,0.0107320748282876,0.0251126707391515,0.00089063684302799,-0.0100150298287338,0.015180914733858,-0.00831806633959972,0.0114164853770163,0.0165787933346662,0.00143646968572715,-0.000446614963791417,-0.0110459888431657,0.0148197101290074,-0.0029144291093505,-0.0201152195948826,0.00701984600878563,0.00740111229344759,-0.00262263279202329
"TFGroup_27",0.0150692959325889,0.027552728409374,-0.00635962263091019,-0.0172407379743286,-0.02783160579499,0.027826749402154,-0.0153157031951869,-0.00358420255997441,-0.00291425327596585,0.000227277513629267,-0.0139928256146517,0.0141172934537467,0.00932064187613659,-0.0138433487624396,0.00424857265838472,-0.0133828988812461,-0.00846938451827974,-0.00617803070575927,-0.0145842790081163,0.00788083570184141,-0.0468702613134225,-0.0158493444269787,-0.011844448200258,-0.033655929762435,-0.0123076118371263,-0.00419281515955613,0.00939543869880526,-0.00145566263030928,-0.0104698785144672,-0.00979776760079573,-0.0102706622061384,-0.0629788009945806,-0.00377368870016329,0.0152961650128313,0.0255104229896751,-0.0287215179524054,0.0318575857664334,-0.0234719199895516,-0.00262822656826444,0.00210624591719543,0.00341757809784256,-0.00172301442266226,-0.0408333614766515,-0.0131121602990346,-0.034755611999193,0.00348394497697262,-5.26637088317457e-06,-0.0062451217373717,0.00618269990124803,-0.0360838499934571,0.0172702206811024,-0.0284043236398841,-0.0192048929749035,-0.0280235316910372,-0.0284846465082087,0.0218742695207934,0.0110242291446453,-0.00110008495208721,-0.0250650658274089,-0.0142166066399489,-0.00527141963892214,0.0179112300213995,0.0042582036688229,-0.00476698824663586,0.00755991899295945,0.0100839926135238,0.0104761602820325,-0.00689939695891563,-0.00506914710448545,-0.00126943716549184,0.012599786700802,-0.0072639534533207,0.026787475468537,-0.0362839505506654,0.0203596634203514,-0.0119932065778454,-0.0326217868474089,0.00820408769341361,0.0114716130480099,0.0171433869393658,-0.00619484142968745,-0.0167676190273299,0.0307295604294315,-0.0494669382042939,-0.0130276318725343,0.00763694927015367,0.00365288834348177,-0.00429465193634265,0.00452877229464488,-0.00508434700001589,-0.0187446026636187
"TFGroup_28",-0.0111114733797266,0.00941204175373184,0.0139410947239551,0.0100272712889531,-0.0207405193824447,-0.0221707578575252,0.0110306202160965,0.0230565051054246,0.00772588363679576,-0.0185608985541854,-0.00226812205243805,0.0261920822009809,-0.0276323696786307,0.00864513559108555,0.0126692685976839,0.00576983470571527,-0.041272863618587,-0.0129208635455716,0.00640214844511051,-0.00835545424893509,0.0114896266442453,-0.0213438431232651,0.00814883709232122,-0.0081065328174612,-0.0272132883665405,-0.0250043624614293,0.0110167395628322,-0.0189959602744621,0.00214713094949698,-0.0060884770947247,-0.00535110574643005,-0.0305037599276215,-0.00583854478781316,0.0111329038997427,0.00362165191668745,0.000194140732710839,-6.11777279338059e-05,-0.0200467124693866,-0.012817537300558,-0.0354791448438583,-0.00976170262027106,-0.012035092179191,-0.0179789289645379,0.0194044765435519,0.0173738361673466,0.00408890787354158,-0.0153716977165828,-0.0096763284331837,-0.00629786273594764,0.0194190065289155,-0.000306956607480181,-0.00117951370057039,-0.0135937365305309,-0.0145305547444925,-0.0154426333803804,-8.58783113413931e-05,-0.016726317932973,-0.000627460647190505,0.0240187680386224,-0.00562274696814359,0.0160103559831077,-0.00386727543115005,-0.0250318330325083,3.30134880556472e-05,0.0108573605190584,-0.0492006805947506,-0.00647210420601082,-0.034153614176002,-0.016292701363875,-0.00735522685047869,0.00767046026818861,-0.00622170285973155,-0.00888121366637749,-0.0348783125624398,-0.0142941657056837,-0.0195501276241234,-0.00463457151761762,0.00722574708764636,0.004070636727465,0.0178960474349751,-0.00301909660559098,-0.00976007815424634,-0.0379516132166323,0.00325902149191821,-0.0168819427026159,3.13211015183537e-05,-0.0158054531205658,0.010768307836494,0.00946451505781118,0.00417041559184241,0.00101534340303902
"TFGroup_29",0.0148291319709575,-0.00237207398469717,-0.0202865575285675,0.0226947927032037,-0.0153315769551096,-0.00206727217876586,0.0149936633330997,-0.0167466818341219,0.000208081665729389,-0.0116318673472364,-0.0241205201561363,-0.0297014182877466,0.0177838407718767,-0.0120325081804161,-0.00053067203953296,-0.00357937159783453,-0.000109283327430405,-0.00188249222295993,0.0199636827588981,-0.0138077131280783,0.00486733302723568,-0.00530302306311417,0.0202428928781295,0.00247212622028963,-0.0235035594856981,-0.0228476139021828,0.0167880088399868,0.0259029740950985,-0.011197705542508,0.0135585770765536,0.00821686765198675,0.0144978201809591,0.00549585432336293,0.000157260503559594,0.00319455718851551,0.0182451505408205,0.0137887656745023,0.0134307874068283,-0.0189041361771995,0.0187156107916659,0.00929533817047556,-0.00945242976100435,0.0122843003143637,0.044834686839786,-0.00238544695564576,0.00996221576602837,0.024118929632645,0.00166666764479207,-0.00148655342494353,-0.0206090557414431,-0.0255880096280934,0.0280171214002262,-0.0248698394664128,-0.0360298109201321,0.0187219894898893,0.0137629049904249,0.0137412421034594,0.0162465625251999,0.00637742822977774,0.00993628281814163,0.0148178676943011,0.0258630340463109,-0.00472344326845188,0.0312661302400664,0.00457936520432876,-0.0160693378760487,-0.00838707221228398,-0.0185636792437704,-0.033147484598197,0.0273807269972194,0.000613629066117049,0.015784843648372,0.0272404767267346,0.0192438985644193,0.00757432008072851,-0.0100990045365124,0.0144241652241402,0.0188331419429167,-0.031734868714369,-0.0224397983172712,0.0144636272772043,0.00739203185240341,0.017542337819075,0.013986837650376,0.00603743816108665,-0.0158856451863093,-0.024472106342668,0.0128261771250911,0.00283599964991501,0.0169735065311081,0.000303392355217091
"TFGroup_30",-0.0095715788327619,-0.0120668089664198,-0.00442766244116432,0.0182565169853118,0.0173252213614283,0.020851223568895,-0.0232792220510765,0.0116964680638878,-0.0166895346711193,-0.019330497589913,-0.0459150698526013,0.0116443810473244,-0.0194373571540448,-0.00723607109987551,0.0107857510184473,0.0110731250170199,-0.00302828110250304,0.0020275979121113,0.0344917966735649,0.00211472157935721,0.0289890811518693,0.00676011157046794,-0.0121526250579807,-0.00183048046803007,-0.00913899153849991,-0.00189550244178119,0.0203365166290303,-0.0109711369526693,0.0109252984362942,-0.0307447549292145,0.0152490222652678,0.0130838840657598,-0.0023396145415761,-0.0218348828360558,0.021272687588542,-0.00667665908090617,0.00842599415133018,0.0155174505696867,0.0165298080379893,-0.00874355215933453,0.00928203780682514,0.0030198213917763,-0.0296041747471931,0.0312209770667988,0.013211651646097,0.0258585114726351,0.0334530997971299,-0.0218322929350397,-0.0161037907016921,0.0102328474607395,0.000326483749573675,-0.00577348076569094,0.0111003628356623,0.0130408788565977,-0.013256499972841,-0.0196265495767619,0.000241420156967307,0.0131199625628032,-0.0519987770018037,0.0115702382290784,-0.0178524858531227,-0.0137334788869122,-0.00117204858767918,-0.0127982580834986,-0.00444115860725385,0.0089062585370959,0.00177230400538599,0.0149988759476527,-0.0253794647511674,-0.0168728452136012,0.0123467044624636,-0.00431984832879013,-0.0254636623934201,0.0323138349118462,0.0272352377594028,0.0339134523399542,-0.0251985354908637,-0.02749168103636,0.0194535975850892,-0.0124915561782234,0.0256891927149444,-0.0404156025563345,0.016056088103686,-0.0145606201774377,0.00402614332568895,-0.00494477296386332,0.0146092619659062,0.00582549118836323,0.020511777418331,-0.0240384351292185,-0.00744099811219958
"TFGroup_31",-0.00201481280222177,0.0329668628536188,0.00300154788040953,-0.0328043137244586,-0.0029529551625218,-0.0101677925250356,0.00286162448241036,-0.00332689794876398,0.0120673784134605,0.0156793572804498,0.0126985666542783,0.0038700852166903,-0.0295320393268933,0.0202599036897065,-0.016068129932114,0.00524329292472085,0.0197061001432763,0.0194211103457244,0.0207445603974005,-0.0164148518041873,0.0486279945766386,0.0345181558113985,-0.0160218894439833,0.00314356518054453,0.00974263140576695,-0.0228233710096566,-0.00670268777989054,0.0524916938462663,-0.010065738014259,-0.0151927094118654,-0.00572786989829815,0.0159258264573445,0.00473680265261242,0.0101690920298352,-0.0118691398688491,0.0468855047082217,0.0180080339600362,-0.00137010185456068,0.0125946150017385,-0.0135168436960501,0.0117581279581071,0.003584945735698,0.0166625240491556,-0.0143086365564276,0.00712468043471329,-0.0168974186393202,0.00412889521276129,0.0252546831503737,0.0278682740963529,-0.0135396272761774,0.0241165399656314,0.00951946293328071,0.00494139695641575,-0.0237410545429097,0.0314804067163972,-0.0178744140084797,-0.0262163558502695,-0.0315995180352643,-0.00319342946486556,0.0370635513671613,-0.0108817275098522,0.00135511888038136,0.0132815629573974,-0.00968873714866213,-0.0259387852004661,0.0060789251335733,-0.00325917348411091,-0.035045146880815,-0.0168253300321075,-0.00163489541305978,-0.0184241296342144,0.012356746271527,0.00955434303199995,-0.00422938477901899,0.00711301295515819,-0.0559341237138947,0.00859398700846211,-0.0202840912341028,0.00819352584659713,-0.00894049806598859,0.0171755748343565,0.0102097012836804,-0.0062159358592743,0.011000628474699,0.0165756531595912,0.0213749621311063,-0.00828723792103203,-0.00585197511814432,-0.00200025686726686,-0.0160883264455276,0.00527765364512183
"TFGroup_32",-0.0175741722193849,-0.0230686136345204,0.00908037618192227,-0.00119786592075933,0.00892920830536115,-0.00536468342012097,-0.0107036622810231,-0.000630994451816169,0.00770039642419189,-0.00726825154960138,0.0309425920298213,0.0014522808521978,0.00640942728658055,-0.0227041766037376,0.0372786993296901,0.01423457612691,0.0121156229578401,0.00219084464418241,0.00295611502196945,0.00282498431266449,-0.0183067419279828,0.00679354027132333,-0.0360347486385701,-0.00357166855454534,0.0221847237454564,-0.00361593350430014,-0.00865108628136883,0.0368458894912363,-0.0241843725477992,0.0191815694432912,-0.00673664521331061,0.0126383162203291,-0.00426311383387073,-0.0399712828849231,-0.0255746019454972,-0.0239947116902399,0.0120998447260662,0.0125968141949544,-0.0121079268473831,0.0447060425782852,0.0312046263182004,-0.0069718238457733,-0.015294641155555,-0.00706444851514267,-0.00870351039437776,0.0136742849473942,0.0281090735691909,0.00637932268342493,-0.0140306261811326,-0.0102157347794149,-0.0116845307612177,0.0257778924327438,-0.00904936530269528,-0.0186321063228832,0.0029285509818181,-0.0128695976618101,0.011047164646102,0.00604938397427671,-0.0386597796612942,-0.00874213788616318,-0.038893590166157,-0.0251431066666812,0.00922492438336092,-0.00302734247605703,0.00931399069634431,0.00167567539569831,0.0022001577685704,0.0114353708014246,0.00941988203601144,0.00768474260640252,-0.0134700013640119,-0.0212113892097293,-0.0167613744942799,-0.017705592817386,-0.0220581411730387,-0.0083528615926714,0.0159681278934317,0.0128841938041172,-0.00226361838059616,-0.0119975904354223,0.0195915191213047,-0.0134408267117832,-0.000242975510140301,-0.0268201468697708,0.0336604610934889,0.000765773678282679,-0.0117049724198847,-0.0240000770672345,-0.00877271222571682,0.0245561879430906,0.030491894913238
"TFGroup_33",0.00447021824009758,-0.00342658754720655,-0.0248127767907581,-0.00738040099249705,0.00909416400209524,-0.00249985908672343,0.00792237000721859,0.0136806426037803,-0.0049619100847842,0.00306370652623929,-0.0208742221509968,0.0128949152381149,0.00961085426461545,0.0337744811786673,-0.00919676134602989,-0.00289851178002252,-0.00336668311698149,-0.00334735901946362,0.00532911440715055,0.00258141974097555,-0.0125816559753581,-0.00259159743321946,-0.0156033382731163,0.00214420520191656,-0.00384506129009298,-0.000475018272335851,0.012282243254118,0.000656133764068759,0.00554187098005901,0.0190871515207592,-0.00180407421092371,0.00690485112322273,0.0201735263784524,0.0262193037302664,-0.0151672825031109,-0.00437495332636641,-0.0138227406453513,-0.00237362458372516,-0.0115578513000482,0.00527463868973431,-0.000119439489674199,-0.0130148658349575,0.0104125572492052,0.00516896703107379,0.00842926412290335,0.00781140067897659,0.0048951565488701,0.00657525217578697,4.19856943949484e-05,-0.00174735974801899,0.00707256681597144,0.00387328336600753,-0.000719653587522859,-0.00981306340835753,0.0274161433317716,-0.00594980893745362,0.0289746970426698,0.0267022588261109,-0.0104823783578857,0.0183639052813534,0.0111659155191875,-0.00577945920262541,0.0144589027301236,-0.00223264981736317,-0.00292073561017081,-0.00108172214342027,-0.0185419561176166,-0.00854710448751661,-0.00526294703299568,0.00193693640781015,-0.00194468067928793,-0.0026273498397392,0.0145202282000307,0.0175266286042429,-0.00202896298510693,0.0115275666627449,-0.00997169776135405,0.00866262803467396,0.0268698215108866,-0.022800807959181,0.0149830422169006,0.0141915646419121,0.0104088141651723,-0.0283536978441699,0.00251015041429193,-0.0101506518095654,-0.0122434300505394,3.83598400461872e-06,-0.0247877798927321,-0.012298443137051,-0.0203344169393219
"TFGroup_34",0.0412412559622156,0.00689116403666192,0.0224413956546971,-0.0269074253947723,0.0179592423831406,-0.0237109874165161,-0.0171345774237957,0.00853110440265976,-0.0483115206690185,0.0159831634139069,0.0134339825617093,-0.0121277560614722,-0.0206441511791539,-0.014264808146252,-0.0319273005033059,0.0111839649994052,-0.00508301954007811,-0.0274998421377316,-0.0273004712911834,-0.00500838706324436,-0.0125469030169636,0.00906379130109073,-0.0157367828492879,-0.0340536801455093,-0.0282679252601236,-0.0299826837744167,0.00585452845287799,-0.00910933932877031,-0.000645506951533578,-0.00586881117185287,-0.0416455949364248,-0.00254698692609719,0.0101579430743689,-0.0365089645047217,-0.0173079783256365,-0.00418712485827589,-0.0271383135893013,-0.0339619798859013,0.00757867838590609,0.0430224638779904,0.0165681177943642,0.0252906553528809,-0.0320914117074847,-0.00816297383611829,-0.0248396695786972,0.0321298534564789,-0.00208092459894874,-0.0163074074444395,0.00348345829335684,0.00859143022025418,-0.000735504853010669,0.00935160622725876,-0.0109553395570799,0.00838355197493082,0.00271042788214361,-0.0205139673534063,-0.0146611062095833,-0.0235894455768358,-0.00374464458273479,-0.00654869787052088,-0.0100953365043649,-0.0316948632715399,0.00441248675185371,-0.0163197896917176,-0.0232770098275778,0.00388658596000344,0.0277639624441543,-0.019948517412456,0.0404407497968352,0.0116134736034288,-0.0115041528032727,0.00500013961644747,0.00279494685238477,0.00908615398901619,0.00689397305122256,-0.0046939158963022,0.0146253574969784,-0.0190619999954449,0.0305702930691931,-0.0128210770692034,-0.0221689440031985,-0.0167780753463865,-0.00299563014611265,0.0158001208592588,-0.0194701156283626,0.0120842445377282,0.0272078408930751,0.0432087601096343,-0.0397487892617326,-0.0167738888853957,-0.0359663774826939
"TFGroup_35",-0.00904873747184042,0.00397368795790029,0.00560824723275904,-0.00661129238571649,-0.0115033693238795,-0.00886193963054116,-0.000806107083357514,-0.00919448367015623,0.0117783130523169,-0.00247195015196846,0.0163750863419124,0.000318537534574196,0.0160459846393954,-0.0144039853453955,0.00632447249055965,0.00721212799262998,-0.00720511668284155,0.010122457572301,0.00506869264958886,0.000705383882486666,0.0108054492310304,0.00507690521494532,-0.00316434010198391,-0.000722366219427806,0.0326839378307378,-0.0419800452870425,0.0043310056273001,0.00748992709186803,0.00160466348685758,0.0173653495453538,0.0336007388336306,0.013010102721981,0.0089773932561181,0.00845215326840596,0.015618749570846,0.00471006628939539,-0.0310727407176652,0.0311457390229995,-0.000680810841525754,0.0154891049876,-0.0504716794317435,-0.0161619644143728,-0.0212933776270337,-0.00491946828198141,-0.0118499479122252,0.0126961778705549,-0.0172399964079609,0.00970399690829616,-0.0212510872446053,0.0105243402363145,-0.0106888068080802,0.00465999098021396,-0.01500122044933,-0.0147655565854814,-0.000908597032971358,-0.00765186654672862,-0.027518905372691,-0.00521451709437799,-0.00798421962232565,-0.0190337159934533,0.0256186534756718,0.0194436275797806,0.00897415772175388,-0.00276965027565766,-0.0129379005567434,-0.00588795178491968,0.00122106007584,0.0166061918513403,0.017801385717356,-0.0243373990179891,-0.00730200324100095,0.0217305618719967,0.0170518095565561,-0.00687004940136673,0.021706435036676,0.0119285432490951,-0.0168272444150912,0.00613395461098994,0.0194223629394338,0.00357191919010584,0.00230970389190374,0.0186025770050712,0.0197021790458571,-0.002550314455592,-0.0165190545967546,-0.0129989581129451,0.00141609554365442,-0.00955264358451452,0.0266503684434894,0.025746075217282,-0.00624734115615013
"TFGroup_36",0.0161342084809059,-0.0106929936917166,0.021178699926318,0.0286121722155833,0.00893909812620213,-0.00290964161118332,-0.00419579472080896,-0.00948881630051113,0.00917410625315128,-0.00625376991136928,-0.00699408662797989,-0.0237486346023897,0.0216150058092778,-0.00869104571878985,-0.00794223124911565,-0.0382346177024841,-0.00149899033752132,-0.0252773096481382,-0.00775998822468319,-0.0241080000264525,-0.00787685030147047,-0.0173062450720403,-0.00141251026026064,-0.00411011733596012,0.0232631143154303,-0.00178628689801182,0.000818608277211042,-0.0331849386660463,-0.00875643829928504,-0.013291943397786,0.00548247381078092,-0.020235420093344,-0.0096289540933562,-0.0200471031763047,0.00930609490156728,0.0243441217426497,0.00148753600480426,0.00675380057799107,0.0153300159297866,0.0129956793045568,0.00951067966958752,-0.0219161486931329,-0.0213724525106749,-0.00821913284231598,0.039522357163748,-0.013840910279208,0.000297709602742384,0.00726468391756322,-0.00511241620790303,0.00908803443097617,0.00426348308347509,0.028188881773293,0.0176285148506351,-0.0121576345699226,0.0110711715322387,0.00555205176577983,-0.00737943850134414,-0.00478133248622388,-0.0150904799235041,-0.00530121654167659,-0.00544781427443218,0.0214952750242079,-0.00486346922847595,0.0158309101001002,-0.0110231188422187,0.00583980589559214,0.00664124629739188,0.0107732836370424,-0.00319888428308208,0.0079592668224159,-0.00372312131125994,0.00365218476378399,-0.0134629773445979,-0.00593430969770378,-0.0128141723528304,-0.0121488556303009,0.00432272738380085,-0.000565935232624091,-0.00920642833628729,0.00997595560722732,0.00429439908319614,-0.0113278910522716,-0.0130277412447411,-0.0160149113819809,0.0138149724779837,-0.0129713023585033,-0.021097624675134,0.00477542599543576,-0.0102208074853259,-0.00841166817018191,-0.0211777172413578
"TFGroup_37",-0.0167303689496136,-0.00993035090399784,0.0162390992234176,0.0217987049434232,-0.013037553452571,0.00885960349054861,-0.0143691776216818,0.0089147965416466,0.00711093295540779,0.0059616379141913,-0.00425805402861917,-0.00508287533957516,0.0233760682105512,-0.00104023854812922,0.0139896805130619,0.011673181516651,0.0192399880164368,-0.000634403919371984,-0.0040687743769907,-0.0147251806099352,-0.0129702416161011,-0.0187902675098465,-0.00612603691698098,0.00179393174516793,0.00355337796765851,-0.013645918590859,0.0132695699701857,0.0107287292940378,0.0112132831572785,-0.023824479503465,-0.00137781374611044,0.00326638288077423,0.00183916436924404,-0.0135221015407495,-0.00587306367242985,-0.0153066418495297,0.0211701434824963,0.00656571389757945,0.00715204959933976,-0.025735252801552,0.0013735488221126,-0.0100715367285286,-0.0127916336962606,0.0275800219165888,-0.0217293781662705,-0.00181859627540411,0.00417247551745605,0.00937301159509854,-0.00310561322713896,0.00327086225813398,0.00241563559373322,-0.00639925328935211,-0.0060753019737352,0.00223588200991147,0.0270527396624573,-0.00760363382109731,-0.0106568037523641,0.0170486425334202,-0.0105658181078345,-0.00872657830907087,-0.00336258730815599,0.0164601068193268,-0.00604587251029316,0.0224375896489116,-0.011487220892362,0.0384774565137395,-0.0233998437893001,0.0135613151102095,0.00920300771868969,0.00340979544061536,0.00636214681296535,0.00340012931762552,0.019006108396333,-0.0130137846899194,0.0124777052066603,0.0103122489748135,-0.0104941908475975,-0.019424538887829,-0.0129688243825303,-0.00592512795665161,-0.00509471467692327,-0.00106405485437453,9.90396306574115e-05,-0.00290256353398729,-0.015801435483471,0.0020513254434156,-0.0175720921532663,0.0148112125076713,0.0194647241653558,0.000427698304948567,0.00487901013460444
"TFGroup_38",-0.0132322985490117,0.0118102025385286,0.0121395921106684,0.0431738237811087,0.0277196433373869,-0.00756470512177053,-0.00101625352984129,0.000604979255630569,0.0122936559343923,0.0138708585414359,0.00472881423123006,0.0145969442250435,-0.0272470209225893,0.00209691861857936,-0.00911066276030549,0.00310174257267162,0.0295179196463644,-0.00125907009798211,-8.16745894571476e-05,-0.0153739854924138,0.0177108210697232,-0.0040355262460189,-0.00173755743915008,-0.00261480071361064,0.013226785338366,0.0104120616236083,0.00106831760657692,-0.0166661438179122,-0.00898673385683912,0.0203963613728092,-0.0201327312351283,0.00780713061332302,-0.0104842123026777,0.0183127545376342,0.00493309303455975,-0.0146616055615453,0.0198437069418934,-0.0295462918825507,-0.0131802224282925,-0.0243113581946979,-0.0181226901768165,0.0277699442033128,-0.0146237002693099,-0.014216946259041,0.00414516271078602,0.0160606111283418,-0.0228098029843676,0.0236834237462008,0.0208390926817536,-0.000790625202727013,-0.0229355209026741,0.0128037738417434,0.00672087472410185,0.00416199069922366,-0.00138994385471703,0.00480791449939308,-0.0336995310289114,0.000870092563346201,0.011954522114038,-0.0177604564064552,-0.0119488328891947,-0.0106678916098252,0.0256428556457425,-0.00323072629566031,-0.00347755553189895,0.0115776027290244,-0.0008460452017996,0.0199939442297509,-0.0122645655453765,-0.0116642219535568,-0.0321379771179495,-0.00532132831446098,-0.00801752281643548,0.019013139477793,0.0456920075264724,0.0149941037777525,-0.00684638454366584,0.0212960654175155,0.0313630750493043,-0.00233587333427393,-0.0190865418455035,0.00214119793052843,-0.0206429489882531,0.00415453699961931,-0.0243281113547877,0.0305724221377636,0.000112599777280699,0.00391231549091954,0.0177481457754455,-0.00854606114640412,-0.0075353859373473
"TFGroup_39",0.00912466518657189,0.00378165307355682,0.0197281135792736,0.0143976248215945,0.00498711736242001,0.0209473551433237,-0.00395418112314815,0.00552496186158804,-0.0043229473015698,0.00502629145564321,0.024224610949399,0.0187861554704556,0.00175109630980057,-0.0077370755595063,0.00807599057582643,0.01774485179209,0.030736312129035,0.00568990962876139,-0.000487288394041847,0.00526257266723627,0.00896818711567822,0.0246368539680057,-0.00745615534257855,-0.00926385847061175,-0.0243539811721725,0.0138507519841453,0.00339559395851578,0.00501083576868507,0.00460513206154426,-0.00400740862005787,0.0106247454536466,-0.0140406048412361,0.015361778611239,0.00389601178122591,0.00636704864726527,0.0318766639676283,0.0142500515454686,-0.00158711325580831,0.0354881478781384,0.0376678448954945,0.0262402119228647,0.0311680809379868,-0.0115777496024406,0.00152879483056485,-0.000885217046176898,0.00977080273846556,0.0346250213164722,-0.000928984055124191,-0.013797183815579,0.0109902125231822,0.00660714019890373,0.0189098968511947,0.00955766681538367,-0.0135683409333856,0.0195196055628553,0.0128031583997545,-0.024545411915664,0.00757014372724238,0.00797858657957195,-0.00593649737355168,0.000882262262212481,0.00298777321757119,0.0205756318882188,-0.0179208359648285,0.0156483241366737,-0.000285967057089387,-0.00449749705205306,0.0291501619652462,0.00470888160774434,-0.0184397239339226,0.0109311825538335,-0.00814616715023788,0.00481339485574904,0.00725657612676775,0.000602904811297793,-0.00439332152733938,-0.00807174485197324,-0.0320248415750049,-0.00573037124813448,-0.0172699538978565,-0.00118322964829049,-0.00544105691586865,0.0113631080176494,0.0266740786618873,0.0116158904029984,0.0221037205219866,0.00276124941714236,0.0228376566311588,-0.0279043593355459,-0.0143039605230648,0.00748224879567895
"TFGroup_40",0.00727247907211686,0.0135418052535947,-0.0110296034614483,-0.00629999189500901,-0.0105796192156509,0.00161040809856631,-0.00824457490858705,0.0263076879789219,3.99458091150436e-05,-0.0144986185223406,-0.0170308773661107,-0.0217343072616543,-0.000673407422295182,0.0107385134680056,0.00843626065272347,0.0146778649735987,0.0111030633749639,-0.0225534820698394,0.00857144369672743,0.00832355751164244,0.0282931716893522,0.0283154901533459,-0.00314318476529566,0.00622735357646729,0.0161330462767985,-0.00683644529630416,-0.0132622258212233,-0.0304898616096098,0.00440684883586097,-0.041265550527826,-0.01981761803011,0.00541611715981649,0.00376918005253365,-0.00658534902770148,-0.0104470445568073,-0.0130951072084195,0.0135840804085432,-0.01713156885626,0.0154096047039031,0.0217178021029614,-0.00649001250641483,-0.012745993004535,-0.0135398117907935,0.0058275436687992,-0.00720220495688618,0.00800264279137411,0.0208259704985745,0.000242284721749252,-0.0183162388796414,-0.00123934564260314,-0.00557973144968664,0.025445997643165,-0.0130950331834227,-0.00206718216825072,0.0133053605837673,0.00434997726109882,0.0150473016418744,-0.00405140683022529,0.0138759950112773,-0.00278263178233629,0.0335256445105646,0.0107001696695263,0.00100094011349372,-0.00473276441064594,0.0195085369466008,-0.0260264870974223,0.00154735533125322,-0.00418483333338105,0.0109691541468074,-0.00796429640665481,0.0353539280237879,-0.000714056563829401,0.00416325015184691,-0.0458377918144758,0.0222446285986093,-0.0129930084598057,-0.0134740289454958,-0.0257109132340442,-0.0480449504152108,-0.0309634311936154,0.0139234771267083,-0.0198262284532991,-0.0268916923030355,-0.0330640144204921,0.00984528436869869,-0.0438433337761133,-0.00649322599645479,0.00325353594369132,-0.0275267590859735,-0.00480863207938938,0.00105485317438513
"TFGroup_41",0.0190091313256286,-0.0151758927979122,0.00535054327476369,-0.0152673774929824,0.00194079331297945,-0.00031285389926412,0.00734235932238326,0.0058349296283999,-0.00304114440358075,-0.0122502697023927,-0.0104635934205017,0.00502115162523359,-0.00964432523869685,0.0302401864048551,0.00248508344682768,-0.0280827933999342,0.0208904452774635,0.00942572255218232,0.000260741594664726,0.0188150396300493,0.023817230952234,0.0105434499519374,-0.0117591517531284,0.00782307746217178,-0.00131503088040896,0.0155626016203222,-0.0217454873282158,-0.00153326859328177,-0.0309465836334564,0.00875722593811177,-0.0182069104168984,0.0273591435511713,0.0120592374348122,-0.00180483857266816,0.0115623518177485,0.00520214530538965,0.00889894015651871,0.0340044168008033,-0.00425008026994862,0.0208749581999608,-0.00578425612128772,-0.0127367313657332,0.015518742012001,0.000532133442448349,0.00464753730278221,0.011095555674852,0.00195872244164723,0.02920670652269,0.00892308560478263,-0.00844993874962209,0.021743942541261,0.00678815814338978,-0.0200570455190691,-0.0118913081908812,0.0296649637757872,-0.0032168637928274,-0.0192097733619056,0.00395831643598505,-0.0124890564035128,0.0116050381992638,0.00271989201692587,0.0170004401305703,0.00232370838350228,-0.0379143099606605,-0.000727105528788051,-0.0232572915056734,0.00501623903061268,-0.00863512440266845,-0.0184818447379629,0.00291295623576498,0.00924810619291049,0.00605309821161318,-0.00306193479477538,0.0192146296935825,-0.0217048969820679,-0.00727945641490104,-0.00763136767917168,-0.02984123686674,0.0148136428758144,0.0192466238880667,0.00997079795749841,-0.00947028104687781,0.00119663945240476,-0.00750651591019089,-0.00874439923299822,-0.00875723213334235,0.0151399912754685,-0.0148101088583482,0.0288866846849441,-0.014553853402376,0.00624074117989831
