"","ASCL1","ASCL1+KLF14","ASCL1+NEUROD1","ASCL1+NEUROG1","ASCL1+NR3C1","ASCL1+SIM1","ASCL1+TET2","ASCL1+TWIST1","ASCL1+VSX1","ASCL1+ZNF385A","ASCL1+ZNF547","ASCL1+ZNF660","ASCL1+ZNF776","KLF14","KLF14+NEUROD1","KLF14+NEUROG1","KLF14+NR3C1","KLF14+SIM1","KLF14+TET2","KLF14+TWIST1","KLF14+VSX1","KLF14+ZNF385A","KLF14+ZNF547","KLF14+ZNF660","KLF14+ZNF776","NEUROD1","NEUROD1+NEUROG1","NEUROD1+NR3C1","NEUROD1+SIM1","NEUROD1+TET2","NEUROD1+TWIST1","NEUROD1+VSX1","NEUROD1+ZNF385A","NEUROD1+ZNF547","NEUROD1+ZNF660","NEUROD1+ZNF776","NEUROG1","NEUROG1+NR3C1","NEUROG1+SIM1","NEUROG1+TET2","NEUROG1+TWIST1","NEUROG1+VSX1","NEUROG1+ZNF385A","NEUROG1+ZNF547","NEUROG1+ZNF660","NEUROG1+ZNF776","NR3C1","NR3C1+SIM1","NR3C1+TET2","NR3C1+TWIST1","NR3C1+VSX1","NR3C1+ZNF385A","NR3C1+ZNF547","NR3C1+ZNF660","NR3C1+ZNF776","SIM1","SIM1+TET2","SIM1+TWIST1","SIM1+VSX1","SIM1+ZNF385A","SIM1+ZNF547","SIM1+ZNF660","SIM1+ZNF776","TET2","TET2+TWIST1","TET2+VSX1","TET2+ZNF385A","TET2+ZNF547","TET2+ZNF660","TET2+ZNF776","TWIST1","TWIST1+VSX1","TWIST1+ZNF385A","TWIST1+ZNF547","TWIST1+ZNF660","TWIST1+ZNF776","VSX1","VSX1+ZNF385A","VSX1+ZNF547","VSX1+ZNF660","VSX1+ZNF776","ZNF385A","ZNF385A+ZNF547","ZNF385A+ZNF660","ZNF385A+ZNF776","ZNF547","ZNF547+ZNF660","ZNF547+ZNF776","ZNF660","ZNF660+ZNF776","ZNF776"
"AHR",0.986394977209318,0.959188045762339,0.947593649744214,0.858203599862535,0.993051074935235,0.772007302810176,0.926885262905832,0.997642323982606,0.930577212648737,0.996558119154601,0.887851368407572,0.932411114006156,0.808110935602451,0.654341107349383,0.690218123832744,0.900139948924108,0.984655622208857,0.919197738079447,0.99058315256204,0.964462440303351,0.999095159964312,0.989746800245068,0.979869908911865,0.981870829215656,0.855437225767489,0.932415533244285,0.961903178654453,0.927024010834999,0.971171435944564,0.930323575226432,0.872321472076047,0.931727212518015,0.590648534942937,0.969060379024855,0.480004660711642,0.969914650706507,0.992347904415653,0.939137124175805,0.998455946111541,0.928396465478573,0.984101290760488,0.973093972758853,0.897741372031196,0.940779924297115,0.987727777676184,0.960374117410912,0.979752278184448,0.967730046460774,0.994916494193982,0.987805594170962,0.991207470248358,0.955475932361871,0.945279690454232,0.995863965189804,0.989951536283013,0.875128632870572,0.980101264299953,0.94373717920042,0.943200499447946,0.985220766605989,0.988119328978891,0.993498234587533,0.971713762563523,0.984234806755631,0.828125732598122,0.997727503411322,0.967625088836332,0.995513768605802,0.837533470641984,0.938554408299007,0.951842670164933,0.789353606372548,0.995551743520484,0.947629768826814,0.951812089624309,0.764017040458086,0.947485018204864,0.853200179614868,0.989853021951562,0.969531158909843,0.923959889611315,0.985944647225575,0.927376362357255,0.980864821370429,0.991939704817908,0.969776309774944,0.98467220179463,0.776329152254369,0.944209149291317,0.9907628438926,0.935108385949834
"AIRE",0.8030304365275,0.918558571748293,0.947593649744214,0.882776828178774,0.993051074935235,0.862169762776936,0.887225347358921,0.997642323982606,0.718060221167983,0.958773310900584,0.7503237586522,0.932411114006156,0.643322495226575,0.917064180399411,0.557858377072272,0.949506220468213,0.984655622208857,0.988827490153761,0.99058315256204,0.964462440303351,0.999095159964312,0.997138591281569,0.966683700014475,0.922132358919962,0.864224625373813,0.941334919760945,0.961903178654453,0.515741305382486,0.971171435944564,0.832416887263578,0.706691613426751,0.595131478220257,0.95604505471307,0.888989789581778,0.711083290620083,0.969914650706507,0.980653365361323,0.939137124175805,0.998455946111541,0.736409133031386,0.984101290760488,0.973093972758853,0.897741372031196,0.753496079177978,0.874159508233338,0.941452796669749,0.689099331341797,0.963525285280965,0.93813155318891,0.987805594170962,0.991207470248358,0.955475932361871,0.945279690454232,0.995863965189804,0.996557313137602,0.89283439191589,0.980101264299953,0.967862150229712,0.943200499447946,0.985220766605989,0.897502908757806,0.895724072700526,0.971713762563523,0.984234806755631,0.796966248975514,0.988373260486589,0.993420796739225,0.995513768605802,0.997158043934157,0.879802883421171,0.951842670164933,0.756516230611391,0.995551743520484,0.923413972536273,0.951032514974819,0.984105140731236,0.910025526737626,0.73220640476532,0.958830339556458,0.985555626311404,0.966199786151759,0.985944647225575,0.850752105062305,0.980864821370429,0.991939704817908,0.0207642125852553,0.95472438465785,0.667777245297695,0.924987026071527,0.967808499556245,0.891203417926889
"ALX1",0.986394977209318,0.918558571748293,0.947593649744214,0.627978999586253,0.993051074935235,0.986613602878538,0.889317871289028,0.91963038371847,0.873041365671615,0.764536737001102,0.925056502501314,0.932411114006156,0.855835478562977,0.891881151001983,0.678702142174427,0.971622349604294,0.984655622208857,0.896053856368311,0.99058315256204,0.964462440303351,0.554565757409059,0.987202435367148,0.99861028621524,0.922132358919962,0.968556137812539,0.870124459667124,0.961903178654453,0.804517384501351,0.849853294715191,0.989411506709096,0.963210127184389,0.931727212518015,0.968076695185014,0.930264940558548,0.946968678098713,0.969914650706507,0.992347904415653,0.951415686704104,0.998455946111541,0.939540792300982,0.984101290760488,0.955353139927338,0.976983292818177,0.712915087106866,0.981435414634829,0.960374117410912,0.689099331341797,0.933659659758726,0.889599989420421,0.987805594170962,0.991207470248358,0.817578722873247,0.997173243351123,0.995863965189804,0.989951536283013,0.991391016425405,0.980101264299953,0.868032124474214,0.943200499447946,0.985220766605989,0.937858277435483,0.886175058394711,0.971713762563523,0.984234806755631,0.988606969494809,0.988373260486589,0.967625088836332,0.995513768605802,0.158283684438527,0.977752450733265,0.951842670164933,0.943685486849178,0.983856571317042,0.884768371037053,0.951032514974819,0.954622589913256,0.947485018204864,0.939762453475256,0.989853021951562,0.942073193346472,0.966199786151759,0.985944647225575,0.996972845579443,0.980864821370429,0.975802892495136,0.920386006799952,0.872313350506836,0.670946868740736,0.971134227676763,0.967808499556245,0.928722213024589
"AR",0.986394977209318,0.918558571748293,0.947593649744214,0.858203599862535,0.993051074935235,0.975669848239195,0.889317871289028,0.91963038371847,0.930577212648737,0.949766520754501,0.925056502501314,0.970620442968246,0.883810598180788,0.945867638026436,0.853472985768646,0.936494039408071,0.984655622208857,0.896053856368311,0.99058315256204,0.964462440303351,0.905341078644845,0.992891495012891,0.966683700014475,0.113729993921504,0.968556137812539,0.755603824572365,0.867261640870177,0.990835317716574,0.959103908760682,0.971166699519229,0.892981672115846,0.966887719653955,0.93412507262369,0.900047929772902,0.997838186600327,0.969914650706507,0.979470733537026,0.939137124175805,0.923715826230562,0.301248134749179,0.984101290760488,0.973093972758853,0.994856785333396,0.712915087106866,0.926596763669257,0.960374117410912,0.979752278184448,0.963525285280965,0.994916494193982,0.987805594170962,0.944637043169869,0.950789827633603,0.226664132397029,0.995863965189804,0.989951536283013,0.295611129976961,0.980101264299953,0.94373717920042,0.943200499447946,0.985220766605989,0.988119328978891,0.993498234587533,0.971713762563523,0.984234806755631,0.952264642081159,0.988373260486589,0.808798809581662,0.995513768605802,0.838078152409702,0.283329038291239,0.951842670164933,0.943685486849178,0.983856571317042,0.923413972536273,0.807475353179073,0.998527843996187,0.910025526737626,0.853200179614868,0.958830339556458,0.829628639674027,0.966199786151759,0.985944647225575,0.948136197820191,0.980864821370429,0.991939704817908,0.935476846939921,0.872313350506836,0.776329152254369,0.745502984670083,0.967808499556245,0.877202126153615
"TFAP2B",0.986394977209318,0.955536645654718,0.947593649744214,0.882776828178774,0.778770758581177,0.948233595053014,0.887225347358921,0.91963038371847,0.953848257280594,0.982515213128969,0.909801387584842,0.932411114006156,0.94601536840562,0.955385232066177,0.977171034548471,0.936494039408071,0.984655622208857,0.896053856368311,0.99058315256204,0.964462440303351,0.999095159964312,0.987202435367148,0.966683700014475,0.981724574081234,0.968556137812539,0.91038569613036,0.961903178654453,0.998649744589741,0.912861430142161,0.989411506709096,0.945299786231499,0.975436942380726,0.991006704850301,0.925478551320078,0.843355716130956,0.996155406685953,0.992347904415653,0.988363431031518,0.998455946111541,0.956925904413183,0.984101290760488,0.790016868729106,0.97280933616989,0.712915087106866,0.973521329204096,0.944204067695012,0.940134200304475,0.963525285280965,0.994916494193982,0.987805594170962,0.956271184721212,0.997165731888309,0.843813939541627,0.995863965189804,0.989951536283013,0.847966609292705,0.980101264299953,0.94373717920042,0.992781620769719,0.985220766605989,0.988119328978891,0.993498234587533,0.971713762563523,0.939880926321575,0.827387764319625,0.993037364522479,0.967625088836332,0.995513768605802,0.994352231413074,0.988351021619896,0.963356344155868,0.825240658574226,0.856719732472307,0.947629768826814,0.926024290590951,0.984105140731236,0.993983228952742,0.95924467874855,0.989853021951562,0.970650861857987,0.966199786151759,0.985944647225575,0.917617435568902,0.980864821370429,0.991939704817908,0.833186209210505,0.872313350506836,0.997877658438895,0.924987026071527,0.967808499556245,0.877202126153615
"ARI5B",0.986394977209318,0.918558571748293,0.947593649744214,0.858203599862535,0.993051074935235,0.975669848239195,0.887225347358921,0.91963038371847,0.953848257280594,0.958773310900584,0.763275188566716,0.950050933983112,0.94601536840562,0.91306812193664,0.900086747405105,0.936494039408071,0.375805144614732,0.988827490153761,0.99058315256204,0.980811879691301,0.999095159964312,0.987202435367148,0.99861028621524,0.922132358919962,0.997933630242087,0.91038569613036,0.959775506432681,0.990835317716574,0.867203769661487,0.971166699519229,0.883651697395464,0.991381662827845,0.590648534942937,0.605685250050286,0.997838186600327,0.969914650706507,0.992347904415653,0.939137124175805,0.998455946111541,0.987929856329299,0.984101290760488,0.973093972758853,0.970378111955257,0.712915087106866,0.926596763669257,0.960374117410912,0.891998642065472,0.963525285280965,0.994916494193982,0.987805594170962,0.944637043169869,0.955475932361871,0.628352613741722,0.995863965189804,0.989951536283013,0.991391016425405,0.980101264299953,0.94373717920042,0.943200499447946,0.914391465378166,0.988119328978891,0.993498234587533,0.971713762563523,0.984234806755631,0.952264642081159,0.997727503411322,0.808798809581662,0.995513768605802,0.994352231413074,0.942896136262876,0.951842670164933,0.756516230611391,0.983856571317042,0.945344609806112,0.953131549536696,0.984105140731236,0.993983228952742,0.867469368921638,0.989853021951562,0.755047141186348,0.986127848962059,0.985944647225575,0.917617435568902,0.92693009604249,0.991939704817908,0.935476846939921,0.872313350506836,0.989124790809404,0.916049579868679,0.967808499556245,0.877202126153615
"ASCL1",0.986394977209318,0.857118427113129,0.955682024539066,0.858203599862535,0.993051074935235,0.975669848239195,0.887225347358921,0.997642323982606,0.930577212648737,0.482537304052016,0.963984879962213,0.950050933983112,0.970193512070709,0.891881151001983,0.890695894789885,0.848033855232376,0.984655622208857,0.988827490153761,0.99058315256204,0.97217093391293,0.999095159964312,0.992891495012891,0.966683700014475,0.93055126899417,0.977310692522386,0.868944497042464,0.961903178654453,0.848625747459131,0.798844343793731,0.971166699519229,0.833677960467218,0.931727212518015,0.994612981236891,0.97948132666151,0.777947671182239,0.969914650706507,0.992347904415653,0.939137124175805,0.998455946111541,0.997997847662939,0.984101290760488,0.955353139927338,0.972142525306588,0.974870307697377,0.762235694310729,0.9794346231627,0.979752278184448,0.995799617109242,0.994916494193982,0.987805594170962,0.983423390456957,0.950789827633603,0.930781226207666,0.995863965189804,0.8970806034839,0.875128632870572,0.980101264299953,0.931723038101577,0.943200499447946,0.985220766605989,0.988119328978891,0.993498234587533,0.990377789705614,0.984234806755631,0.990399816545978,0.988373260486589,0.927483497932125,0.995513768605802,0.994352231413074,0.94492865281564,0.951842670164933,0.943685486849178,0.983856571317042,0.943067943867442,0.951032514974819,0.869079408436595,0.947485018204864,0.817956763979851,0.989853021951562,0.755047141186348,0.966199786151759,0.985944647225575,0.996972845579443,0.918584789434474,0.805596294455955,0.833186209210505,0.952341139891138,0.965604521605664,0.922349145792783,0.967808499556245,0.877202126153615
"ATF2",0.958351826760967,0.918558571748293,0.964400043150218,0.912772177471214,0.993051074935235,0.948233595053014,0.988019922718352,0.997642323982606,0.928678855198497,0.764536737001102,0.501325581683792,0.932411114006156,0.900595532413162,0.995765153644671,0.824120999749891,0.998004928307733,0.984655622208857,0.955838849966602,0.924508873658927,0.964462440303351,0.999095159964312,0.987202435367148,0.993738999500933,0.970275360856571,0.855437225767489,0.870124459667124,0.859849887819882,0.888928235018118,0.849853294715191,0.633549843002688,0.821106198683598,0.734873676098316,0.991006704850301,0.973673426164194,0.997838186600327,0.969914650706507,0.992347904415653,0.939137124175805,0.998455946111541,0.939540792300982,0.984101290760488,0.955353139927338,0.972142525306588,0.712915087106866,0.938061539016134,0.865066279168024,0.94929925807232,0.963525285280965,0.994916494193982,0.987805594170962,0.944637043169869,0.950789827633603,0.997173243351123,0.995863965189804,0.996557313137602,0.991391016425405,0.980101264299953,0.994749209792896,0.98060468249596,0.985220766605989,0.988119328978891,0.993498234587533,0.971713762563523,0.939880926321575,0.990399816545978,0.988373260486589,0.967625088836332,0.995513768605802,0.994352231413074,0.721753616177691,0.951842670164933,0.943685486849178,0.856719732472307,0.947629768826814,0.951812089624309,0.680097601573273,0.947485018204864,0.817956763979851,0.989853021951562,0.814157448429202,0.980485820987665,0.985944647225575,0.889028933304954,0.980864821370429,0.337343007888985,0.834928611303975,0.872313350506836,0.842022652564365,0.977477336389352,0.967808499556245,0.988972555586579
"ATF3",0.827699532857165,0.955536645654718,0.964400043150218,0.894719798089916,0.993051074935235,0.996779823236091,0.887225347358921,0.997642323982606,0.928678855198497,0.949766520754501,0.899257759075076,0.932411114006156,0.956511723574256,0.955385232066177,0.94463002416609,0.968262289607695,0.984655622208857,0.912915824917578,0.976825540948399,0.964462440303351,0.999095159964312,0.774122459290519,0.966683700014475,0.94622906769106,0.968556137812539,0.949251957459363,0.959775506432681,0.990835317716574,0.867203769661487,0.87709898306955,0.883651697395464,0.931727212518015,0.968076695185014,0.888989789581778,0.977987856692946,0.996155406685953,0.992347904415653,0.939137124175805,0.998455946111541,0.939540792300982,0.984101290760488,0.955353139927338,0.897741372031196,0.940779924297115,0.91866037840055,0.9794346231627,0.891998642065472,0.963525285280965,0.994916494193982,0.987805594170962,0.991207470248358,0.955475932361871,0.945279690454232,0.995863965189804,0.989951536283013,0.975295464341613,0.980101264299953,0.94373717920042,0.826773394066169,0.985220766605989,0.988119328978891,0.993498234587533,0.971713762563523,0.984234806755631,0.764794364519733,0.997727503411322,0.927483497932125,0.995513768605802,0.838078152409702,0.897284217012306,0.951842670164933,0.756516230611391,0.983856571317042,0.93889011080623,0.896431477873981,0.932152283580124,0.947485018204864,0.73220640476532,0.989853021951562,0.872573363450941,0.966199786151759,0.985944647225575,0.917617435568902,0.980864821370429,0.991939704817908,0.975081851317346,0.986321176674268,0.958040566620111,0.944209149291317,0.967808499556245,0.935108385949834
"ATF6A",0.975807092120632,0.955536645654718,0.947593649744214,0.882776828178774,0.993051074935235,0.975669848239195,0.887225347358921,0.945777343522167,0.962717795250748,0.764536737001102,0.91867951683344,0.970620442968246,0.94601536840562,0.908272047919019,0.94463002416609,0.936494039408071,0.984655622208857,0.919197738079447,0.924508873658927,0.97217093391293,0.929633209122209,0.989746800245068,0.99861028621524,0.981724574081234,0.977310692522386,0.870124459667124,0.961903178654453,0.990835317716574,0.974839881950641,0.971166699519229,0.915910460843573,0.991381662827845,0.989440142572617,0.635309724386798,0.786236788733452,0.977042438525314,0.992347904415653,0.939137124175805,0.923715826230562,0.989397892318536,0.984101290760488,0.973093972758853,0.897741372031196,0.987685121892081,0.981435414634829,0.474515425588148,0.994634615166526,0.980944817824441,0.949483512392294,0.987805594170962,0.991207470248358,0.955475932361871,0.953514749334272,0.995863965189804,0.989951536283013,0.889259977349343,0.980101264299953,0.94373717920042,0.943200499447946,0.985220766605989,0.988119328978891,0.996390105073579,0.971713762563523,0.984234806755631,0.984539072774321,0.997727503411322,0.927483497932125,0.995513768605802,0.994352231413074,0.942896136262876,0.951842670164933,0.943685486849178,0.856719732472307,0.923413972536273,0.951812089624309,0.861527499447664,0.947485018204864,0.95924467874855,0.989853021951562,0.829628639674027,0.848811464946946,0.985944647225575,0.850752105062305,0.859815782355133,0.991939704817908,0.935476846939921,0.872313350506836,0.997877658438895,0.922349145792783,0.967808499556245,0.928722213024589
"BACH1",0.986394977209318,0.918558571748293,0.947593649744214,0.858203599862535,0.9945355802403,0.98527159501344,0.967391868238628,0.91963038371847,0.953848257280594,0.958773310900584,0.925056502501314,0.932411114006156,0.987380461405402,0.820039256625232,0.890695894789885,0.884814099804975,0.984655622208857,0.919197738079447,0.924508873658927,0.964462440303351,0.999095159964312,0.992891495012891,0.99861028621524,0.728177284928313,0.968556137812539,0.998438460887743,0.961903178654453,0.990835317716574,0.971171435944564,0.971166699519229,0.988025054041144,0.991381662827845,0.94485800853194,0.635309724386798,0.711083290620083,0.969914650706507,0.992347904415653,0.939137124175805,0.998455946111541,0.736409133031386,0.984101290760488,0.973093972758853,0.970378111955257,0.940779924297115,0.874159508233338,0.865066279168024,0.940134200304475,0.963525285280965,0.994916494193982,0.987805594170962,0.944637043169869,0.950789827633603,0.830411362230537,0.995863965189804,0.996557313137602,0.707032154406999,0.980101264299953,0.875238341024357,0.943200499447946,0.792807302141648,0.988119328978891,0.820972523037983,0.971713762563523,0.939880926321575,0.94607437979749,0.988373260486589,0.927483497932125,0.995513768605802,0.838078152409702,0.942896136262876,0.951842670164933,0.982746517924501,0.856719732472307,0.798953509706559,0.951812089624309,0.954622589913256,0.989494596302615,0.994277989946841,0.989853021951562,0.969531158909843,0.966199786151759,0.985944647225575,0.850752105062305,0.980864821370429,0.991939704817908,0.862190992919273,0.872313350506836,0.776329152254369,0.745502984670083,0.967808499556245,0.877202126153615
"BATF3",0.986394977209318,0.857118427113129,0.985811857817238,0.886198572561906,0.993051074935235,0.975669848239195,0.895030492771348,0.997642323982606,0.39389683363809,0.855937101113342,0.909801387584842,0.932411114006156,0.797296895052693,0.908272047919019,0.853472985768646,0.956480716662847,0.984655622208857,0.944565801982959,0.885661743453292,0.964462440303351,0.999095159964312,0.989746800245068,0.979869908911865,0.403349479434371,0.997933630242087,0.755603824572365,0.961903178654453,0.804517384501351,0.974839881950641,0.786536603412103,0.892981672115846,0.595131478220257,0.968076695185014,0.888989789581778,0.813588541011079,0.996155406685953,0.979470733537026,0.943902969873867,0.923715826230562,0.891238879881393,0.984101290760488,0.973093972758853,0.897741372031196,0.79347948990467,0.987727777676184,0.941452796669749,0.744857049043214,0.980944817824441,0.994916494193982,0.987805594170962,0.684781226814021,0.955475932361871,0.945279690454232,0.995863965189804,0.341826901442125,0.875128632870572,0.980101264299953,0.983000213483043,0.943200499447946,0.792089126072693,0.715842819476998,0.78889778988139,0.971713762563523,0.984234806755631,0.952264642081159,0.988373260486589,0.927483497932125,0.995513768605802,0.994352231413074,0.52303784906316,0.951842670164933,0.756516230611391,0.995551743520484,0.985336614376918,0.951812089624309,0.932152283580124,0.947485018204864,0.714034902978655,0.989853021951562,0.985555626311404,0.966199786151759,0.985944647225575,0.917617435568902,0.988576864403412,0.991939704817908,0.683230408571876,0.884060705463468,0.989124790809404,0.944209149291317,0.9907628438926,0.988972555586579
"BATF",0.986394977209318,0.918558571748293,0.903459534520076,0.913428025833476,0.993051074935235,0.975669848239195,0.887225347358921,0.974350324288928,0.928678855198497,0.816409370817276,0.7503237586522,0.932411114006156,0.94601536840562,0.908272047919019,0.977171034548471,0.884814099804975,0.984655622208857,0.919197738079447,0.885661743453292,0.964462440303351,0.999095159964312,0.987202435367148,0.97242547511329,0.951917739402595,0.961654021584104,0.868944497042464,0.961903178654453,0.888928235018118,0.849853294715191,0.930323575226432,0.980510260083611,0.931727212518015,0.968076695185014,0.635309724386798,0.600345376170201,0.993660148751005,0.992347904415653,0.939137124175805,0.923715826230562,0.939540792300982,0.984101290760488,0.973093972758853,0.897741372031196,0.969433608866267,0.981435414634829,0.960374117410912,0.889284775996501,0.629514287079504,0.994916494193982,0.987805594170962,0.944637043169869,0.950789827633603,0.997173243351123,0.995863965189804,0.8970806034839,0.991391016425405,0.980101264299953,0.875238341024357,0.992781620769719,0.985220766605989,0.988119328978891,0.993498234587533,0.971713762563523,0.984234806755631,0.990399816545978,0.997727503411322,0.808798809581662,0.995513768605802,0.694275304398457,0.897284217012306,0.951842670164933,0.756516230611391,0.89685242700817,0.767439534039727,0.951032514974819,0.954622589913256,0.910025526737626,0.994277989946841,0.989853021951562,0.755047141186348,0.966199786151759,0.985944647225575,0.917617435568902,0.980864821370429,0.717663559060028,0.900799828836079,0.872313350506836,0.989124790809404,0.745502984670083,0.713139515438429,0.953551951183984
"BC11A",0.958351826760967,0.86838061988722,0.951128054882931,0.858203599862535,0.9945355802403,0.986613602878538,0.998238526493878,0.997642323982606,0.953848257280594,0.949766520754501,0.7503237586522,0.950050933983112,0.808110935602451,0.820039256625232,0.680816077394077,0.858662896639829,0.984655622208857,0.598513679415663,0.885661743453292,0.964462440303351,0.999095159964312,0.992891495012891,0.966683700014475,0.922132358919962,0.968556137812539,0.926234344654346,0.867261640870177,0.990835317716574,0.849739838477746,0.971166699519229,0.980510260083611,0.931727212518015,0.45143607105245,0.635309724386798,0.997838186600327,0.993660148751005,0.992347904415653,0.939137124175805,0.923715826230562,0.816074358054574,0.984101290760488,0.973093972758853,0.976983292818177,0.987685121892081,0.936869811603042,0.474515425588148,0.994634615166526,0.963525285280965,0.889599989420421,0.987805594170962,0.991207470248358,0.955475932361871,0.997173243351123,0.995863965189804,0.966600777938937,0.991391016425405,0.980101264299953,0.94373717920042,0.943200499447946,0.95918612091532,0.993033808220297,0.993498234587533,0.971713762563523,0.984234806755631,0.796966248975514,0.988373260486589,0.993420796739225,0.995513768605802,0.997158043934157,0.884443934087383,0.951842670164933,0.977578273618045,0.825090251741795,0.998054139239244,0.951032514974819,0.954622589913256,0.993983228952742,0.817956763979851,0.958830339556458,0.872573363450941,0.966199786151759,0.985944647225575,0.718019998895096,0.980864821370429,0.991939704817908,0.900799828836079,0.872313350506836,0.989124790809404,0.782392572355942,0.922804970496992,0.891203417926889
"BCL6",0.986394977209318,0.918558571748293,0.947593649744214,0.858203599862535,0.993051074935235,0.975669848239195,0.967391868238628,0.997642323982606,0.930577212648737,0.816409370817276,0.963984879962213,0.932411114006156,0.797296895052693,0.820039256625232,0.902524365553904,0.936494039408071,0.984655622208857,0.896053856368311,0.99058315256204,0.964462440303351,0.909477482001797,0.987202435367148,0.99861028621524,0.980555847524161,0.968556137812539,0.868944497042464,0.961903178654453,0.489137691861448,0.890885771992403,0.971166699519229,0.963210127184389,0.971715580363368,0.95604505471307,0.920000827565719,0.711083290620083,0.969914650706507,0.979470733537026,0.939137124175805,0.998455946111541,0.990644619335099,0.984101290760488,0.792516250845295,0.970378111955257,0.987684775359363,0.981435414634829,0.9794346231627,0.979752278184448,0.980944817824441,0.93813155318891,0.987805594170962,0.944637043169869,0.955475932361871,0.830411362230537,0.995863965189804,0.8970806034839,0.954002560392766,0.980101264299953,0.94373717920042,0.943200499447946,0.792089126072693,0.997602598092411,0.806674639479842,0.971713762563523,0.984234806755631,0.952264642081159,0.988373260486589,0.927483497932125,0.995513768605802,0.994352231413074,0.954072026083131,0.951842670164933,0.756516230611391,0.983856571317042,0.787750395087111,0.993877307497107,0.610979888946006,0.993983228952742,0.853200179614868,0.989853021951562,0.829628639674027,0.986127848962059,0.985944647225575,0.718019998895096,0.980864821370429,0.991939704817908,0.992208418615578,0.872313350506836,0.930459851039869,0.982621793928781,0.922804970496992,0.877202126153615
"BHA15",0.986394977209318,0.857118427113129,0.947593649744214,0.890434002618684,0.9945355802403,0.975669848239195,0.895030492771348,0.91963038371847,0.928678855198497,0.966210602314282,0.534342525749424,0.950050933983112,0.94601536840562,0.945867638026436,0.900086747405105,0.936494039408071,0.984655622208857,0.989686005750979,0.99058315256204,0.964462440303351,0.999095159964312,0.989746800245068,0.99861028621524,0.922132358919962,0.968556137812539,0.941334919760945,0.867261640870177,0.506595854820865,0.890885771992403,0.633549843002688,0.950846341471646,0.931727212518015,0.94485800853194,0.920000827565719,0.786236788733452,0.969914650706507,0.992347904415653,0.981746296754657,0.998455946111541,0.987929856329299,0.984101290760488,0.790016868729106,0.970378111955257,0.969433608866267,0.936869811603042,0.9794346231627,0.992568725159856,0.963525285280965,0.994916494193982,0.987805594170962,0.991207470248358,0.997165731888309,0.881261096143903,0.995863965189804,0.989951536283013,0.715244458134789,0.980101264299953,0.875238341024357,0.975628100573544,0.99595850940794,0.769610632207273,0.993498234587533,0.971713762563523,0.984234806755631,0.961148357082013,0.988373260486589,0.967625088836332,0.995513768605802,0.994352231413074,0.954072026083131,0.951842670164933,0.943685486849178,0.995551743520484,0.945344609806112,0.973872051721356,0.984105140731236,0.993983228952742,0.994277989946841,0.989853021951562,0.969531158909843,0.966199786151759,0.906467850775787,0.850752105062305,0.980864821370429,0.991939704817908,0.935476846939921,0.872313350506836,0.776329152254369,0.945888662884432,0.967808499556245,0.908688512828716
"BHE40",0.958351826760967,0.955536645654718,0.947593649744214,0.858203599862535,0.9945355802403,0.999025844814323,0.998238526493878,0.997642323982606,0.953848257280594,0.764536737001102,0.91867951683344,0.970620442968246,0.883810598180788,0.820039256625232,0.977171034548471,0.968262289607695,0.984655622208857,0.896124442536829,0.885661743453292,0.980811879691301,0.953499043165816,0.992891495012891,0.99861028621524,0.728177284928313,0.997933630242087,0.941334919760945,0.867261640870177,0.906843905634545,0.971171435944564,0.971166699519229,0.956060981147627,0.991381662827845,0.968076695185014,0.898654475256458,0.997838186600327,0.969914650706507,0.992347904415653,0.939137124175805,0.923715826230562,0.928396465478573,0.984101290760488,0.973093972758853,0.897741372031196,0.940779924297115,0.981435414634829,0.960374117410912,0.979752278184448,0.963525285280965,0.93813155318891,0.987805594170962,0.991207470248358,0.997165731888309,0.997173243351123,0.995863965189804,0.989951536283013,0.991391016425405,0.980101264299953,0.94373717920042,0.955833072545226,0.985220766605989,0.988119328978891,0.996390105073579,0.971713762563523,0.984234806755631,0.952064791775931,0.988373260486589,0.945103550952028,0.995513768605802,0.991792469067612,0.52303784906316,0.953067338383647,0.943685486849178,0.995551743520484,0.948192055419925,0.951812089624309,0.984105140731236,0.910025526737626,0.994277989946841,0.958830339556458,0.829628639674027,0.966199786151759,0.985944647225575,0.968354005074252,0.980864821370429,0.991939704817908,0.969776309774944,0.872313350506836,0.871476803854035,0.971134227676763,0.936463573939785,0.877202126153615
"BMAL1",0.751162201808141,0.918558571748293,0.947593649744214,0.912772177471214,0.993051074935235,0.877017025728669,0.887225347358921,0.997642323982606,0.95469595101347,0.764536737001102,0.763275188566716,0.950050933983112,0.94601536840562,0.91306812193664,0.94463002416609,0.968262289607695,0.984655622208857,0.896053856368311,0.953452099367271,0.996701287740998,0.999095159964312,0.987202435367148,0.979869908911865,0.922132358919962,0.968556137812539,0.998438460887743,0.961903178654453,0.990835317716574,0.890885771992403,0.971166699519229,0.963210127184389,0.991381662827845,0.991006704850301,0.991399620333799,0.631130417050721,0.969914650706507,0.979470733537026,0.939137124175805,0.998455946111541,0.928396465478573,0.984101290760488,0.790016868729106,0.897741372031196,0.981693541403064,0.954288989685055,0.960374117410912,0.909621433894783,0.963525285280965,0.994916494193982,0.987805594170962,0.991207470248358,0.955475932361871,0.997173243351123,0.995863965189804,0.989951536283013,0.248823128523077,0.980101264299953,0.94373717920042,0.943200499447946,0.985220766605989,0.988119328978891,0.993498234587533,0.971713762563523,0.939880926321575,0.94607437979749,0.988373260486589,0.927483497932125,0.995513768605802,0.838078152409702,0.52303784906316,0.951842670164933,0.583201469689591,0.995551743520484,0.923413972536273,0.951812089624309,0.954622589913256,0.947485018204864,0.994277989946841,0.989853021951562,0.755047141186348,0.966199786151759,0.985944647225575,0.917617435568902,0.980864821370429,0.991939704817908,0.952711007051769,0.872313350506836,0.776329152254369,0.924987026071527,0.923811556764168,0.988972555586579
"BRAC",0.986394977209318,0.955536645654718,0.951128054882931,0.922039140095142,0.980295511345863,0.996779823236091,0.887225347358921,0.997642323982606,0.930577212648737,0.764536737001102,0.763275188566716,0.841730689263341,0.94601536840562,0.955385232066177,0.902524365553904,0.832246088417449,0.984655622208857,0.896053856368311,0.885661743453292,0.964462440303351,0.999095159964312,0.992891495012891,0.966683700014475,0.922132358919962,0.855437225767489,0.941334919760945,0.959775506432681,0.927024010834999,0.971171435944564,0.804739738507393,0.892981672115846,0.931727212518015,0.989440142572617,0.920000827565719,0.997838186600327,0.969914650706507,0.979470733537026,0.939137124175805,0.998455946111541,0.928396465478573,0.984101290760488,0.973093972758853,0.897741372031196,0.712915087106866,0.955541211377767,0.865066279168024,0.693394732963571,0.963525285280965,0.93813155318891,0.987805594170962,0.807028690182921,0.997165731888309,0.997173243351123,0.995863965189804,0.8970806034839,0.895901755362368,0.99637896986578,0.94373717920042,0.943200499447946,0.985220766605989,0.7497988771464,0.993498234587533,0.971713762563523,0.984234806755631,0.984539072774321,0.997727503411322,0.927483497932125,0.995513768605802,0.837533470641984,0.52303784906316,0.996959494160813,0.935484273848612,0.983856571317042,0.945344609806112,0.926024290590951,0.954622589913256,0.993983228952742,0.817956763979851,0.970444926567044,0.998934248925388,0.923959889611315,0.985944647225575,0.850752105062305,0.997902016809773,0.991939704817908,0.765238549647428,0.987369304819005,0.670946868740736,0.971134227676763,0.967808499556245,0.983054176639238
"CDX1",0.986394977209318,0.955536645654718,0.951128054882931,0.894719798089916,0.993051074935235,0.975669848239195,0.887225347358921,0.997642323982606,0.910837365682611,0.998438430657813,0.747572794320273,0.932411114006156,0.636165367567905,0.917064180399411,0.931472389250484,0.998004928307733,0.984655622208857,0.896053856368311,0.99058315256204,0.964462440303351,0.999095159964312,0.992891495012891,0.966683700014475,0.981724574081234,0.961654021584104,0.962229815833229,0.961903178654453,0.990835317716574,0.890885771992403,0.633549843002688,0.941600681478244,0.595131478220257,0.968076695185014,0.844894401898285,0.997838186600327,0.969914650706507,0.992347904415653,0.939137124175805,0.923715826230562,0.816074358054574,0.984101290760488,0.973093972758853,0.897741372031196,0.902401571971446,0.705819151340182,0.960374117410912,0.994634615166526,0.963525285280965,0.997204979193665,0.987805594170962,0.944637043169869,0.997165731888309,0.930781226207666,0.995863965189804,0.989951536283013,0.875128632870572,0.980101264299953,0.868032124474214,0.943200499447946,0.985220766605989,0.988119328978891,0.993498234587533,0.971713762563523,0.984234806755631,0.961148357082013,0.997727503411322,0.927483497932125,0.995513768605802,0.694275304398457,0.920113644132705,0.951842670164933,0.909661133328779,0.856719732472307,0.923413972536273,0.571214101022942,0.680097601573273,0.989494596302615,0.994277989946841,0.989853021951562,0.998934248925388,0.966199786151759,0.985944647225575,0.889028933304954,0.980864821370429,0.991939704817908,0.904978707265322,0.872313350506836,0.997877658438895,0.971134227676763,0.967808499556245,0.887198376913101
"CDX2",0.986394977209318,0.918558571748293,0.947593649744214,0.912772177471214,0.993051074935235,0.986613602878538,0.887225347358921,0.91963038371847,0.889379123441693,0.93817955609897,0.467174043815802,0.950050933983112,0.797296895052693,0.859406716787664,0.853472985768646,0.968262289607695,0.984655622208857,0.598513679415663,0.99058315256204,0.964462440303351,0.999095159964312,0.987202435367148,0.99861028621524,0.816147961241814,0.997933630242087,0.917417898394893,0.967974607685349,0.878583723754828,0.971171435944564,0.845666167233936,0.963210127184389,0.931727212518015,0.867746027847679,0.97948132666151,0.991925607689165,0.977700076575794,0.992347904415653,0.939137124175805,0.998455946111541,0.928396465478573,0.984101290760488,0.973093972758853,0.972142525306588,0.981693541403064,0.981435414634829,0.941452796669749,0.994634615166526,0.963525285280965,0.994916494193982,0.987805594170962,0.991207470248358,0.950789827633603,0.945279690454232,0.995863965189804,0.989951536283013,0.952830969065486,0.980101264299953,0.918412842899986,0.826773394066169,0.985220766605989,0.988119328978891,0.993498234587533,0.971713762563523,0.984234806755631,0.913660504676599,0.988373260486589,0.927483497932125,0.995513768605802,0.991792469067612,0.988351021619896,0.951842670164933,0.982495431617448,0.995551743520484,0.767439534039727,0.926024290590951,0.984105140731236,0.947485018204864,0.853200179614868,0.99977270395882,0.755047141186348,0.966199786151759,0.923846529302968,0.850752105062305,0.980864821370429,0.717663559060028,0.935476846939921,0.929249134534264,0.964972303096941,0.922349145792783,0.967808499556245,0.935108385949834
"CEBPD",0.986394977209318,0.990788876036112,0.947593649744214,0.886198572561906,0.993051074935235,0.975669848239195,0.887225347358921,0.966982123206878,0.95469595101347,0.816409370817276,0.208715835172363,0.932411114006156,0.912888168749111,0.955385232066177,0.902524365553904,0.884814099804975,0.984655622208857,0.988827490153761,0.885661743453292,0.994192243629987,0.929633209122209,0.992891495012891,0.99861028621524,0.922132358919962,0.968556137812539,0.941334919760945,0.859849887819882,0.759734648702705,0.971171435944564,0.930323575226432,0.945694450754716,0.931727212518015,0.989440142572617,0.845371029054134,0.786236788733452,0.993660148751005,0.992347904415653,0.939137124175805,0.998455946111541,0.727127586352172,0.984101290760488,0.955353139927338,0.897741372031196,0.940779924297115,0.981435414634829,0.865066279168024,0.979752278184448,0.980944817824441,0.93813155318891,0.987805594170962,0.77854778780964,0.987966308019238,0.930781226207666,0.995863965189804,0.989951536283013,0.248823128523077,0.980101264299953,0.94373717920042,0.945147089959078,0.985220766605989,0.842673797375447,0.839487679001808,0.971713762563523,0.984234806755631,0.764794364519733,0.988373260486589,0.967625088836332,0.995513768605802,0.994352231413074,0.988351021619896,0.951842670164933,0.943685486849178,0.995551743520484,0.923413972536273,0.724626942566501,0.984105140731236,0.910025526737626,0.994277989946841,0.958830339556458,0.958037618985202,0.966199786151759,0.985944647225575,0.718019998895096,0.980864821370429,0.991939704817908,0.944837246949588,0.929249134534264,0.667777245297695,0.990686067311631,0.967808499556245,0.877202126153615
"CEBPE",0.986394977209318,0.918558571748293,0.947593649744214,0.858203599862535,0.993051074935235,0.948233595053014,0.991207753570725,0.91963038371847,0.996167998437485,0.904057163887509,0.925056502501314,0.932411114006156,0.94601536840562,0.859406716787664,0.902524365553904,0.832246088417449,0.984655622208857,0.988827490153761,0.924508873658927,0.964462440303351,0.999095159964312,0.989746800245068,0.993738999500933,0.87157187562469,0.855437225767489,0.926234344654346,0.959775506432681,0.990835317716574,0.965049162760353,0.633549843002688,0.915910460843573,0.931727212518015,0.946186152807806,0.995146945380728,0.631130417050721,0.969914650706507,0.951531118959614,0.939137124175805,0.998455946111541,0.939540792300982,0.994672346875472,0.792516250845295,0.97280933616989,0.940779924297115,0.91866037840055,0.459605369961206,0.979752278184448,0.963525285280965,0.994916494193982,0.987805594170962,0.944637043169869,0.950789827633603,0.997173243351123,0.995863965189804,0.945557852958026,0.847966609292705,0.980101264299953,0.875238341024357,0.943200499447946,0.985220766605989,0.993033808220297,0.993498234587533,0.971713762563523,0.984234806755631,0.952264642081159,0.988373260486589,0.927483497932125,0.995513768605802,0.997158043934157,0.721753616177691,0.951842670164933,0.909661133328779,0.995551743520484,0.909366557776252,0.926024290590951,0.93096191685287,0.989494596302615,0.853200179614868,0.958830339556458,0.755047141186348,0.966199786151759,0.985944647225575,0.850752105062305,0.980864821370429,0.991939704817908,0.683230408571876,0.872313350506836,0.925809503335287,0.924987026071527,0.967808499556245,0.953551951183984
"CLOCK",0.986394977209318,0.918558571748293,0.947593649744214,0.858203599862535,0.993051074935235,0.867640240592545,0.887225347358921,0.91963038371847,0.928678855198497,0.816409370817276,0.925056502501314,0.950050933983112,0.883810598180788,0.859406716787664,0.557858377072272,0.936494039408071,0.984655622208857,0.896053856368311,0.99058315256204,0.964462440303351,0.999095159964312,0.987202435367148,0.99861028621524,0.922132358919962,0.855437225767489,0.941334919760945,0.859849887819882,0.950068774159519,0.798844343793731,0.566350723337146,0.915910460843573,0.931727212518015,0.989440142572617,0.635309724386798,0.786236788733452,0.969914650706507,0.979470733537026,0.981746296754657,0.998455946111541,0.888827826239274,0.984101290760488,0.973093972758853,0.897741372031196,0.712915087106866,0.981435414634829,0.865066279168024,0.940134200304475,0.963525285280965,0.994916494193982,0.987805594170962,0.813731071600531,0.997165731888309,0.997173243351123,0.995863965189804,0.989951536283013,0.991391016425405,0.980101264299953,0.875238341024357,0.943200499447946,0.985220766605989,0.988119328978891,0.796758872246301,0.971713762563523,0.984234806755631,0.990399816545978,0.988373260486589,0.927483497932125,0.995513768605802,0.997158043934157,0.897284217012306,0.951842670164933,0.825240658574226,0.995551743520484,0.767439534039727,0.926024290590951,0.610979888946006,0.9886606986213,0.817956763979851,0.989853021951562,0.985555626311404,0.945734005081516,0.985944647225575,0.996972845579443,0.338614392454922,0.991939704817908,0.866790396744957,0.989762487092984,0.919674498578426,0.98027184418834,0.967808499556245,0.887198376913101
"COE1",0.986394977209318,0.918558571748293,0.947593649744214,0.973430754648277,0.993051074935235,0.741246657779455,0.887225347358921,0.997642323982606,0.928678855198497,0.958773310900584,0.877656019774204,0.970620442968246,0.94601536840562,0.820039256625232,0.921807066807273,0.936494039408071,0.984655622208857,0.972657693843207,0.99058315256204,0.964462440303351,0.999095159964312,0.608089543636139,0.479390379793244,0.981724574081234,0.961654021584104,0.926234344654346,0.961903178654453,0.990835317716574,0.890885771992403,0.786536603412103,0.956060981147627,0.931727212518015,0.991006704850301,0.888989789581778,0.997838186600327,0.969914650706507,0.992347904415653,0.939137124175805,0.998455946111541,0.597062914318808,0.984101290760488,0.955353139927338,0.897741372031196,0.969433608866267,0.981435414634829,0.991537372579938,0.94929925807232,0.963525285280965,0.994916494193982,0.987805594170962,0.684781226814021,0.955475932361871,0.793901871118511,0.995863965189804,0.973950377680205,0.89283439191589,0.980101264299953,0.918934037657244,0.943200499447946,0.985220766605989,0.988119328978891,0.993498234587533,0.971713762563523,0.984234806755631,0.765213594222044,0.988373260486589,0.927483497932125,0.995513768605802,0.994352231413074,0.974488655174102,0.951842670164933,0.756516230611391,0.995551743520484,0.945344609806112,0.951032514974819,0.932152283580124,0.917022638032017,0.853200179614868,0.989853021951562,0.829628639674027,0.966199786151759,0.985944647225575,0.917617435568902,0.980864821370429,0.991939704817908,0.765238549647428,0.872313350506836,0.997877658438895,0.944209149291317,0.967808499556245,0.935108385949834
"COT1",0.975807092120632,0.857118427113129,0.947593649744214,0.858203599862535,0.993051074935235,0.862169762776936,0.887225347358921,0.997642323982606,0.930577212648737,0.9370794450573,0.763275188566716,0.950050933983112,0.972372412032099,0.955385232066177,0.921807066807273,0.968293377603936,0.984655622208857,0.988827490153761,0.885661743453292,0.964462440303351,0.999095159964312,0.989746800245068,0.966683700014475,0.994809061065822,0.968556137812539,0.837802539368329,0.961903178654453,0.879235277290183,0.971171435944564,0.742009251142604,0.821106198683598,0.931727212518015,0.94485800853194,0.924149186515097,0.997838186600327,0.996155406685953,0.992347904415653,0.939137124175805,0.998455946111541,0.941771070860549,0.984101290760488,0.955353139927338,0.992321936713372,0.981693541403064,0.981435414634829,0.865066279168024,0.863217482417545,0.963525285280965,0.994916494193982,0.987805594170962,0.991207470248358,0.955475932361871,0.945279690454232,0.995863965189804,0.989951536283013,0.715244458134789,0.990229507272223,0.983000213483043,0.992781620769719,0.985220766605989,0.988119328978891,0.993498234587533,0.971713762563523,0.984234806755631,0.796966248975514,0.988373260486589,0.927483497932125,0.995513768605802,0.994352231413074,0.872894281320799,0.98202600847707,0.943685486849178,0.995551743520484,0.945344609806112,0.951032514974819,0.851438026673754,0.998521473926467,0.994277989946841,0.989853021951562,0.755047141186348,0.966199786151759,0.985944647225575,0.94483389264495,0.980864821370429,0.991939704817908,0.935476846939921,0.872313350506836,0.776329152254369,0.971134227676763,0.967808499556245,0.877202126153615
"COT2",0.986394977209318,0.946492455389491,0.947593649744214,0.823325093955788,0.993051074935235,0.996779823236091,0.887225347358921,0.91963038371847,0.989723031924473,0.735355093809469,0.909801387584842,0.932411114006156,0.535451931735225,0.820039256625232,0.921807066807273,0.936494039408071,0.984655622208857,0.979881374316928,0.99058315256204,0.920355565056829,0.929633209122209,0.987202435367148,0.966683700014475,0.981724574081234,0.968556137812539,0.949251957459363,0.867261640870177,0.990835317716574,0.960504018870807,0.930323575226432,0.892981672115846,0.991381662827845,0.968076695185014,0.924149186515097,0.997838186600327,0.969914650706507,0.992347904415653,0.939137124175805,0.998455946111541,0.711982551243605,0.984101290760488,0.973093972758853,0.897741372031196,0.940779924297115,0.955541211377767,0.9794346231627,0.956989203651413,0.963525285280965,0.994916494193982,0.987805594170962,0.991207470248358,0.950789827633603,0.954199709709445,0.995863965189804,0.989951536283013,0.532292601321141,0.980101264299953,0.94373717920042,0.943200499447946,0.985220766605989,0.993033808220297,0.806674639479842,0.971713762563523,0.939880926321575,0.764794364519733,0.988373260486589,0.967625088836332,0.995513768605802,0.994352231413074,0.942896136262876,0.951842670164933,0.825240658574226,0.995551743520484,0.884768371037053,0.926024290590951,0.954622589913256,0.947485018204864,0.994277989946841,0.989853021951562,0.958037618985202,0.966199786151759,0.985944647225575,0.936512098593421,0.980864821370429,0.991939704817908,0.76544097695829,0.872313350506836,0.667777245297695,0.971134227676763,0.873679236890789,0.877202126153615
"CREM",0.986394977209318,0.990788876036112,0.951128054882931,0.858203599862535,0.993051074935235,0.975669848239195,0.887225347358921,0.969007609935838,0.928678855198497,0.998438430657813,0.763275188566716,0.932411114006156,0.643322495226575,0.908272047919019,0.853472985768646,0.936494039408071,0.984655622208857,0.979881374316928,0.924508873658927,0.964462440303351,0.999095159964312,0.987202435367148,0.99861028621524,0.728177284928313,0.963200703005454,0.91038569613036,0.961903178654453,0.912103163739108,0.971171435944564,0.87709898306955,0.706691613426751,0.991381662827845,0.989440142572617,0.888989789581778,0.840607033495657,0.969914650706507,0.992347904415653,0.939137124175805,0.923715826230562,0.928396465478573,0.984101290760488,0.955353139927338,0.97280933616989,0.79347948990467,0.938061539016134,0.954205720106734,0.979752278184448,0.933659659758726,0.994916494193982,0.987805594170962,0.991207470248358,0.955475932361871,0.945279690454232,0.995863965189804,0.989951536283013,0.922695520939815,0.980101264299953,0.94373717920042,0.943200499447946,0.985220766605989,0.988119328978891,0.78889778988139,0.971713762563523,0.984234806755631,0.881819501550649,0.988373260486589,0.927483497932125,0.995513768605802,0.994352231413074,0.977752450733265,0.951842670164933,0.977578273618045,0.995551743520484,0.985336614376918,0.951812089624309,0.839969399663688,0.947485018204864,0.73220640476532,0.989853021951562,0.883167092599061,0.966199786151759,0.985944647225575,0.917617435568902,0.980864821370429,0.717663559060028,0.683230408571876,0.98467220179463,0.838995739643002,0.782392572355942,0.967808499556245,0.887198376913101
"CRX",0.986394977209318,0.918558571748293,0.947593649744214,0.991524320397964,0.993051074935235,0.975669848239195,0.887225347358921,0.91963038371847,0.928678855198497,0.991500311287459,0.763275188566716,0.932411114006156,0.535451931735225,0.908272047919019,0.977171034548471,0.884814099804975,0.984655622208857,0.896053856368311,0.934762985632508,0.964462440303351,0.999095159964312,0.992891495012891,0.966683700014475,0.970275360856571,0.977310692522386,0.870124459667124,0.961903178654453,0.990835317716574,0.971171435944564,0.971166699519229,0.872321472076047,0.991381662827845,0.968076695185014,0.605685250050286,0.997838186600327,0.969914650706507,0.992347904415653,0.939137124175805,0.998455946111541,0.989397892318536,0.984101290760488,0.973093972758853,0.897741372031196,0.940779924297115,0.913527926558366,0.852028155014214,0.994634615166526,0.963525285280965,0.994916494193982,0.987805594170962,0.944637043169869,0.955475932361871,0.930781226207666,0.995863965189804,0.838968135612738,0.991391016425405,0.980101264299953,0.967862150229712,0.987971775024644,0.792089126072693,0.988119328978891,0.78889778988139,0.971713762563523,0.984234806755631,0.952264642081159,0.988373260486589,0.927483497932125,0.995513768605802,0.446540754931279,0.925040483408238,0.996959494160813,0.982495431617448,0.995551743520484,0.945344609806112,0.953661874490153,0.954622589913256,0.910025526737626,0.994277989946841,0.989853021951562,0.755047141186348,0.966199786151759,0.985944647225575,0.850752105062305,0.6944715486381,0.991939704817908,0.975081851317346,0.872313350506836,0.997877658438895,0.924987026071527,0.967808499556245,0.928722213024589
"CUX1",0.809809486326279,0.918558571748293,0.947593649744214,0.922039140095142,0.993051074935235,0.975669848239195,0.88367369146303,0.91963038371847,0.953848257280594,0.955634836763734,0.909801387584842,0.932411114006156,0.662003664345096,0.931717377752509,0.972441509734175,0.884814099804975,0.984655622208857,0.93673982121198,0.99058315256204,0.964462440303351,0.909477482001797,0.987202435367148,0.966683700014475,0.994809061065822,0.968556137812539,0.998438460887743,0.959775506432681,0.990835317716574,0.892959582882801,0.786987221048278,0.963210127184389,0.700932621304939,0.989440142572617,0.894915791111121,0.786236788733452,0.969914650706507,0.992347904415653,0.948570921052244,0.925464255391329,0.928396465478573,0.984101290760488,0.910432528748897,0.897741372031196,0.940779924297115,0.981435414634829,0.994926066487553,0.727284339450923,0.963525285280965,0.994916494193982,0.987805594170962,0.944637043169869,0.950789827633603,0.997173243351123,0.995863965189804,0.989951536283013,0.889259977349343,0.980101264299953,0.868032124474214,0.943200499447946,0.985220766605989,0.988119328978891,0.993498234587533,0.971713762563523,0.984234806755631,0.881819501550649,0.988373260486589,0.967625088836332,0.995513768605802,0.994352231413074,0.898910800281423,0.998043045941511,0.87937097167422,0.983856571317042,0.948192055419925,0.951032514974819,0.844061969152551,0.951483178731206,0.994277989946841,0.989853021951562,0.985555626311404,0.923959889611315,0.985944647225575,0.996972845579443,0.980864821370429,0.991939704817908,0.935476846939921,0.98467220179463,0.931310338786536,0.856562203582703,0.967808499556245,0.908360961847712
"DBP",0.986394977209318,0.918558571748293,0.86653417787819,0.886198572561906,0.993051074935235,0.975669848239195,0.887225347358921,0.91963038371847,0.928678855198497,0.949766520754501,0.7503237586522,0.932411114006156,0.797296895052693,0.820039256625232,0.900086747405105,0.936494039408071,0.990717185731582,0.896053856368311,0.885661743453292,0.964462440303351,0.999095159964312,0.987202435367148,0.966683700014475,0.970275360856571,0.855437225767489,0.570456554185659,0.961903178654453,0.990835317716574,0.798844343793731,0.963248020596086,0.980510260083611,0.966887719653955,0.989440142572617,0.924149186515097,0.788486702023723,0.969914650706507,0.992347904415653,0.939137124175805,0.998455946111541,0.990644619335099,0.984101290760488,0.973093972758853,0.897741372031196,0.940779924297115,0.762235694310729,0.960374117410912,0.994634615166526,0.963525285280965,0.994916494193982,0.987805594170962,0.944637043169869,0.950789827633603,0.804534740815082,0.995863965189804,0.989951536283013,0.0293087117809216,0.980101264299953,0.94373717920042,0.943200499447946,0.985220766605989,0.999083283521616,0.993498234587533,0.971713762563523,0.939880926321575,0.913660504676599,0.997727503411322,0.927483497932125,0.995513768605802,0.994352231413074,0.860363062027601,0.951842670164933,0.787711028445119,0.995551743520484,0.767439534039727,0.926024290590951,0.974881004445255,0.980212432079904,0.73220640476532,0.958830339556458,0.829628639674027,0.986127848962059,0.622278943609863,0.917617435568902,0.980864821370429,0.991939704817908,0.975081851317346,0.872313350506836,0.997877658438895,0.990686067311631,0.659220591717781,0.908360961847712
"DLX3",0.8030304365275,0.955536645654718,0.744384818911761,0.922039140095142,0.9945355802403,0.975669848239195,0.967391868238628,0.91963038371847,0.743965623942447,0.958773310900584,0.821947726328638,0.932411114006156,0.797296895052693,0.859406716787664,0.981285370433433,0.998004928307733,0.984655622208857,0.972657693843207,0.885661743453292,0.964462440303351,0.909477482001797,0.987202435367148,0.966683700014475,0.994809061065822,0.968556137812539,0.753393991283045,0.867261640870177,0.71837951754968,0.798844343793731,0.831788861437945,0.706691613426751,0.971715580363368,0.968076695185014,0.987317100492467,0.790050364742552,0.969914650706507,0.992347904415653,0.939137124175805,0.998455946111541,0.989397892318536,0.984101290760488,0.973093972758853,0.897741372031196,0.940779924297115,0.981435414634829,0.994926066487553,0.940134200304475,0.987939730984027,0.994916494193982,0.987805594170962,0.991207470248358,0.955475932361871,0.997173243351123,0.995863965189804,0.990383692406554,0.847966609292705,0.980101264299953,0.910389951367882,0.943200499447946,0.985220766605989,0.988119328978891,0.78889778988139,0.971713762563523,0.984234806755631,0.873494637455948,0.988373260486589,0.927483497932125,0.995513768605802,0.694275304398457,0.942896136262876,0.951842670164933,0.943685486849178,0.983856571317042,0.923413972536273,0.722874984951357,0.984105140731236,0.947485018204864,0.714034902978655,0.989853021951562,0.958037618985202,0.923959889611315,0.985944647225575,0.996972845579443,0.980864821370429,0.717663559060028,0.900799828836079,0.98467220179463,0.941046232930038,0.745502984670083,0.967808499556245,0.877202126153615
"DUX4",0.986394977209318,0.918558571748293,0.947593649744214,0.858203599862535,0.993051074935235,0.975669848239195,0.887225347358921,0.997642323982606,0.698053169376331,0.788145385653047,0.925056502501314,0.932411114006156,0.94601536840562,0.820039256625232,0.921807066807273,0.884814099804975,0.984655622208857,0.903314829231661,0.924508873658927,0.964462440303351,0.999095159964312,0.989746800245068,0.909252682086895,0.922132358919962,0.968556137812539,0.868944497042464,0.859849887819882,0.804517384501351,0.849853294715191,0.845666167233936,0.945299786231499,0.931727212518015,0.968076695185014,0.973673426164194,0.997838186600327,0.977042438525314,0.979470733537026,0.939137124175805,0.923715826230562,0.928396465478573,0.994672346875472,0.955353139927338,0.897741372031196,0.969433608866267,0.981435414634829,0.9794346231627,0.994634615166526,0.963525285280965,0.735313127015836,0.987805594170962,0.956271184721212,0.950789827633603,0.930781226207666,0.995863965189804,0.989951536283013,0.653140719885837,0.980101264299953,0.94373717920042,0.826773394066169,0.985220766605989,0.988119328978891,0.993498234587533,0.971713762563523,0.993473727260709,0.881819501550649,0.988373260486589,0.964018561275114,0.996814163664813,0.994352231413074,0.661522531165212,0.131249001003401,0.87937097167422,0.983856571317042,0.985336614376918,0.926024290590951,0.85304930257701,0.974575574904429,0.93219158183476,0.989853021951562,0.829628639674027,0.966199786151759,0.985944647225575,0.917617435568902,0.980864821370429,0.991939704817908,0.683230408571876,0.872313350506836,0.842022652564365,0.922349145792783,0.967808499556245,0.971363551834291
"E2F2",0.986394977209318,0.918558571748293,0.947593649744214,0.858203599862535,0.993051074935235,0.996779823236091,0.967391868238628,0.997642323982606,0.966142897309709,0.880213541038002,0.975794248704966,0.970620442968246,0.980785968901272,0.908272047919019,0.977171034548471,0.936494039408071,0.984655622208857,0.896053856368311,0.924508873658927,0.964462440303351,0.999095159964312,0.987202435367148,0.99861028621524,0.980555847524161,0.968556137812539,0.868944497042464,0.959775506432681,0.912103163739108,0.960504018870807,0.845666167233936,0.963210127184389,0.991381662827845,0.989440142572617,0.90166969214247,0.997838186600327,0.996155406685953,0.99793502384607,0.939137124175805,0.998455946111541,0.882533321070461,0.984101290760488,0.993545077908671,0.897741372031196,0.940779924297115,0.981435414634829,0.960374117410912,0.940134200304475,0.967730046460774,0.994916494193982,0.987805594170962,0.991207470248358,0.950789827633603,0.945279690454232,0.995863965189804,0.989951536283013,0.847966609292705,0.980101264299953,0.94373717920042,0.958587103700843,0.985220766605989,0.993033808220297,0.993498234587533,0.971713762563523,0.984234806755631,0.952264642081159,0.988373260486589,0.942564731034346,0.995513768605802,0.994352231413074,0.942896136262876,0.951842670164933,0.943685486849178,0.995551743520484,0.943067943867442,0.951032514974819,0.869079408436595,0.981861044853555,0.853200179614868,0.989853021951562,0.886885134733284,0.966199786151759,0.985944647225575,0.996972845579443,0.980864821370429,0.991939704817908,0.935476846939921,0.872313350506836,0.997877658438895,0.944209149291317,0.967808499556245,0.935108385949834
"E2F3",0.986394977209318,0.974469584473486,0.947593649744214,0.886198572561906,0.993051074935235,0.975669848239195,0.887225347358921,0.997642323982606,0.928678855198497,0.903769929951514,0.467174043815802,0.954908797075044,0.94601536840562,0.955385232066177,0.900086747405105,0.936494039408071,0.984655622208857,0.896053856368311,0.885661743453292,0.964462440303351,0.999095159964312,0.987202435367148,0.97242547511329,0.728177284928313,0.968556137812539,0.870124459667124,0.867261640870177,0.990835317716574,0.971171435944564,0.971166699519229,0.963210127184389,0.931727212518015,0.94485800853194,0.924149186515097,0.78624437744517,0.969914650706507,0.992347904415653,0.939137124175805,0.998455946111541,0.738022027808124,0.984101290760488,0.973093972758853,0.897741372031196,0.981693541403064,0.973521329204096,0.941452796669749,0.994634615166526,0.963525285280965,0.994916494193982,0.987805594170962,0.991207470248358,0.950789827633603,0.997173243351123,0.995863965189804,0.989951536283013,0.603357544530756,0.980101264299953,0.94373717920042,0.943200499447946,0.985220766605989,0.988119328978891,0.806674639479842,0.971713762563523,0.984234806755631,0.988606969494809,0.988373260486589,0.967625088836332,0.995513768605802,0.997158043934157,0.897284217012306,0.951842670164933,0.984776655979032,0.856719732472307,0.884768371037053,0.951812089624309,0.896114263118191,0.947485018204864,0.951958037673,0.989853021951562,0.951225464094551,0.966199786151759,0.985944647225575,0.996972845579443,0.980864821370429,0.991939704817908,0.938367338873946,0.98467220179463,0.997877658438895,0.897841232552202,0.967808499556245,0.877202126153615
"E2F5",0.986394977209318,0.955536645654718,0.947593649744214,0.894719798089916,0.993051074935235,0.975669848239195,0.895030492771348,0.969007609935838,0.930577212648737,0.764536737001102,0.763275188566716,0.932411114006156,0.987380461405402,0.955385232066177,0.824120999749891,0.971622349604294,0.984655622208857,0.919197738079447,0.885661743453292,0.964462440303351,0.909477482001797,0.992891495012891,0.966683700014475,0.980555847524161,0.968556137812539,0.870124459667124,0.961903178654453,0.990835317716574,0.965049162760353,0.832416887263578,0.963210127184389,0.931727212518015,0.946186152807806,0.995146945380728,0.997838186600327,0.969914650706507,0.992347904415653,0.981746296754657,0.998455946111541,0.928396465478573,0.994672346875472,0.973093972758853,0.970378111955257,0.969433608866267,0.981435414634829,0.960374117410912,0.909621433894783,0.980944817824441,0.994916494193982,0.987805594170962,0.991207470248358,0.955475932361871,0.997173243351123,0.995863965189804,0.989951536283013,0.991391016425405,0.980101264299953,0.946738796367036,0.943200499447946,0.987129885993124,0.999083283521616,0.993498234587533,0.971713762563523,0.986083614283324,0.913660504676599,0.988373260486589,0.993420796739225,0.995513768605802,0.994352231413074,0.954072026083131,0.951842670164933,0.943685486849178,0.995551743520484,0.945344609806112,0.965055191152661,0.695108310486856,0.947485018204864,0.93219158183476,0.989853021951562,0.969531158909843,0.966199786151759,0.985944647225575,0.978552854760559,0.980864821370429,0.991939704817908,0.900799828836079,0.98467220179463,0.989124790809404,0.998968080327772,0.967808499556245,0.877202126153615
"E2F6",0.986394977209318,0.955536645654718,0.947593649744214,0.894719798089916,0.993051074935235,0.975669848239195,0.967391868238628,0.91963038371847,0.962717795250748,0.880213541038002,0.638736608825724,0.932411114006156,0.643322495226575,0.908272047919019,0.959035543398919,0.936494039408071,0.984655622208857,0.988827490153761,0.99058315256204,0.964462440303351,0.999095159964312,0.992891495012891,0.966683700014475,0.981724574081234,0.968556137812539,0.870124459667124,0.995710728185917,0.990835317716574,0.912861430142161,0.971166699519229,0.945299786231499,0.971715580363368,0.968076695185014,0.987317100492467,0.78624437744517,0.970634530621718,0.992347904415653,0.939137124175805,0.998455946111541,0.939540792300982,0.984101290760488,0.67627328519056,0.992321936713372,0.940779924297115,0.981435414634829,0.941452796669749,0.863217482417545,0.972853168679633,0.994916494193982,0.987805594170962,0.983423390456957,0.955475932361871,0.720483590150808,0.995863965189804,0.989951536283013,0.847966609292705,0.980101264299953,0.94373717920042,0.945147089959078,0.990219994911483,0.988119328978891,0.993498234587533,0.971713762563523,0.992774330423604,0.934890562570466,0.988373260486589,0.967625088836332,0.995513768605802,0.783062262500022,0.914010769606531,0.951842670164933,0.756516230611391,0.856719732472307,0.923413972536273,0.951032514974819,0.610979888946006,0.910025526737626,0.33868817832897,0.989853021951562,0.829628639674027,0.945734005081516,0.749948393109906,0.94483389264495,0.980864821370429,0.991939704817908,0.900799828836079,0.929249134534264,0.997877658438895,0.944209149291317,0.967808499556245,0.877202126153615
"ELF5",0.986394977209318,0.955536645654718,0.951128054882931,0.858203599862535,0.993051074935235,0.986613602878538,0.887225347358921,0.91963038371847,0.928678855198497,0.764536737001102,0.899257759075076,0.950050933983112,0.806031959617413,0.908272047919019,0.977171034548471,0.832246088417449,0.984655622208857,0.896053856368311,0.99058315256204,0.964462440303351,0.929633209122209,0.992891495012891,0.99861028621524,0.93055126899417,0.968556137812539,0.837802539368329,0.961903178654453,0.804517384501351,0.971171435944564,0.832416887263578,0.883651697395464,0.931727212518015,0.989440142572617,0.921265996724907,0.989344918481461,0.969914650706507,0.992347904415653,0.995231913484346,0.998455946111541,0.941771070860549,0.984101290760488,0.955353139927338,0.897741372031196,0.880996613608916,0.938061539016134,0.865066279168024,0.979752278184448,0.963525285280965,0.994916494193982,0.987805594170962,0.991207470248358,0.950789827633603,0.997173243351123,0.995863965189804,0.989951536283013,0.715244458134789,0.980101264299953,0.875238341024357,0.987971775024644,0.95918612091532,0.988119328978891,0.993498234587533,0.971713762563523,0.939880926321575,0.881819501550649,0.988373260486589,0.927483497932125,0.995513768605802,0.837533470641984,0.945521130209379,0.951842670164933,0.780287410485362,0.995551743520484,0.945344609806112,0.926024290590951,0.984105140731236,0.9886606986213,0.994277989946841,0.989853021951562,0.851190265812694,0.966199786151759,0.985944647225575,0.996972845579443,0.980864821370429,0.918206634848659,0.900799828836079,0.884060705463468,0.894898244792902,0.944209149291317,0.967808499556245,0.988972555586579
"ERG",0.986394977209318,0.918558571748293,0.947593649744214,0.858203599862535,0.993051074935235,0.975669848239195,0.887225347358921,0.997642323982606,0.953848257280594,0.962726827183653,0.747572794320273,0.939347879040839,0.797296895052693,0.977227582124591,0.902524365553904,0.884814099804975,0.984655622208857,0.917882577325405,0.99058315256204,0.994192243629987,0.999095159964312,0.992891495012891,0.99861028621524,0.981724574081234,0.968556137812539,0.819573805536223,0.867261640870177,0.950068774159519,0.960504018870807,0.989411506709096,0.883651697395464,0.931727212518015,0.968076695185014,0.74419461953912,0.786236788733452,0.969914650706507,0.992347904415653,0.939137124175805,0.998455946111541,0.9713775192611,0.984101290760488,0.973093972758853,0.897741372031196,0.940779924297115,0.981435414634829,0.700758770896343,0.979752278184448,0.841622060025669,0.994916494193982,0.987805594170962,0.944637043169869,0.918999111364348,0.930781226207666,0.995863965189804,0.989951536283013,0.991391016425405,0.980101264299953,0.983000213483043,0.943200499447946,0.985220766605989,0.988119328978891,0.806674639479842,0.971713762563523,0.984234806755631,0.764794364519733,0.988373260486589,0.967625088836332,0.995513768605802,0.994352231413074,0.996588174131122,0.97905417184764,0.811375852598385,0.995551743520484,0.943067943867442,0.571214101022942,0.850721167989112,0.917022638032017,0.853200179614868,0.989853021951562,0.99766509142788,0.966199786151759,0.985944647225575,0.917617435568902,0.859815782355133,0.991939704817908,0.952711007051769,0.986321176674268,0.989124790809404,0.944209149291317,0.873679236890789,0.877202126153615
"ERR1",0.791886203302405,0.918558571748293,0.947593649744214,0.882776828178774,0.993051074935235,0.996779823236091,0.887225347358921,0.998788924152706,0.91900633315105,0.764536737001102,0.909801387584842,0.970620442968246,0.956511723574256,0.908272047919019,0.977171034548471,0.936494039408071,0.984655622208857,0.988827490153761,0.99058315256204,0.964462440303351,0.999095159964312,0.992891495012891,0.966683700014475,0.980694698503935,0.968556137812539,0.998438460887743,0.961903178654453,0.990835317716574,0.809848204367742,0.971166699519229,0.738483452592652,0.595131478220257,0.968076695185014,0.995146945380728,0.997838186600327,0.996155406685953,0.992347904415653,0.939137124175805,0.923715826230562,0.817238328522705,0.984101290760488,0.973093972758853,0.897741372031196,0.940779924297115,0.950933721662314,0.960374117410912,0.889284775996501,0.963525285280965,0.93813155318891,0.987805594170962,0.944637043169869,0.879363693501564,0.945279690454232,0.995863965189804,0.989951536283013,0.991391016425405,0.980101264299953,0.868032124474214,0.943200499447946,0.985220766605989,0.988119328978891,0.806674639479842,0.515348828083871,0.984234806755631,0.952264642081159,0.988373260486589,0.96843940214429,0.995513768605802,0.994352231413074,0.534166850141422,0.951842670164933,0.923406579215979,0.988792539442367,0.947629768826814,0.926024290590951,0.984105140731236,0.917022638032017,0.951958037673,0.989853021951562,0.886885134733284,0.945734005081516,0.985944647225575,0.972958413504675,0.980864821370429,0.717663559060028,0.979399676399764,0.872313350506836,0.964972303096941,0.969409269053602,0.967808499556245,0.953551951183984
"ERR2",0.986394977209318,0.918558571748293,0.947593649744214,0.890434002618684,0.993051074935235,0.975669848239195,0.887225347358921,0.91963038371847,0.741270878666567,0.772272220391627,0.899257759075076,0.954908797075044,0.912888168749111,0.820039256625232,0.677899765724314,0.894793452270028,0.984655622208857,0.957344996383534,0.99058315256204,0.964462440303351,0.999095159964312,0.960983671425785,0.966683700014475,0.922132358919962,0.855437225767489,0.941334919760945,0.859849887819882,0.990835317716574,0.974839881950641,0.804739738507393,0.706691613426751,0.931727212518015,0.989440142572617,0.924149186515097,0.786236788733452,0.969914650706507,0.992347904415653,0.939137124175805,0.998455946111541,0.928396465478573,0.984101290760488,0.955353139927338,0.897741372031196,0.940779924297115,0.973521329204096,0.865066279168024,0.744857049043214,0.987939730984027,0.994916494193982,0.987805594170962,0.991207470248358,0.950789827633603,0.997173243351123,0.995863965189804,0.989951536283013,0.925330041798825,0.980101264299953,0.55505775016741,0.943200499447946,0.985220766605989,0.988119328978891,0.78889778988139,0.971713762563523,0.984234806755631,0.984539072774321,0.988373260486589,0.96843940214429,0.995513768605802,0.838078152409702,0.8455540843749,0.998043045941511,0.458363808566575,0.995551743520484,0.945344609806112,0.926024290590951,0.954622589913256,0.910025526737626,0.95924467874855,0.989853021951562,0.958037618985202,0.966199786151759,0.985944647225575,0.917617435568902,0.980864821370429,0.991939704817908,0.76544097695829,0.997674769797177,0.989124790809404,0.98027184418834,0.615427488170107,0.877202126153615
"ERR3",0.986394977209318,0.857118427113129,0.951128054882931,0.858203599862535,0.778770758581177,0.975669848239195,0.887225347358921,0.91963038371847,0.994937005283988,0.924166344845659,0.899257759075076,0.932411114006156,0.899549710425612,0.654341107349383,0.824120999749891,0.832246088417449,0.984655622208857,0.919197738079447,0.885661743453292,0.986452540479267,0.999095159964312,0.774122459290519,0.97242547511329,0.922132358919962,0.968556137812539,0.998438460887743,0.961903178654453,0.990835317716574,0.971171435944564,0.804739738507393,0.821106198683598,0.931727212518015,0.94485800853194,0.925478551320078,0.997838186600327,0.969914650706507,0.979470733537026,0.939137124175805,0.998455946111541,0.990644619335099,0.984101290760488,0.992120715740044,0.897741372031196,0.753496079177978,0.938061539016134,0.994926066487553,0.940134200304475,0.980944817824441,0.994916494193982,0.987805594170962,0.991207470248358,0.983589152905479,0.997173243351123,0.995863965189804,0.979501353961341,0.919526439624137,0.980101264299953,0.983000213483043,0.992781620769719,0.792807302141648,0.988119328978891,0.993498234587533,0.971713762563523,0.976467059468737,0.889789299009332,0.988373260486589,0.993420796739225,0.995513768605802,0.994352231413074,0.909223217769427,0.951842670164933,0.756516230611391,0.983856571317042,0.923413972536273,0.926024290590951,0.610979888946006,0.910025526737626,0.73220640476532,0.989853021951562,0.755047141186348,0.923959889611315,0.985944647225575,0.917617435568902,0.980864821370429,0.717663559060028,0.816667790110996,0.872313350506836,0.776329152254369,0.977647375957685,0.922804970496992,0.877202126153615
"ESR1",0.986394977209318,0.955536645654718,0.947593649744214,0.932891212138016,0.980295511345863,0.975669848239195,0.887225347358921,0.997642323982606,0.493893432516597,0.966210602314282,0.925056502501314,0.932411114006156,0.94601536840562,0.982283527497566,0.977171034548471,0.968293377603936,0.990717185731582,0.957344996383534,0.885661743453292,0.964462440303351,0.999095159964312,0.987202435367148,0.999963114215333,0.87157187562469,0.855437225767489,0.91038569613036,0.961903178654453,0.947716871810698,0.974090514369836,0.973144119343984,0.883651697395464,0.991142252570221,0.968076695185014,0.97948132666151,0.530086405258279,0.969914650706507,0.979470733537026,0.939137124175805,0.998455946111541,0.990644619335099,0.984101290760488,0.973093972758853,0.97280933616989,0.987685121892081,0.762235694310729,0.994926066487553,0.940134200304475,0.963525285280965,0.93813155318891,0.987805594170962,0.991207470248358,0.950789827633603,0.945279690454232,0.995863965189804,0.989951536283013,0.952830969065486,0.980101264299953,0.868032124474214,0.943200499447946,0.985220766605989,0.988119328978891,0.993498234587533,0.971713762563523,0.939880926321575,0.990399816545978,0.988373260486589,0.964018561275114,0.995513768605802,0.994352231413074,0.942896136262876,0.951842670164933,0.778589320379766,0.825090251741795,0.945344609806112,0.951032514974819,0.839969399663688,0.958953713727152,0.787257836617444,0.989853021951562,0.99766509142788,0.966199786151759,0.985944647225575,0.850752105062305,0.918608705999335,0.805596294455955,0.900799828836079,0.872313350506836,0.975976957372285,0.849218224196973,0.659220591717781,0.877202126153615
"ESR2",0.986394977209318,0.955536645654718,0.947593649744214,0.934105592031943,0.993051074935235,0.975669848239195,0.984155302107091,0.997642323982606,0.60560153213176,0.903176143338671,0.925056502501314,0.932411114006156,0.94601536840562,0.955385232066177,0.890695894789885,0.968262289607695,0.984655622208857,0.988827490153761,0.99058315256204,0.964462440303351,0.999095159964312,0.987202435367148,0.99861028621524,0.970275360856571,0.968556137812539,0.949251957459363,0.959775506432681,0.990835317716574,0.971171435944564,0.971166699519229,0.883651697395464,0.931727212518015,0.989440142572617,0.925478551320078,0.919816911032963,0.970634530621718,0.979470733537026,0.939137124175805,0.998455946111541,0.990644619335099,0.984101290760488,0.955353139927338,0.970378111955257,0.987685121892081,0.938061539016134,0.991537372579938,0.940134200304475,0.982554588024626,0.994916494193982,0.987805594170962,0.983423390456957,0.955475932361871,0.945279690454232,0.995863965189804,0.8970806034839,0.847966609292705,0.980101264299953,0.875238341024357,0.943200499447946,0.985220766605989,0.988119328978891,0.993498234587533,0.971713762563523,0.984234806755631,0.990399816545978,0.988373260486589,0.975574394414862,0.995513768605802,0.994352231413074,0.942896136262876,0.951842670164933,0.756516230611391,0.89685242700817,0.927996966567392,0.953661874490153,0.680097601573273,0.998074338617689,0.787257836617444,0.989853021951562,0.99766509142788,0.986127848962059,0.985944647225575,0.850752105062305,0.980864821370429,0.923487899412675,0.944837246949588,0.872313350506836,0.997877658438895,0.944599768402978,0.812274770629245,0.877202126153615
"ETS1",0.986394977209318,0.955536645654718,0.947593649744214,0.894719798089916,0.993051074935235,0.975669848239195,0.895030492771348,0.91963038371847,0.928678855198497,0.949766520754501,0.998469980913838,0.950050933983112,0.94601536840562,0.908272047919019,0.94463002416609,0.884814099804975,0.984655622208857,0.988827490153761,0.99058315256204,0.97217093391293,0.905341078644845,0.992891495012891,0.99861028621524,0.922132358919962,0.961654021584104,0.868944497042464,0.961903178654453,0.906843905634545,0.971171435944564,0.971166699519229,0.945299786231499,0.971715580363368,0.94485800853194,0.991399620333799,0.711083290620083,0.969914650706507,0.992347904415653,0.939137124175805,0.998455946111541,0.990644619335099,0.984101290760488,0.973093972758853,0.97280933616989,0.940779924297115,0.981435414634829,0.852028155014214,0.889284775996501,0.841622060025669,0.994916494193982,0.987805594170962,0.944637043169869,0.955475932361871,0.997173243351123,0.995863965189804,0.989951536283013,0.991391016425405,0.980101264299953,0.94373717920042,0.943200499447946,0.792089126072693,0.997602598092411,0.993498234587533,0.971713762563523,0.984234806755631,0.881819501550649,0.988373260486589,0.927483497932125,0.995513768605802,0.837533470641984,0.988351021619896,0.951842670164933,0.943685486849178,0.995551743520484,0.923413972536273,0.786121571662944,0.850131945557062,0.947485018204864,0.994277989946841,0.989853021951562,0.958037618985202,0.966199786151759,0.985944647225575,0.973124685371693,0.980864821370429,0.991939704817908,0.833186209210505,0.961310134189464,0.479364143460727,0.922349145792783,0.967808499556245,0.877202126153615
"ETS2",0.986394977209318,0.857118427113129,0.947593649744214,0.927559145834506,0.993051074935235,0.996779823236091,0.887225347358921,0.91963038371847,0.953848257280594,0.996558119154601,0.925056502501314,0.983205917555272,0.802313810046771,0.908272047919019,0.890695894789885,0.956480716662847,0.984655622208857,0.896053856368311,0.442889694670752,0.964462440303351,0.999095159964312,0.359601657330551,0.97242547511329,0.980555847524161,0.968556137812539,0.975319210779389,0.961903178654453,0.923662408812855,0.960737976989517,0.824230592886987,0.963210127184389,0.931727212518015,0.968076695185014,0.472741771090293,0.0294958279603529,0.969914650706507,0.992347904415653,0.939137124175805,0.923715826230562,0.933453338771503,0.994672346875472,0.955353139927338,0.970378111955257,0.940779924297115,0.981435414634829,0.865066279168024,0.979752278184448,0.995677600307021,0.994916494193982,0.987805594170962,0.991207470248358,0.950789827633603,0.945279690454232,0.995863965189804,0.989951536283013,0.991391016425405,0.980101264299953,0.94373717920042,0.943200499447946,0.985220766605989,0.988119328978891,0.993498234587533,0.971713762563523,0.984234806755631,0.873494637455948,0.988373260486589,0.927483497932125,0.995513768605802,0.994352231413074,0.920113644132705,0.951842670164933,0.855388988868229,0.983856571317042,0.961273075417411,0.680538249962846,0.984105140731236,0.989494596302615,0.994277989946841,0.989853021951562,0.964984163247444,0.966199786151759,0.985944647225575,0.917617435568902,0.980864821370429,0.717663559060028,0.683230408571876,0.326964127229269,0.997877658438895,0.998968080327772,0.615427488170107,0.877202126153615
"ETV2",0.986394977209318,0.918558571748293,0.947593649744214,0.704513675563292,0.9945355802403,0.975669848239195,0.772745379845457,0.926200027814764,0.953848257280594,0.982515213128969,0.763275188566716,0.932411114006156,0.94601536840562,0.926949987545501,0.853472985768646,0.884814099804975,0.984655622208857,0.988827490153761,0.99058315256204,0.964462440303351,0.999095159964312,0.987202435367148,0.99861028621524,0.922132358919962,0.968556137812539,0.870124459667124,0.967974607685349,0.819524287444774,0.959103908760682,0.976030134485823,0.706691613426751,0.931727212518015,0.968076695185014,0.635309724386798,0.997838186600327,0.991373143712595,0.992347904415653,0.939137124175805,0.923715826230562,0.928396465478573,0.984101290760488,0.973093972758853,0.961934914564604,0.940779924297115,0.936869811603042,0.921311411955977,0.979752278184448,0.963525285280965,0.994916494193982,0.987805594170962,0.991207470248358,0.950789827633603,0.95682369398201,0.995863965189804,0.989951536283013,0.922695520939815,0.980101264299953,0.868032124474214,0.992781620769719,0.792089126072693,0.988119328978891,0.993498234587533,0.971713762563523,0.986083614283324,0.771796940714406,0.988373260486589,0.967625088836332,0.995513768605802,0.994352231413074,0.964565846253597,0.951842670164933,0.955898871221458,0.995551743520484,0.927996966567392,0.926024290590951,0.596486293818042,0.932212989411512,0.853200179614868,0.989853021951562,0.693440673265175,0.859398566128965,0.985944647225575,0.869192949852763,0.980864821370429,0.991939704817908,0.683230408571876,0.884060705463468,0.670946868740736,0.849218224196973,0.967808499556245,0.953551951183984
"ETV4",0.986394977209318,0.955536645654718,0.947593649744214,0.890434002618684,0.993051074935235,0.975669848239195,0.887225347358921,0.997642323982606,0.928678855198497,0.982515213128969,0.7503237586522,0.970620442968246,0.94601536840562,0.931717377752509,0.890695894789885,0.936494039408071,0.984655622208857,0.896053856368311,0.885661743453292,0.964462440303351,0.999095159964312,0.992891495012891,0.97242547511329,0.922132358919962,0.961654021584104,0.941334919760945,0.961903178654453,0.990835317716574,0.965049162760353,0.971166699519229,0.980510260083611,0.931727212518015,0.884002720232831,0.888989789581778,0.997838186600327,0.969914650706507,0.992347904415653,0.939137124175805,0.998455946111541,0.711982551243605,0.984101290760488,0.955353139927338,0.897741372031196,0.940779924297115,0.981435414634829,0.954205720106734,0.994634615166526,0.963525285280965,0.93813155318891,0.452595098161004,0.991207470248358,0.991806284084942,0.997173243351123,0.995863965189804,0.989951536283013,0.959601071478329,0.980101264299953,0.994025801124492,0.943200499447946,0.985220766605989,0.988119328978891,0.996390105073579,0.971713762563523,0.984234806755631,0.988606969494809,0.997727503411322,0.927483497932125,0.995513768605802,0.994352231413074,0.862584544611049,0.951842670164933,0.943685486849178,0.856719732472307,0.793435488856439,0.951812089624309,0.610979888946006,0.947485018204864,0.994277989946841,0.989853021951562,0.958037618985202,0.966199786151759,0.985944647225575,0.938056322892618,0.338614392454922,0.805596294455955,0.935476846939921,0.989762487092984,0.997877658438895,0.989532967157512,0.967808499556245,0.877202126153615
"ETV5",0.986394977209318,0.918558571748293,0.947593649744214,0.922039140095142,0.993051074935235,0.975669848239195,0.946426946724042,0.997642323982606,0.953259049403241,0.904057163887509,0.925056502501314,0.932411114006156,0.956247750320544,0.908272047919019,0.800677165963406,0.900139948924108,0.984655622208857,0.598513679415663,0.924508873658927,0.987656775364243,0.905341078644845,0.989746800245068,0.966683700014475,0.981724574081234,0.968556137812539,0.975319210779389,0.859849887819882,0.990835317716574,0.960504018870807,0.971166699519229,0.963210127184389,0.931727212518015,0.982766389470579,0.991399620333799,0.997838186600327,0.969914650706507,0.992347904415653,0.939137124175805,0.923715826230562,0.928396465478573,0.984101290760488,0.790016868729106,0.897741372031196,0.969433608866267,0.981435414634829,0.960374117410912,0.979752278184448,0.987939730984027,0.994916494193982,0.987805594170962,0.991207470248358,0.950789827633603,0.997173243351123,0.995863965189804,0.8970806034839,0.847966609292705,0.980101264299953,0.931723038101577,0.951199999465639,0.985220766605989,0.988119328978891,0.996390105073579,0.971713762563523,0.984234806755631,0.764794364519733,0.988373260486589,0.96843940214429,0.995513768605802,0.997158043934157,0.873749050364796,0.951842670164933,0.787013326458024,0.983856571317042,0.923413972536273,0.994342807096474,0.850131945557062,0.917022638032017,0.853200179614868,0.989853021951562,0.829628639674027,0.966199786151759,0.985944647225575,0.718019998895096,0.980864821370429,0.991939704817908,0.935476846939921,0.95472438465785,0.984507176348427,0.98027184418834,0.967808499556245,0.891203417926889
"EVI1",0.986394977209318,0.918558571748293,0.951128054882931,0.890434002618684,0.993051074935235,0.996779823236091,0.887225347358921,0.997642323982606,0.58214223254771,0.949766520754501,0.654865640713857,0.932411114006156,0.535451931735225,0.820039256625232,0.94463002416609,0.936494039408071,0.984655622208857,0.896053856368311,0.99058315256204,0.983564937795447,0.905341078644845,0.774122459290519,0.977639331469681,0.922132358919962,0.968556137812539,0.941334919760945,0.961903178654453,0.990835317716574,0.971171435944564,0.971166699519229,0.980510260083611,0.991381662827845,0.968076695185014,0.433141782006125,0.711083290620083,0.969914650706507,0.992347904415653,0.939137124175805,0.998455946111541,0.488248247740595,0.984101290760488,0.98172868038949,0.994856785333396,0.940779924297115,0.954288989685055,0.960374117410912,0.979752278184448,0.963525285280965,0.994916494193982,0.987805594170962,0.944637043169869,0.955475932361871,0.930781226207666,0.995863965189804,0.989951536283013,0.847966609292705,0.980101264299953,0.94373717920042,0.943200499447946,0.985220766605989,0.988119328978891,0.993498234587533,0.971713762563523,0.939880926321575,0.984539072774321,0.988373260486589,0.942564731034346,0.995513768605802,0.838078152409702,0.8455540843749,0.951842670164933,0.458363808566575,0.995551743520484,0.93889011080623,0.674061767330134,0.954622589913256,0.917022638032017,0.951958037673,0.958830339556458,0.829628639674027,0.966199786151759,0.707369971181906,0.718019998895096,0.980864821370429,0.991939704817908,0.975081851317346,0.98467220179463,0.946350475030905,0.922349145792783,0.967808499556245,0.935108385949834
"FEV",0.975807092120632,0.955536645654718,0.947593649744214,0.858203599862535,0.993051074935235,0.975669848239195,0.967391868238628,0.997642323982606,0.930577212648737,0.949766520754501,0.909801387584842,0.950050933983112,0.94601536840562,0.955385232066177,0.977171034548471,0.936494039408071,0.984655622208857,0.896053856368311,0.99058315256204,0.964462440303351,0.999095159964312,0.987202435367148,0.99861028621524,0.981724574081234,0.968556137812539,0.941334919760945,0.961903178654453,0.990835317716574,0.921762161754051,0.633549843002688,0.883651697395464,0.957439434288536,0.968076695185014,0.888989789581778,0.961885016672897,0.969914650706507,0.992347904415653,0.939137124175805,0.998455946111541,0.939540792300982,0.984101290760488,0.973093972758853,0.897741372031196,0.940779924297115,0.874159508233338,0.991537372579938,0.979752278184448,0.980944817824441,0.994916494193982,0.987805594170962,0.983423390456957,0.955475932361871,0.997173243351123,0.995863965189804,0.989951536283013,0.991391016425405,0.980101264299953,0.983000213483043,0.945147089959078,0.985220766605989,0.988119328978891,0.996390105073579,0.971713762563523,0.984234806755631,0.984539072774321,0.988373260486589,0.808798809581662,0.995513768605802,0.991792469067612,0.907462002973117,0.951842670164933,0.943685486849178,0.995551743520484,0.948192055419925,0.973872051721356,0.896582932340743,0.989494596302615,0.951958037673,0.989853021951562,0.891329809525678,0.966199786151759,0.985944647225575,0.978552854760559,0.980864821370429,0.991939704817908,0.900799828836079,0.914151881286416,0.931310338786536,0.924987026071527,0.967808499556245,0.908360961847712
"FEZF1",0.986394977209318,0.918558571748293,0.947593649744214,0.969757503192373,0.9945355802403,0.996779823236091,0.887225347358921,0.926200027814764,0.935345030191237,0.885143764102992,0.654865640713857,0.932411114006156,0.94601536840562,0.973323188663176,0.890695894789885,0.848033855232376,0.984655622208857,0.988827490153761,0.885661743453292,0.97217093391293,0.999095159964312,0.987202435367148,0.99861028621524,0.980555847524161,0.873529263961164,0.967971387883921,0.959775506432681,0.663831584842438,0.965049162760353,0.742009251142604,0.988025054041144,0.996077898628198,0.94485800853194,0.635309724386798,0.720839453257651,0.969914650706507,0.979470733537026,0.948549452026287,0.998455946111541,0.933453338771503,0.984101290760488,0.973093972758853,0.972142525306588,0.880996613608916,0.981435414634829,0.938421360985624,0.994634615166526,0.995799617109242,0.994916494193982,0.987805594170962,0.944637043169869,0.997165731888309,0.998292864466501,0.995863965189804,0.989951536283013,0.922695520939815,0.980101264299953,0.94373717920042,0.987971775024644,0.985220766605989,0.963023105015909,0.820972523037983,0.971713762563523,0.984234806755631,0.709066600109638,0.988373260486589,0.927483497932125,0.995513768605802,0.994352231413074,0.920113644132705,0.438620660663474,0.765615288471316,0.995551743520484,0.923413972536273,0.951812089624309,0.984105140731236,0.993983228952742,0.994277989946841,0.989853021951562,0.693440673265175,0.966199786151759,0.985944647225575,0.996972845579443,0.980864821370429,0.918206634848659,0.683230408571876,0.872313350506836,0.925809503335287,0.971134227676763,0.9907628438926,0.887198376913101
"FLI1",0.986394977209318,0.990788876036112,0.951128054882931,0.934105592031943,0.993051074935235,0.96030123137888,0.887225347358921,0.997642323982606,0.962717795250748,0.962726827183653,0.821947726328638,0.932411114006156,0.94601536840562,0.839615530469986,0.557858377072272,0.936494039408071,0.984655622208857,0.988827490153761,0.778472171507726,0.980811879691301,0.999095159964312,0.987202435367148,0.479390379793244,0.981724574081234,0.968556137812539,0.941334919760945,0.961903178654453,0.966247035711916,0.971171435944564,0.925778145820742,0.980510260083611,0.931727212518015,0.964303936423276,0.888989789581778,0.459063332247659,0.969914650706507,0.992347904415653,0.939137124175805,0.998455946111541,0.928396465478573,0.984101290760488,0.973093972758853,0.953135273141489,0.940779924297115,0.938061539016134,0.966603848292201,0.770756178702951,0.963525285280965,0.994916494193982,0.987805594170962,0.991207470248358,0.991795089299146,0.843813939541627,0.995863965189804,0.989951536283013,0.847966609292705,0.998492841228318,0.983000213483043,0.943200499447946,0.98396486935739,0.842673797375447,0.993498234587533,0.971713762563523,0.984234806755631,0.881819501550649,0.988373260486589,0.927483497932125,0.995513768605802,0.994352231413074,0.907462002973117,0.978821391386196,0.811375852598385,0.995551743520484,0.961273075417411,0.953131549536696,0.954622589913256,0.997746615847881,0.93219158183476,0.989853021951562,0.872573363450941,0.966199786151759,0.985944647225575,0.876271893245491,0.980864821370429,0.991939704817908,0.900799828836079,0.872313350506836,0.667777245297695,0.977477336389352,0.922804970496992,0.891203417926889
"FOXC1",0.986394977209318,0.857118427113129,0.950344890777525,0.927559145834506,0.993051074935235,0.975669848239195,0.887225347358921,0.91963038371847,0.962717795250748,0.958773310900584,0.887851368407572,0.932411114006156,0.907322495989604,0.908272047919019,0.557858377072272,0.936494039408071,0.984655622208857,0.988827490153761,0.99058315256204,0.964462440303351,0.999095159964312,0.987202435367148,0.966683700014475,0.728177284928313,0.961654021584104,0.601589358556976,0.959775506432681,0.990835317716574,0.798844343793731,0.566350723337146,0.963210127184389,0.966887719653955,0.946186152807806,0.920000827565719,0.997838186600327,0.969914650706507,0.992347904415653,0.939137124175805,0.923715826230562,0.928396465478573,0.984101290760488,0.973093972758853,0.972142525306588,0.822961116939067,0.973521329204096,0.891709601000006,0.979752278184448,0.963525285280965,0.994916494193982,0.987805594170962,0.944637043169869,0.950789827633603,0.997173243351123,0.995863965189804,0.989951536283013,0.919781988890039,0.980101264299953,0.94373717920042,0.945147089959078,0.985220766605989,0.727219433214179,0.993498234587533,0.971713762563523,0.984234806755631,0.990399816545978,0.988373260486589,0.972612739551561,0.995513768605802,0.994352231413074,0.954072026083131,0.438620660663474,0.756516230611391,0.983856571317042,0.923413972536273,0.973872051721356,0.93096191685287,0.989494596302615,0.714034902978655,0.989853021951562,0.828829230768763,0.966199786151759,0.985944647225575,0.996972845579443,0.772809605080709,0.717663559060028,0.995970085795865,0.989762487092984,0.989124790809404,0.944209149291317,0.659220591717781,0.928722213024589
"FOXH1",0.986394977209318,0.988733113382446,0.97950686108629,0.942204020118885,0.993051074935235,0.975669848239195,0.887225347358921,0.997642323982606,0.785718165371907,0.828265597745942,0.925056502501314,0.932411114006156,0.817239428616093,0.908272047919019,0.557858377072272,0.971622349604294,0.984655622208857,0.988827490153761,0.951789553821646,0.97217093391293,0.999095159964312,0.987202435367148,0.99861028621524,0.94622906769106,0.968556137812539,0.870124459667124,0.961903178654453,0.845882976764147,0.82679834588824,0.633549843002688,0.872321472076047,0.966887719653955,0.867746027847679,0.893276396612048,0.997838186600327,0.969914650706507,0.992347904415653,0.939137124175805,0.923715826230562,0.730238749169072,0.984101290760488,0.790016868729106,0.97280933616989,0.981693541403064,0.981435414634829,0.9794346231627,0.994634615166526,0.995799617109242,0.93813155318891,0.987805594170962,0.983423390456957,0.950789827633603,0.997173243351123,0.995863965189804,0.989951536283013,0.922695520939815,0.980101264299953,0.868032124474214,0.939187380035953,0.985220766605989,0.897502908757806,0.993498234587533,0.971713762563523,0.939880926321575,0.579913117343991,0.997727503411322,0.967625088836332,0.995513768605802,0.772938051539495,0.920113644132705,0.951842670164933,0.943685486849178,0.856719732472307,0.945344609806112,0.951812089624309,0.680097601573273,0.947485018204864,0.994277989946841,0.989853021951562,0.969531158909843,0.966199786151759,0.985944647225575,0.850752105062305,0.980864821370429,0.918206634848659,0.935476846939921,0.930407576866427,0.667777245297695,0.78422873843094,0.967808499556245,0.990738885267332
"FOXI1",0.827699532857165,0.946492455389491,0.965808659363713,0.858203599862535,0.993051074935235,0.975669848239195,0.887225347358921,0.91963038371847,0.953848257280594,0.998438430657813,0.899257759075076,0.950050933983112,0.785995585503693,0.820039256625232,0.977171034548471,0.884814099804975,0.984655622208857,0.988827490153761,0.924508873658927,0.97217093391293,0.999095159964312,0.987202435367148,0.99861028621524,0.922132358919962,0.968556137812539,0.870124459667124,0.961903178654453,0.990835317716574,0.960504018870807,0.971166699519229,0.980510260083611,0.931727212518015,0.946186152807806,0.635309724386798,0.760667069597976,0.996155406685953,0.992347904415653,0.939137124175805,0.923715826230562,0.727127586352172,0.984101290760488,0.973093972758853,0.97280933616989,0.969433608866267,0.938061539016134,0.960374117410912,0.889284775996501,0.963525285280965,0.93813155318891,0.987805594170962,0.944637043169869,0.950789827633603,0.804534740815082,0.995863965189804,0.989951536283013,0.847966609292705,0.980101264299953,0.94373717920042,0.943200499447946,0.985220766605989,0.715842819476998,0.993498234587533,0.971713762563523,0.984234806755631,0.952264642081159,0.988373260486589,0.967625088836332,0.995513768605802,0.694275304398457,0.914010769606531,0.951842670164933,0.943685486849178,0.995551743520484,0.948526257203303,0.951812089624309,0.610979888946006,0.917022638032017,0.73220640476532,0.958830339556458,0.998934248925388,0.785848629370205,0.985944647225575,0.850752105062305,0.772809605080709,0.991939704817908,0.935476846939921,0.872313350506836,0.997877658438895,0.983540148233843,0.967808499556245,0.877202126153615
"FOXJ2",0.986394977209318,0.955536645654718,0.947593649744214,0.858203599862535,0.545202035575307,0.996779823236091,0.887225347358921,0.969007609935838,0.962717795250748,0.949766520754501,0.950092664277705,0.970620442968246,0.643322495226575,0.917064180399411,0.902524365553904,0.850322027596865,0.984655622208857,0.896053856368311,0.890524435572661,0.97217093391293,0.999095159964312,0.989746800245068,0.966683700014475,0.980555847524161,0.903155657047351,0.868944497042464,0.961903178654453,0.888928235018118,0.971171435944564,0.824230592886987,0.883651697395464,0.991381662827845,0.989894180530529,0.920000827565719,0.777947671182239,0.969914650706507,0.992347904415653,0.939137124175805,0.923715826230562,0.882533321070461,0.984101290760488,0.955353139927338,0.897741372031196,0.969433608866267,0.926596763669257,0.852028155014214,0.889284775996501,0.982179468191324,0.994916494193982,0.987805594170962,0.910445390655834,0.955475932361871,0.997173243351123,0.995863965189804,0.989951536283013,0.919781988890039,0.980101264299953,0.94373717920042,0.987329472111806,0.985220766605989,0.897502908757806,0.993498234587533,0.971713762563523,0.984234806755631,0.952064791775931,0.988373260486589,0.927483497932125,0.995513768605802,0.694275304398457,0.721753616177691,0.951842670164933,0.756516230611391,0.983856571317042,0.767439534039727,0.926024290590951,0.984105140731236,0.910025526737626,0.967924559714292,0.989853021951562,0.985555626311404,0.980485820987665,0.985944647225575,0.718019998895096,0.980864821370429,0.991939704817908,0.765238549647428,0.872313350506836,0.871476803854035,0.745502984670083,0.967808499556245,0.928722213024589
"FOXJ3",0.986394977209318,0.955536645654718,0.947593649744214,0.858203599862535,0.993051074935235,0.772007302810176,0.887225347358921,0.966982123206878,0.741270878666567,0.963670657586378,0.909801387584842,0.950050933983112,0.662003664345096,0.820039256625232,0.824120999749891,0.936494039408071,0.984655622208857,0.970162848000645,0.924508873658927,0.964462440303351,0.999095159964312,0.987202435367148,0.966683700014475,0.970275360856571,0.855437225767489,0.601589358556976,0.961903178654453,0.927024010834999,0.867203769661487,0.988246996760444,0.706691613426751,0.734873676098316,0.527325549291776,0.966668492903821,0.997838186600327,0.969914650706507,0.992347904415653,0.939137124175805,0.998455946111541,0.928396465478573,0.984101290760488,0.973093972758853,0.897741372031196,0.940779924297115,0.926596763669257,0.944204067695012,0.904393751995776,0.995677600307021,0.994916494193982,0.987805594170962,0.910445390655834,0.955475932361871,0.930781226207666,0.995863965189804,0.989951536283013,0.653140719885837,0.980101264299953,0.94373717920042,0.943200499447946,0.985220766605989,0.988119328978891,0.993498234587533,0.990377789705614,0.984234806755631,0.827387764319625,0.988373260486589,0.927483497932125,0.995513768605802,0.375409113076968,0.897284217012306,0.951842670164933,0.787711028445119,0.983856571317042,0.923413972536273,0.973872051721356,0.568122981789484,0.989494596302615,0.853200179614868,0.958830339556458,0.693440673265175,0.966199786151759,0.985944647225575,0.978552854760559,0.980864821370429,0.997621837836507,0.975081851317346,0.872313350506836,0.997877658438895,0.924987026071527,0.967808499556245,0.877202126153615
"FOXK1",0.986394977209318,0.918558571748293,0.947593649744214,0.823325093955788,0.9945355802403,0.975669848239195,0.887225347358921,0.997642323982606,0.953848257280594,0.949766520754501,0.998469980913838,0.932411114006156,0.726819422941841,0.955385232066177,0.977171034548471,0.848033855232376,0.984655622208857,0.919197738079447,0.99058315256204,0.964462440303351,0.905341078644845,0.987202435367148,0.99861028621524,0.922132358919962,0.968556137812539,0.949251957459363,0.961903178654453,0.990835317716574,0.914136038945836,0.832416887263578,0.963210127184389,0.931727212518015,0.964303936423276,0.924149186515097,0.711083290620083,0.969914650706507,0.979470733537026,0.939137124175805,0.647916281426759,0.939540792300982,0.984101290760488,0.372254203501194,0.897741372031196,0.793861471944479,0.91866037840055,0.474515425588148,0.940134200304475,0.963525285280965,0.93813155318891,0.987805594170962,0.944637043169869,0.950789827633603,0.945279690454232,0.995863965189804,0.989951536283013,0.847966609292705,0.980101264299953,0.983000213483043,0.943200499447946,0.985220766605989,0.769610632207273,0.993498234587533,0.971713762563523,0.984234806755631,0.913660504676599,0.950737190632857,0.988135766289232,0.995513768605802,0.784403672601075,0.534166850141422,0.951842670164933,0.982495431617448,0.995551743520484,0.948526257203303,0.951032514974819,0.695108310486856,0.993983228952742,0.967924559714292,0.958830339556458,0.969531158909843,0.966199786151759,0.985944647225575,0.718019998895096,0.92693009604249,0.991939704817908,0.944837246949588,0.98467220179463,0.97373787381513,0.971134227676763,0.967808499556245,0.983054176639238
"FOXO1",0.977871189702737,0.918558571748293,0.282370621240071,0.973430754648277,0.993051074935235,0.975669848239195,0.887225347358921,0.969007609935838,0.953848257280594,0.958773310900584,0.822592942821355,0.932411114006156,0.900595532413162,0.820039256625232,0.94463002416609,0.936494039408071,0.984655622208857,0.988827490153761,0.99058315256204,0.964462440303351,0.999095159964312,0.992891495012891,0.966683700014475,0.980555847524161,0.855437225767489,0.949154834042624,0.867261640870177,0.990835317716574,0.849853294715191,0.87709898306955,0.963210127184389,0.595131478220257,0.94485800853194,0.635309724386798,0.817601336015126,0.969914650706507,0.992347904415653,0.939137124175805,0.923715826230562,0.632380785493962,0.984101290760488,0.973093972758853,0.897741372031196,0.940779924297115,0.850808512028052,0.9794346231627,0.979752278184448,0.963525285280965,0.93813155318891,0.987805594170962,0.991207470248358,0.879363693501564,0.170819807788178,0.995863965189804,0.989951536283013,0.928129976103902,0.980101264299953,0.868032124474214,0.943200499447946,0.992591170072526,0.988119328978891,0.993498234587533,0.173946006970066,0.984234806755631,0.984539072774321,0.988373260486589,0.998909549625551,0.995513768605802,0.994352231413074,0.942896136262876,0.706028752323997,0.756516230611391,0.89685242700817,0.945344609806112,0.571214101022942,0.954622589913256,0.981861044853555,0.543625243623167,0.989853021951562,0.693440673265175,0.966199786151759,0.985944647225575,0.850752105062305,0.980864821370429,0.918206634848659,0.885908624924664,0.98467220179463,0.776329152254369,0.971134227676763,0.967808499556245,0.877202126153615
"FOXO4",0.986394977209318,0.918558571748293,0.947593649744214,0.973430754648277,0.993051074935235,0.975669848239195,0.887225347358921,0.974350324288928,0.743965623942447,0.855937101113342,0.963984879962213,0.954908797075044,0.855835478562977,0.955385232066177,0.900086747405105,0.936494039408071,0.957821762763487,0.988827490153761,0.885661743453292,0.964462440303351,0.999095159964312,0.987202435367148,0.99861028621524,0.922132358919962,0.855437225767489,0.998438460887743,0.967974607685349,0.547088016438767,0.798844343793731,0.831101505580924,0.980510260083611,0.966887719653955,0.991006704850301,0.969060379024855,0.989344918481461,0.969914650706507,0.979470733537026,0.939137124175805,0.998455946111541,0.928396465478573,0.984101290760488,0.973093972758853,0.961934914564604,0.969433608866267,0.954288989685055,0.960374117410912,0.884194906835871,0.963525285280965,0.93813155318891,0.987805594170962,0.944637043169869,0.950789827633603,0.945279690454232,0.995863965189804,0.989951536283013,0.532292601321141,0.980101264299953,0.875238341024357,0.943200499447946,0.792089126072693,0.999083283521616,0.993498234587533,0.971713762563523,0.939880926321575,0.984539072774321,0.997727503411322,0.808798809581662,0.995513768605802,0.994352231413074,0.897284217012306,0.951842670164933,0.982495431617448,0.995551743520484,0.927996966567392,0.978938234280529,0.850721167989112,0.947485018204864,0.994277989946841,0.989853021951562,0.969531158909843,0.987936601767119,0.985944647225575,0.996972845579443,0.980864821370429,0.717663559060028,0.76544097695829,0.872313350506836,0.989124790809404,0.916049579868679,0.967808499556245,0.935108385949834
"FOXP1",0.986394977209318,0.946492455389491,0.947593649744214,0.858203599862535,0.993051074935235,0.772007302810176,0.895030492771348,0.997642323982606,0.930577212648737,0.855937101113342,0.503690296971007,0.970620442968246,0.797296895052693,0.917064180399411,0.94463002416609,0.936494039408071,0.984655622208857,0.988827490153761,0.99058315256204,0.964462440303351,0.999095159964312,0.987202435367148,0.981192633653381,0.980555847524161,0.968556137812539,0.975319210779389,0.867261640870177,0.990835317716574,0.890885771992403,0.586680063989942,0.988025054041144,0.991381662827845,0.968076695185014,0.966668492903821,0.711083290620083,0.969914650706507,0.992347904415653,0.939137124175805,0.98685893504832,0.990644619335099,0.984101290760488,0.790016868729106,0.897741372031196,0.880996613608916,0.762235694310729,0.9794346231627,0.940134200304475,0.963525285280965,0.994916494193982,0.987805594170962,0.991207470248358,0.955475932361871,0.997173243351123,0.995863965189804,0.989951536283013,0.847966609292705,0.980101264299953,0.94373717920042,0.943200499447946,0.985220766605989,0.988119328978891,0.993498234587533,0.971713762563523,0.984234806755631,0.988606969494809,0.997727503411322,0.976588378691397,0.995513768605802,0.837533470641984,0.964565846253597,0.951842670164933,0.982495431617448,0.995551743520484,0.840160812527286,0.951032514974819,0.868695521194866,0.993983228952742,0.93219158183476,0.989853021951562,0.985555626311404,0.966199786151759,0.985944647225575,0.718019998895096,0.614718873831332,0.991939704817908,0.958887324880369,0.98467220179463,0.871476803854035,0.971134227676763,0.967808499556245,0.928722213024589
"FOXQ1",0.986394977209318,0.857118427113129,0.947593649744214,0.980482082971773,0.9945355802403,0.975669848239195,0.887225347358921,0.974350324288928,0.928678855198497,0.904057163887509,0.887851368407572,0.932411114006156,0.636165367567905,0.859406716787664,0.853472985768646,0.936494039408071,0.984655622208857,0.896053856368311,0.99058315256204,0.964462440303351,0.999095159964312,0.987202435367148,0.97242547511329,0.980555847524161,0.855437225767489,0.870124459667124,0.867261640870177,0.912103163739108,0.809848204367742,0.971166699519229,0.988025054041144,0.791012957213757,0.892151867775626,0.97948132666151,0.549974914402707,0.969914650706507,0.992347904415653,0.939137124175805,0.923715826230562,0.329047882200808,0.984101290760488,0.973093972758853,0.97280933616989,0.712915087106866,0.955541211377767,0.9794346231627,0.994634615166526,0.963525285280965,0.994916494193982,0.987805594170962,0.991207470248358,0.8236305514286,0.945279690454232,0.995863965189804,0.341826901442125,0.792943641982858,0.980101264299953,0.967862150229712,0.943200499447946,0.985220766605989,0.988119328978891,0.820972523037983,0.971713762563523,0.984234806755631,0.934890562570466,0.988373260486589,0.96843940214429,0.995513768605802,0.837533470641984,0.544566252105052,0.951842670164933,0.756516230611391,0.995551743520484,0.923413972536273,0.926024290590951,0.654071219444079,0.947485018204864,0.817956763979851,0.958830339556458,0.886885134733284,0.980485820987665,0.985944647225575,0.996972845579443,0.772809605080709,0.991939704817908,0.683230408571876,0.986321176674268,0.667777245297695,0.745502984670083,0.922804970496992,0.877202126153615
"GATA3",0.827699532857165,0.990788876036112,0.947593649744214,0.942204020118885,0.9945355802403,0.986613602878538,0.887225347358921,0.997642323982606,0.962717795250748,0.949766520754501,0.763275188566716,0.939347879040839,0.797296895052693,0.908272047919019,0.890695894789885,0.972598599390993,0.569115452564771,0.988827490153761,0.885661743453292,0.920355565056829,0.909477482001797,0.774122459290519,0.966683700014475,0.981724574081234,0.975531755935113,0.998438460887743,0.967974607685349,0.990835317716574,0.798844343793731,0.566350723337146,0.84989540520384,0.931727212518015,0.94485800853194,0.433141782006125,0.849724050535526,0.969914650706507,0.992347904415653,0.939137124175805,0.998455946111541,0.727127586352172,0.984101290760488,0.973093972758853,0.897741372031196,0.712915087106866,0.936869811603042,0.9794346231627,0.940134200304475,0.980944817824441,0.994916494193982,0.987805594170962,0.944637043169869,0.997165731888309,0.997173243351123,0.995863965189804,0.989951536283013,0.991391016425405,0.980101264299953,0.875238341024357,0.943200499447946,0.992591170072526,0.842673797375447,0.995464293384187,0.971713762563523,0.939880926321575,0.988606969494809,0.988373260486589,0.964018561275114,0.995513768605802,0.997158043934157,0.897284217012306,0.951842670164933,0.825240658574226,0.856719732472307,0.966705465986846,0.543293206741771,0.3666106957752,0.974575574904429,0.853200179614868,0.958830339556458,0.99766509142788,0.883399561293762,0.985944647225575,0.718019998895096,0.669422035321428,0.991939704817908,0.975081851317346,0.872313350506836,0.989124790809404,0.944209149291317,0.967808499556245,0.908360961847712
"NR3C1",0.8030304365275,0.857118427113129,0.947593649744214,0.894719798089916,0.993051074935235,0.772007302810176,0.887225347358921,0.91963038371847,0.953848257280594,0.958773310900584,0.909801387584842,0.970620442968246,0.94601536840562,0.955385232066177,0.921807066807273,0.89035310458809,0.984655622208857,0.896053856368311,0.99058315256204,0.964462440303351,0.905341078644845,0.987202435367148,0.966683700014475,0.970275360856571,0.98094190869866,0.870124459667124,0.961903178654453,0.775194755321876,0.890885771992403,0.566350723337146,0.883651697395464,0.966887719653955,0.94485800853194,0.433141782006125,0.631130417050721,0.969914650706507,0.99793502384607,0.939137124175805,0.929982334261429,0.597062914318808,0.984101290760488,0.792516250845295,0.897741372031196,0.987684775359363,0.973521329204096,0.9794346231627,0.940134200304475,0.963525285280965,0.994916494193982,0.987805594170962,0.944637043169869,0.955475932361871,0.998292864466501,0.995863965189804,0.989951536283013,0.847966609292705,0.980101264299953,0.94373717920042,0.943200499447946,0.985220766605989,0.993033808220297,0.993498234587533,0.971713762563523,0.984234806755631,0.780807108663195,0.988373260486589,0.927483497932125,0.995513768605802,0.71091227791191,0.954072026083131,0.951842670164933,0.756516230611391,0.995551743520484,0.998054139239244,0.896431477873981,0.984105140731236,0.910025526737626,0.994277989946841,0.989853021951562,0.969531158909843,0.966199786151759,0.985944647225575,0.996972845579443,0.980864821370429,0.991939704817908,0.683230408571876,0.872313350506836,0.940714241083756,0.922349145792783,0.9907628438926,0.988972555586579
"GFI1B",0.590050366449532,0.918558571748293,0.947593649744214,0.858203599862535,0.993051074935235,0.772007302810176,0.895030492771348,0.937190346594792,0.743965623942447,0.958773310900584,0.654865640713857,0.932411114006156,0.94601536840562,0.908272047919019,0.557858377072272,0.832246088417449,0.984655622208857,0.944565801982959,0.924508873658927,0.964462440303351,0.905341078644845,0.997138591281569,0.966683700014475,0.980555847524161,0.968556137812539,0.998438460887743,0.859849887819882,0.489137691861448,0.798844343793731,0.971166699519229,0.781387503836973,0.931727212518015,0.884002720232831,0.888989789581778,0.946968678098713,0.969914650706507,0.992347904415653,0.939137124175805,0.998455946111541,0.990644619335099,0.984101290760488,0.973093972758853,0.897741372031196,0.928168299948116,0.964801875135372,0.9794346231627,0.994634615166526,0.963525285280965,0.980278773226814,0.987805594170962,0.944637043169869,0.950789827633603,0.930781226207666,0.995863965189804,0.989951536283013,0.579305251656523,0.980101264299953,0.959215409383512,0.943200499447946,0.985220766605989,0.988119328978891,0.767811689923683,0.971713762563523,0.939880926321575,0.984539072774321,0.988373260486589,0.343757981502443,0.995513768605802,0.990792542980008,0.884443934087383,0.989802478051808,0.887638235685034,0.825090251741795,0.945344609806112,0.951032514974819,0.610979888946006,0.910025526737626,0.867469368921638,0.989853021951562,0.828829230768763,0.945734005081516,0.985944647225575,0.917617435568902,0.980864821370429,0.717663559060028,0.944837246949588,0.872313350506836,0.997877658438895,0.944209149291317,0.967808499556245,0.877202126153615
"GFI1",0.986394977209318,0.918558571748293,0.985811857817238,0.922005121187159,0.993051074935235,0.877017025728669,0.887225347358921,0.997642323982606,0.777897491089984,0.958773310900584,0.503690296971007,0.981761832847417,0.797296895052693,0.820039256625232,0.853472985768646,0.423468536290365,0.984655622208857,0.988827490153761,0.99058315256204,0.996701287740998,0.905341078644845,0.989746800245068,0.97242547511329,0.981724574081234,0.961654021584104,0.870124459667124,0.961903178654453,0.912103163739108,0.816066940129006,0.918171677316502,0.963210127184389,0.966887719653955,0.504837313579725,0.97948132666151,0.946968678098713,0.969914650706507,0.992347904415653,0.939137124175805,0.998455946111541,0.990644619335099,0.984101290760488,0.973093972758853,0.985858857846394,0.712915087106866,0.981435414634829,0.960374117410912,0.979752278184448,0.963525285280965,0.994916494193982,0.987805594170962,0.944637043169869,0.955475932361871,0.720483590150808,0.995863965189804,0.989951536283013,0.0783336268556028,0.980101264299953,0.94373717920042,0.943200499447946,0.985220766605989,0.715842819476998,0.993498234587533,0.971713762563523,0.984234806755631,0.984539072774321,0.997727503411322,0.927483497932125,0.995513768605802,0.997158043934157,0.945521130209379,0.998043045941511,0.827752896860557,0.968499627695017,0.923413972536273,0.951812089624309,0.610979888946006,0.917022638032017,0.951958037673,0.989853021951562,0.851190265812694,0.966199786151759,0.985944647225575,0.850752105062305,0.980864821370429,0.805596294455955,0.944837246949588,0.872313350506836,0.958040566620111,0.944209149291317,0.967808499556245,0.908360961847712
"GLI3",0.986394977209318,0.857118427113129,0.947593649744214,0.858203599862535,0.545202035575307,0.975669848239195,0.887225347358921,0.974350324288928,0.95469595101347,0.949766520754501,0.909801387584842,0.950050933983112,0.94601536840562,0.859406716787664,0.959035543398919,0.936494039408071,0.984655622208857,0.988827490153761,0.934762985632508,0.994192243629987,0.921059002039997,0.774122459290519,0.993738999500933,0.985005254474061,0.961654021584104,0.926234344654346,0.961903178654453,0.990835317716574,0.971171435944564,0.971166699519229,0.980510260083611,0.931727212518015,0.989440142572617,0.898654475256458,0.196872921777182,0.969914650706507,0.992347904415653,0.939137124175805,0.998455946111541,0.956925904413183,0.984101290760488,0.985431949759556,0.997584902751906,0.712915087106866,0.926596763669257,0.960374117410912,0.979752278184448,0.963525285280965,0.995847180026882,0.987805594170962,0.983423390456957,0.987966308019238,0.945279690454232,0.995863965189804,0.989951536283013,0.875128632870572,0.980101264299953,0.94373717920042,0.987971775024644,0.99595850940794,0.988119328978891,0.993498234587533,0.971713762563523,0.984234806755631,0.764794364519733,0.997727503411322,0.972612739551561,0.995513768605802,0.994352231413074,0.52303784906316,0.951842670164933,0.943685486849178,0.89685242700817,0.923413972536273,0.926024290590951,0.932152283580124,0.993983228952742,0.994277989946841,0.958830339556458,0.891329809525678,0.966199786151759,0.985944647225575,0.917617435568902,0.980864821370429,0.918206634848659,0.900799828836079,0.929249134534264,0.828383644503989,0.971134227676763,0.967808499556245,0.935108385949834
"GRHL2",0.877980954661452,0.980852371181267,0.947593649744214,0.894719798089916,0.980295511345863,0.877017025728669,0.887225347358921,0.997642323982606,0.953848257280594,0.271638036961403,0.91867951683344,0.932411114006156,0.94601536840562,0.917064180399411,0.853472985768646,0.423468536290365,0.375805144614732,0.896053856368311,0.951789553821646,0.964462440303351,0.909477482001797,0.987202435367148,0.99861028621524,0.922132358919962,0.855437225767489,0.91038569613036,0.959775506432681,0.927024010834999,0.974839881950641,0.845666167233936,0.963210127184389,0.931727212518015,0.388915845127904,0.930264940558548,0.449756105766641,0.969914650706507,0.992347904415653,0.939137124175805,0.998455946111541,0.77252055910976,0.984101290760488,0.955353139927338,0.897741372031196,0.712915087106866,0.981435414634829,0.700758770896343,0.713371677502829,0.980944817824441,0.994916494193982,0.987805594170962,0.79873086495258,0.955475932361871,0.945279690454232,0.995863965189804,0.989951536283013,0.958608634801614,0.980101264299953,0.878771995716035,0.826773394066169,0.991089760214518,0.895443803414711,0.78889778988139,0.971713762563523,0.984234806755631,0.709066600109638,0.988373260486589,0.980546577894919,0.995513768605802,0.994352231413074,0.981726194187198,0.438620660663474,0.825240658574226,0.995551743520484,0.947629768826814,0.493450013134281,0.568122981789484,0.989494596302615,0.853200179614868,0.958830339556458,0.99766509142788,0.966199786151759,0.985944647225575,0.876271893245491,0.92693009604249,0.991939704817908,0.683230408571876,0.872313350506836,0.670946868740736,0.971134227676763,0.597329095149066,0.908360961847712
"HEN1",0.977871189702737,0.990788876036112,0.950344890777525,0.927559145834506,0.993051074935235,0.948233595053014,0.967391868238628,0.91963038371847,0.928678855198497,0.816409370817276,0.909801387584842,0.950050933983112,0.883810598180788,0.908272047919019,0.94463002416609,0.936494039408071,0.515544137615014,0.896053856368311,0.929672812008213,0.97217093391293,0.999095159964312,0.774122459290519,0.977639331469681,0.728177284928313,0.968556137812539,0.975319210779389,0.967974607685349,0.506595854820865,0.965049162760353,0.633549843002688,0.980510260083611,0.975436942380726,0.968076695185014,0.924149186515097,0.977987856692946,0.969914650706507,0.992347904415653,0.939137124175805,0.998455946111541,0.597062914318808,0.984101290760488,0.973093972758853,0.97280933616989,0.940779924297115,0.954288989685055,0.852028155014214,0.994634615166526,0.963525285280965,0.994916494193982,0.987805594170962,0.991207470248358,0.955475932361871,0.997173243351123,0.995863965189804,0.979501353961341,0.883023559124872,0.980101264299953,0.931723038101577,0.943200499447946,0.985220766605989,0.988119328978891,0.993498234587533,0.971713762563523,0.984234806755631,0.709066600109638,0.988373260486589,0.967625088836332,0.995513768605802,0.994352231413074,0.942896136262876,0.951842670164933,0.979235100766823,0.983856571317042,0.948192055419925,0.951812089624309,0.869079408436595,0.910025526737626,0.994277989946841,0.958830339556458,0.755047141186348,0.966199786151759,0.985944647225575,0.850752105062305,0.980864821370429,0.991939704817908,0.765238549647428,0.872313350506836,0.997877658438895,0.990686067311631,0.982461861371116,0.908360961847712
"HIC1",0.986394977209318,0.918558571748293,0.951128054882931,0.894719798089916,0.993051074935235,0.986613602878538,0.887225347358921,0.945777343522167,0.953848257280594,0.982515213128969,0.963984879962213,0.950050933983112,0.970193512070709,0.859406716787664,0.902524365553904,0.936494039408071,0.984655622208857,0.988827490153761,0.924508873658927,0.964462440303351,0.999095159964312,0.989746800245068,0.966683700014475,0.980555847524161,0.977310692522386,0.941334919760945,0.859849887819882,0.927024010834999,0.971171435944564,0.832416887263578,0.945299786231499,0.931727212518015,0.590648534942937,0.845371029054134,0.786236788733452,0.969914650706507,0.992347904415653,0.958892987109856,0.923715826230562,0.519992299040389,0.984101290760488,0.973093972758853,0.897741372031196,0.940779924297115,0.981435414634829,0.9794346231627,0.689099331341797,0.987939730984027,0.994916494193982,0.987805594170962,0.944637043169869,0.950789827633603,0.945279690454232,0.995863965189804,0.8970806034839,0.991391016425405,0.980101264299953,0.94373717920042,0.987971775024644,0.985220766605989,0.988119328978891,0.78889778988139,0.971713762563523,0.984234806755631,0.952264642081159,0.988373260486589,0.912157498581089,0.995513768605802,0.994352231413074,0.942896136262876,0.951842670164933,0.765615288471316,0.983856571317042,0.923413972536273,0.926024290590951,0.932152283580124,0.947485018204864,0.967924559714292,0.989853021951562,0.693440673265175,0.785848629370205,0.985944647225575,0.718019998895096,0.980864821370429,0.843683602583882,0.99709767216295,0.930407576866427,0.958040566620111,0.944209149291317,0.967808499556245,0.877202126153615
"HIF1A",0.986394977209318,0.918558571748293,0.947593649744214,0.980482082971773,0.993051074935235,0.996779823236091,0.887225347358921,0.997642323982606,0.910837365682611,0.962726827183653,0.909801387584842,0.970620442968246,0.987380461405402,0.908272047919019,0.890695894789885,0.968262289607695,0.984655622208857,0.988827490153761,0.885661743453292,0.964462440303351,0.999095159964312,0.992891495012891,0.923349770562983,0.980555847524161,0.961654021584104,0.870124459667124,0.959775506432681,0.990835317716574,0.971171435944564,0.883490387072322,0.872321472076047,0.931727212518015,0.964303936423276,0.966668492903821,0.946968678098713,0.969914650706507,0.992347904415653,0.939137124175805,0.998455946111541,0.939540792300982,0.984101290760488,0.955353139927338,0.897741372031196,0.940779924297115,0.981435414634829,0.9794346231627,0.994634615166526,0.933659659758726,0.994916494193982,0.987805594170962,0.991207470248358,0.997165731888309,0.997173243351123,0.995863965189804,0.989951536283013,0.89283439191589,0.980101264299953,0.868032124474214,0.943200499447946,0.985220766605989,0.988119328978891,0.995464293384187,0.971713762563523,0.984234806755631,0.94607437979749,0.988373260486589,0.927483497932125,0.995513768605802,0.997158043934157,0.942896136262876,0.951842670164933,0.943685486849178,0.995551743520484,0.998054139239244,0.951812089624309,0.878303916472071,0.947485018204864,0.994277989946841,0.958830339556458,0.829628639674027,0.986127848962059,0.985944647225575,0.850752105062305,0.980864821370429,0.991939704817908,0.992208418615578,0.872313350506836,0.958040566620111,0.977647375957685,0.967808499556245,0.877202126153615
"HINFP",0.986394977209318,0.990788876036112,0.947593649744214,0.858203599862535,0.9945355802403,0.975669848239195,0.887225347358921,0.997642323982606,0.930577212648737,0.828265597745942,0.899257759075076,0.950050933983112,0.94601536840562,0.9985214345201,0.931472389250484,0.848033855232376,0.984655622208857,0.896053856368311,0.99058315256204,0.964462440303351,0.999095159964312,0.987202435367148,0.966683700014475,0.922132358919962,0.980718159012277,0.975319210779389,0.961903178654453,0.990835317716574,0.912861430142161,0.832416887263578,0.963210127184389,0.98572910717834,0.989440142572617,0.987317100492467,0.997838186600327,0.969914650706507,0.992347904415653,0.939137124175805,0.923715826230562,0.939540792300982,0.984101290760488,0.973093972758853,0.897741372031196,0.947076086288693,0.926596763669257,0.960374117410912,0.979752278184448,0.963525285280965,0.994916494193982,0.987805594170962,0.983423390456957,0.950789827633603,0.945279690454232,0.995863965189804,0.989951536283013,0.847966609292705,0.980101264299953,0.94373717920042,0.992781620769719,0.985220766605989,0.988119328978891,0.993498234587533,0.97830864265184,0.984234806755631,0.881819501550649,0.997727503411322,0.998909549625551,0.995513768605802,0.977598622646991,0.954072026083131,0.97905417184764,0.943685486849178,0.995551743520484,0.945344609806112,0.926024290590951,0.747545029293303,0.947485018204864,0.994277989946841,0.989853021951562,0.985555626311404,0.966199786151759,0.985944647225575,0.972958413504675,0.980864821370429,0.991939704817908,0.683230408571876,0.986321176674268,0.955396705353839,0.971134227676763,0.9907628438926,0.877202126153615
"HLF",0.986394977209318,0.918558571748293,0.947593649744214,0.890434002618684,0.9945355802403,0.877017025728669,0.895030492771348,0.91963038371847,0.98899934252318,0.949766520754501,0.963984879962213,0.932411114006156,0.94601536840562,0.908272047919019,0.959035543398919,0.936494039408071,0.984655622208857,0.988827490153761,0.99058315256204,0.964462440303351,0.999095159964312,0.987202435367148,0.99861028621524,0.994809061065822,0.968556137812539,0.755603824572365,0.867261640870177,0.990835317716574,0.971171435944564,0.786536603412103,0.915910460843573,0.931727212518015,0.968076695185014,0.924149186515097,0.997838186600327,0.969914650706507,0.992347904415653,0.988363431031518,0.923715826230562,0.939540792300982,0.984101290760488,0.955353139927338,0.897741372031196,0.981693541403064,0.988841214999037,0.852028155014214,0.979752278184448,0.963525285280965,0.994916494193982,0.98275271806883,0.944637043169869,0.479435710440192,0.849534658206978,0.995863965189804,0.8970806034839,0.899109148666222,0.980101264299953,0.94373717920042,0.826773394066169,0.985220766605989,0.715842819476998,0.993498234587533,0.971713762563523,0.984234806755631,0.961148357082013,0.993037364522479,0.967625088836332,0.995513768605802,0.994352231413074,0.945521130209379,0.951842670164933,0.756516230611391,0.995551743520484,0.937027554162116,0.951812089624309,0.839969399663688,0.910025526737626,0.994277989946841,0.989853021951562,0.969531158909843,0.966199786151759,0.985944647225575,0.917617435568902,0.980864821370429,0.991939704817908,0.862190992919273,0.872313350506836,0.989124790809404,0.990686067311631,0.9907628438926,0.928722213024589
"HNF6",0.877980954661452,0.918558571748293,0.947593649744214,0.928265802844048,0.993051074935235,0.975669848239195,0.887225347358921,0.997642323982606,0.935345030191237,0.958773310900584,0.800595110951954,0.970620442968246,0.883810598180788,0.973323188663176,0.853472985768646,0.968262289607695,0.984655622208857,0.988827490153761,0.924508873658927,0.964462440303351,0.999095159964312,0.987202435367148,0.979869908911865,0.980555847524161,0.968556137812539,0.941334919760945,0.867261640870177,0.990835317716574,0.849853294715191,0.786987221048278,0.963210127184389,0.991381662827845,0.949779621923909,0.920000827565719,0.849724050535526,0.969914650706507,0.979470733537026,0.939137124175805,0.998455946111541,0.928396465478573,0.984101290760488,0.955353139927338,0.897741372031196,0.940779924297115,0.981435414634829,0.793453369536491,0.889284775996501,0.980944817824441,0.994916494193982,0.987805594170962,0.944637043169869,0.950789827633603,0.945279690454232,0.995863965189804,0.325302509696039,0.932418641376381,0.980101264299953,0.94373717920042,0.943200499447946,0.99595850940794,0.993033808220297,0.993498234587533,0.99825219537858,0.984234806755631,0.793479834901933,0.988373260486589,0.808798809581662,0.995513768605802,0.994352231413074,0.907462002973117,0.951842670164933,0.777037033016102,0.995551743520484,0.767439534039727,0.571214101022942,0.984105140731236,0.991077341558135,0.93219158183476,0.989853021951562,0.755047141186348,0.923959889611315,0.985944647225575,0.889028933304954,0.625157463029763,0.991939704817908,0.900799828836079,0.872313350506836,0.670946868740736,0.745502984670083,0.967808499556245,0.877202126153615
"HSF1",0.877980954661452,0.918558571748293,0.947593649744214,0.894719798089916,0.778770758581177,0.975669848239195,0.887225347358921,0.997642323982606,0.606677236414398,0.949766520754501,0.91867951683344,0.932411114006156,0.94601536840562,0.859406716787664,0.890695894789885,0.848033855232376,0.984655622208857,0.988827490153761,0.99058315256204,0.964462440303351,0.999095159964312,0.987202435367148,0.977639331469681,0.970275360856571,0.977310692522386,0.601589358556976,0.961903178654453,0.990835317716574,0.849853294715191,0.976030134485823,0.963210127184389,0.991381662827845,0.590648534942937,0.894915791111121,0.997838186600327,0.969914650706507,0.992347904415653,0.988363431031518,0.998455946111541,0.440376528963697,0.984101290760488,0.790016868729106,0.897741372031196,0.940779924297115,0.605330901097157,0.960374117410912,0.979752278184448,0.963525285280965,0.994916494193982,0.987805594170962,0.991207470248358,0.950789827633603,0.95682369398201,0.995863965189804,0.989951536283013,0.847966609292705,0.980101264299953,0.94373717920042,0.943200499447946,0.95918612091532,0.988119328978891,0.886175058394711,0.971713762563523,0.984234806755631,0.952264642081159,0.988373260486589,0.808798809581662,0.995513768605802,0.994352231413074,0.954072026083131,0.98202600847707,0.756516230611391,0.983856571317042,0.923413972536273,0.951032514974819,0.850721167989112,0.98770879757831,0.994277989946841,0.989853021951562,0.969531158909843,0.966199786151759,0.985944647225575,0.948136197820191,0.980864821370429,0.918206634848659,0.975081851317346,0.98467220179463,0.667777245297695,0.916049579868679,0.839520339387191,0.877202126153615
"HSF2",0.763610119537656,0.918558571748293,0.947593649744214,0.886198572561906,0.993051074935235,0.996779823236091,0.887225347358921,0.969007609935838,0.962717795250748,0.982515213128969,0.763275188566716,0.981761832847417,0.881910347597752,0.908272047919019,0.690218123832744,0.949506220468213,0.984655622208857,0.896053856368311,0.885661743453292,0.964462440303351,0.929633209122209,0.987202435367148,0.99861028621524,0.970275360856571,0.968556137812539,0.941334919760945,0.859849887819882,0.888928235018118,0.885758023270042,0.971166699519229,0.939415165612956,0.931727212518015,0.590648534942937,0.925478551320078,0.786236788733452,0.969914650706507,0.992347904415653,0.995231913484346,0.998455946111541,0.419373041498797,0.984101290760488,0.955353139927338,0.970378111955257,0.940779924297115,0.816866137269848,0.474515425588148,0.999664883112287,0.963525285280965,0.994916494193982,0.987805594170962,0.991207470248358,0.997165731888309,0.945279690454232,0.995863965189804,0.989951536283013,0.952830969065486,0.980101264299953,0.94373717920042,0.943200499447946,0.985220766605989,0.988119328978891,0.772752333315343,0.971713762563523,0.984234806755631,0.990399816545978,0.993037364522479,0.927483497932125,0.995513768605802,0.994352231413074,0.981726194187198,0.951842670164933,0.756516230611391,0.89685242700817,0.923413972536273,0.951032514974819,0.998527843996187,0.947485018204864,0.994277989946841,0.958830339556458,0.983509267141977,0.966199786151759,0.985944647225575,0.917617435568902,0.92693009604249,0.991939704817908,0.983894379497625,0.98467220179463,0.97373787381513,0.971134227676763,0.967808499556245,0.908688512828716
"HTF4",0.986394977209318,0.959188045762339,0.947593649744214,0.823325093955788,0.993051074935235,0.996779823236091,0.887225347358921,0.997642323982606,0.962717795250748,0.764536737001102,0.819304716638866,0.932411114006156,0.94601536840562,0.859406716787664,0.977171034548471,0.936494039408071,0.984655622208857,0.917882577325405,0.885661743453292,0.964462440303351,0.999095159964312,0.989746800245068,0.99861028621524,0.980555847524161,0.968556137812539,0.868944497042464,0.961903178654453,0.990835317716574,0.798844343793731,0.833943178041285,0.821106198683598,0.734873676098316,0.991006704850301,0.888989789581778,0.790050364742552,0.969914650706507,0.992347904415653,0.939137124175805,0.923715826230562,0.779064505345675,0.997770063993804,0.973093972758853,0.961934914564604,0.940779924297115,0.955541211377767,0.9794346231627,0.889284775996501,0.963525285280965,0.994916494193982,0.987805594170962,0.983423390456957,0.997165731888309,0.997173243351123,0.995863965189804,0.989951536283013,0.999930601325353,0.980101264299953,0.94373717920042,0.992781620769719,0.792807302141648,0.988119328978891,0.993498234587533,0.971713762563523,0.939880926321575,0.965467617868542,0.988373260486589,0.967625088836332,0.995513768605802,0.994352231413074,0.942896136262876,0.951842670164933,0.943685486849178,0.995551743520484,0.923413972536273,0.926024290590951,0.770555057885379,0.993983228952742,0.994277989946841,0.989853021951562,0.814157448429202,0.966199786151759,0.985944647225575,0.889028933304954,0.980864821370429,0.991939704817908,0.944837246949588,0.872313350506836,0.943638954291596,0.944209149291317,0.967808499556245,0.908360961847712
"HXA10",0.986394977209318,0.918558571748293,0.985811857817238,0.882776828178774,0.993051074935235,0.986613602878538,0.895030492771348,0.997642323982606,0.953259049403241,0.764536737001102,0.816828621524504,0.970620442968246,0.94601536840562,0.908272047919019,0.900086747405105,0.89035310458809,0.984655622208857,0.896053856368311,0.924508873658927,0.964462440303351,0.905341078644845,0.987202435367148,0.99861028621524,0.822656097960492,0.968556137812539,0.941334919760945,0.959775506432681,0.804517384501351,0.971171435944564,0.824230592886987,0.706691613426751,0.991381662827845,0.94485800853194,0.980488081168909,0.549974914402707,0.969914650706507,0.979470733537026,0.939137124175805,0.998455946111541,0.939540792300982,0.984101290760488,0.973093972758853,0.97280933616989,0.940779924297115,0.981435414634829,0.852028155014214,0.994634615166526,0.963525285280965,0.627833411147361,0.987805594170962,0.684781226814021,0.817578722873247,0.843813939541627,0.995863965189804,0.8970806034839,0.707032154406999,0.980101264299953,0.875238341024357,0.943200499447946,0.993035403859647,0.988119328978891,0.993498234587533,0.971713762563523,0.984234806755631,0.984539072774321,0.997727503411322,0.927483497932125,0.995513768605802,0.837533470641984,0.661522531165212,0.951842670164933,0.756516230611391,0.856719732472307,0.93889011080623,0.571214101022942,0.839969399663688,0.910025526737626,0.853200179614868,0.989853021951562,0.814157448429202,0.966199786151759,0.985944647225575,0.718019998895096,0.988576864403412,0.918206634848659,0.765238549647428,0.98467220179463,0.842022652564365,0.916049579868679,0.922804970496992,0.877202126153615
"HXA13",0.986394977209318,0.857118427113129,0.947593649744214,0.858203599862535,0.993051074935235,0.986613602878538,0.887225347358921,0.997642323982606,0.953848257280594,0.880213541038002,0.963984879962213,0.950050933983112,0.636165367567905,0.859406716787664,0.706624871100164,0.936494039408071,0.984655622208857,0.955838849966602,0.99058315256204,0.964462440303351,0.999095159964312,0.992891495012891,0.979869908911865,0.970275360856571,0.855437225767489,0.755603824572365,0.961903178654453,0.990835317716574,0.971171435944564,0.976030134485823,0.963210127184389,0.931727212518015,0.989440142572617,0.991399620333799,0.946968678098713,0.969914650706507,0.992347904415653,0.939137124175805,0.998455946111541,0.928396465478573,0.984101290760488,0.790016868729106,0.897741372031196,0.880996613608916,0.981435414634829,0.903946752168944,0.863217482417545,0.963525285280965,0.994916494193982,0.987805594170962,0.944637043169869,0.950789827633603,0.720483590150808,0.995863965189804,0.640205906355247,0.991391016425405,0.980101264299953,0.94373717920042,0.945147089959078,0.988622344664075,0.988119328978891,0.993498234587533,0.971713762563523,0.939880926321575,0.988606969494809,0.997727503411322,0.967625088836332,0.996814163664813,0.994352231413074,0.661522531165212,0.951842670164933,0.458363808566575,0.995551743520484,0.793435488856439,0.926024290590951,0.984105140731236,0.993983228952742,0.973256778306132,0.958830339556458,0.755047141186348,0.945734005081516,0.985944647225575,0.889028933304954,0.614718873831332,0.918206634848659,0.76544097695829,0.872313350506836,0.667777245297695,0.745502984670083,0.967808499556245,0.908360961847712
"HXA1",0.986394977209318,0.918558571748293,0.951128054882931,0.858203599862535,0.993051074935235,0.996779823236091,0.887225347358921,0.91963038371847,0.930577212648737,0.962726827183653,0.646780002893688,0.932411114006156,0.987380461405402,0.908272047919019,0.931472389250484,0.936494039408071,0.984655622208857,0.896053856368311,0.562955720485224,0.964462440303351,0.905341078644845,0.997138591281569,0.966683700014475,0.728177284928313,0.961654021584104,0.870124459667124,0.867261640870177,0.489137691861448,0.849853294715191,0.824230592886987,0.706691613426751,0.991381662827845,0.968076695185014,0.472741771090293,0.449756105766641,0.969914650706507,0.992347904415653,0.939137124175805,0.998455946111541,0.831887954398671,0.984101290760488,0.973093972758853,0.897741372031196,0.940779924297115,0.981435414634829,0.944204067695012,0.979752278184448,0.963525285280965,0.994916494193982,0.987805594170962,0.991207470248358,0.997165731888309,0.930781226207666,0.995863965189804,0.989951536283013,0.715244458134789,0.980101264299953,0.994749209792896,0.943200499447946,0.792807302141648,0.988119328978891,0.996390105073579,0.971713762563523,0.984234806755631,0.988606969494809,0.988373260486589,0.967625088836332,0.995513768605802,0.994352231413074,0.914010769606531,0.951842670164933,0.756516230611391,0.983856571317042,0.767439534039727,0.951032514974819,0.761074104901049,0.910025526737626,0.951958037673,0.958830339556458,0.755047141186348,0.966199786151759,0.985944647225575,0.996972845579443,0.980864821370429,0.991939704817908,0.683230408571876,0.956853049360699,0.930026500684672,0.971134227676763,0.958977716940042,0.988972555586579
"HXA9",0.958351826760967,0.918558571748293,0.964400043150218,0.890434002618684,0.90809762257842,0.948233595053014,0.887225347358921,0.91963038371847,0.953848257280594,0.903176143338671,0.963984879962213,0.950050933983112,0.797296895052693,0.955385232066177,0.900071605932477,0.767927146616449,0.990717185731582,0.919197738079447,0.99058315256204,0.920355565056829,0.999095159964312,0.992891495012891,0.979869908911865,0.994809061065822,0.855437225767489,0.890162945175425,0.959775506432681,0.860396847709765,0.890885771992403,0.855607643809581,0.425024909131877,0.931727212518015,0.867746027847679,0.97948132666151,0.997838186600327,0.969914650706507,0.992347904415653,0.939137124175805,0.923715826230562,0.939540792300982,0.984101290760488,0.973093972758853,0.897741372031196,0.712915087106866,0.926596763669257,0.960374117410912,0.940134200304475,0.963525285280965,0.994916494193982,0.987805594170962,0.944637043169869,0.950789827633603,0.997173243351123,0.995863965189804,0.989951536283013,0.847966609292705,0.980101264299953,0.94373717920042,0.943200499447946,0.985220766605989,0.988119328978891,0.993498234587533,0.971713762563523,0.939880926321575,0.913660504676599,0.997727503411322,0.927483497932125,0.995513768605802,0.977598622646991,0.901383894985217,0.51650529334941,0.943685486849178,0.995551743520484,0.95942290198725,0.951032514974819,0.974881004445255,0.993983228952742,0.951958037673,0.964820762874142,0.958037618985202,0.636438540874775,0.819529131842338,0.718019998895096,0.980864821370429,0.991939704817908,0.862190992919273,0.872313350506836,0.838995739643002,0.977647375957685,0.95536937216887,0.953551951183984
"HXB13",0.986394977209318,0.955536645654718,0.947593649744214,0.851340892292907,0.993051074935235,0.975669848239195,0.887225347358921,0.91963038371847,0.928678855198497,0.963670657586378,0.654865640713857,0.932411114006156,0.883810598180788,0.820039256625232,0.680779235007489,0.936494039408071,0.984655622208857,0.896053856368311,0.924508873658927,0.964462440303351,0.999095159964312,0.987202435367148,0.99861028621524,0.980555847524161,0.855437225767489,0.128297897186046,0.961903178654453,0.878583723754828,0.809848204367742,0.832416887263578,0.706691613426751,0.971715580363368,0.590648534942937,0.986380586220371,0.866669443337272,0.996155406685953,0.992347904415653,0.939137124175805,0.998455946111541,0.69758012350465,0.984101290760488,0.955353139927338,0.970378111955257,0.880996613608916,0.955541211377767,0.999086280339018,0.689099331341797,0.995677600307021,0.994916494193982,0.987805594170962,0.944637043169869,0.950789827633603,0.997173243351123,0.995863965189804,0.996557313137602,0.897532017579732,0.980101264299953,0.94373717920042,0.943200499447946,0.985220766605989,0.988119328978891,0.421005358888122,0.971713762563523,0.984234806755631,0.984638855034765,0.950737190632857,0.927483497932125,0.995513768605802,0.994352231413074,0.8455540843749,0.951842670164933,0.756516230611391,0.856719732472307,0.945344609806112,0.926024290590951,0.850131945557062,0.993983228952742,0.853200179614868,0.989853021951562,0.898865586940032,0.966199786151759,0.985944647225575,0.996972845579443,0.980864821370429,0.991939704817908,0.833186209210505,0.98467220179463,0.997877658438895,0.982026964156152,0.473758452766982,0.908360961847712
"HXB4",0.986394977209318,0.857118427113129,0.951128054882931,0.858203599862535,0.993051074935235,0.972525449358619,0.887225347358921,0.997642323982606,0.953848257280594,0.764536737001102,0.822592942821355,0.950050933983112,0.643322495226575,0.908272047919019,0.921807066807273,0.936494039408071,0.984655622208857,0.896053856368311,0.924508873658927,0.964462440303351,0.999095159964312,0.992891495012891,0.99861028621524,0.980555847524161,0.968556137812539,0.837802539368329,0.859849887819882,0.796963208492827,0.974839881950641,0.824230592886987,0.821106198683598,0.931727212518015,0.94485800853194,0.966668492903821,0.631130417050721,0.969914650706507,0.992347904415653,0.939137124175805,0.998455946111541,0.926264947996387,0.984101290760488,0.955353139927338,0.953135273141489,0.880996613608916,0.981435414634829,0.9794346231627,0.979752278184448,0.995677600307021,0.994916494193982,0.987805594170962,0.983423390456957,0.955475932361871,0.945279690454232,0.995863965189804,0.979501353961341,0.991391016425405,0.980101264299953,0.94373717920042,0.943200499447946,0.985220766605989,0.988119328978891,0.993498234587533,0.971713762563523,0.984234806755631,0.965467617868542,0.988373260486589,0.967625088836332,0.995513768605802,0.837533470641984,0.897284217012306,0.920654981092044,0.811375852598385,0.983856571317042,0.937027554162116,0.951812089624309,0.984105140731236,0.910025526737626,0.853200179614868,0.958830339556458,0.958037618985202,0.966199786151759,0.985944647225575,0.917617435568902,0.980864821370429,0.917857588501314,0.683230408571876,0.872313350506836,0.871476803854035,0.971134227676763,0.967808499556245,0.983054176639238
"HXC9",0.986394977209318,0.857118427113129,0.947593649744214,0.858203599862535,0.993051074935235,0.975669848239195,0.887225347358921,0.974350324288928,0.743965623942447,0.880213541038002,0.467174043815802,0.970620442968246,0.643322495226575,0.820039256625232,0.931472389250484,0.884814099804975,0.984655622208857,0.896053856368311,0.99058315256204,0.994192243629987,0.999095159964312,0.992891495012891,0.99861028621524,0.922132358919962,0.961654021584104,0.949251957459363,0.867261640870177,0.489137691861448,0.971171435944564,0.586680063989942,0.980510260083611,0.996077898628198,0.989894180530529,0.991399620333799,0.976438909121445,0.969914650706507,0.992347904415653,0.939137124175805,0.98245945016842,0.329047882200808,0.984101290760488,0.973093972758853,0.897741372031196,0.880996613608916,0.936869811603042,0.865066279168024,0.889284775996501,0.933659659758726,0.93813155318891,0.987805594170962,0.944637043169869,0.479435710440192,0.997173243351123,0.995863965189804,0.989951536283013,0.836863416323714,0.980101264299953,0.94373717920042,0.943200499447946,0.985220766605989,0.988119328978891,0.82323762775755,0.971713762563523,0.939880926321575,0.961148357082013,0.997727503411322,0.520880213484825,0.995513768605802,0.994352231413074,0.884443934087383,0.971159199323835,0.780287410485362,0.995551743520484,0.884768371037053,0.951812089624309,0.984105140731236,0.976590363727397,0.951958037673,0.989853021951562,0.693440673265175,0.966199786151759,0.985944647225575,0.718019998895096,0.980864821370429,0.991939704817908,0.862190992919273,0.960776981066493,0.997877658438895,0.983540148233843,0.839520339387191,0.877202126153615
"IKZF1",0.986394977209318,0.857118427113129,0.947593649744214,0.858203599862535,0.993051074935235,0.986613602878538,0.887225347358921,0.91963038371847,0.953848257280594,0.949766520754501,0.7503237586522,0.932411114006156,0.94601536840562,0.955385232066177,0.900086747405105,0.884814099804975,0.984655622208857,0.896053856368311,0.804294807322805,0.964462440303351,0.577036413742259,0.989746800245068,0.979869908911865,0.994809061065822,0.968556137812539,0.926234344654346,0.959775506432681,0.663831584842438,0.971171435944564,0.928794544765883,0.988025054041144,0.931727212518015,0.867746027847679,0.844894401898285,0.186319736723721,0.969914650706507,0.992347904415653,0.941398655964033,0.998455946111541,0.779064505345675,0.984101290760488,0.973093972758853,0.897741372031196,0.940779924297115,0.762235694310729,0.938421360985624,0.940134200304475,0.963525285280965,0.994916494193982,0.987805594170962,0.991207470248358,0.950789827633603,0.918873812272347,0.995863965189804,0.989951536283013,0.991391016425405,0.980101264299953,0.930006266985758,0.943200499447946,0.985220766605989,0.988119328978891,0.993498234587533,0.971713762563523,0.984234806755631,0.984638855034765,0.988373260486589,0.927483497932125,0.995513768605802,0.997158043934157,0.93309748406323,0.951842670164933,0.811375852598385,0.995551743520484,0.767439534039727,0.926024290590951,0.984105140731236,0.98770879757831,0.994277989946841,0.989853021951562,0.693440673265175,0.966199786151759,0.906738331863853,0.917617435568902,0.980864821370429,0.991939704817908,0.975081851317346,0.872313350506836,0.989124790809404,0.745502984670083,0.967808499556245,0.877202126153615
"INSM1",0.986394977209318,0.955536645654718,0.947593649744214,0.886198572561906,0.993051074935235,0.975669848239195,0.887225347358921,0.997642323982606,0.953848257280594,0.982515213128969,0.855982404785445,0.932411114006156,0.899549710425612,0.917064180399411,0.900086747405105,0.936494039408071,0.984655622208857,0.988827490153761,0.924508873658927,0.964462440303351,0.999095159964312,0.987202435367148,0.966683700014475,0.981724574081234,0.963200703005454,0.870124459667124,0.867261640870177,0.990835317716574,0.971171435944564,0.971166699519229,0.706691613426751,0.991381662827845,0.946186152807806,0.995365897353285,0.976438909121445,0.969914650706507,0.992347904415653,0.939137124175805,0.998455946111541,0.727127586352172,0.984101290760488,0.973093972758853,0.897741372031196,0.969433608866267,0.926596763669257,0.941452796669749,0.979752278184448,0.980944817824441,0.995847180026882,0.987805594170962,0.991207470248358,0.955475932361871,0.930781226207666,0.995863965189804,0.989951536283013,0.919526439624137,0.980101264299953,0.875238341024357,0.987971775024644,0.985220766605989,0.988119328978891,0.796758872246301,0.971713762563523,0.906694197413484,0.984638855034765,0.988373260486589,0.927483497932125,0.995513768605802,0.694275304398457,0.907462002973117,0.953067338383647,0.977578273618045,0.995551743520484,0.955940425710232,0.926024290590951,0.896114263118191,0.947485018204864,0.853200179614868,0.989853021951562,0.958037618985202,0.966199786151759,0.985944647225575,0.996869200847921,0.980864821370429,0.991939704817908,0.862190992919273,0.929249134534264,0.667777245297695,0.971134227676763,0.967808499556245,0.935108385949834
"IRF3",0.986394977209318,0.955536645654718,0.947593649744214,0.858203599862535,0.993051074935235,0.996779823236091,0.887225347358921,0.91963038371847,0.910837365682611,0.949766520754501,0.91867951683344,0.932411114006156,0.956511723574256,0.917064180399411,0.946084879339905,0.936494039408071,0.984655622208857,0.988827490153761,0.712577151607803,0.964462440303351,0.999095159964312,0.992891495012891,0.966683700014475,0.970275360856571,0.968556137812539,0.990586753244865,0.867261640870177,0.873095838942213,0.809848204367742,0.976030134485823,0.988025054041144,0.966887719653955,0.527325549291776,0.925478551320078,0.788486702023723,0.969914650706507,0.992347904415653,0.939137124175805,0.998455946111541,0.599483849450946,0.984101290760488,0.955353139927338,0.992321936713372,0.940779924297115,0.938061539016134,0.9794346231627,0.889284775996501,0.963525285280965,0.994916494193982,0.987805594170962,0.944637043169869,0.955475932361871,0.997173243351123,0.995863965189804,0.995271044468057,0.412784793901978,0.980101264299953,0.875238341024357,0.992781620769719,0.99595850940794,0.897502908757806,0.993498234587533,0.971713762563523,0.939880926321575,0.984539072774321,0.988373260486589,0.927483497932125,0.995513768605802,0.694275304398457,0.897284217012306,0.951842670164933,0.777037033016102,0.825090251741795,0.943067943867442,0.973872051721356,0.869079408436595,0.947485018204864,0.951958037673,0.989853021951562,0.958037618985202,0.966199786151759,0.788802449414964,0.927376362357255,0.859815782355133,0.918206634848659,0.748026956331138,0.98467220179463,0.842022652564365,0.944209149291317,0.967808499556245,0.983054176639238
"IRF7",0.986394977209318,0.959188045762339,0.947593649744214,0.851340892292907,0.993051074935235,0.772007302810176,0.887225347358921,0.997642323982606,0.753176448337248,0.949766520754501,0.963984879962213,0.932411114006156,0.797296895052693,0.820039256625232,0.711470894006451,0.998004928307733,0.984655622208857,0.896053856368311,0.885661743453292,0.964462440303351,0.905341078644845,0.987202435367148,0.966683700014475,0.981724574081234,0.855437225767489,0.570456554185659,0.859849887819882,0.71837951754968,0.916668985740648,0.971166699519229,0.957399747948328,0.98572910717834,0.946186152807806,0.959820023491687,0.977987856692946,0.969914650706507,0.992347904415653,0.939137124175805,0.923715826230562,0.928396465478573,0.984101290760488,0.955353139927338,0.897741372031196,0.780157026266295,0.981435414634829,0.474515425588148,0.994634615166526,0.963525285280965,0.627833411147361,0.987805594170962,0.684781226814021,0.955475932361871,0.793901871118511,0.995863965189804,0.990383692406554,0.875128632870572,0.980101264299953,0.94373717920042,0.992781620769719,0.95918612091532,0.988119328978891,0.976720768666836,0.971713762563523,0.986083614283324,0.709066600109638,0.988373260486589,0.927483497932125,0.995513768605802,0.552696612907844,0.906800800156901,0.996959494160813,0.780287410485362,0.983856571317042,0.943067943867442,0.571214101022942,0.610979888946006,0.947943208793293,0.967924559714292,0.989853021951562,0.957930225995731,0.966199786151759,0.985944647225575,0.917617435568902,0.980864821370429,0.991939704817908,0.683230408571876,0.872313350506836,0.997877658438895,0.924987026071527,0.967808499556245,0.908360961847712
"IRF9",0.986394977209318,0.918558571748293,0.951128054882931,0.922039140095142,0.993051074935235,0.862169762776936,0.895030492771348,0.91963038371847,0.930577212648737,0.996558119154601,0.763275188566716,0.970620442968246,0.797296895052693,0.95288723701743,0.900086747405105,0.968262289607695,0.984655622208857,0.896053856368311,0.99058315256204,0.964462440303351,0.999095159964312,0.987202435367148,0.966683700014475,0.922132358919962,0.977310692522386,0.601589358556976,0.867261640870177,0.878583723754828,0.809848204367742,0.918171677316502,0.939415165612956,0.931727212518015,0.45143607105245,0.924149186515097,0.997838186600327,0.969914650706507,0.992347904415653,0.939137124175805,0.998455946111541,0.928396465478573,0.984101290760488,0.955353139927338,0.897741372031196,0.880996613608916,0.91866037840055,0.865066279168024,0.979752278184448,0.980820286627419,0.994916494193982,0.987805594170962,0.944637043169869,0.963078867422568,0.804534740815082,0.995863965189804,0.989951536283013,0.991391016425405,0.980101264299953,0.94373717920042,0.943200499447946,0.792089126072693,0.988119328978891,0.806674639479842,0.971713762563523,0.984234806755631,0.952264642081159,0.988373260486589,0.927483497932125,0.995513768605802,0.994352231413074,0.721753616177691,0.951842670164933,0.916178878707574,0.856719732472307,0.923413972536273,0.951032514974819,0.984105140731236,0.989494596302615,0.994277989946841,0.989853021951562,0.969531158909843,0.966199786151759,0.707369971181906,0.996972845579443,0.980864821370429,0.991939704817908,0.992471588794157,0.872313350506836,0.997877658438895,0.857488877078365,0.967808499556245,0.877202126153615
"ISL1",0.986394977209318,0.918558571748293,0.964400043150218,0.858203599862535,0.993051074935235,0.975669848239195,0.889317871289028,0.997642323982606,0.928678855198497,0.772272220391627,0.950092664277705,0.932411114006156,0.94601536840562,0.859406716787664,0.921807066807273,0.936494039408071,0.984655622208857,0.988827490153761,0.99058315256204,0.964462440303351,0.999095159964312,0.997138591281569,0.99861028621524,0.922132358919962,0.968556137812539,0.868944497042464,0.959775506432681,0.966247035711916,0.971171435944564,0.566350723337146,0.821106198683598,0.998677973579199,0.989440142572617,0.97948132666151,0.786236788733452,0.969914650706507,0.992347904415653,0.939137124175805,0.998455946111541,0.939540792300982,0.984101290760488,0.973093972758853,0.897741372031196,0.712915087106866,0.981435414634829,0.960374117410912,0.994634615166526,0.980944817824441,0.93813155318891,0.987805594170962,0.944637043169869,0.983589152905479,0.997173243351123,0.995863965189804,0.989951536283013,0.847966609292705,0.998492841228318,0.94373717920042,0.987971775024644,0.909530991584053,0.937858277435483,0.993498234587533,0.971713762563523,0.984234806755631,0.764794364519733,0.988373260486589,0.942564731034346,0.995513768605802,0.784403672601075,0.920113644132705,0.951842670164933,0.756516230611391,0.995551743520484,0.927996966567392,0.926024290590951,0.974881004445255,0.947485018204864,0.994277989946841,0.958830339556458,0.985555626311404,0.966199786151759,0.985944647225575,0.917617435568902,0.980864821370429,0.991939704817908,0.935476846939921,0.986321176674268,0.997877658438895,0.944209149291317,0.839520339387191,0.877202126153615
"KAISO",0.986394977209318,0.918558571748293,0.996938175144315,0.858203599862535,0.993051074935235,0.975669848239195,0.965630618417577,0.997642323982606,0.960114658011414,0.931587950884921,0.963984879962213,0.970620442968246,0.726819422941841,0.908272047919019,0.977171034548471,0.936494039408071,0.984655622208857,0.896053856368311,0.885661743453292,0.994192243629987,0.999095159964312,0.987202435367148,0.99861028621524,0.994809061065822,0.864224625373813,0.941334919760945,0.927376863997816,0.990835317716574,0.891686268104611,0.945039676849551,0.883651697395464,0.971715580363368,0.968076695185014,0.888989789581778,0.989344918481461,0.969914650706507,0.992347904415653,0.939137124175805,0.998455946111541,0.928396465478573,0.984101290760488,0.973093972758853,0.897741372031196,0.806492885256225,0.981435414634829,0.960374117410912,0.994634615166526,0.963525285280965,0.994916494193982,0.987805594170962,0.944637043169869,0.950789827633603,0.945279690454232,0.995863965189804,0.989951536283013,0.991391016425405,0.980101264299953,0.923236936619623,0.943200499447946,0.985220766605989,0.988119328978891,0.993498234587533,0.971713762563523,0.984234806755631,0.990399816545978,0.997727503411322,0.967625088836332,0.995513768605802,0.991792469067612,0.942896136262876,0.951842670164933,0.756516230611391,0.995551743520484,0.95942290198725,0.992340719739904,0.839969399663688,0.978808858609282,0.999729373563029,0.989853021951562,0.985555626311404,0.966199786151759,0.985944647225575,0.742143195539573,0.980864821370429,0.805596294455955,0.935476846939921,0.975753320309974,0.931310338786536,0.998968080327772,0.967808499556245,0.935108385949834
"KLF8",0.986394977209318,0.918558571748293,0.951128054882931,0.882776828178774,0.993051074935235,0.772007302810176,0.946426946724042,0.997642323982606,0.928678855198497,0.816409370817276,0.925056502501314,0.932411114006156,0.94601536840562,0.955385232066177,0.502111302409017,0.936494039408071,0.984655622208857,0.988827490153761,0.924508873658927,0.964462440303351,0.999095159964312,0.989746800245068,0.984341127195763,0.985005254474061,0.977310692522386,0.926234344654346,0.867261640870177,0.990835317716574,0.971171435944564,0.989411506709096,0.963210127184389,0.971715580363368,0.989440142572617,0.995146945380728,0.943137566057437,0.996155406685953,0.992347904415653,0.939137124175805,0.998455946111541,0.939540792300982,0.984101290760488,0.955353139927338,0.897741372031196,0.940779924297115,0.954288989685055,0.960374117410912,0.995404517124042,0.963525285280965,0.93813155318891,0.987805594170962,0.991207470248358,0.997165731888309,0.849534658206978,0.99923845262546,0.989951536283013,0.715244458134789,0.980101264299953,0.923236936619623,0.943200499447946,0.985220766605989,0.897502908757806,0.993498234587533,0.971713762563523,0.984234806755631,0.913660504676599,0.988373260486589,0.927483497932125,0.995513768605802,0.784403672601075,0.907462002973117,0.951842670164933,0.756516230611391,0.995551743520484,0.948526257203303,0.978938234280529,0.984105140731236,0.947485018204864,0.967924559714292,0.99977270395882,0.886885134733284,0.966199786151759,0.985944647225575,0.917617435568902,0.980864821370429,0.918206634848659,0.938367338873946,0.872313350506836,0.975976957372285,0.944209149291317,0.967808499556245,0.887198376913101
"LEF1",0.986394977209318,0.955536645654718,0.86653417787819,0.899017661274924,0.993051074935235,0.975669848239195,0.895030492771348,0.637583198106979,0.935345030191237,0.996558119154601,0.7503237586522,0.954908797075044,0.679214379890828,0.995765153644671,0.977171034548471,0.936494039408071,0.984655622208857,0.896053856368311,0.942539325382662,0.964462440303351,0.909477482001797,0.945802155432443,0.966683700014475,0.980555847524161,0.883617647186189,0.962229815833229,0.867261640870177,0.804517384501351,0.971171435944564,0.80482733359295,0.883651697395464,0.931727212518015,0.899000288561427,0.97948132666151,0.866669443337272,0.969914650706507,0.992347904415653,0.939137124175805,0.923715826230562,0.928396465478573,0.984101290760488,0.973093972758853,0.897741372031196,0.987685121892081,0.981435414634829,0.941452796669749,0.863217482417545,0.963525285280965,0.994916494193982,0.987805594170962,0.684781226814021,0.955475932361871,0.997173243351123,0.995863965189804,0.989951536283013,0.889259977349343,0.980101264299953,0.94373717920042,0.826773394066169,0.95918612091532,0.988119328978891,0.993498234587533,0.971713762563523,0.984234806755631,0.984539072774321,0.997727503411322,0.927483497932125,0.995513768605802,0.938275246312034,0.884443934087383,0.951842670164933,0.471383429802639,0.856719732472307,0.923413972536273,0.953131549536696,0.984105140731236,0.98770879757831,0.994277989946841,0.989853021951562,0.872573363450941,0.976363059902045,0.985944647225575,0.917617435568902,0.980864821370429,0.918206634848659,0.683230408571876,0.872313350506836,0.958040566620111,0.922349145792783,0.967808499556245,0.877202126153615
"LHX2",0.986394977209318,0.918558571748293,0.964400043150218,0.858203599862535,0.993051074935235,0.948233595053014,0.895030492771348,0.997642323982606,0.953848257280594,0.816409370817276,0.899257759075076,0.932411114006156,0.883810598180788,0.955385232066177,0.910188660387542,0.936494039408071,0.984655622208857,0.988827490153761,0.9509390958197,0.994192243629987,0.909477482001797,0.608089543636139,0.99861028621524,0.922132358919962,0.968556137812539,0.941334919760945,0.867261640870177,0.679512343945411,0.867203769661487,0.971166699519229,0.945299786231499,0.595131478220257,0.892151867775626,0.898654475256458,0.997838186600327,0.977042438525314,0.992347904415653,0.939137124175805,0.998455946111541,0.989397892318536,0.984101290760488,0.955353139927338,0.972142525306588,0.753496079177978,0.981435414634829,0.700758770896343,0.940134200304475,0.963525285280965,0.994916494193982,0.987805594170962,0.944637043169869,0.911086986119124,0.852862305923107,0.995863965189804,0.989951536283013,0.836863416323714,0.980101264299953,0.94373717920042,0.975066145347508,0.95918612091532,0.993033808220297,0.991676600451525,0.971713762563523,0.984234806755631,0.913660504676599,0.988373260486589,0.998909549625551,0.995513768605802,0.772938051539495,0.90436523702197,0.675972556086178,0.787711028445119,0.983856571317042,0.998054139239244,0.926024290590951,0.932152283580124,0.989494596302615,0.73220640476532,0.989853021951562,0.891329809525678,0.966199786151759,0.985944647225575,0.850752105062305,0.980864821370429,0.717663559060028,0.935476846939921,0.872313350506836,0.667777245297695,0.916049579868679,0.922804970496992,0.877202126153615
"LHX3",0.986394977209318,0.918558571748293,0.947593649744214,0.858203599862535,0.993051074935235,0.975669848239195,0.887225347358921,0.91963038371847,0.953848257280594,0.958773310900584,0.909801387584842,0.976747464858168,0.797296895052693,0.820039256625232,0.853472985768646,0.936494039408071,0.984655622208857,0.988827490153761,0.99058315256204,0.986452540479267,0.999095159964312,0.987202435367148,0.97242547511329,0.981724574081234,0.968556137812539,0.998438460887743,0.961903178654453,0.990835317716574,0.971171435944564,0.971166699519229,0.945694450754716,0.969741709577958,0.94485800853194,0.980488081168909,0.856171907488333,0.969914650706507,0.992347904415653,0.939137124175805,0.998455946111541,0.993189345703528,0.984101290760488,0.790016868729106,0.897741372031196,0.940779924297115,0.981435414634829,0.791569639520171,0.979752278184448,0.963525285280965,0.93813155318891,0.987805594170962,0.991207470248358,0.950789827633603,0.997173243351123,0.995863965189804,0.573417640458457,0.991391016425405,0.980101264299953,0.923236936619623,0.943200499447946,0.985220766605989,0.988119328978891,0.78889778988139,0.515348828083871,0.984234806755631,0.990399816545978,0.988373260486589,0.927483497932125,0.995513768605802,0.994352231413074,0.988351021619896,0.951842670164933,0.90626324561481,0.995551743520484,0.945344609806112,0.926024290590951,0.680097601573273,0.910025526737626,0.714034902978655,0.989853021951562,0.883167092599061,0.966199786151759,0.985944647225575,0.867864574434394,0.980864821370429,0.918206634848659,0.885908624924664,0.929249134534264,0.989124790809404,0.916049579868679,0.967808499556245,0.988972555586579
"LYL1",0.986394977209318,0.918558571748293,0.947593649744214,0.927559145834506,0.554402404774506,0.975669848239195,0.967391868238628,0.997642323982606,0.60560153213176,0.816409370817276,0.501325581683792,0.932411114006156,0.987380461405402,0.917064180399411,0.977171034548471,0.936494039408071,0.987205796516758,0.896053856368311,0.885661743453292,0.964462440303351,0.999095159964312,0.987202435367148,0.979869908911865,0.980555847524161,0.960092031391508,0.868944497042464,0.961903178654453,0.833310915305093,0.971171435944564,0.971166699519229,0.915910460843573,0.975436942380726,0.946186152807806,0.844894401898285,0.946968678098713,0.969914650706507,0.979470733537026,0.939137124175805,0.998455946111541,0.711982551243605,0.984101290760488,0.973093972758853,0.970378111955257,0.940779924297115,0.850808512028052,0.9794346231627,0.859422167261281,0.980944817824441,0.994916494193982,0.987805594170962,0.991207470248358,0.955475932361871,0.930781226207666,0.995863965189804,0.989951536283013,0.919526439624137,0.980101264299953,0.94373717920042,0.943200499447946,0.99595850940794,0.995527975410184,0.993498234587533,0.971713762563523,0.984234806755631,0.990399816545978,0.988373260486589,0.967625088836332,0.995513768605802,0.994352231413074,0.60311972602247,0.996959494160813,0.787711028445119,0.856719732472307,0.945344609806112,0.926024290590951,0.932152283580124,0.947485018204864,0.73220640476532,0.989853021951562,0.958037618985202,0.966199786151759,0.985944647225575,0.718019998895096,0.980864821370429,0.991939704817908,0.862996969962747,0.872313350506836,0.931310338786536,0.769110335089286,0.967808499556245,0.877202126153615
"MAFB",0.495684936588067,0.955536645654718,0.947593649744214,0.894719798089916,0.993051074935235,0.862169762776936,0.887225347358921,0.91963038371847,0.928678855198497,0.764536737001102,0.822592942821355,0.932411114006156,0.980785968901272,0.955385232066177,0.910188660387542,0.956480716662847,0.984655622208857,0.896053856368311,0.924508873658927,0.964462440303351,0.999095159964312,0.987202435367148,0.966683700014475,0.994809061065822,0.968556137812539,0.941334919760945,0.961903178654453,0.990835317716574,0.971171435944564,0.971166699519229,0.980510260083611,0.931727212518015,0.884002720232831,0.966668492903821,0.78624437744517,0.969914650706507,0.992347904415653,0.939137124175805,0.998455946111541,0.928396465478573,0.984101290760488,0.955353139927338,0.997584902751906,0.940779924297115,0.981435414634829,0.9794346231627,0.979752278184448,0.963525285280965,0.93813155318891,0.987805594170962,0.991207470248358,0.955475932361871,0.945279690454232,0.995863965189804,0.957065225674088,0.847966609292705,0.980101264299953,0.875238341024357,0.975628100573544,0.909530991584053,0.988119328978891,0.993498234587533,0.971713762563523,0.636888324695041,0.990399816545978,0.988373260486589,0.927483497932125,0.995513768605802,0.994352231413074,0.52303784906316,0.98791881173793,0.811375852598385,0.983856571317042,0.981902075572591,0.994342807096474,0.610979888946006,0.947485018204864,0.853200179614868,0.989853021951562,0.755047141186348,0.945734005081516,0.985944647225575,0.912888444519457,0.706651447925707,0.717663559060028,0.833186209210505,0.98467220179463,0.958040566620111,0.745502984670083,0.967808499556245,0.877202126153615
"MAFF",0.986394977209318,0.955536645654718,0.947593649744214,0.899017661274924,0.993051074935235,0.772007302810176,0.984155302107091,0.997642323982606,0.953848257280594,0.816409370817276,0.7503237586522,0.970620442968246,0.900595532413162,0.995765153644671,0.932613217909234,0.936494039408071,0.984655622208857,0.896053856368311,0.99058315256204,0.996701287740998,0.909477482001797,0.987202435367148,0.97242547511329,0.922132358919962,0.963200703005454,0.888084695921055,0.961903178654453,0.975057338779539,0.890885771992403,0.971166699519229,0.945694450754716,0.931727212518015,0.968076695185014,0.796898489482247,0.946968678098713,0.996155406685953,0.992347904415653,0.939137124175805,0.998455946111541,0.727127586352172,0.984101290760488,0.973093972758853,0.897741372031196,0.969433608866267,0.605330901097157,0.865066279168024,0.979752278184448,0.995677600307021,0.889599989420421,0.987805594170962,0.991207470248358,0.955475932361871,0.945279690454232,0.995863965189804,0.979501353961341,0.954002560392766,0.980101264299953,0.94373717920042,0.943200499447946,0.991089760214518,0.988119328978891,0.996390105073579,0.971713762563523,0.984234806755631,0.765213594222044,0.988373260486589,0.980546577894919,0.995513768605802,0.994352231413074,0.942896136262876,0.951842670164933,0.916178878707574,0.856719732472307,0.927996966567392,0.951032514974819,0.984105140731236,0.947485018204864,0.977666773139928,0.989853021951562,0.693440673265175,0.966199786151759,0.985944647225575,0.869635332027988,0.980864821370429,0.991939704817908,0.765238549647428,0.930407576866427,0.997877658438895,0.916049579868679,0.967808499556245,0.877202126153615
"MAF",0.776400828111374,0.918558571748293,0.947593649744214,0.942204020118885,0.993051074935235,0.996779823236091,0.887225347358921,0.966982123206878,0.962717795250748,0.958773310900584,0.91867951683344,0.950050933983112,0.643322495226575,0.908272047919019,0.890695894789885,0.779554421672053,0.984655622208857,0.988827490153761,0.885661743453292,0.964462440303351,0.999095159964312,0.987202435367148,0.966683700014475,0.994809061065822,0.855437225767489,0.870124459667124,0.859849887819882,0.990835317716574,0.971171435944564,0.971166699519229,0.963210127184389,0.991381662827845,0.968076695185014,0.987317100492467,0.600345376170201,0.969914650706507,0.992347904415653,0.939137124175805,0.923715826230562,0.939540792300982,0.984101290760488,0.973093972758853,0.97280933616989,0.940779924297115,0.981435414634829,0.999086280339018,0.956989203651413,0.963525285280965,0.994916494193982,0.987805594170962,0.684781226814021,0.950789827633603,0.997173243351123,0.995863965189804,0.989951536283013,0.847966609292705,0.980101264299953,0.94373717920042,0.987971775024644,0.95918612091532,0.897502908757806,0.993498234587533,0.971713762563523,0.984234806755631,0.764794364519733,0.997727503411322,0.980546577894919,0.995513768605802,0.994352231413074,0.907462002973117,0.951842670164933,0.756516230611391,0.856719732472307,0.997997290640315,0.951812089624309,0.850131945557062,0.951483178731206,0.966036399495549,0.989853021951562,0.755047141186348,0.966199786151759,0.985944647225575,0.968012902209048,0.338614392454922,0.83556870234563,0.765238549647428,0.971222498724215,0.667777245297695,0.745502984670083,0.967808499556245,0.877202126153615
"MAX",0.887156503363573,0.918558571748293,0.984790429561465,0.858203599862535,0.9945355802403,0.975669848239195,0.887225347358921,0.91963038371847,0.935345030191237,0.816409370817276,0.927531433273955,0.970620442968246,0.94601536840562,0.908272047919019,0.853472985768646,0.936494039408071,0.984655622208857,0.896053856368311,0.99058315256204,0.97217093391293,0.999095159964312,0.987202435367148,0.99861028621524,0.970275360856571,0.968556137812539,0.870124459667124,0.967974607685349,0.804517384501351,0.944162997315518,0.971166699519229,0.988025054041144,0.734873676098316,0.457947599122565,0.844894401898285,0.997838186600327,0.969914650706507,0.992347904415653,0.981746296754657,0.923715826230562,0.939540792300982,0.984101290760488,0.973093972758853,0.897741372031196,0.940779924297115,0.981435414634829,0.865066279168024,0.889284775996501,0.963525285280965,0.93813155318891,0.987805594170962,0.991207470248358,0.955475932361871,0.997173243351123,0.995863965189804,0.989951536283013,0.889259977349343,0.980101264299953,0.94373717920042,0.943200499447946,0.992591170072526,0.715842819476998,0.996390105073579,0.971713762563523,0.984234806755631,0.881819501550649,0.988373260486589,0.520880213484825,0.995513768605802,0.828849841788215,0.897284217012306,0.951842670164933,0.87937097167422,0.995551743520484,0.945344609806112,0.973872051721356,0.984105140731236,0.917022638032017,0.951958037673,0.989853021951562,0.958037618985202,0.636438540874775,0.985944647225575,0.850752105062305,0.980864821370429,0.717663559060028,0.748026956331138,0.989762487092984,0.931310338786536,0.944209149291317,0.740779702693251,0.877202126153615
"MBD2",0.986394977209318,0.990788876036112,0.947593649744214,0.886198572561906,0.993051074935235,0.996779823236091,0.933809521211185,0.91963038371847,0.962717795250748,0.764536737001102,0.925056502501314,0.970620442968246,0.94601536840562,0.908272047919019,0.94335538646339,0.936494039408071,0.984655622208857,0.896053856368311,0.924508873658927,0.989118013412394,0.999095159964312,0.997138591281569,0.99861028621524,0.922132358919962,0.968556137812539,0.990586753244865,0.961903178654453,0.990835317716574,0.971171435944564,0.971166699519229,0.963210127184389,0.966887719653955,0.94485800853194,0.966668492903821,0.997838186600327,0.996155406685953,0.992347904415653,0.939137124175805,0.923715826230562,0.956925904413183,0.984101290760488,0.955353139927338,0.970378111955257,0.969433608866267,0.981435414634829,0.9794346231627,0.744857049043214,0.966002474175767,0.994916494193982,0.987805594170962,0.944637043169869,0.955475932361871,0.997173243351123,0.995863965189804,0.989951536283013,0.991391016425405,0.980101264299953,0.983000213483043,0.943200499447946,0.985220766605989,0.993033808220297,0.994921589938789,0.971713762563523,0.984234806755631,0.764794364519733,0.988373260486589,0.96843940214429,0.995513768605802,0.446540754931279,0.920113644132705,0.951842670164933,0.943685486849178,0.995551743520484,0.945344609806112,0.926024290590951,0.869079408436595,0.947485018204864,0.93219158183476,0.958830339556458,0.958037618985202,0.966199786151759,0.985944647225575,0.917617435568902,0.980864821370429,0.991939704817908,0.900799828836079,0.872313350506836,0.930026500684672,0.990686067311631,0.967808499556245,0.908360961847712
"MECP2",0.986394977209318,0.918558571748293,0.947593649744214,0.973430754648277,0.993051074935235,0.975669848239195,0.887225347358921,0.997642323982606,0.989723031924473,0.930117182553684,0.763275188566716,0.932411114006156,0.797296895052693,0.919283740746145,0.890695894789885,0.936494039408071,0.984655622208857,0.919197738079447,0.99058315256204,0.97217093391293,0.999095159964312,0.987202435367148,0.97242547511329,0.985005254474061,0.968556137812539,0.941334919760945,0.967974607685349,0.489137691861448,0.816066940129006,0.971166699519229,0.945299786231499,0.998677973579199,0.968076695185014,0.924149186515097,0.786236788733452,0.969914650706507,0.992347904415653,0.939137124175805,0.998455946111541,0.727127586352172,0.984101290760488,0.973093972758853,0.970378111955257,0.940779924297115,0.762235694310729,0.960374117410912,0.979752278184448,0.963525285280965,0.93813155318891,0.987805594170962,0.956271184721212,0.950789827633603,0.997173243351123,0.995863965189804,0.989951536283013,0.883023559124872,0.980101264299953,0.94373717920042,0.943200499447946,0.985220766605989,0.988119328978891,0.84291801936364,0.971713762563523,0.984234806755631,0.990399816545978,0.997727503411322,0.927483497932125,0.995513768605802,0.997158043934157,0.920113644132705,0.951842670164933,0.778589320379766,0.983856571317042,0.947629768826814,0.978938234280529,0.654071219444079,0.947485018204864,0.994277989946841,0.989853021951562,0.829628639674027,0.966199786151759,0.985944647225575,0.917617435568902,0.980864821370429,0.991939704817908,0.765238549647428,0.872313350506836,0.964972303096941,0.998968080327772,0.967808499556245,0.887198376913101
"MEIS1",0.977871189702737,0.946492455389491,0.947593649744214,0.858203599862535,0.993051074935235,0.996779823236091,0.946426946724042,0.91963038371847,0.928678855198497,0.904057163887509,0.819304716638866,0.932411114006156,0.94601536840562,0.908272047919019,0.900086747405105,0.848033855232376,0.984655622208857,0.988827490153761,0.99058315256204,0.964462440303351,0.999095159964312,0.829763204110592,0.99861028621524,0.994809061065822,0.855437225767489,0.941334919760945,0.961903178654453,0.990835317716574,0.890885771992403,0.566350723337146,0.706691613426751,0.971715580363368,0.94485800853194,0.97948132666151,0.711083290620083,0.969914650706507,0.979470733537026,0.939137124175805,0.998455946111541,0.928396465478573,0.984101290760488,0.790016868729106,0.972142525306588,0.712915087106866,0.981435414634829,0.929954871477201,0.770756178702951,0.963525285280965,0.994916494193982,0.988457246339015,0.944637043169869,0.955475932361871,0.959543692237942,0.995863965189804,0.989951536283013,0.412784793901978,0.980101264299953,0.868032124474214,0.943200499447946,0.985220766605989,0.988119328978891,0.78889778988139,0.971713762563523,0.984234806755631,0.990399816545978,0.989961905631103,0.927483497932125,0.995513768605802,0.941804115954498,0.907462002973117,0.845083820878037,0.961479141516635,0.983856571317042,0.912652692791398,0.926024290590951,0.610979888946006,0.981861044853555,0.931111479186362,0.989853021951562,0.829628639674027,0.986127848962059,0.958262811535281,0.850752105062305,0.980864821370429,0.918206634848659,0.935476846939921,0.872313350506836,0.964972303096941,0.924987026071527,0.922804970496992,0.877202126153615
"MEIS2",0.986394977209318,0.918558571748293,0.951128054882931,0.858203599862535,0.9945355802403,0.877017025728669,0.967391868238628,0.637583198106979,0.935345030191237,0.764536737001102,0.7503237586522,0.96238723661317,0.662003664345096,0.908272047919019,0.959457352689274,0.936494039408071,0.984655622208857,0.944565801982959,0.924508873658927,0.994192243629987,0.999095159964312,0.987202435367148,0.966683700014475,0.728177284928313,0.968556137812539,0.941334919760945,0.959775506432681,0.990835317716574,0.974839881950641,0.633549843002688,0.821106198683598,0.991381662827845,0.989894180530529,0.966668492903821,0.997838186600327,0.969914650706507,0.992347904415653,0.939137124175805,0.998455946111541,0.939540792300982,0.984101290760488,0.790016868729106,0.897741372031196,0.712915087106866,0.936869811603042,0.9794346231627,0.940134200304475,0.966002474175767,0.994916494193982,0.987805594170962,0.944637043169869,0.950789827633603,0.997173243351123,0.995863965189804,0.989951536283013,0.991391016425405,0.980101264299953,0.94373717920042,0.943200499447946,0.985220766605989,0.988119328978891,0.78889778988139,0.971713762563523,0.984234806755631,0.881819501550649,0.988373260486589,0.998909549625551,0.995513768605802,0.977598622646991,0.988351021619896,0.951842670164933,0.756516230611391,0.995551743520484,0.948526257203303,0.978938234280529,0.984105140731236,0.947485018204864,0.951958037673,0.989853021951562,0.958037618985202,0.966199786151759,0.985944647225575,0.850752105062305,0.980864821370429,0.991939704817908,0.900799828836079,0.961310134189464,0.87297568254555,0.916049579868679,0.967808499556245,0.877202126153615
"MTF1",0.986394977209318,0.918558571748293,0.947593649744214,0.882776828178774,0.993051074935235,0.975669848239195,0.887225347358921,0.997642323982606,0.891240239567454,0.982515213128969,0.944382799732897,0.932411114006156,0.899549710425612,0.917064180399411,0.690218123832744,0.884814099804975,0.984655622208857,0.940089911070319,0.99058315256204,0.994192243629987,0.909477482001797,0.992891495012891,0.99861028621524,0.980555847524161,0.968556137812539,0.870124459667124,0.961903178654453,0.927024010834999,0.971171435944564,0.973144119343984,0.980510260083611,0.966887719653955,0.964303936423276,0.969060379024855,0.997838186600327,0.969914650706507,0.992347904415653,0.939137124175805,0.998455946111541,0.939540792300982,0.984101290760488,0.973093972758853,0.897741372031196,0.79347948990467,0.954288989685055,0.474515425588148,0.940134200304475,0.963525285280965,0.994916494193982,0.987805594170962,0.991207470248358,0.955475932361871,0.852862305923107,0.995863965189804,0.8970806034839,0.991391016425405,0.980101264299953,0.875238341024357,0.943200499447946,0.985220766605989,0.988119328978891,0.993498234587533,0.971713762563523,0.984234806755631,0.990399816545978,0.988373260486589,0.980546577894919,0.995513768605802,0.994352231413074,0.666796499976843,0.951842670164933,0.87937097167422,0.995551743520484,0.937027554162116,0.951032514974819,0.984105140731236,0.978808858609282,0.994277989946841,0.989853021951562,0.829628639674027,0.986127848962059,0.985944647225575,0.941191416679736,0.980864821370429,0.991939704817908,0.900799828836079,0.872313350506836,0.997877658438895,0.944209149291317,0.922804970496992,0.983054176639238
"MXI1",0.986394977209318,0.918558571748293,0.951128054882931,0.927559145834506,0.993051074935235,0.975669848239195,0.887225347358921,0.997642323982606,0.953848257280594,0.963670657586378,0.819304716638866,0.932411114006156,0.94601536840562,0.959664247605701,0.977171034548471,0.936494039408071,0.990717185731582,0.957344996383534,0.90788176639883,0.964462440303351,0.953499043165816,0.989746800245068,0.977639331469681,0.981724574081234,0.975531755935113,0.941334919760945,0.961903178654453,0.950068774159519,0.971171435944564,0.971166699519229,0.945299786231499,0.595131478220257,0.94485800853194,0.433141782006125,0.790050364742552,0.969914650706507,0.992347904415653,0.939137124175805,0.999108958772964,0.514615986034919,0.992554727183416,0.973093972758853,0.994856785333396,0.969433608866267,0.981435414634829,0.484892032503834,0.94929925807232,0.963525285280965,0.994916494193982,0.998913300436201,0.944637043169869,0.997165731888309,0.984526801803707,0.995863965189804,0.945507133850049,0.991391016425405,0.980101264299953,0.983000213483043,0.943200499447946,0.985220766605989,0.988119328978891,0.78889778988139,0.971713762563523,0.984234806755631,0.993670637074939,0.988373260486589,0.945103550952028,0.995513768605802,0.994352231413074,0.942896136262876,0.438620660663474,0.98587507454006,0.995551743520484,0.923413972536273,0.951812089624309,0.97955392152215,0.910025526737626,0.951958037673,0.989853021951562,0.958037618985202,0.966199786151759,0.985944647225575,0.917617435568902,0.980864821370429,0.717663559060028,0.765238549647428,0.98467220179463,0.997877658438895,0.971134227676763,0.922804970496992,0.877202126153615
"MYB",0.986394977209318,0.918558571748293,0.951128054882931,0.858203599862535,0.993051074935235,0.996779823236091,0.887225347358921,0.91963038371847,0.953848257280594,0.965247860868385,0.925056502501314,0.932411114006156,0.899549710425612,0.917064180399411,0.931472389250484,0.936494039408071,0.984655622208857,0.944565801982959,0.99058315256204,0.964462440303351,0.999095159964312,0.987202435367148,0.97242547511329,0.985005254474061,0.963200703005454,0.868944497042464,0.955529568065345,0.847241900741798,0.965049162760353,0.971166699519229,0.963210127184389,0.971715580363368,0.867746027847679,0.973673426164194,0.946968678098713,0.969914650706507,0.951531118959614,0.939137124175805,0.998455946111541,0.939540792300982,0.984101290760488,0.792516250845295,0.97280933616989,0.969433608866267,0.981435414634829,0.9794346231627,0.909621433894783,0.963525285280965,0.93813155318891,0.987805594170962,0.944637043169869,0.817578722873247,0.997173243351123,0.995863965189804,0.989951536283013,0.715244458134789,0.980101264299953,0.94373717920042,0.939187380035953,0.792089126072693,0.988119328978891,0.996390105073579,0.971713762563523,0.984234806755631,0.990399816545978,0.988373260486589,0.967625088836332,0.995513768605802,0.994352231413074,0.967316969998229,0.951842670164933,0.730068619655245,0.995551743520484,0.93889011080623,0.951032514974819,0.695108310486856,0.989494596302615,0.93219158183476,0.989853021951562,0.872573363450941,0.966199786151759,0.985944647225575,0.850752105062305,0.980864821370429,0.991939704817908,0.935476846939921,0.872313350506836,0.997877658438895,0.944209149291317,0.473758452766982,0.53518674982434
"MYCN",0.986394977209318,0.918558571748293,0.947593649744214,0.882776828178774,0.993051074935235,0.975669848239195,0.887225347358921,0.997642323982606,0.672409153248701,0.271638036961403,0.899257759075076,0.980487292513613,0.797296895052693,0.820039256625232,0.977171034548471,0.936494039408071,0.984655622208857,0.988827490153761,0.885661743453292,0.994192243629987,0.999095159964312,0.774122459290519,0.99861028621524,0.976513356202145,0.961654021584104,0.870124459667124,0.961903178654453,0.990835317716574,0.809848204367742,0.269705470538499,0.872321472076047,0.966887719653955,0.994612981236891,0.987317100492467,0.840607033495657,0.996155406685953,0.992347904415653,0.939137124175805,0.923715826230562,0.987929856329299,0.984101290760488,0.973093972758853,0.897741372031196,0.712915087106866,0.981435414634829,0.991537372579938,0.979752278184448,0.963525285280965,0.994916494193982,0.987805594170962,0.991207470248358,0.955475932361871,0.945279690454232,0.995863965189804,0.640205906355247,0.922695520939815,0.980101264299953,0.94373717920042,0.987971775024644,0.985220766605989,0.769610632207273,0.993498234587533,0.971713762563523,0.984234806755631,0.873494637455948,0.988373260486589,0.927483497932125,0.995513768605802,0.994352231413074,0.988351021619896,0.996959494160813,0.943685486849178,0.995551743520484,0.955940425710232,0.951812089624309,0.770555057885379,0.910025526737626,0.853200179614868,0.989853021951562,0.872573363450941,0.945734005081516,0.985944647225575,0.969049815625076,0.980864821370429,0.991939704817908,0.862190992919273,0.98467220179463,0.989124790809404,0.924987026071527,0.967808499556245,0.877202126153615
"MYC",0.986394977209318,0.857118427113129,0.951128054882931,0.858203599862535,0.9945355802403,0.996779823236091,0.887225347358921,0.974350324288928,0.949622708618804,0.982515213128969,0.909801387584842,0.932411114006156,0.94601536840562,0.995765153644671,0.977171034548471,0.975014823128371,0.984655622208857,0.896124442536829,0.99058315256204,0.964462440303351,0.999095159964312,0.989746800245068,0.99861028621524,0.981724574081234,0.968556137812539,0.870124459667124,0.961903178654453,0.663831584842438,0.849853294715191,0.633549843002688,0.963210127184389,0.931727212518015,0.968076695185014,0.47734841694974,0.989344918481461,0.969914650706507,0.979470733537026,0.939137124175805,0.998455946111541,0.928396465478573,0.984101290760488,0.955353139927338,0.897741372031196,0.987685121892081,0.936869811603042,0.580335924402952,0.940134200304475,0.963525285280965,0.994916494193982,0.987805594170962,0.952545674537069,0.955475932361871,0.997173243351123,0.995863965189804,0.989951536283013,0.991391016425405,0.980101264299953,0.94373717920042,0.943200499447946,0.985220766605989,0.715842819476998,0.993498234587533,0.971713762563523,0.984234806755631,0.934890562570466,0.988373260486589,0.993420796739225,0.995513768605802,0.784403672601075,0.872894281320799,0.98202600847707,0.780287410485362,0.995551743520484,0.945344609806112,0.951032514974819,0.954622589913256,0.9886606986213,0.882535712189764,0.989853021951562,0.969531158909843,0.636438540874775,0.985944647225575,0.917617435568902,0.980864821370429,0.805596294455955,0.862190992919273,0.873357622187764,0.940714241083756,0.924987026071527,0.473758452766982,0.928722213024589
"MYF6",0.986394977209318,0.946492455389491,0.985811857817238,0.858203599862535,0.993051074935235,0.975669848239195,0.946426946724042,0.997642323982606,0.935345030191237,0.949766520754501,0.763275188566716,0.950050933983112,0.662003664345096,0.820039256625232,0.890695894789885,0.936494039408071,0.984655622208857,0.896053856368311,0.99058315256204,0.994192243629987,0.999095159964312,0.992891495012891,0.966683700014475,0.841947842452955,0.855437225767489,0.941334919760945,0.867261640870177,0.990835317716574,0.816066940129006,0.976030134485823,0.915910460843573,0.931727212518015,0.989440142572617,0.97948132666151,0.989344918481461,0.977700076575794,0.992347904415653,0.948549452026287,0.998455946111541,0.882533321070461,0.984101290760488,0.973093972758853,0.897741372031196,0.987685121892081,0.981435414634829,0.991537372579938,0.979752278184448,0.963525285280965,0.994916494193982,0.987805594170962,0.802948035798879,0.987966308019238,0.95682369398201,0.995863965189804,0.989951536283013,0.991391016425405,0.980101264299953,0.875238341024357,0.943200499447946,0.985220766605989,0.988119328978891,0.993498234587533,0.971713762563523,0.984234806755631,0.990399816545978,0.988373260486589,0.96843940214429,0.995513768605802,0.994352231413074,0.920113644132705,0.951842670164933,0.540743270175803,0.995551743520484,0.879286925552775,0.951812089624309,0.714984797108792,0.917022638032017,0.994277989946841,0.958830339556458,0.958037618985202,0.966199786151759,0.622278943609863,0.996972845579443,0.980864821370429,0.991939704817908,0.944837246949588,0.872313350506836,0.958040566620111,0.78422873843094,0.967808499556245,0.877202126153615
"MZF1",0.958351826760967,0.918558571748293,0.984243494060735,0.953345901246377,0.993051074935235,0.975669848239195,0.887225347358921,0.997642323982606,0.928678855198497,0.949766520754501,0.893194226573629,0.932411114006156,0.94601536840562,0.917064180399411,0.931472389250484,0.936494039408071,0.987205796516758,0.896124442536829,0.90788176639883,0.980811879691301,0.999095159964312,0.989746800245068,0.966683700014475,0.980555847524161,0.961654021584104,0.950702455013777,0.961903178654453,0.796963208492827,0.890885771992403,0.869090718874023,0.987927434881289,0.595131478220257,0.989440142572617,0.925478551320078,0.997838186600327,0.969914650706507,0.979470733537026,0.988363431031518,0.923715826230562,0.933453338771503,0.984101290760488,0.821489859284342,0.976983292818177,0.981693541403064,0.981435414634829,0.852028155014214,0.994634615166526,0.963525285280965,0.994916494193982,0.987805594170962,0.991207470248358,0.950789827633603,0.945279690454232,0.995863965189804,0.989951536283013,0.991391016425405,0.980101264299953,0.875238341024357,0.943200499447946,0.792089126072693,0.988119328978891,0.993498234587533,0.971713762563523,0.984234806755631,0.709066600109638,0.988373260486589,0.927483497932125,0.995513768605802,0.994352231413074,0.884443934087383,0.951842670164933,0.943685486849178,0.995551743520484,0.95942290198725,0.951032514974819,0.869079408436595,0.947485018204864,0.93219158183476,0.989853021951562,0.969531158909843,0.980485820987665,0.985944647225575,0.718019998895096,0.980864821370429,0.797527757506808,0.938367338873946,0.872313350506836,0.667777245297695,0.944209149291317,0.967808499556245,0.908360961847712
"NF2L1",0.986394977209318,0.857118427113129,0.947593649744214,0.858203599862535,0.993051074935235,0.975669848239195,0.887225347358921,0.997642323982606,0.60560153213176,0.966210602314282,0.763275188566716,0.932411114006156,0.94601536840562,0.955385232066177,0.502111302409017,0.779554421672053,0.984655622208857,0.896053856368311,0.99058315256204,0.994192243629987,0.999095159964312,0.608089543636139,0.979869908911865,0.922132358919962,0.977310692522386,0.870124459667124,0.959775506432681,0.489137691861448,0.84417315247399,0.736051253822302,0.706691613426751,0.971715580363368,0.968076695185014,0.635309724386798,0.840607033495657,0.969914650706507,0.992347904415653,0.939137124175805,0.998455946111541,0.736409133031386,0.984101290760488,0.955353139927338,0.897741372031196,0.902401571971446,0.954288989685055,0.960374117410912,0.994634615166526,0.933659659758726,0.994916494193982,0.734422295133014,0.991207470248358,0.955475932361871,0.997173243351123,0.995863965189804,0.536048119946863,0.895901755362368,0.980101264299953,0.868032124474214,0.992781620769719,0.985220766605989,0.897502908757806,0.806674639479842,0.990377789705614,0.984234806755631,0.913660504676599,0.988373260486589,0.927483497932125,0.995513768605802,0.784403672601075,0.8455540843749,0.951842670164933,0.943685486849178,0.856719732472307,0.945344609806112,0.951812089624309,0.984105140731236,0.910025526737626,0.951958037673,0.958830339556458,0.958037618985202,0.966199786151759,0.973932474373296,0.850752105062305,0.980864821370429,0.991939704817908,0.748026956331138,0.872313350506836,0.930459851039869,0.971134227676763,0.967808499556245,0.877202126153615
"NFAC1",0.986394977209318,0.918558571748293,0.951128054882931,0.704513675563292,0.993051074935235,0.772007302810176,0.887225347358921,0.997642323982606,0.928678855198497,0.855937101113342,0.998469980913838,0.932411114006156,0.643322495226575,0.91306812193664,0.94463002416609,0.936494039408071,0.693045513674241,0.896053856368311,0.924508873658927,0.920355565056829,0.999095159964312,0.987202435367148,0.99861028621524,0.980555847524161,0.968556137812539,0.998438460887743,0.867261640870177,0.489137691861448,0.971171435944564,0.971166699519229,0.980510260083611,0.991381662827845,0.590648534942937,0.773130992969493,0.997838186600327,0.996155406685953,0.992347904415653,0.939137124175805,0.998455946111541,0.727127586352172,0.984101290760488,0.973093972758853,0.897741372031196,0.940779924297115,0.981435414634829,0.793453369536491,0.689099331341797,0.963525285280965,0.823473921111173,0.987805594170962,0.991207470248358,0.950789827633603,0.997173243351123,0.995863965189804,0.989951536283013,0.889259977349343,0.980101264299953,0.983000213483043,0.943200499447946,0.909530991584053,0.988119328978891,0.993498234587533,0.971713762563523,0.984234806755631,0.984539072774321,0.995760938596185,0.967625088836332,0.995513768605802,0.994352231413074,0.942896136262876,0.951842670164933,0.780287410485362,0.983856571317042,0.884768371037053,0.602242608515258,0.695108310486856,0.947485018204864,0.95924467874855,0.989853021951562,0.998934248925388,0.966199786151759,0.985944647225575,0.996972845579443,0.859815782355133,0.991939704817908,0.900799828836079,0.872313350506836,0.86550359741668,0.944209149291317,0.967808499556245,0.887198376913101
"NFAC2",0.515755117161182,0.955536645654718,0.947593649744214,0.858203599862535,0.993051074935235,0.948233595053014,0.887225347358921,0.91963038371847,0.953848257280594,0.949766520754501,0.654865640713857,0.932411114006156,0.94601536840562,0.917064180399411,0.977171034548471,0.968262289607695,0.375805144614732,0.919197738079447,0.924508873658927,0.993663177533405,0.909477482001797,0.975280642521484,0.966683700014475,0.980555847524161,0.961654021584104,0.926234344654346,0.961903178654453,0.819524287444774,0.974090514369836,0.989411506709096,0.980510260083611,0.931727212518015,0.968076695185014,0.924149186515097,0.997838186600327,0.969914650706507,0.992347904415653,0.939137124175805,0.925464255391329,0.727127586352172,0.984101290760488,0.955353139927338,0.953135273141489,0.981693541403064,0.936869811603042,0.244806825316367,0.979752278184448,0.963525285280965,0.627833411147361,0.987805594170962,0.991207470248358,0.955475932361871,0.384164585138502,0.995863965189804,0.989951536283013,0.854399266996579,0.980101264299953,0.875238341024357,0.943200499447946,0.985220766605989,0.988119328978891,0.995464293384187,0.971713762563523,0.984234806755631,0.988606969494809,0.988373260486589,0.927483497932125,0.995513768605802,0.991792469067612,0.907462002973117,0.951842670164933,0.982495431617448,0.995551743520484,0.997997290640315,0.571214101022942,0.921433819628545,0.947485018204864,0.967924559714292,0.989853021951562,0.958037618985202,0.923959889611315,0.790361813348152,0.718019998895096,0.980864821370429,0.981193914971717,0.975081851317346,0.98467220179463,0.727023393399456,0.971134227676763,0.967808499556245,0.877202126153615
"NFAC3",0.986394977209318,0.918558571748293,0.947593649744214,0.858203599862535,0.993051074935235,0.981376033850917,0.988019922718352,0.997642323982606,0.95469595101347,0.816409370817276,0.925056502501314,0.932411114006156,0.797296895052693,0.908272047919019,0.977171034548471,0.950982106682392,0.984655622208857,0.988827490153761,0.924508873658927,0.964462440303351,0.999095159964312,0.774122459290519,0.966683700014475,0.951917739402595,0.968556137812539,0.941334919760945,0.961903178654453,0.990835317716574,0.809848204367742,0.971166699519229,0.821106198683598,0.931727212518015,0.94485800853194,0.966668492903821,0.600345376170201,0.969914650706507,0.992347904415653,0.939137124175805,0.998455946111541,0.329047882200808,0.984101290760488,0.955353139927338,0.897741372031196,0.940779924297115,0.981435414634829,0.474515425588148,0.940134200304475,0.963525285280965,0.93813155318891,0.987805594170962,0.991207470248358,0.955475932361871,0.997173243351123,0.995863965189804,0.989951536283013,0.847966609292705,0.980101264299953,0.94373717920042,0.943200499447946,0.985220766605989,0.988119328978891,0.993498234587533,0.971713762563523,0.984234806755631,0.984539072774321,0.988373260486589,0.808798809581662,0.995513768605802,0.694275304398457,0.942896136262876,0.951842670164933,0.756516230611391,0.995551743520484,0.945344609806112,0.951032514974819,0.932152283580124,0.974828499803383,0.817956763979851,0.958830339556458,0.969531158909843,0.966199786151759,0.985944647225575,0.917617435568902,0.980864821370429,0.991939704817908,0.777472299663852,0.872313350506836,0.997877658438895,0.922349145792783,0.473758452766982,0.877202126153615
"NFAC4",0.986394977209318,0.918558571748293,0.947593649744214,0.858203599862535,0.993051074935235,0.951321065676094,0.887225347358921,0.997642323982606,0.953848257280594,0.764536737001102,0.638736608825724,0.970620442968246,0.797296895052693,0.859406716787664,0.853472985768646,0.971622349604294,0.984655622208857,0.988827490153761,0.885661743453292,0.989118013412394,0.999095159964312,0.608089543636139,0.966683700014475,0.980555847524161,0.968556137812539,0.870124459667124,0.967974607685349,0.834318241141416,0.971171435944564,0.930323575226432,0.872321472076047,0.956284650250329,0.94485800853194,0.924149186515097,0.711083290620083,0.996155406685953,0.992347904415653,0.939137124175805,0.923715826230562,0.727127586352172,0.984101290760488,0.973093972758853,0.961934914564604,0.940779924297115,0.981435414634829,0.944204067695012,0.689099331341797,0.963525285280965,0.93813155318891,0.987805594170962,0.956271184721212,0.950789827633603,0.945279690454232,0.995863965189804,0.989951536283013,0.715244458134789,0.0866640463906603,0.94373717920042,0.943200499447946,0.985220766605989,0.988119328978891,0.993498234587533,0.971713762563523,0.984234806755631,0.579913117343991,0.988373260486589,0.967625088836332,0.995513768605802,0.997158043934157,0.897284217012306,0.963356344155868,0.935484273848612,0.995551743520484,0.923413972536273,0.571214101022942,0.896114263118191,0.917022638032017,0.95924467874855,0.989853021951562,0.958037618985202,0.966199786151759,0.985944647225575,0.917617435568902,0.980864821370429,0.991939704817908,0.975081851317346,0.907252119357357,0.846915038165209,0.838532253214587,0.9907628438926,0.877202126153615
"NFIA",0.986394977209318,0.918558571748293,0.947593649744214,0.927559145834506,0.993051074935235,0.986613602878538,0.887225347358921,0.997642323982606,0.928678855198497,0.962726827183653,0.654865640713857,0.950050933983112,0.662003664345096,0.654341107349383,0.557858377072272,0.968262289607695,0.984655622208857,0.903314829231661,0.924508873658927,0.964462440303351,0.999095159964312,0.987202435367148,0.979869908911865,0.922132358919962,0.961654021584104,0.941334919760945,0.959775506432681,0.990835317716574,0.974839881950641,0.971166699519229,0.821106198683598,0.931727212518015,0.968076695185014,0.812937337157777,0.480004660711642,0.969914650706507,0.992347904415653,0.939137124175805,0.923715826230562,0.939540792300982,0.984101290760488,0.973093972758853,0.953135273141489,0.981693541403064,0.938061539016134,0.941452796669749,0.689099331341797,0.985575528266906,0.994916494193982,0.987805594170962,0.944637043169869,0.817578722873247,0.997173243351123,0.995863965189804,0.989951536283013,0.847966609292705,0.980101264299953,0.99679260473541,0.965715613986322,0.871580732210649,0.877454927961444,0.993498234587533,0.971713762563523,0.939880926321575,0.764794364519733,0.997727503411322,0.927483497932125,0.995513768605802,0.994352231413074,0.907462002973117,0.951842670164933,0.974491284113776,0.995551743520484,0.93889011080623,0.951812089624309,0.850721167989112,0.947485018204864,0.95924467874855,0.989853021951562,0.886885134733284,0.966199786151759,0.985944647225575,0.889028933304954,0.859815782355133,0.991939704817908,0.76544097695829,0.872313350506836,0.997877658438895,0.971134227676763,0.967808499556245,0.935108385949834
"NFIC",0.770704479843731,0.918558571748293,0.947593649744214,0.882776828178774,0.993051074935235,0.986613602878538,0.967391868238628,0.997642323982606,0.81736295795776,0.963670657586378,0.467174043815802,0.950050933983112,0.797296895052693,0.908272047919019,0.808116754354814,0.884814099804975,0.984655622208857,0.896053856368311,0.99058315256204,0.964462440303351,0.999095159964312,0.987202435367148,0.966683700014475,0.994809061065822,0.855437225767489,0.868944497042464,0.959775506432681,0.506595854820865,0.965049162760353,0.832416887263578,0.915910460843573,0.991381662827845,0.964303936423276,0.920000827565719,0.786236788733452,0.969914650706507,0.992347904415653,0.939137124175805,0.998455946111541,0.990644619335099,0.984101290760488,0.973093972758853,0.953135273141489,0.940779924297115,0.981435414634829,0.865066279168024,0.689099331341797,0.980944817824441,0.994916494193982,0.987805594170962,0.991207470248358,0.955475932361871,0.997173243351123,0.995863965189804,0.973950377680205,0.847966609292705,0.980101264299953,0.95899511879242,0.943200499447946,0.985220766605989,0.877454927961444,0.993498234587533,0.971713762563523,0.984234806755631,0.764794364519733,0.997727503411322,0.988135766289232,0.995513768605802,0.784403672601075,0.942896136262876,0.951842670164933,0.943685486849178,0.995551743520484,0.923413972536273,0.926024290590951,0.869079408436595,0.947485018204864,0.967924559714292,0.992892983525071,0.872573363450941,0.966199786151759,0.985944647225575,0.917617435568902,0.949356584239569,0.991939704817908,0.765238549647428,0.872313350506836,0.776329152254369,0.916049579868679,0.967808499556245,0.908360961847712
"NKX21",0.986394977209318,0.857118427113129,0.947593649744214,0.894719798089916,0.993051074935235,0.975669848239195,0.887225347358921,0.997642323982606,0.928678855198497,0.271638036961403,0.909801387584842,0.954908797075044,0.94601536840562,0.891881151001983,0.659198391745821,0.936494039408071,0.984655622208857,0.896053856368311,0.924508873658927,0.994192243629987,0.999095159964312,0.987202435367148,0.99861028621524,0.715224451330737,0.855437225767489,0.926234344654346,0.961903178654453,0.950068774159519,0.971171435944564,0.845666167233936,0.706691613426751,0.966887719653955,0.968076695185014,0.433141782006125,0.997838186600327,0.969914650706507,0.992347904415653,0.981746296754657,0.998455946111541,0.928396465478573,0.984101290760488,0.973093972758853,0.897741372031196,0.987685121892081,0.981435414634829,0.967029271004688,0.994634615166526,0.629514287079504,0.994916494193982,0.987805594170962,0.991207470248358,0.955475932361871,0.997173243351123,0.995863965189804,0.957065225674088,0.871623462492075,0.980101264299953,0.94373717920042,0.987971775024644,0.985220766605989,0.988119328978891,0.993498234587533,0.971713762563523,0.984234806755631,0.764794364519733,0.988373260486589,0.927483497932125,0.995513768605802,0.994352231413074,0.981726194187198,0.951842670164933,0.780287410485362,0.995551743520484,0.945344609806112,0.951032514974819,0.974881004445255,0.917022638032017,0.994277989946841,0.989853021951562,0.969531158909843,0.966199786151759,0.985944647225575,0.850752105062305,0.92693009604249,0.991939704817908,0.862996969962747,0.900996934609317,0.670946868740736,0.990686067311631,0.967808499556245,0.928722213024589
"NKX25",0.986394977209318,0.857118427113129,0.947593649744214,0.858203599862535,0.9945355802403,0.975669848239195,0.772745379845457,0.926200027814764,0.928678855198497,0.880213541038002,0.747572794320273,0.983205917555272,0.662003664345096,0.974444604202937,0.977171034548471,0.884814099804975,0.984655622208857,0.919197738079447,0.885661743453292,0.964462440303351,0.999095159964312,0.992891495012891,0.979869908911865,0.728177284928313,0.996562265794588,0.949251957459363,0.959775506432681,0.775194755321876,0.849853294715191,0.845666167233936,0.980510260083611,0.931727212518015,0.968076695185014,0.898654475256458,0.549974914402707,0.970634530621718,0.992347904415653,0.981746296754657,0.998455946111541,0.989397892318536,0.984101290760488,0.790016868729106,0.897741372031196,0.940779924297115,0.926596763669257,0.865066279168024,0.940134200304475,0.963525285280965,0.994916494193982,0.987805594170962,0.991207470248358,0.955475932361871,0.930781226207666,0.995863965189804,0.989951536283013,0.862304011921793,0.980101264299953,0.983000213483043,0.943200499447946,0.985220766605989,0.993033808220297,0.993498234587533,0.971713762563523,0.984234806755631,0.984539072774321,0.988373260486589,0.972612739551561,0.995513768605802,0.994352231413074,0.942896136262876,0.951842670164933,0.982495431617448,0.983856571317042,0.945344609806112,0.926024290590951,0.932152283580124,0.947485018204864,0.980081966987662,0.989853021951562,0.886885134733284,0.848811464946946,0.707369971181906,0.917617435568902,0.980864821370429,0.991939704817908,0.904978707265322,0.872313350506836,0.667777245297695,0.977647375957685,0.473758452766982,0.877202126153615
"NKX28",0.8030304365275,0.946492455389491,0.947593649744214,0.882776828178774,0.9945355802403,0.975669848239195,0.887225347358921,0.997642323982606,0.935345030191237,0.991500311287459,0.909801387584842,0.956923051637865,0.855835478562977,0.955385232066177,0.902524365553904,0.998004928307733,0.984655622208857,0.598513679415663,0.99058315256204,0.964462440303351,0.999095159964312,0.945802155432443,0.596179664172951,0.922132358919962,0.968556137812539,0.941334919760945,0.967974607685349,0.979363662294227,0.971171435944564,0.633549843002688,0.706691613426751,0.931727212518015,0.45143607105245,0.966668492903821,0.786236788733452,0.969914650706507,0.979470733537026,0.939137124175805,0.923715826230562,0.562454194605957,0.984101290760488,0.973093972758853,0.972142525306588,0.736234118737869,0.874159508233338,0.960374117410912,0.940134200304475,0.963525285280965,0.994916494193982,0.954289504683645,0.944637043169869,0.950789827633603,0.984526801803707,0.995863965189804,0.989951536283013,0.928129976103902,0.980101264299953,0.94373717920042,0.826773394066169,0.985220766605989,0.988119328978891,0.996390105073579,0.971713762563523,0.939880926321575,0.984539072774321,0.988373260486589,0.927483497932125,0.995513768605802,0.784403672601075,0.872894281320799,0.951842670164933,0.943685486849178,0.995551743520484,0.923413972536273,0.926024290590951,0.996590805072196,0.947485018204864,0.994277989946841,0.989853021951562,0.829628639674027,0.966199786151759,0.985944647225575,0.927376362357255,0.338614392454922,0.991939704817908,0.683230408571876,0.936113771617425,0.989124790809404,0.916049579868679,0.974085815756161,0.877202126153615
"NKX31",0.986394977209318,0.918558571748293,0.947593649744214,0.858203599862535,0.993051074935235,0.975669848239195,0.887225347358921,0.997642323982606,0.691558402120382,0.764536737001102,0.763275188566716,0.932411114006156,0.855835478562977,0.955385232066177,0.977171034548471,0.858662896639829,0.984655622208857,0.979881374316928,0.951789553821646,0.964462440303351,0.999095159964312,0.992891495012891,0.966683700014475,0.922132358919962,0.968556137812539,0.870124459667124,0.867261640870177,0.888928235018118,0.974839881950641,0.824230592886987,0.915910460843573,0.98572910717834,0.968076695185014,0.844894401898285,0.989344918481461,0.969914650706507,0.992347904415653,0.939137124175805,0.923715826230562,0.727127586352172,0.984101290760488,0.955353139927338,0.976983292818177,0.712915087106866,0.938061539016134,0.459605369961206,0.689099331341797,0.963525285280965,0.994916494193982,0.987805594170962,0.944637043169869,0.955475932361871,0.997173243351123,0.995863965189804,0.830815264735163,0.991391016425405,0.980101264299953,0.868032124474214,0.943200499447946,0.95918612091532,0.988119328978891,0.78889778988139,0.971713762563523,0.984234806755631,0.94607437979749,0.997727503411322,0.927483497932125,0.995513768605802,0.994352231413074,0.608059903913034,0.951842670164933,0.943685486849178,0.89685242700817,0.923413972536273,0.994342807096474,0.984105140731236,0.947485018204864,0.817956763979851,0.989853021951562,0.721518450205806,0.966199786151759,0.847048129034294,0.996972845579443,0.980864821370429,0.991939704817908,0.683230408571876,0.971222498724215,0.667777245297695,0.990686067311631,0.923811556764168,0.887198376913101
"NKX32",0.986394977209318,0.988733113382446,0.994618019338181,0.953345901246377,0.993051074935235,0.948233595053014,0.887225347358921,0.91963038371847,0.960114658011414,0.855937101113342,0.137239604273222,0.932411114006156,0.802313810046771,0.894891232109616,0.977171034548471,0.998004928307733,0.984655622208857,0.988827490153761,0.924508873658927,0.994192243629987,0.909477482001797,0.989746800245068,0.909252682086895,0.922132358919962,0.855437225767489,0.837802539368329,0.867261640870177,0.990835317716574,0.974839881950641,0.786536603412103,0.980510260083611,0.975436942380726,0.590648534942937,0.433141782006125,0.786236788733452,0.969914650706507,0.979470733537026,0.988363431031518,0.998455946111541,0.727127586352172,0.984101290760488,0.955353139927338,0.97280933616989,0.934855776642255,0.981435414634829,0.960374117410912,0.693394732963571,0.963525285280965,0.994916494193982,0.987805594170962,0.944637043169869,0.997165731888309,0.997173243351123,0.995863965189804,0.973950377680205,0.975295464341613,0.980101264299953,0.875238341024357,0.826773394066169,0.792089126072693,0.988119328978891,0.993498234587533,0.971713762563523,0.984234806755631,0.934890562570466,0.988373260486589,0.927483497932125,0.995513768605802,0.994352231413074,0.8455540843749,0.951842670164933,0.756516230611391,0.983856571317042,0.923413972536273,0.951032514974819,0.620572018643947,0.993983228952742,0.994277989946841,0.989853021951562,0.907980616358842,0.966199786151759,0.985944647225575,0.869635332027988,0.859815782355133,0.991939704817908,0.683230408571876,0.872313350506836,0.930026500684672,0.922349145792783,0.967808499556245,0.877202126153615
"NKX61",0.877980954661452,0.918558571748293,0.947593649744214,0.823325093955788,0.993051074935235,0.996779823236091,0.895030492771348,0.997642323982606,0.694035461563586,0.958773310900584,0.842495756037464,0.932411114006156,0.94601536840562,0.820039256625232,0.921807066807273,0.998004928307733,0.984655622208857,0.896124442536829,0.924508873658927,0.964462440303351,0.999095159964312,0.992891495012891,0.99861028621524,0.793617172541165,0.968556137812539,0.843218029515831,0.867261640870177,0.830613647005349,0.971171435944564,0.971166699519229,0.883651697395464,0.931727212518015,0.989440142572617,0.995146945380728,0.786236788733452,0.977164530167713,0.992347904415653,0.939137124175805,0.923715826230562,0.891238879881393,0.984101290760488,0.955353139927338,0.970378111955257,0.969433608866267,0.840761902699729,0.960374117410912,0.979752278184448,0.963525285280965,0.994916494193982,0.987805594170962,0.956739984920927,0.997165731888309,0.997173243351123,0.995863965189804,0.838968135612738,0.567105886503348,0.980101264299953,0.875238341024357,0.939187380035953,0.985220766605989,0.988119328978891,0.806674639479842,0.971713762563523,0.984234806755631,0.881819501550649,0.989961905631103,0.993420796739225,0.995513768605802,0.837533470641984,0.8455540843749,0.951842670164933,0.943685486849178,0.983856571317042,0.945344609806112,0.727010375246603,0.610979888946006,0.999336281557047,0.951958037673,0.958830339556458,0.935193394941123,0.966199786151759,0.964995971241351,0.917617435568902,0.980864821370429,0.991939704817908,0.975081851317346,0.872313350506836,0.667777245297695,0.971134227676763,0.967808499556245,0.877202126153615
"NOBOX",0.986394977209318,0.918558571748293,0.947593649744214,0.858203599862535,0.993051074935235,0.772007302810176,0.887225347358921,0.974350324288928,0.953848257280594,0.816409370817276,0.467174043815802,0.970620442968246,0.94601536840562,0.820039256625232,0.977171034548471,0.858662896639829,0.984655622208857,0.896053856368311,0.950581860333157,0.994192243629987,0.999095159964312,0.992891495012891,0.99861028621524,0.951917739402595,0.968556137812539,0.601589358556976,0.967974607685349,0.506595854820865,0.974839881950641,0.633549843002688,0.963210127184389,0.931727212518015,0.867746027847679,0.97948132666151,0.480004660711642,0.969914650706507,0.992347904415653,0.939137124175805,0.998455946111541,0.956925904413183,0.984101290760488,0.985431949759556,0.953135273141489,0.895260271569472,0.762235694310729,0.474515425588148,0.956989203651413,0.963525285280965,0.994916494193982,0.987805594170962,0.944637043169869,0.984864045656252,0.843813939541627,0.995863965189804,0.989951536283013,0.412784793901978,0.980101264299953,0.94373717920042,0.959478424488768,0.985220766605989,0.988119328978891,0.996390105073579,0.971713762563523,0.984234806755631,0.952264642081159,0.988373260486589,0.927483497932125,0.995513768605802,0.994352231413074,0.52303784906316,0.951842670164933,0.943685486849178,0.995551743520484,0.945344609806112,0.926024290590951,0.853876572026849,0.981861044853555,0.951958037673,0.989853021951562,0.829628639674027,0.966199786151759,0.985944647225575,0.718019998895096,0.980864821370429,0.991939704817908,0.878522980442611,0.98467220179463,0.967282683680563,0.924987026071527,0.873679236890789,0.891203417926889
"NR1D1",0.986394977209318,0.955536645654718,0.947593649744214,0.858203599862535,0.993051074935235,0.975669848239195,0.887225347358921,0.997642323982606,0.743965623942447,0.949766520754501,0.971285982434762,0.932411114006156,0.94601536840562,0.955385232066177,0.977171034548471,0.936494039408071,0.986603554849538,0.919197738079447,0.924508873658927,0.964462440303351,0.999095159964312,0.774122459290519,0.966683700014475,0.981724574081234,0.980718159012277,0.837802539368329,0.867261640870177,0.990835317716574,0.890885771992403,0.824230592886987,0.915910460843573,0.931727212518015,0.94485800853194,0.894915791111121,0.976438909121445,0.969914650706507,0.979470733537026,0.939137124175805,0.998455946111541,0.696991002340937,0.984101290760488,0.955353139927338,0.897741372031196,0.753496079177978,0.981435414634829,0.891709601000006,0.979752278184448,0.980944817824441,0.994916494193982,0.987805594170962,0.991207470248358,0.997165731888309,0.945279690454232,0.995863965189804,0.989951536283013,0.847966609292705,0.980101264299953,0.94373717920042,0.943200499447946,0.95918612091532,0.988119328978891,0.993498234587533,0.971713762563523,0.984234806755631,0.764794364519733,0.988373260486589,0.927483497932125,0.995513768605802,0.997158043934157,0.907462002973117,0.951842670164933,0.82568879005285,0.995551743520484,0.923413972536273,0.978938234280529,0.974881004445255,0.993983228952742,0.994277989946841,0.958830339556458,0.851190265812694,0.966199786151759,0.985944647225575,0.927376362357255,0.980864821370429,0.991939704817908,0.748026956331138,0.98467220179463,0.989124790809404,0.944209149291317,0.967808499556245,0.877202126153615
"NR1H3",0.877980954661452,0.955536645654718,0.985811857817238,0.627978999586253,0.9945355802403,0.986613602878538,0.887225347358921,0.997642323982606,0.935345030191237,0.949766520754501,0.501325581683792,0.932411114006156,0.899549710425612,0.955385232066177,0.977171034548471,0.968262289607695,0.984655622208857,0.944565801982959,0.885661743453292,0.964462440303351,0.909477482001797,0.992891495012891,0.909252682086895,0.981724574081234,0.968556137812539,0.91038569613036,0.961903178654453,0.990835317716574,0.971171435944564,0.971166699519229,0.988025054041144,0.971778240027048,0.991006704850301,0.930264940558548,0.989344918481461,0.969914650706507,0.992347904415653,0.939137124175805,0.998455946111541,0.301248134749179,0.984101290760488,0.973093972758853,0.897741372031196,0.947076086288693,0.936869811603042,0.891709601000006,0.895597893402445,0.963525285280965,0.994916494193982,0.987805594170962,0.944637043169869,0.955475932361871,0.997173243351123,0.995863965189804,0.989951536283013,0.847966609292705,0.980101264299953,0.94373717920042,0.943200499447946,0.985220766605989,0.988119328978891,0.897093923459443,0.971713762563523,0.984234806755631,0.913660504676599,0.988373260486589,0.96843940214429,0.995513768605802,0.997158043934157,0.942896136262876,0.698380504841243,0.756516230611391,0.995551743520484,0.945344609806112,0.951032514974819,0.932152283580124,0.989494596302615,0.853200179614868,0.958830339556458,0.755047141186348,0.848811464946946,0.985944647225575,0.718019998895096,0.801656969016283,0.991939704817908,0.975081851317346,0.872313350506836,0.997877658438895,0.922349145792783,0.967808499556245,0.988972555586579
"NR1H4",0.986394977209318,0.955536645654718,0.947593649744214,0.890434002618684,0.993051074935235,0.975669848239195,0.895030492771348,0.997642323982606,0.962717795250748,0.855937101113342,0.967726422048474,0.970620442968246,0.972372412032099,0.908272047919019,0.977171034548471,0.884814099804975,0.984655622208857,0.988827490153761,0.885661743453292,0.964462440303351,0.929633209122209,0.992891495012891,0.97242547511329,0.970275360856571,0.855437225767489,0.964811605941655,0.961903178654453,0.912103163739108,0.971171435944564,0.764429210862811,0.941600681478244,0.991381662827845,0.989440142572617,0.920000827565719,0.600345376170201,0.969914650706507,0.979470733537026,0.988363431031518,0.923715826230562,0.956925904413183,0.984101290760488,0.98172868038949,0.897741372031196,0.969433608866267,0.954749508893357,0.960374117410912,0.979752278184448,0.840711745754299,0.93813155318891,0.987805594170962,0.802948035798879,0.997165731888309,0.918873812272347,0.995863965189804,0.989951536283013,0.707032154406999,0.980101264299953,0.983000213483043,0.943200499447946,0.792807302141648,0.988119328978891,0.806674639479842,0.971713762563523,0.984234806755631,0.984539072774321,0.988373260486589,0.967625088836332,0.995513768605802,0.994352231413074,0.721753616177691,0.951842670164933,0.943685486849178,0.995551743520484,0.767439534039727,0.926024290590951,0.932152283580124,0.947485018204864,0.967924559714292,0.989853021951562,0.998934248925388,0.986127848962059,0.985944647225575,0.996972845579443,0.949743337234702,0.991939704817908,0.900799828836079,0.98467220179463,0.989124790809404,0.924987026071527,0.967808499556245,0.908360961847712
"NR1I2",0.986394977209318,0.918558571748293,0.947593649744214,0.890434002618684,0.993051074935235,0.996779823236091,0.887225347358921,0.974350324288928,0.953848257280594,0.816409370817276,0.982588904643506,0.970620442968246,0.785995585503693,0.995765153644671,0.900086747405105,0.936494039408071,0.984655622208857,0.896053856368311,0.924508873658927,0.97217093391293,0.999095159964312,0.987202435367148,0.97242547511329,0.922132358919962,0.968556137812539,0.868944497042464,0.959775506432681,0.990835317716574,0.971171435944564,0.786536603412103,0.824139311682975,0.931727212518015,0.45143607105245,0.888989789581778,0.449756105766641,0.996155406685953,0.992347904415653,0.939137124175805,0.647916281426759,0.329047882200808,0.984101290760488,0.973093972758853,0.897741372031196,0.940779924297115,0.936869811603042,0.865066279168024,0.979752278184448,0.972853168679633,0.994916494193982,0.987805594170962,0.944637043169869,0.955475932361871,0.804534740815082,0.995863965189804,0.989951536283013,0.991391016425405,0.980101264299953,0.951402769127522,0.943200499447946,0.985220766605989,0.988119328978891,0.993498234587533,0.971713762563523,0.993473727260709,0.990399816545978,0.988373260486589,0.808798809581662,0.995513768605802,0.994352231413074,0.907462002973117,0.951842670164933,0.943685486849178,0.995551743520484,0.945344609806112,0.973872051721356,0.984105140731236,0.910025526737626,0.73220640476532,0.989853021951562,0.755047141186348,0.966199786151759,0.985944647225575,0.889028933304954,0.980864821370429,0.805596294455955,0.862190992919273,0.872313350506836,0.989124790809404,0.944209149291317,0.839520339387191,0.877202126153615
"NR1I3",0.986394977209318,0.918558571748293,0.951128054882931,0.899017661274924,0.993051074935235,0.986613602878538,0.887225347358921,0.997642323982606,0.928678855198497,0.962726827183653,0.747572794320273,0.976747464858168,0.802464988369666,0.908272047919019,0.931472389250484,0.936494039408071,0.984655622208857,0.988827490153761,0.885661743453292,0.97217093391293,0.999095159964312,0.992891495012891,0.977639331469681,0.981724574081234,0.968556137812539,0.837802539368329,0.961903178654453,0.506595854820865,0.960504018870807,0.832416887263578,0.781387503836973,0.971715580363368,0.96148484377242,0.924149186515097,0.946968678098713,0.969914650706507,0.992347904415653,0.939137124175805,0.923715826230562,0.939540792300982,0.984101290760488,0.955353139927338,0.897741372031196,0.712915087106866,0.981435414634829,0.865066279168024,0.979752278184448,0.963525285280965,0.994916494193982,0.987805594170962,0.991207470248358,0.955475932361871,0.945279690454232,0.995863965189804,0.989951536283013,0.847966609292705,0.980101264299953,0.94373717920042,0.943200499447946,0.985220766605989,0.988119328978891,0.78889778988139,0.971713762563523,0.984234806755631,0.961148357082013,0.988373260486589,0.927483497932125,0.995513768605802,0.994352231413074,0.977752450733265,0.951842670164933,0.756516230611391,0.856719732472307,0.927996966567392,0.926024290590951,0.954622589913256,0.917022638032017,0.93219158183476,0.989853021951562,0.693440673265175,0.966199786151759,0.985944647225575,0.996972845579443,0.980864821370429,0.717663559060028,0.900799828836079,0.98467220179463,0.997877658438895,0.745502984670083,0.967808499556245,0.935108385949834
"NR2C1",0.791886203302405,0.918558571748293,0.952708406144786,0.858203599862535,0.993051074935235,0.975669848239195,0.887225347358921,0.997642323982606,0.962717795250748,0.963670657586378,0.963984879962213,0.932411114006156,0.899549710425612,0.934346949042369,0.557858377072272,0.968262289607695,0.995265929582112,0.896053856368311,0.885661743453292,0.964462440303351,0.999095159964312,0.608089543636139,0.979869908911865,0.87157187562469,0.968556137812539,0.975319210779389,0.961903178654453,0.927024010834999,0.971171435944564,0.633549843002688,0.883651697395464,0.595131478220257,0.968076695185014,0.699554129897607,0.786236788733452,0.969914650706507,0.979470733537026,0.939137124175805,0.923715826230562,0.727127586352172,0.984101290760488,0.955353139927338,0.985858857846394,0.955262962542749,0.926596763669257,0.960374117410912,0.994634615166526,0.963525285280965,0.994916494193982,0.987805594170962,0.944637043169869,0.950789827633603,0.852862305923107,0.995863965189804,0.989951536283013,0.847966609292705,0.980101264299953,0.878771995716035,0.943200499447946,0.985220766605989,0.988119328978891,0.806674639479842,0.971713762563523,0.984234806755631,0.913660504676599,0.997727503411322,0.927483497932125,0.995513768605802,0.991792469067612,0.981726194187198,0.951842670164933,0.943685486849178,0.995551743520484,0.947629768826814,0.904394786750104,0.93096191685287,0.947485018204864,0.93219158183476,0.958830339556458,0.829628639674027,0.966199786151759,0.985944647225575,0.917617435568902,0.980864821370429,0.991939704817908,0.533381081874799,0.872313350506836,0.931310338786536,0.944209149291317,0.922804970496992,0.877202126153615
"NR2C2",0.977871189702737,0.918558571748293,0.996938175144315,0.969757503192373,0.9945355802403,0.948233595053014,0.887225347358921,0.997642323982606,0.962717795250748,0.949766520754501,0.899257759075076,0.954908797075044,0.94601536840562,0.91306812193664,0.557858377072272,0.936494039408071,0.984655622208857,0.896053856368311,0.99058315256204,0.994192243629987,0.999095159964312,0.987202435367148,0.99861028621524,0.980555847524161,0.968556137812539,0.998438460887743,0.959775506432681,0.960747103610672,0.971171435944564,0.976030134485823,0.883651697395464,0.931727212518015,0.989440142572617,0.635309724386798,0.600345376170201,0.969914650706507,0.992347904415653,0.939137124175805,0.923715826230562,0.727127586352172,0.984101290760488,0.955353139927338,0.897741372031196,0.940779924297115,0.987727777676184,0.960374117410912,0.986475681576026,0.963525285280965,0.994916494193982,0.987805594170962,0.944637043169869,0.950789827633603,0.918873812272347,0.995863965189804,0.989951536283013,0.847966609292705,0.980101264299953,0.94373717920042,0.826773394066169,0.993035403859647,0.988119328978891,0.78889778988139,0.971713762563523,0.939880926321575,0.988606969494809,0.988373260486589,0.993420796739225,0.995513768605802,0.977598622646991,0.897284217012306,0.951842670164933,0.87937097167422,0.995551743520484,0.923413972536273,0.951032514974819,0.714984797108792,0.991077341558135,0.967924559714292,0.989853021951562,0.755047141186348,0.966199786151759,0.985944647225575,0.876271893245491,0.772809605080709,0.991939704817908,0.900799828836079,0.98467220179463,0.817838681504654,0.983540148233843,0.967808499556245,0.928722213024589
"NR2E3",0.986394977209318,0.857118427113129,0.947593649744214,0.886198572561906,0.9945355802403,0.975669848239195,0.887225347358921,0.91963038371847,0.935345030191237,0.966210602314282,0.91867951683344,0.954908797075044,0.840701819718241,0.91306812193664,0.94463002416609,0.940414592221695,0.984655622208857,0.919197738079447,0.99058315256204,0.964462440303351,0.999095159964312,0.987202435367148,0.97242547511329,0.875343886966121,0.961654021584104,0.998438460887743,0.867261640870177,0.990835317716574,0.971171435944564,0.804739738507393,0.941600681478244,0.931727212518015,0.994612981236891,0.995146945380728,0.777947671182239,0.969914650706507,0.992347904415653,0.981746296754657,0.923715826230562,0.727127586352172,0.984101290760488,0.955353139927338,0.897741372031196,0.994509097232039,0.981435414634829,0.865066279168024,0.979752278184448,0.963525285280965,0.994916494193982,0.987805594170962,0.944637043169869,0.955475932361871,0.852862305923107,0.995863965189804,0.989951536283013,0.96850758718514,0.980101264299953,0.94373717920042,0.943200499447946,0.985220766605989,0.988119328978891,0.993498234587533,0.971713762563523,0.939880926321575,0.952264642081159,0.997727503411322,0.967625088836332,0.995513768605802,0.991792469067612,0.920113644132705,0.951842670164933,0.811375852598385,0.995551743520484,0.923413972536273,0.951032514974819,0.954622589913256,0.947485018204864,0.994277989946841,0.989853021951562,0.829628639674027,0.966199786151759,0.985944647225575,0.996972845579443,0.980864821370429,0.991939704817908,0.935476846939921,0.872313350506836,0.930459851039869,0.924987026071527,0.967808499556245,0.877202126153615
"NR4A1",0.766405550348004,0.955536645654718,0.947593649744214,0.971213789752014,0.469070774602182,0.996779823236091,0.927342373406292,0.997642323982606,0.953848257280594,0.982515213128969,0.971285982434762,0.950050933983112,0.8179357961298,0.908272047919019,0.557858377072272,0.936494039408071,0.984655622208857,0.972657693843207,0.885661743453292,0.964462440303351,0.999095159964312,0.987202435367148,0.97242547511329,0.994809061065822,0.968556137812539,0.870124459667124,0.961903178654453,0.912103163739108,0.84417315247399,0.586680063989942,0.915910460843573,0.931727212518015,0.989440142572617,0.844894401898285,0.997838186600327,0.969914650706507,0.992347904415653,0.988363431031518,0.998455946111541,0.928396465478573,0.984101290760488,0.790016868729106,0.897741372031196,0.940779924297115,0.981435414634829,0.941452796669749,0.940134200304475,0.987939730984027,0.994916494193982,0.987805594170962,0.991207470248358,0.997165731888309,0.692231322713503,0.995863965189804,0.989951536283013,0.847966609292705,0.980101264299953,0.923236936619623,0.943200499447946,0.985220766605989,0.897502908757806,0.993498234587533,0.971713762563523,0.984234806755631,0.934890562570466,0.988373260486589,0.967625088836332,0.995513768605802,0.991792469067612,0.942896136262876,0.951842670164933,0.583201469689591,0.995551743520484,0.93889011080623,0.896431477873981,0.974881004445255,0.947485018204864,0.951958037673,0.989853021951562,0.886885134733284,0.966199786151759,0.985944647225575,0.850752105062305,0.92693009604249,0.991939704817908,0.935476846939921,0.872313350506836,0.933226838172945,0.924987026071527,0.967808499556245,0.928722213024589
"NR4A2",0.986394977209318,0.918558571748293,0.964400043150218,0.971213789752014,0.993051074935235,0.877017025728669,0.967391868238628,0.997642323982606,0.928678855198497,0.991500311287459,0.843235606889957,0.932411114006156,0.797296895052693,0.891881151001983,0.921807066807273,0.971622349604294,0.984655622208857,0.896053856368311,0.99058315256204,0.964462440303351,0.999095159964312,0.992891495012891,0.99861028621524,0.980555847524161,0.968556137812539,0.998438460887743,0.867261640870177,0.927024010834999,0.890885771992403,0.566350723337146,0.985395390498925,0.595131478220257,0.95604505471307,0.995146945380728,0.634662266188835,0.969914650706507,0.992347904415653,0.988363431031518,0.998455946111541,0.727127586352172,0.984101290760488,0.790016868729106,0.897741372031196,0.925827252955581,0.981435414634829,0.960374117410912,0.994634615166526,0.980944817824441,0.994916494193982,0.987805594170962,0.991207470248358,0.914866716943647,0.930781226207666,0.995863965189804,0.989951536283013,0.603357544530756,0.980101264299953,0.868032124474214,0.939187380035953,0.978671206110291,0.988119328978891,0.993498234587533,0.971713762563523,0.939880926321575,0.995157974948567,0.988373260486589,0.967625088836332,0.995513768605802,0.991792469067612,0.907462002973117,0.951842670164933,0.780287410485362,0.995551743520484,0.923413972536273,0.571214101022942,0.839969399663688,0.947485018204864,0.93219158183476,0.989853021951562,0.851190265812694,0.923959889611315,0.985944647225575,0.850752105062305,0.980864821370429,0.991939704817908,0.683230408571876,0.872313350506836,0.997877658438895,0.971134227676763,0.967808499556245,0.877202126153615
"NR5A2",0.877980954661452,0.955536645654718,0.947593649744214,0.858203599862535,0.993051074935235,0.996779823236091,0.887225347358921,0.997642323982606,0.889379123441693,0.735355093809469,0.998469980913838,0.932411114006156,0.94601536840562,0.917064180399411,0.557858377072272,0.936494039408071,0.984655622208857,0.896053856368311,0.951789553821646,0.964462440303351,0.545234019892952,0.987202435367148,0.966683700014475,0.922132358919962,0.873529263961164,0.917417898394893,0.961903178654453,0.990835317716574,0.965049162760353,0.971166699519229,0.915910460843573,0.991142252570221,0.989894180530529,0.724428875963734,0.997838186600327,0.969914650706507,0.992347904415653,0.939137124175805,0.998455946111541,0.882533321070461,0.984101290760488,0.970236808887633,0.953135273141489,0.940779924297115,0.981435414634829,0.865066279168024,0.979752278184448,0.966002474175767,0.93813155318891,0.987805594170962,0.297240821925394,0.879363693501564,0.628352613741722,0.995863965189804,0.979501353961341,0.337931988024868,0.980101264299953,0.875238341024357,0.943200499447946,0.985220766605989,0.988119328978891,0.84291801936364,0.971713762563523,0.984234806755631,0.796966248975514,0.997727503411322,0.927483497932125,0.995513768605802,0.784403672601075,0.909223217769427,0.951842670164933,0.943685486849178,0.983856571317042,0.961273075417411,0.978938234280529,0.680097601573273,0.989494596302615,0.99228968089905,0.989853021951562,0.969531158909843,0.945734005081516,0.985944647225575,0.850752105062305,0.980864821370429,0.991939704817908,0.76544097695829,0.872313350506836,0.975976957372285,0.944209149291317,0.967808499556245,0.935108385949834
"NR6A1",0.986394977209318,0.955536645654718,0.947593649744214,0.971213789752014,0.993051074935235,0.975669848239195,0.940309036074089,0.91963038371847,0.930577212648737,0.880213541038002,0.763275188566716,0.939347879040839,0.797296895052693,0.917064180399411,0.902524365553904,0.998004928307733,0.984655622208857,0.598513679415663,0.924508873658927,0.964462440303351,0.999095159964312,0.987202435367148,0.99861028621524,0.980555847524161,0.855437225767489,0.941334919760945,0.859849887819882,0.990835317716574,0.965049162760353,0.804739738507393,0.980510260083611,0.931727212518015,0.96148484377242,0.925478551320078,0.813588541011079,0.969914650706507,0.992347904415653,0.988363431031518,0.998455946111541,0.891238879881393,0.984101290760488,0.973093972758853,0.897741372031196,0.940779924297115,0.981435414634829,0.739229202060868,0.940134200304475,0.963525285280965,0.994916494193982,0.987805594170962,0.948888896746239,0.950789827633603,0.945279690454232,0.995863965189804,0.640205906355247,0.847966609292705,0.980101264299953,0.983000213483043,0.939187380035953,0.792807302141648,0.727219433214179,0.993498234587533,0.971713762563523,0.984234806755631,0.990399816545978,0.988373260486589,0.927483497932125,0.995513768605802,0.994352231413074,0.954072026083131,0.951842670164933,0.943685486849178,0.856719732472307,0.948192055419925,0.951812089624309,0.984105140731236,0.998521473926467,0.853200179614868,0.989853021951562,0.755047141186348,0.986127848962059,0.985944647225575,0.917617435568902,0.980864821370429,0.991939704817908,0.973774256003831,0.98467220179463,0.997877658438895,0.922349145792783,0.922804970496992,0.887198376913101
"NRF1",0.986394977209318,0.946492455389491,0.947593649744214,0.912772177471214,0.993051074935235,0.996779823236091,0.967391868238628,0.997642323982606,0.953848257280594,0.958773310900584,0.925056502501314,0.932411114006156,0.94601536840562,0.91306812193664,0.977171034548471,0.962983029553958,0.984655622208857,0.988827490153761,0.99058315256204,0.964462440303351,0.999095159964312,0.992891495012891,0.988534131670718,0.981724574081234,0.977310692522386,0.843218029515831,0.961903178654453,0.990835317716574,0.798844343793731,0.832416887263578,0.980510260083611,0.991142252570221,0.95604505471307,0.959820023491687,0.860713443394666,0.969914650706507,0.992347904415653,0.98701563183221,0.998455946111541,0.928396465478573,0.984101290760488,0.973093972758853,0.897741372031196,0.753496079177978,0.981435414634829,0.9794346231627,0.979752278184448,0.995677600307021,0.994916494193982,0.987805594170962,0.944637043169869,0.997165731888309,0.997173243351123,0.995863965189804,0.996557313137602,0.847966609292705,0.980101264299953,0.94373717920042,0.943200499447946,0.985220766605989,0.897502908757806,0.993498234587533,0.971713762563523,0.976467059468737,0.984638855034765,0.988373260486589,0.927483497932125,0.995513768605802,0.994352231413074,0.920113644132705,0.951842670164933,0.982746517924501,0.995551743520484,0.945344609806112,0.951032514974819,0.932152283580124,0.993983228952742,0.951958037673,0.989853021951562,0.958037618985202,0.923959889611315,0.985944647225575,0.850752105062305,0.980864821370429,0.991939704817908,0.901738905307417,0.884060705463468,0.958040566620111,0.745502984670083,0.967808499556245,0.945703144060001
"OLIG2",0.986394977209318,0.955536645654718,0.969208816428077,0.858203599862535,0.993051074935235,0.975669848239195,0.984155302107091,0.937190346594792,0.928678855198497,0.772272220391627,0.7503237586522,0.954908797075044,0.94601536840562,0.859406716787664,0.977171034548471,0.936494039408071,0.984655622208857,0.896053856368311,0.951789553821646,0.964462440303351,0.921059002039997,0.987202435367148,0.99861028621524,0.981724574081234,0.978966962711634,0.601589358556976,0.867261640870177,0.990835317716574,0.971171435944564,0.824230592886987,0.945299786231499,0.931727212518015,0.968076695185014,0.844894401898285,0.997838186600327,0.969914650706507,0.992347904415653,0.939137124175805,0.999108958772964,0.329047882200808,0.984101290760488,0.955353139927338,0.897741372031196,0.981693541403064,0.938061539016134,0.954205720106734,0.979752278184448,0.963525285280965,0.93813155318891,0.734422295133014,0.98316064609,0.997165731888309,0.720483590150808,0.995863965189804,0.98432730264249,0.715244458134789,0.980101264299953,0.983000213483043,0.943200499447946,0.985220766605989,0.769610632207273,0.993498234587533,0.971713762563523,0.984234806755631,0.961148357082013,0.988373260486589,0.927483497932125,0.995513768605802,0.838078152409702,0.981726194187198,0.951842670164933,0.780287410485362,0.995551743520484,0.767439534039727,0.951812089624309,0.932152283580124,0.978808858609282,0.853200179614868,0.989853021951562,0.872573363450941,0.923959889611315,0.985944647225575,0.917617435568902,0.502616651107222,0.991939704817908,0.935476846939921,0.884060705463468,0.690466919653792,0.944209149291317,0.967808499556245,0.877202126153615
"OSR2",0.986394977209318,0.897681665977836,0.947593649744214,0.899017661274924,0.778770758581177,0.975669848239195,0.967391868238628,0.997642323982606,0.743965623942447,0.903176143338671,0.842495756037464,0.970620442968246,0.94601536840562,0.995765153644671,0.902524365553904,0.949506220468213,0.987205796516758,0.984575229187866,0.951789553821646,0.964462440303351,0.999095159964312,0.987202435367148,0.966683700014475,0.981724574081234,0.968556137812539,0.868944497042464,0.961903178654453,0.489137691861448,0.849739838477746,0.971166699519229,0.883651697395464,0.966887719653955,0.989440142572617,0.888989789581778,0.997838186600327,0.969914650706507,0.992347904415653,0.981746296754657,0.998455946111541,0.891238879881393,0.984101290760488,0.973093972758853,0.897741372031196,0.940779924297115,0.981435414634829,0.793453369536491,0.942719269067421,0.963525285280965,0.994916494193982,0.987805594170962,0.991207470248358,0.997165731888309,0.997173243351123,0.995863965189804,0.989951536283013,0.883023559124872,0.980101264299953,0.875238341024357,0.943200499447946,0.985220766605989,0.988119328978891,0.993498234587533,0.971713762563523,0.984234806755631,0.881819501550649,0.988373260486589,0.993420796739225,0.995513768605802,0.784403672601075,0.942896136262876,0.980319558497298,0.943685486849178,0.983856571317042,0.955940425710232,0.951812089624309,0.610979888946006,0.930498523874708,0.946403680959663,0.989853021951562,0.872573363450941,0.966199786151759,0.56338719549041,0.996869200847921,0.980864821370429,0.918206634848659,0.935476846939921,0.872313350506836,0.958040566620111,0.916049579868679,0.967808499556245,0.98472653058245
"OTX2",0.877980954661452,0.955536645654718,0.947593649744214,0.999718614526726,0.993051074935235,0.975669848239195,0.887225347358921,0.997642323982606,0.962717795250748,0.963670657586378,0.998469980913838,0.932411114006156,0.797296895052693,0.820039256625232,0.921807066807273,0.998004928307733,0.984655622208857,0.905497575477684,0.99058315256204,0.964462440303351,0.999095159964312,0.987202435367148,0.99861028621524,0.922132358919962,0.855437225767489,0.837802539368329,0.961903178654453,0.990835317716574,0.867203769661487,0.971166699519229,0.892981672115846,0.778903238019324,0.94485800853194,0.844894401898285,0.786236788733452,0.996155406685953,0.992347904415653,0.939137124175805,0.925464255391329,0.939540792300982,0.984101290760488,0.955353139927338,0.97280933616989,0.940779924297115,0.981435414634829,0.960374117410912,0.994634615166526,0.963525285280965,0.994916494193982,0.987805594170962,0.952545674537069,0.955475932361871,0.720483590150808,0.995863965189804,0.989951536283013,0.885795562576375,0.980101264299953,0.94373717920042,0.943200499447946,0.838931324844496,0.963023105015909,0.993498234587533,0.971713762563523,0.939880926321575,0.764794364519733,0.988373260486589,0.927483497932125,0.552511059626285,0.375409113076968,0.8455540843749,0.998043045941511,0.979235100766823,0.983856571317042,0.798953509706559,0.951812089624309,0.714984797108792,0.917022638032017,0.999729373563029,0.989853021951562,0.958037618985202,0.966199786151759,0.985944647225575,0.996972845579443,0.980864821370429,0.991939704817908,0.765238549647428,0.872313350506836,0.930026500684672,0.745502984670083,0.967808499556245,0.877202126153615
"OVOL1",0.986394977209318,0.857118427113129,0.947593649744214,0.970899760094527,0.993051074935235,0.877017025728669,0.887225347358921,0.997642323982606,0.694035461563586,0.816409370817276,0.944382799732897,0.932411114006156,0.94601536840562,0.995765153644671,0.980224074079926,0.884814099804975,0.375805144614732,0.988827490153761,0.99058315256204,0.964462440303351,0.999095159964312,0.00051505265066512,0.979869908911865,0.922132358919962,0.855437225767489,0.975319210779389,0.867261640870177,0.990835317716574,0.798844343793731,0.566350723337146,0.945299786231499,0.991381662827845,0.90722839506767,0.888989789581778,0.945625194796633,0.969914650706507,0.992347904415653,0.958161473281613,0.998455946111541,0.939540792300982,0.984101290760488,0.973093972758853,0.945570465010039,0.940779924297115,0.527817010294429,0.852028155014214,0.689099331341797,0.963525285280965,0.994916494193982,0.987805594170962,0.944637043169869,0.997165731888309,0.82039186645155,0.995863965189804,0.989951536283013,0.847966609292705,0.980101264299953,0.930006266985758,0.943200499447946,0.95918612091532,0.988119328978891,0.993498234587533,0.971713762563523,0.984234806755631,0.984539072774321,0.988373260486589,0.927483497932125,0.995513768605802,0.837533470641984,0.942896136262876,0.951842670164933,0.931395052906527,0.995551743520484,0.95942290198725,0.935325418063791,0.954622589913256,0.993983228952742,0.787257836617444,0.989853021951562,0.881110490851136,0.636438540874775,0.985944647225575,0.889028933304954,0.859815782355133,0.991939704817908,0.834928611303975,0.872313350506836,0.958040566620111,0.944209149291317,0.967808499556245,0.935108385949834
"OZF",0.986394977209318,0.897681665977836,0.947593649744214,0.858203599862535,0.993051074935235,0.986613602878538,0.946426946724042,0.997642323982606,0.910837365682611,0.764536737001102,0.925056502501314,0.932411114006156,0.94601536840562,0.955385232066177,0.853472985768646,0.956480716662847,0.984655622208857,0.896053856368311,0.924508873658927,0.964462440303351,0.929633209122209,0.989746800245068,0.99861028621524,0.981724574081234,0.999891965721022,0.870124459667124,0.181197263776605,0.990835317716574,0.809848204367742,0.832416887263578,0.980510260083611,0.966887719653955,0.94485800853194,0.635309724386798,0.997838186600327,0.969914650706507,0.992347904415653,0.939137124175805,0.998455946111541,0.711982551243605,0.984101290760488,0.67627328519056,0.897741372031196,0.969433608866267,0.936869811603042,0.0336056747233654,0.913299404143359,0.963525285280965,0.994916494193982,0.987805594170962,0.991207470248358,0.817578722873247,0.324399789667568,0.995863965189804,0.989951536283013,0.991391016425405,0.980101264299953,0.94373717920042,0.943200499447946,0.985220766605989,0.988119328978891,0.78889778988139,0.971713762563523,0.939880926321575,0.94607437979749,0.988373260486589,0.967625088836332,0.995513768605802,0.997158043934157,0.988351021619896,0.951842670164933,0.756516230611391,0.983856571317042,0.798953509706559,0.978938234280529,0.932152283580124,0.910025526737626,0.817956763979851,0.958830339556458,0.985555626311404,0.966199786151759,0.985944647225575,0.876271893245491,0.980864821370429,0.991939704817908,0.833186209210505,0.981520729892843,0.667777245297695,0.971134227676763,0.967808499556245,0.983054176639238
"P53",0.958351826760967,0.857118427113129,0.917969655660114,0.858203599862535,0.993051074935235,0.996779823236091,0.895030492771348,0.91963038371847,0.928678855198497,0.828265597745942,0.963984879962213,0.992715649537166,0.785995585503693,0.917064180399411,0.981285370433433,0.936494039408071,0.984655622208857,0.896053856368311,0.99058315256204,0.964462440303351,0.909477482001797,0.774122459290519,0.979869908911865,0.970275360856571,0.963200703005454,0.998438460887743,0.961903178654453,0.990835317716574,0.971171435944564,0.823936785538625,0.915910460843573,0.931727212518015,0.989440142572617,0.635309724386798,0.843355716130956,0.969914650706507,0.992347904415653,0.939137124175805,0.923715826230562,0.597062914318808,0.984101290760488,0.973093972758853,0.897741372031196,0.940779924297115,0.981435414634829,0.991537372579938,0.979752278184448,0.963525285280965,0.994916494193982,0.988457246339015,0.983122157469337,0.955475932361871,0.997173243351123,0.995863965189804,0.640205906355247,0.847966609292705,0.980101264299953,0.868032124474214,0.943200499447946,0.985220766605989,0.988119328978891,0.993498234587533,0.97830864265184,0.984234806755631,0.952064791775931,0.988373260486589,0.945103550952028,0.995513768605802,0.994352231413074,0.914010769606531,0.951842670164933,0.867038730483896,0.983856571317042,0.884768371037053,0.926024290590951,0.839969399663688,0.9886606986213,0.93219158183476,0.989853021951562,0.951225464094551,0.966199786151759,0.985944647225575,0.973124685371693,0.980864821370429,0.991939704817908,0.992208418615578,0.989762487092984,0.842022652564365,0.977477336389352,0.967808499556245,0.877202126153615
"P63",0.986394977209318,0.955536645654718,0.951128054882931,0.858203599862535,0.993051074935235,0.975669848239195,0.887225347358921,0.91963038371847,0.541578720361313,0.904057163887509,0.91867951683344,0.932411114006156,0.940400147337975,0.931717377752509,0.853472985768646,0.998004928307733,0.984655622208857,0.896053856368311,0.885661743453292,0.964462440303351,0.999095159964312,0.992891495012891,0.966683700014475,0.922132358919962,0.864224625373813,0.753393991283045,0.867261640870177,0.990835317716574,0.890885771992403,0.855021199889915,0.883651697395464,0.931727212518015,0.991006704850301,0.966668492903821,0.997838186600327,0.969914650706507,0.992347904415653,0.981746296754657,0.923715826230562,0.765149043253927,0.984101290760488,0.973093972758853,0.897741372031196,0.947076086288693,0.926596763669257,0.9794346231627,0.689099331341797,0.967730046460774,0.93813155318891,0.987805594170962,0.944637043169869,0.997165731888309,0.997173243351123,0.995863965189804,0.8970806034839,0.847966609292705,0.980101264299953,0.875238341024357,0.987971775024644,0.985220766605989,0.988119328978891,0.993498234587533,0.971713762563523,0.984234806755631,0.764794364519733,0.988373260486589,0.967625088836332,0.995513768605802,0.838078152409702,0.977752450733265,0.951842670164933,0.65428594393015,0.983856571317042,0.923413972536273,0.951032514974819,0.869079408436595,0.993983228952742,0.853200179614868,0.989853021951562,0.755047141186348,0.966199786151759,0.985944647225575,0.850752105062305,0.998065993133753,0.991939704817908,0.76544097695829,0.884060705463468,0.989124790809404,0.924987026071527,0.967808499556245,0.891203417926889
"P73",0.986394977209318,0.857118427113129,0.947593649744214,0.823325093955788,0.993051074935235,0.975669848239195,0.984155302107091,0.91963038371847,0.698053169376331,0.965247860868385,0.940074943466399,0.932411114006156,0.980785968901272,0.945867638026436,0.890695894789885,0.998004928307733,0.984655622208857,0.988827490153761,0.924508873658927,0.994192243629987,0.999095159964312,0.987202435367148,0.966683700014475,0.985005254474061,0.977310692522386,0.843218029515831,0.959775506432681,0.990835317716574,0.971171435944564,0.736051253822302,0.988025054041144,0.991381662827845,0.989440142572617,0.635309724386798,0.786236788733452,0.969914650706507,0.992347904415653,0.981746296754657,0.998455946111541,0.990644619335099,0.984101290760488,0.973093972758853,0.970378111955257,0.940779924297115,0.938061539016134,0.961681130062417,0.940134200304475,0.963525285280965,0.994916494193982,0.987805594170962,0.991207470248358,0.955475932361871,0.945279690454232,0.995863965189804,0.341826901442125,0.991391016425405,0.980101264299953,0.967862150229712,0.943200499447946,0.985220766605989,0.988119328978891,0.993498234587533,0.971713762563523,0.984234806755631,0.881819501550649,0.988373260486589,0.993420796739225,0.995513768605802,0.838078152409702,0.873749050364796,0.951842670164933,0.756516230611391,0.995551743520484,0.923413972536273,0.926024290590951,0.610979888946006,0.947485018204864,0.853200179614868,0.989853021951562,0.693440673265175,0.966199786151759,0.906467850775787,0.917617435568902,0.980864821370429,0.991939704817908,0.765238549647428,0.872313350506836,0.997877658438895,0.922349145792783,0.9907628438926,0.877202126153615
"PAX5",0.986394977209318,0.955536645654718,0.951128054882931,0.894719798089916,0.993051074935235,0.975669848239195,0.887225347358921,0.997642323982606,0.39389683363809,0.982515213128969,0.925056502501314,0.950050933983112,0.899549710425612,0.955385232066177,0.937693490881723,0.884814099804975,0.984655622208857,0.988827490153761,0.99058315256204,0.964462440303351,0.999095159964312,0.987202435367148,0.966683700014475,0.87157187562469,0.855437225767489,0.998438460887743,0.961903178654453,0.997319000900311,0.809848204367742,0.971166699519229,0.939415165612956,0.966887719653955,0.892759820400626,0.959820023491687,0.989344918481461,0.969914650706507,0.992347904415653,0.939137124175805,0.998455946111541,0.939540792300982,0.984101290760488,0.973093972758853,0.97280933616989,0.712915087106866,0.981435414634829,0.944204067695012,0.994634615166526,0.980944817824441,0.994916494193982,0.987805594170962,0.991207470248358,0.950789827633603,0.945279690454232,0.995863965189804,0.989951536283013,0.77224658015176,0.980101264299953,0.875238341024357,0.987971775024644,0.909530991584053,0.988119328978891,0.993498234587533,0.971713762563523,0.984234806755631,0.990399816545978,0.988373260486589,0.927483497932125,0.995513768605802,0.994352231413074,0.920113644132705,0.951842670164933,0.943685486849178,0.995551743520484,0.952544223668112,0.951032514974819,0.959812247136479,0.947485018204864,0.994277989946841,0.989853021951562,0.851190265812694,0.988388514547876,0.985944647225575,0.889028933304954,0.980864821370429,0.991939704817908,0.935476846939921,0.872313350506836,0.842022652564365,0.924987026071527,0.967808499556245,0.887198376913101
"PAX6",0.986394977209318,0.918558571748293,0.996938175144315,0.973430754648277,0.993051074935235,0.996779823236091,0.88367369146303,0.91963038371847,0.60560153213176,0.855937101113342,0.681471915940238,0.970620442968246,0.94601536840562,0.91306812193664,0.890695894789885,0.936494039408071,0.984655622208857,0.988827490153761,0.99058315256204,0.964462440303351,0.999095159964312,0.987202435367148,0.988534131670718,0.980555847524161,0.855437225767489,0.941334919760945,0.867261640870177,0.950068774159519,0.849853294715191,0.971166699519229,0.872321472076047,0.931727212518015,0.968076695185014,0.9342335483199,0.997838186600327,0.969914650706507,0.992347904415653,0.939137124175805,0.998455946111541,0.290103535442331,0.984101290760488,0.955353139927338,0.953135273141489,0.940779924297115,0.973521329204096,0.9794346231627,0.889284775996501,0.995677600307021,0.93813155318891,0.987805594170962,0.991207470248358,0.479435710440192,0.997173243351123,0.995863965189804,0.989951536283013,0.921433944310121,0.980101264299953,0.94373717920042,0.972046260383407,0.792089126072693,0.897502908757806,0.996390105073579,0.971713762563523,0.984234806755631,0.828125732598122,0.988373260486589,0.988135766289232,0.995513768605802,0.994352231413074,0.8455540843749,0.951842670164933,0.780287410485362,0.983856571317042,0.947629768826814,0.951032514974819,0.869079408436595,0.947485018204864,0.994277989946841,0.989853021951562,0.998934248925388,0.966199786151759,0.985944647225575,0.917617435568902,0.338614392454922,0.805596294455955,0.944837246949588,0.900315684986416,0.964972303096941,0.958417891580395,0.922804970496992,0.935108385949834
"PBX1",0.495684936588067,0.946492455389491,0.947593649744214,0.942204020118885,0.9945355802403,0.975669848239195,0.988019922718352,0.997642323982606,0.96572761147108,0.969360266868079,0.638736608825724,0.932411114006156,0.94601536840562,0.671226512874041,0.94463002416609,0.965193329900103,0.984655622208857,0.896053856368311,0.99058315256204,0.964462440303351,0.999095159964312,0.987202435367148,0.966683700014475,0.981724574081234,0.968556137812539,0.941334919760945,0.867261640870177,0.990835317716574,0.971171435944564,0.87709898306955,0.963423714046262,0.931727212518015,0.946186152807806,0.995807275463531,0.989344918481461,0.970634530621718,0.992347904415653,0.939137124175805,0.983454695961463,0.677416630108859,0.984101290760488,0.973093972758853,0.897741372031196,0.940779924297115,0.981435414634829,0.960374117410912,0.994634615166526,0.963525285280965,0.994916494193982,0.987805594170962,0.983423390456957,0.950789827633603,0.804534740815082,0.995863965189804,0.989951536283013,0.715244458134789,0.980101264299953,0.94373717920042,0.943200499447946,0.992591170072526,0.988119328978891,0.996390105073579,0.971713762563523,0.984234806755631,0.94607437979749,0.993037364522479,0.967625088836332,0.995513768605802,0.994352231413074,0.940857759226448,0.953067338383647,0.756516230611391,0.856719732472307,0.948192055419925,0.98616398210002,0.984105140731236,0.947485018204864,0.93219158183476,0.958830339556458,0.978617663933381,0.966199786151759,0.985944647225575,0.917617435568902,0.980864821370429,0.993460971006593,0.992208418615578,0.872313350506836,0.989124790809404,0.958417891580395,0.967808499556245,0.908360961847712
"PBX2",0.986394977209318,0.990788876036112,0.947593649744214,0.858203599862535,0.778770758581177,0.948233595053014,0.887225347358921,0.997642323982606,0.743965623942447,0.271638036961403,0.909801387584842,0.932411114006156,0.543164778665472,0.934346949042369,0.977171034548471,0.998004928307733,0.990717185731582,0.982767690520477,0.885661743453292,0.964462440303351,0.999095159964312,0.987202435367148,0.99861028621524,0.728177284928313,0.855437225767489,0.868944497042464,0.867261640870177,0.998649744589741,0.971171435944564,0.930323575226432,0.821106198683598,0.595131478220257,0.946186152807806,0.635309724386798,0.997838186600327,0.969914650706507,0.979470733537026,0.972463323431817,0.998455946111541,0.939540792300982,0.984101290760488,0.955353139927338,0.897741372031196,0.712915087106866,0.981435414634829,0.865066279168024,0.979752278184448,0.995677600307021,0.994916494193982,0.987805594170962,0.740409446981006,0.955475932361871,0.852862305923107,0.995863965189804,0.989951536283013,0.922695520939815,0.980101264299953,0.868032124474214,0.943200499447946,0.985220766605989,0.988119328978891,0.993498234587533,0.971713762563523,0.984234806755631,0.988606969494809,0.988373260486589,0.927483497932125,0.995513768605802,0.994352231413074,0.942896136262876,0.867282664920964,0.943685486849178,0.983856571317042,0.947629768826814,0.926024290590951,0.932152283580124,0.98770879757831,0.955596768519071,0.989853021951562,0.969531158909843,0.966199786151759,0.985944647225575,0.850752105062305,0.980864821370429,0.991939704817908,0.900799828836079,0.872313350506836,0.670946868740736,0.745502984670083,0.9907628438926,0.621117830255095
"PDX1",0.958351826760967,0.918558571748293,0.947593649744214,0.858203599862535,0.993051074935235,0.975669848239195,0.927342373406292,0.91963038371847,0.928678855198497,0.816409370817276,0.925056502501314,0.932411114006156,0.662003664345096,0.908272047919019,0.977171034548471,0.998004928307733,0.984655622208857,0.896124442536829,0.924508873658927,0.920355565056829,0.999095159964312,0.987202435367148,0.984932593957066,0.922132358919962,0.968556137812539,0.870124459667124,0.959775506432681,0.990835317716574,0.971171435944564,0.566350723337146,0.738621766312495,0.734873676098316,0.964303936423276,0.635309724386798,0.549974914402707,0.969914650706507,0.992347904415653,0.959847289906155,0.923715826230562,0.956925904413183,0.984101290760488,0.955353139927338,0.897741372031196,0.712915087106866,0.981435414634829,0.865066279168024,0.689099331341797,0.963525285280965,0.994916494193982,0.987805594170962,0.991207470248358,0.950789827633603,0.997173243351123,0.995863965189804,0.979501353961341,0.875128632870572,0.980101264299953,0.875238341024357,0.943200499447946,0.992591170072526,0.988119328978891,0.886175058394711,0.971713762563523,0.984234806755631,0.579913117343991,0.988373260486589,0.980546577894919,0.995513768605802,0.994352231413074,0.884443934087383,0.951842670164933,0.923406579215979,0.995551743520484,0.948526257203303,0.951032514974819,0.984105140731236,0.947485018204864,0.951958037673,0.989853021951562,0.958037618985202,0.859398566128965,0.985944647225575,0.718019998895096,0.603990968705694,0.991939704817908,0.944837246949588,0.872313350506836,0.997877658438895,0.971134227676763,0.967808499556245,0.877202126153615
"PEBB",0.856217838237829,0.990788876036112,0.947593649744214,0.962708584533047,0.993051074935235,0.975669848239195,0.887225347358921,0.997642323982606,0.970734710809634,0.816409370817276,0.816828621524504,0.932411114006156,0.797296895052693,0.955385232066177,0.853472985768646,0.998004928307733,0.984655622208857,0.944565801982959,0.885661743453292,0.964462440303351,0.999095159964312,0.992891495012891,0.97242547511329,0.981724574081234,0.968556137812539,0.837802539368329,0.961903178654453,0.888928235018118,0.798844343793731,0.971166699519229,0.963210127184389,0.971715580363368,0.867746027847679,0.894915791111121,0.997838186600327,0.969914650706507,0.992347904415653,0.939137124175805,0.998455946111541,0.736409133031386,0.984101290760488,0.790016868729106,0.970378111955257,0.806492885256225,0.981435414634829,0.960374117410912,0.979752278184448,0.963525285280965,0.994916494193982,0.987805594170962,0.991207470248358,0.817578722873247,0.997173243351123,0.995863965189804,0.989951536283013,0.715244458134789,0.980101264299953,0.983000213483043,0.943200499447946,0.792089126072693,0.988119328978891,0.996390105073579,0.971713762563523,0.939880926321575,0.709066600109638,0.988373260486589,0.704572671102163,0.995513768605802,0.994352231413074,0.897284217012306,0.951842670164933,0.825240658574226,0.995551743520484,0.95942290198725,0.926024290590951,0.974881004445255,0.98770879757831,0.73220640476532,0.970444926567044,0.693440673265175,0.966199786151759,0.985944647225575,0.917617435568902,0.980864821370429,0.991939704817908,0.944837246949588,0.929249134534264,0.670946868740736,0.924987026071527,0.967808499556245,0.928722213024589
"PIT1",0.986394977209318,0.918558571748293,0.951128054882931,0.932891212138016,0.993051074935235,0.996779823236091,0.887225347358921,0.751416321039669,0.930577212648737,0.764536737001102,0.998469980913838,0.932411114006156,0.676847951277713,0.917064180399411,0.950307878691153,0.936494039408071,0.984655622208857,0.896053856368311,0.99058315256204,0.964462440303351,0.999095159964312,0.987202435367148,0.977639331469681,0.922132358919962,0.902588288553804,0.868944497042464,0.867261640870177,0.998649744589741,0.960737976989517,0.971166699519229,0.980510260083611,0.931727212518015,0.94485800853194,0.97948132666151,0.634662266188835,0.969914650706507,0.992347904415653,0.939137124175805,0.923715826230562,0.37884217298624,0.984101290760488,0.973093972758853,0.897741372031196,0.979886971766153,0.981435414634829,0.459605369961206,0.94929925807232,0.987939730984027,0.93813155318891,0.987805594170962,0.991207470248358,0.955475932361871,0.997173243351123,0.995863965189804,0.989951536283013,0.922695520939815,0.980101264299953,0.94373717920042,0.826773394066169,0.985220766605989,0.993033808220297,0.993498234587533,0.971713762563523,0.984234806755631,0.764794364519733,0.997727503411322,0.96843940214429,0.995513768605802,0.994352231413074,0.971256809368891,0.951842670164933,0.82568879005285,0.365865910454862,0.93889011080623,0.951812089624309,0.984105140731236,0.947485018204864,0.543625243623167,0.958830339556458,0.829628639674027,0.966199786151759,0.985944647225575,0.996869200847921,0.980864821370429,0.991939704817908,0.862190992919273,0.98467220179463,0.604823714615958,0.977647375957685,0.967808499556245,0.988972555586579
"PO2F1",0.986394977209318,0.990788876036112,0.964400043150218,0.894719798089916,0.993051074935235,0.772007302810176,0.887225347358921,0.997642323982606,0.873041365671615,0.764536737001102,0.91867951683344,0.970620442968246,0.890361482335754,0.908272047919019,0.94463002416609,0.968262289607695,0.984655622208857,0.896053856368311,0.99058315256204,0.994192243629987,0.921059002039997,0.774122459290519,0.966683700014475,0.980555847524161,0.99838115033234,0.91038569613036,0.961903178654453,0.990835317716574,0.971171435944564,0.976030134485823,0.915910460843573,0.966887719653955,0.45143607105245,0.920000827565719,0.989344918481461,0.969914650706507,0.992347904415653,0.939137124175805,0.998455946111541,0.888827826239274,0.984101290760488,0.973093972758853,0.958806894127818,0.940779924297115,0.981435414634829,0.960374117410912,0.891998642065472,0.987939730984027,0.93813155318891,0.987805594170962,0.952545674537069,0.950789827633603,0.833343978657585,0.995863965189804,0.989951536283013,0.847966609292705,0.980101264299953,0.94373717920042,0.943200499447946,0.944835098915973,0.877454927961444,0.993498234587533,0.971713762563523,0.906694197413484,0.990399816545978,0.988373260486589,0.927483497932125,0.995513768605802,0.838078152409702,0.60311972602247,0.951842670164933,0.943685486849178,0.825090251741795,0.93889011080623,0.926024290590951,0.851438026673754,0.947485018204864,0.994277989946841,0.989853021951562,0.829628639674027,0.966199786151759,0.985944647225575,0.850752105062305,0.980864821370429,0.991939704817908,0.683230408571876,0.872313350506836,0.151854935756141,0.98027184418834,0.967808499556245,0.877202126153615
"PO2F2",0.986394977209318,0.857118427113129,0.947593649744214,0.858203599862535,0.9945355802403,0.986613602878538,0.887225347358921,0.946951294618264,0.953848257280594,0.982515213128969,0.747572794320273,0.932411114006156,0.980785968901272,0.738772188151769,0.804906949343092,0.357055573249683,0.984655622208857,0.919197738079447,0.99058315256204,0.964462440303351,0.929633209122209,0.987202435367148,0.479390379793244,0.981724574081234,0.968556137812539,0.926234344654346,0.971640385741244,0.71837951754968,0.960504018870807,0.633549843002688,0.915910460843573,0.98572910717834,0.946186152807806,0.995146945380728,0.790050364742552,0.969914650706507,0.992347904415653,0.939137124175805,0.923715826230562,0.941771070860549,0.984101290760488,0.973093972758853,0.897741372031196,0.987684775359363,0.981435414634829,0.793453369536491,0.693394732963571,0.980944817824441,0.994916494193982,0.954289504683645,0.991207470248358,0.997165731888309,0.930781226207666,0.53358945904746,0.989951536283013,0.991391016425405,0.980101264299953,0.94373717920042,0.904358261261935,0.95918612091532,0.988119328978891,0.993498234587533,0.971713762563523,0.986083614283324,0.579913117343991,0.950737190632857,0.967625088836332,0.995513768605802,0.838078152409702,0.942896136262876,0.951842670164933,0.943685486849178,0.995551743520484,0.948192055419925,0.951032514974819,0.850131945557062,0.947485018204864,0.853200179614868,0.989853021951562,0.958037618985202,0.966199786151759,0.730724592307955,0.718019998895096,0.980864821370429,0.991939704817908,0.900799828836079,0.872313350506836,0.667777245297695,0.745502984670083,0.967808499556245,0.908360961847712
"PO3F1",0.986394977209318,0.857118427113129,0.947593649744214,0.970899760094527,0.993051074935235,0.975669848239195,0.887225347358921,0.997642323982606,0.953848257280594,0.904057163887509,0.91867951683344,0.970620442968246,0.883810598180788,0.995765153644671,0.853472985768646,0.936494039408071,0.984655622208857,0.988827490153761,0.885661743453292,0.920355565056829,0.999095159964312,0.987202435367148,0.984341127195763,0.970275360856571,0.961654021584104,0.949251957459363,0.867261640870177,0.7878358766179,0.971171435944564,0.633549843002688,0.706691613426751,0.595131478220257,0.968076695185014,0.973673426164194,0.786236788733452,0.969914650706507,0.992347904415653,0.939137124175805,0.923715826230562,0.928396465478573,0.984101290760488,0.973093972758853,0.897741372031196,0.969433608866267,0.853888691267075,0.960374117410912,0.689099331341797,0.963525285280965,0.994916494193982,0.987805594170962,0.948888896746239,0.879363693501564,0.483602702657751,0.995863965189804,0.979501353961341,0.792943641982858,0.980101264299953,0.875238341024357,0.943200499447946,0.985220766605989,0.988119328978891,0.976720768666836,0.971713762563523,0.984234806755631,0.952264642081159,0.988373260486589,0.808798809581662,0.995513768605802,0.76792117897633,0.942896136262876,0.951842670164933,0.756516230611391,0.856719732472307,0.767439534039727,0.978938234280529,0.984105140731236,0.947485018204864,0.994277989946841,0.958830339556458,0.978617663933381,0.966199786151759,0.985944647225575,0.850752105062305,0.980864821370429,0.991939704817908,0.935476846939921,0.872313350506836,0.958040566620111,0.889256807322953,0.967808499556245,0.902234481747688
"PO3F2",0.986394977209318,0.857118427113129,0.947593649744214,0.970899760094527,0.993051074935235,0.986613602878538,0.947542197044098,0.997642323982606,0.816738331358375,0.816409370817276,0.925056502501314,0.932411114006156,0.883810598180788,0.917064180399411,0.977171034548471,0.884814099804975,0.984655622208857,0.988827490153761,0.99058315256204,0.920355565056829,0.909477482001797,0.829763204110592,0.979869908911865,0.728177284928313,0.968556137812539,0.868944497042464,0.959775506432681,0.990835317716574,0.816066940129006,0.901876525759061,0.950846341471646,0.931727212518015,0.989440142572617,0.991399620333799,0.449756105766641,0.969914650706507,0.992347904415653,0.939137124175805,0.998455946111541,0.817238328522705,0.984101290760488,0.973093972758853,0.996326619629831,0.981693541403064,0.981435414634829,0.9794346231627,0.889284775996501,0.963525285280965,0.93813155318891,0.987805594170962,0.991207470248358,0.950789827633603,0.930781226207666,0.995863965189804,0.989951536283013,0.991391016425405,0.980101264299953,0.868032124474214,0.992781620769719,0.985220766605989,0.988119328978891,0.993498234587533,0.971713762563523,0.984234806755631,0.764794364519733,0.988373260486589,0.927483497932125,0.995513768605802,0.994352231413074,0.914010769606531,0.951842670164933,0.977578273618045,0.995551743520484,0.961273075417411,0.571214101022942,0.954622589913256,0.947485018204864,0.994277989946841,0.989853021951562,0.958037618985202,0.966199786151759,0.749948393109906,0.889028933304954,0.988576864403412,0.991939704817908,0.935476846939921,0.872313350506836,0.667777245297695,0.745502984670083,0.967808499556245,0.988972555586579
"PRD14",0.986394977209318,0.918558571748293,0.965808659363713,0.912772177471214,0.993051074935235,0.986613602878538,0.887225347358921,0.91963038371847,0.928678855198497,0.949766520754501,0.909801387584842,0.976747464858168,0.662003664345096,0.908272047919019,0.94463002416609,0.936494039408071,0.995265929582112,0.988827490153761,0.924508873658927,0.964462440303351,0.905341078644845,0.987202435367148,0.966683700014475,0.994809061065822,0.968556137812539,0.926234344654346,0.959775506432681,0.759734648702705,0.891686268104611,0.976030134485823,0.915910460843573,0.931727212518015,0.989440142572617,0.704652373963853,0.245048493301469,0.969914650706507,0.992347904415653,0.939137124175805,0.923715826230562,0.727127586352172,0.984101290760488,0.955353139927338,0.897741372031196,0.940779924297115,0.981435414634829,0.865066279168024,0.995404517124042,0.966002474175767,0.93813155318891,0.987805594170962,0.944637043169869,0.950789827633603,0.997173243351123,0.995863965189804,0.989951536283013,0.847966609292705,0.980101264299953,0.94373717920042,0.826773394066169,0.985220766605989,0.988119328978891,0.996390105073579,0.971713762563523,0.939880926321575,0.709066600109638,0.988373260486589,0.96843940214429,0.995513768605802,0.994352231413074,0.954072026083131,0.951842670164933,0.756516230611391,0.995551743520484,0.93889011080623,0.951812089624309,0.839969399663688,0.910025526737626,0.967924559714292,0.958830339556458,0.829628639674027,0.923959889611315,0.985944647225575,0.850752105062305,0.980864821370429,0.991939704817908,0.683230408571876,0.872313350506836,0.930459851039869,0.944209149291317,0.967808499556245,0.877202126153615
"PRDM1",0.856967158997895,0.918558571748293,0.947593649744214,0.934105592031943,0.993051074935235,0.996779823236091,0.895030492771348,0.997642323982606,0.60560153213176,0.904057163887509,0.925056502501314,0.954908797075044,0.582611347430667,0.91306812193664,0.94463002416609,0.779554421672053,0.984655622208857,0.912915824917578,0.885661743453292,0.964462440303351,0.999095159964312,0.608089543636139,0.99861028621524,0.994809061065822,0.963200703005454,0.975319210779389,0.961903178654453,0.833310915305093,0.960504018870807,0.741239348193292,0.886463301782789,0.991381662827845,0.946186152807806,0.844894401898285,0.895096958556606,0.969914650706507,0.992347904415653,0.995231913484346,0.998455946111541,0.928396465478573,0.984101290760488,0.955353139927338,0.897741372031196,0.712915087106866,0.981435414634829,0.960374117410912,0.979752278184448,0.980944817824441,0.994916494193982,0.987805594170962,0.944637043169869,0.479435710440192,0.997173243351123,0.995863965189804,0.989951536283013,0.922622138244891,0.980101264299953,0.94373717920042,0.943200499447946,0.985220766605989,0.988119328978891,0.993498234587533,0.971713762563523,0.984234806755631,0.984539072774321,0.988373260486589,0.964018561275114,0.995513768605802,0.990792542980008,0.920113644132705,0.951842670164933,0.943685486849178,0.995551743520484,0.923413972536273,0.951032514974819,0.680097601573273,0.947485018204864,0.787257836617444,0.989853021951562,0.985555626311404,0.966199786151759,0.985944647225575,0.889028933304954,0.980864821370429,0.918206634848659,0.935476846939921,0.872313350506836,0.667777245297695,0.745502984670083,0.967808499556245,0.877202126153615
"PRDM6",0.986394977209318,0.990788876036112,0.947593649744214,0.980482082971773,0.9945355802403,0.975669848239195,0.887225347358921,0.997642323982606,0.953848257280594,0.9370794450573,0.763275188566716,0.932411114006156,0.94601536840562,0.959664247605701,0.921807066807273,0.936494039408071,0.984655622208857,0.988827490153761,0.99058315256204,0.964462440303351,0.999095159964312,0.992891495012891,0.966683700014475,0.87157187562469,0.961654021584104,0.890162945175425,0.867261640870177,0.990835317716574,0.890885771992403,0.633549843002688,0.821106198683598,0.931727212518015,0.968076695185014,0.924149186515097,0.840607033495657,0.969914650706507,0.992347904415653,0.939137124175805,0.998455946111541,0.939540792300982,0.984101290760488,0.790016868729106,0.970378111955257,0.969433608866267,0.957134717851924,0.960374117410912,0.940134200304475,0.980944817824441,0.994916494193982,0.987805594170962,0.944637043169869,0.955475932361871,0.997173243351123,0.995863965189804,0.989951536283013,0.847966609292705,0.980101264299953,0.875238341024357,0.826773394066169,0.985220766605989,0.988119328978891,0.78889778988139,0.971713762563523,0.984234806755631,0.988606969494809,0.820291011642879,0.985762350203695,0.995513768605802,0.806773733364429,0.325535872849502,0.951842670164933,0.923406579215979,0.983856571317042,0.945344609806112,0.951032514974819,0.954622589913256,0.976590363727397,0.994277989946841,0.989853021951562,0.693440673265175,0.966199786151759,0.985944647225575,0.876271893245491,0.980864821370429,0.918206634848659,0.935476846939921,0.872313350506836,0.997877658438895,0.849218224196973,0.967808499556245,0.877202126153615
"PGR",0.877980954661452,0.918558571748293,0.947593649744214,0.927559145834506,0.993051074935235,0.862169762776936,0.887225347358921,0.997642323982606,0.928678855198497,0.764536737001102,0.819304716638866,0.932411114006156,0.802313810046771,0.917064180399411,0.902524365553904,0.936494039408071,0.984655622208857,0.919197738079447,0.92525130528352,0.994192243629987,0.909477482001797,0.774122459290519,0.966683700014475,0.922132358919962,0.968556137812539,0.870124459667124,0.959775506432681,0.990835317716574,0.849853294715191,0.971166699519229,0.706691613426751,0.991381662827845,0.665638822386588,0.920000827565719,0.813588541011079,0.969914650706507,0.992347904415653,0.939137124175805,0.998455946111541,0.939540792300982,0.984101290760488,0.973093972758853,0.897741372031196,0.780157026266295,0.782476552599659,0.938421360985624,0.895597893402445,0.963525285280965,0.994916494193982,0.987805594170962,0.944637043169869,0.955475932361871,0.930781226207666,0.995863965189804,0.989951536283013,0.847966609292705,0.980101264299953,0.930006266985758,0.989463054337225,0.985220766605989,0.877454927961444,0.820972523037983,0.971713762563523,0.984234806755631,0.94607437979749,0.988373260486589,0.927483497932125,0.995513768605802,0.838078152409702,0.988515240515156,0.951842670164933,0.961479141516635,0.995551743520484,0.923413972536273,0.957169726790384,0.984105140731236,0.951483178731206,0.951958037673,0.989853021951562,0.958037618985202,0.966199786151759,0.985944647225575,0.94483389264495,0.980864821370429,0.991939704817908,0.683230408571876,0.872313350506836,0.871476803854035,0.990686067311631,0.967808499556245,0.983832256828328
"PRRX2",0.986394977209318,0.918558571748293,0.947593649744214,0.823325093955788,0.993051074935235,0.996779823236091,0.887225347358921,0.997642323982606,0.928678855198497,0.828265597745942,0.994868224902109,0.950050933983112,0.797296895052693,0.908272047919019,0.977171034548471,0.998004928307733,0.984655622208857,0.988827490153761,0.924508873658927,0.964462440303351,0.999095159964312,0.987202435367148,0.966683700014475,0.922132358919962,0.968556137812539,0.870124459667124,0.959775506432681,0.990835317716574,0.960504018870807,0.786987221048278,0.945299786231499,0.991381662827845,0.692498427306292,0.924149186515097,0.480004660711642,0.969914650706507,0.992347904415653,0.939137124175805,0.923715826230562,0.928396465478573,0.984101290760488,0.985431949759556,0.897741372031196,0.969433608866267,0.91866037840055,0.960374117410912,0.979752278184448,0.963525285280965,0.994916494193982,0.987805594170962,0.991207470248358,0.955475932361871,0.997173243351123,0.99923845262546,0.966600777938937,0.847966609292705,0.980101264299953,0.983000213483043,0.987329472111806,0.985220766605989,0.988119328978891,0.78889778988139,0.971713762563523,0.984234806755631,0.988606969494809,0.988373260486589,0.986356102419687,0.995513768605802,0.552696612907844,0.897284217012306,0.951842670164933,0.756516230611391,0.856719732472307,0.927996966567392,0.951812089624309,0.984105140731236,0.981861044853555,0.787257836617444,0.989853021951562,0.755047141186348,0.986127848962059,0.985944647225575,0.889028933304954,0.980864821370429,0.991939704817908,0.862190992919273,0.98467220179463,0.989124790809404,0.916049579868679,0.967808499556245,0.908360961847712
"PTF1A",0.986394977209318,0.955536645654718,0.947593649744214,0.942204020118885,0.9945355802403,0.975669848239195,0.889317871289028,0.997642323982606,0.935345030191237,0.904057163887509,0.467174043815802,0.950050933983112,0.785995585503693,0.908272047919019,0.977171034548471,0.950982106682392,0.990717185731582,0.988827490153761,0.99058315256204,0.967171083790539,0.999095159964312,0.987202435367148,0.99861028621524,0.841947842452955,0.968556137812539,0.870124459667124,0.960285238198589,0.947716871810698,0.890885771992403,0.836808874314741,0.872321472076047,0.791012957213757,0.989440142572617,0.97948132666151,0.946968678098713,0.969914650706507,0.992347904415653,0.939137124175805,0.998455946111541,0.956925904413183,0.984101290760488,0.790016868729106,0.897741372031196,0.940779924297115,0.981435414634829,0.865066279168024,0.979752278184448,0.963525285280965,0.994916494193982,0.987805594170962,0.991207470248358,0.997165731888309,0.804534740815082,0.995863965189804,0.989951536283013,0.847966609292705,0.980101264299953,0.94373717920042,0.943200499447946,0.909530991584053,0.988119328978891,0.993498234587533,0.971713762563523,0.984234806755631,0.764794364519733,0.988373260486589,0.927483497932125,0.995513768605802,0.994352231413074,0.970894994774223,0.951842670164933,0.982495431617448,0.995551743520484,0.945344609806112,0.951032514974819,0.97955392152215,0.981861044853555,0.994277989946841,0.989853021951562,0.978617663933381,0.966199786151759,0.985944647225575,0.978552854760559,0.502616651107222,0.918206634848659,0.765238549647428,0.872313350506836,0.997877658438895,0.745502984670083,0.967808499556245,0.877202126153615
"RARA",0.986394977209318,0.955536645654718,0.947593649744214,0.704513675563292,0.993051074935235,0.996779823236091,0.887225347358921,0.997642323982606,0.962717795250748,0.271638036961403,0.944382799732897,0.932411114006156,0.797296895052693,0.955385232066177,0.921807066807273,0.956480716662847,0.984655622208857,0.896053856368311,0.924508873658927,0.964462440303351,0.921059002039997,0.992891495012891,0.966683700014475,0.922132358919962,0.855437225767489,0.948909227522311,0.959775506432681,0.990835317716574,0.960504018870807,0.832416887263578,0.883651697395464,0.931727212518015,0.991006704850301,0.888989789581778,0.997838186600327,0.969914650706507,0.992347904415653,0.939137124175805,0.923715826230562,0.816074358054574,0.984101290760488,0.973093972758853,0.897741372031196,0.934150594649934,0.645783872977119,0.852028155014214,0.979752278184448,0.980944817824441,0.994916494193982,0.987805594170962,0.991207470248358,0.955475932361871,0.997173243351123,0.995863965189804,0.989951536283013,0.991391016425405,0.980101264299953,0.875238341024357,0.943200499447946,0.985220766605989,0.988119328978891,0.993498234587533,0.971713762563523,0.984234806755631,0.990399816545978,0.988373260486589,0.967625088836332,0.995513768605802,0.838078152409702,0.897284217012306,0.951842670164933,0.756516230611391,0.995551743520484,0.884768371037053,0.926024290590951,0.984105140731236,0.989494596302615,0.951958037673,0.989853021951562,0.872573363450941,0.966199786151759,0.985944647225575,0.850752105062305,0.921742999113743,0.991939704817908,0.935476846939921,0.872313350506836,0.944392000795748,0.998968080327772,0.967808499556245,0.928722213024589
"RARG",0.986394977209318,0.990788876036112,0.947593649744214,0.704513675563292,0.993051074935235,0.975669848239195,0.887225347358921,0.998788924152706,0.928678855198497,0.855937101113342,0.887851368407572,0.932411114006156,0.913388238369117,0.917064180399411,0.921807066807273,0.965193329900103,0.984655622208857,0.896053856368311,0.885661743453292,0.964462440303351,0.929633209122209,0.989746800245068,0.99861028621524,0.981724574081234,0.864224625373813,0.91038569613036,0.959775506432681,0.990835317716574,0.971171435944564,0.804739738507393,0.892981672115846,0.931727212518015,0.989894180530529,0.888989789581778,0.786236788733452,0.996155406685953,0.992347904415653,0.939137124175805,0.923715826230562,0.899318064047931,0.984101290760488,0.973093972758853,0.998007239181073,0.940779924297115,0.981435414634829,0.865066279168024,0.940134200304475,0.963525285280965,0.994916494193982,0.987805594170962,0.991207470248358,0.950789827633603,0.601403715035895,0.995863965189804,0.989951536283013,0.847966609292705,0.980101264299953,0.994025801124492,0.826773394066169,0.985220766605989,0.988119328978891,0.995464293384187,0.971713762563523,0.984234806755631,0.965467617868542,0.988373260486589,0.967625088836332,0.995513768605802,0.997158043934157,0.942896136262876,0.996959494160813,0.458363808566575,0.856719732472307,0.884768371037053,0.926024290590951,0.610979888946006,0.947485018204864,0.853200179614868,0.989853021951562,0.958037618985202,0.966199786151759,0.985944647225575,0.850752105062305,0.980864821370429,0.991939704817908,0.935476846939921,0.884060705463468,0.997877658438895,0.944209149291317,0.95536937216887,0.891203417926889
"RELB",0.958351826760967,0.918558571748293,0.965808659363713,0.886198572561906,0.993051074935235,0.986613602878538,0.887225347358921,0.997642323982606,0.953848257280594,0.966210602314282,0.545628622281168,0.970620442968246,0.94601536840562,0.908272047919019,0.921807066807273,0.972598599390993,0.984655622208857,0.896053856368311,0.778472171507726,0.964462440303351,0.909477482001797,0.992891495012891,0.97242547511329,0.94622906769106,0.978305201533751,0.941334919760945,0.867261640870177,0.990835317716574,0.964482020750986,0.633549843002688,0.915910460843573,0.991381662827845,0.946186152807806,0.844894401898285,0.997838186600327,0.969914650706507,0.979470733537026,0.939137124175805,0.998455946111541,0.939540792300982,0.984101290760488,0.973093972758853,0.992321936713372,0.940779924297115,0.981435414634829,0.9794346231627,0.940134200304475,0.841622060025669,0.994916494193982,0.987805594170962,0.964617018810849,0.997165731888309,0.945279690454232,0.995863965189804,0.989951536283013,0.715244458134789,0.980101264299953,0.875238341024357,0.939187380035953,0.985220766605989,0.988119328978891,0.993498234587533,0.97830864265184,0.984234806755631,0.990399816545978,0.988373260486589,0.927483497932125,0.552511059626285,0.994352231413074,0.942896136262876,0.951842670164933,0.943685486849178,0.995551743520484,0.93889011080623,0.993877307497107,0.984105140731236,0.993983228952742,0.994277989946841,0.989853021951562,0.755047141186348,0.966199786151759,0.985944647225575,0.917617435568902,0.980864821370429,0.991939704817908,0.935476846939921,0.884060705463468,0.667777245297695,0.922349145792783,0.659220591717781,0.877202126153615
"REL",0.791886203302405,0.955536645654718,0.985919598476509,0.890434002618684,0.993051074935235,0.975669848239195,0.887225347358921,0.91963038371847,0.930577212648737,0.903176143338671,0.963984879962213,0.950050933983112,0.643322495226575,0.917064180399411,0.824120999749891,0.936494039408071,0.984655622208857,0.896053856368311,0.924508873658927,0.964462440303351,0.999095159964312,0.989746800245068,0.99861028621524,0.94622906769106,0.855437225767489,0.917417898394893,0.961903178654453,0.990835317716574,0.867203769661487,0.87709898306955,0.721088763251834,0.98572910717834,0.991006704850301,0.973673426164194,0.997838186600327,0.993660148751005,0.992347904415653,0.939137124175805,0.923715826230562,0.956925904413183,0.984101290760488,0.973093972758853,0.961934914564604,0.940779924297115,0.762235694310729,0.960374117410912,0.994634615166526,0.963525285280965,0.994916494193982,0.987805594170962,0.944637043169869,0.955475932361871,0.997173243351123,0.995863965189804,0.341826901442125,0.847966609292705,0.980101264299953,0.966807809497439,0.992781620769719,0.985220766605989,0.988119328978891,0.993498234587533,0.971713762563523,0.939880926321575,0.988606969494809,0.988373260486589,0.967625088836332,0.995513768605802,0.994352231413074,0.872894281320799,0.980319558497298,0.923406579215979,0.89685242700817,0.923413972536273,0.926024290590951,0.568122981789484,0.978808858609282,0.994277989946841,0.958830339556458,0.970650861857987,0.923959889611315,0.985944647225575,0.996972845579443,0.980864821370429,0.991939704817908,0.900799828836079,0.98467220179463,0.997877658438895,0.998968080327772,0.967808499556245,0.877202126153615
"REST",0.986394977209318,0.955536645654718,0.947593649744214,0.858203599862535,0.993051074935235,0.975669848239195,0.887225347358921,0.91963038371847,0.949625182972955,0.846334794755653,0.925056502501314,0.932411114006156,0.797296895052693,0.995765153644671,0.817185524626652,0.956480716662847,0.984655622208857,0.896053856368311,0.99058315256204,0.964462440303351,0.999095159964312,0.774122459290519,0.966683700014475,0.922132358919962,0.968556137812539,0.870124459667124,0.961903178654453,0.804517384501351,0.971171435944564,0.824230592886987,0.892981672115846,0.931727212518015,0.989440142572617,0.995146945380728,0.711083290620083,0.969914650706507,0.992347904415653,0.939137124175805,0.998455946111541,0.956925904413183,0.984101290760488,0.955353139927338,0.970378111955257,0.940779924297115,0.926596763669257,0.9794346231627,0.689099331341797,0.963525285280965,0.994916494193982,0.987805594170962,0.944637043169869,0.950789827633603,0.945279690454232,0.995863965189804,0.989951536283013,0.991391016425405,0.980101264299953,0.983000213483043,0.987971775024644,0.721292823169044,0.988119328978891,0.993498234587533,0.971713762563523,0.984234806755631,0.984539072774321,0.997727503411322,0.927483497932125,0.995513768605802,0.991792469067612,0.897284217012306,0.951842670164933,0.756516230611391,0.995551743520484,0.767439534039727,0.926024290590951,0.984105140731236,0.947485018204864,0.951958037673,0.958830339556458,0.958037618985202,0.966199786151759,0.985944647225575,0.850752105062305,0.988576864403412,0.991939704817908,0.935476846939921,0.872313350506836,0.997877658438895,0.971134227676763,0.967808499556245,0.928722213024589
"RFX1",0.986394977209318,0.918558571748293,0.950344890777525,0.858203599862535,0.9945355802403,0.996779823236091,0.887225347358921,0.997642323982606,0.962717795250748,0.966210602314282,0.91867951683344,0.932411114006156,0.94601536840562,0.955385232066177,0.900086747405105,0.971622349604294,0.987205796516758,0.896053856368311,0.885661743453292,0.964462440303351,0.999095159964312,0.987202435367148,0.99861028621524,0.981724574081234,0.977310692522386,0.933512343664194,0.961903178654453,0.990835317716574,0.912861430142161,0.786987221048278,0.781387503836973,0.98572910717834,0.989440142572617,0.635309724386798,0.989344918481461,0.969914650706507,0.992347904415653,0.988363431031518,0.998455946111541,0.939540792300982,0.984101290760488,0.973093972758853,0.897741372031196,0.940779924297115,0.973521329204096,0.9794346231627,0.979752278184448,0.972853168679633,0.994916494193982,0.987805594170962,0.944637043169869,0.955475932361871,0.945279690454232,0.995863965189804,0.989951536283013,0.875128632870572,0.980101264299953,0.875238341024357,0.943200499447946,0.985220766605989,0.988119328978891,0.993498234587533,0.971713762563523,0.984234806755631,0.881819501550649,0.988373260486589,0.980546577894919,0.995513768605802,0.994352231413074,0.994516576052367,0.951842670164933,0.540743270175803,0.995551743520484,0.985336614376918,0.951032514974819,0.932152283580124,0.989494596302615,0.951958037673,0.989853021951562,0.958037618985202,0.966199786151759,0.985944647225575,0.912888444519457,0.980864821370429,0.991939704817908,0.683230408571876,0.930407576866427,0.776329152254369,0.977647375957685,0.967808499556245,0.877202126153615
"RFX2",0.856217838237829,0.897681665977836,0.947593649744214,0.882776828178774,0.993051074935235,0.975669848239195,0.887225347358921,0.997642323982606,0.962717795250748,0.764536737001102,0.7503237586522,0.992715649537166,0.94601536840562,0.973323188663176,0.950364853177798,0.968262289607695,0.984655622208857,0.979881374316928,0.885661743453292,0.97217093391293,0.929633209122209,0.987202435367148,0.966683700014475,0.981724574081234,0.968556137812539,0.843792020927881,0.961903178654453,0.950068774159519,0.960504018870807,0.633549843002688,0.821106198683598,0.931727212518015,0.989894180530529,0.635309724386798,0.786236788733452,0.969914650706507,0.992347904415653,0.939137124175805,0.998455946111541,0.928396465478573,0.984101290760488,0.973093972758853,0.897741372031196,0.969433608866267,0.938061539016134,0.852028155014214,0.889284775996501,0.963525285280965,0.994916494193982,0.987805594170962,0.991207470248358,0.950789827633603,0.945279690454232,0.995863965189804,0.989951536283013,0.991391016425405,0.980101264299953,0.930006266985758,0.943200499447946,0.985220766605989,0.988119328978891,0.885572396749209,0.971713762563523,0.984234806755631,0.764794364519733,0.988373260486589,0.927483497932125,0.995513768605802,0.994352231413074,0.920113644132705,0.951842670164933,0.855388988868229,0.995551743520484,0.961273075417411,0.926024290590951,0.984105140731236,0.993983228952742,0.817956763979851,0.989853021951562,0.829628639674027,0.966199786151759,0.958262811535281,0.850752105062305,0.980864821370429,0.991939704817908,0.862190992919273,0.872313350506836,0.958040566620111,0.745502984670083,0.967808499556245,0.928722213024589
"RFX3",0.986394977209318,0.968596904739295,0.947593649744214,0.890434002618684,0.955842609078928,0.996779823236091,0.887225347358921,0.91963038371847,0.930577212648737,0.816409370817276,0.816828621524504,0.932411114006156,0.94601536840562,0.965704822707559,0.678702142174427,0.956480716662847,0.984655622208857,0.912915824917578,0.778472171507726,0.964462440303351,0.905341078644845,0.987202435367148,0.966683700014475,0.922132358919962,0.855437225767489,0.837802539368329,0.959775506432681,0.93894926439624,0.867203769661487,0.804739738507393,0.945694450754716,0.931727212518015,0.968076695185014,0.979334159411494,0.786236788733452,0.969914650706507,0.992347904415653,0.939137124175805,0.998455946111541,0.928396465478573,0.984101290760488,0.973093972758853,0.897741372031196,0.981693541403064,0.762235694310729,0.852028155014214,0.940134200304475,0.963525285280965,0.994916494193982,0.987805594170962,0.991207470248358,0.955475932361871,0.945279690454232,0.995863965189804,0.989951536283013,0.847966609292705,0.980101264299953,0.94373717920042,0.943200499447946,0.792089126072693,0.988119328978891,0.78889778988139,0.971713762563523,0.984234806755631,0.988606969494809,0.988373260486589,0.967625088836332,0.995513768605802,0.994352231413074,0.721753616177691,0.951842670164933,0.943685486849178,0.995551743520484,0.927996966567392,0.571214101022942,0.974881004445255,0.98770879757831,0.93219158183476,0.989853021951562,0.829628639674027,0.986127848962059,0.985944647225575,0.889028933304954,0.859815782355133,0.991939704817908,0.833186209210505,0.98467220179463,0.964972303096941,0.916049579868679,0.967808499556245,0.908360961847712
"RFX5",0.986394977209318,0.86838061988722,0.951128054882931,0.866314677750183,0.993051074935235,0.964320140254353,0.887225347358921,0.997642323982606,0.74656291491656,0.855937101113342,0.925056502501314,0.932411114006156,0.662003664345096,0.908272047919019,0.900086747405105,0.968262289607695,0.984655622208857,0.988827490153761,0.885661743453292,0.97217093391293,0.905341078644845,0.989746800245068,0.979869908911865,0.981724574081234,0.977310692522386,0.917417898394893,0.961903178654453,0.947716871810698,0.965049162760353,0.824230592886987,0.963210127184389,0.991381662827845,0.968076695185014,0.635725043725049,0.997838186600327,0.997046225848234,0.992347904415653,0.939137124175805,0.999108958772964,0.928396465478573,0.984101290760488,0.973093972758853,0.897741372031196,0.880996613608916,0.981626103099076,0.852028155014214,0.998717734220567,0.963525285280965,0.994916494193982,0.987805594170962,0.991207470248358,0.955475932361871,0.945279690454232,0.995863965189804,0.989951536283013,0.922695520939815,0.980101264299953,0.99679260473541,0.826773394066169,0.985220766605989,0.993033808220297,0.993498234587533,0.971713762563523,0.984234806755631,0.952264642081159,0.988373260486589,0.972612739551561,0.995513768605802,0.997158043934157,0.942896136262876,0.951842670164933,0.943685486849178,0.983856571317042,0.767439534039727,0.951032514974819,0.954622589913256,0.917022638032017,0.994277989946841,0.989853021951562,0.969531158909843,0.966199786151759,0.985944647225575,0.850752105062305,0.980864821370429,0.761666760370138,0.683230408571876,0.872313350506836,0.670946868740736,0.916049579868679,0.967808499556245,0.877202126153615
"RORA",0.877980954661452,0.955536645654718,0.951128054882931,0.93133346521701,0.9945355802403,0.975669848239195,0.889317871289028,0.969007609935838,0.928678855198497,0.764536737001102,0.7503237586522,0.932411114006156,0.913388238369117,0.955385232066177,0.94463002416609,0.848033855232376,0.984655622208857,0.919197738079447,0.99058315256204,0.964462440303351,0.905341078644845,0.987202435367148,0.97242547511329,0.981724574081234,0.855437225767489,0.917417898394893,0.867261640870177,0.879235277290183,0.867203769661487,0.976030134485823,0.883651697395464,0.966887719653955,0.94485800853194,0.724428875963734,0.786236788733452,0.969914650706507,0.992347904415653,0.939137124175805,0.998455946111541,0.997997847662939,0.984101290760488,0.973093972758853,0.970378111955257,0.880996613608916,0.938061539016134,0.960374117410912,0.994634615166526,0.980944817824441,0.994916494193982,0.987805594170962,0.944637043169869,0.950789827633603,0.930781226207666,0.995863965189804,0.989951536283013,0.847966609292705,0.980101264299953,0.94373717920042,0.943200499447946,0.985220766605989,0.877454927961444,0.806674639479842,0.971713762563523,0.984234806755631,0.952264642081159,0.997727503411322,0.964018561275114,0.995513768605802,0.994352231413074,0.897284217012306,0.923377251037999,0.583201469689591,0.983856571317042,0.884768371037053,0.724626942566501,0.932152283580124,0.910025526737626,0.994277989946841,0.989853021951562,0.755047141186348,0.966199786151759,0.985944647225575,0.850752105062305,0.6944715486381,0.991939704817908,0.990104441040769,0.98467220179463,0.667777245297695,0.944209149291317,0.473758452766982,0.887198376913101
"RORG",0.986394977209318,0.918558571748293,0.951128054882931,0.858203599862535,0.993051074935235,0.975669848239195,0.887225347358921,0.91963038371847,0.60560153213176,0.685572835544,0.925056502501314,0.950050933983112,0.802313810046771,0.955385232066177,0.977171034548471,0.998004928307733,0.984655622208857,0.896053856368311,0.99058315256204,0.97217093391293,0.999095159964312,0.989746800245068,0.909252682086895,0.87157187562469,0.968556137812539,0.837802539368329,0.867261640870177,0.990835317716574,0.971171435944564,0.993710394034828,0.883651697395464,0.966887719653955,0.94485800853194,0.924149186515097,0.982302985028545,0.969914650706507,0.979470733537026,0.939137124175805,0.998455946111541,0.990644619335099,0.984101290760488,0.973093972758853,0.90960760739336,0.940779924297115,0.936869811603042,0.992200810598353,0.994634615166526,0.963525285280965,0.93813155318891,0.987805594170962,0.944637043169869,0.997165731888309,0.82039186645155,0.995863965189804,0.989951536283013,0.847966609292705,0.980101264299953,0.94373717920042,0.959195764335186,0.909530991584053,0.988119328978891,0.886175058394711,0.971713762563523,0.984234806755631,0.709066600109638,0.988373260486589,0.96843940214429,0.995513768605802,0.838078152409702,0.920113644132705,0.951842670164933,0.780287410485362,0.856719732472307,0.947629768826814,0.926024290590951,0.984105140731236,0.98770879757831,0.901303818739319,0.958830339556458,0.829628639674027,0.966199786151759,0.985944647225575,0.850752105062305,0.980864821370429,0.717663559060028,0.992208418615578,0.98467220179463,0.212919963641258,0.971134227676763,0.967808499556245,0.877202126153615
"RUNX2",0.975807092120632,0.918558571748293,0.947593649744214,0.999718614526726,0.997745043184193,0.996779823236091,0.887225347358921,0.91963038371847,0.438357668011001,0.991500311287459,0.763275188566716,0.970620442968246,0.95854512029899,0.994400550761439,0.94463002416609,0.928316348345948,0.375805144614732,0.896053856368311,0.924508873658927,0.920355565056829,0.999095159964312,0.987202435367148,0.97242547511329,0.981724574081234,0.977310692522386,0.941334919760945,0.961903178654453,0.804517384501351,0.971171435944564,0.832416887263578,0.821106198683598,0.931727212518015,0.94485800853194,0.995146945380728,0.997838186600327,0.969914650706507,0.992347904415653,0.939137124175805,0.998455946111541,0.939540792300982,0.984101290760488,0.973093972758853,0.897741372031196,0.969433608866267,0.645783872977119,0.960374117410912,0.979752278184448,0.980944817824441,0.994916494193982,0.987805594170962,0.944637043169869,0.955475932361871,0.793901871118511,0.995863965189804,0.989951536283013,0.295611129976961,0.980101264299953,0.875238341024357,0.987971775024644,0.985220766605989,0.769610632207273,0.993498234587533,0.971713762563523,0.984234806755631,0.709066600109638,0.997727503411322,0.964018561275114,0.995513768605802,0.997158043934157,0.897284217012306,0.951842670164933,0.82568879005285,0.995551743520484,0.945344609806112,0.926024290590951,0.978292333253446,0.993983228952742,0.853200179614868,0.958830339556458,0.958037618985202,0.966199786151759,0.985944647225575,0.996972845579443,0.980864821370429,0.991939704817908,0.862190992919273,0.986321176674268,0.890460556751348,0.944209149291317,0.745284195254892,0.891203417926889
"RXRA",0.986394977209318,0.918558571748293,0.951128054882931,0.886198572561906,0.9945355802403,0.975669848239195,0.887225347358921,0.997642323982606,0.930577212648737,0.966210602314282,0.807914146725357,0.932411114006156,0.94601536840562,0.986212623993831,0.94463002416609,0.971622349604294,0.984655622208857,0.938372553928591,0.99058315256204,0.964462440303351,0.999095159964312,0.989746800245068,0.909252682086895,0.728177284928313,0.977310692522386,0.753393991283045,0.961903178654453,0.954754254313603,0.971171435944564,0.824230592886987,0.988025054041144,0.931727212518015,0.946186152807806,0.699554129897607,0.997838186600327,0.969914650706507,0.992347904415653,0.939137124175805,0.998455946111541,0.817238328522705,0.984101290760488,0.955353139927338,0.897741372031196,0.969433608866267,0.981435414634829,0.975830927917806,0.994634615166526,0.963525285280965,0.994916494193982,0.987805594170962,0.130976037794398,0.955475932361871,0.852862305923107,0.995863965189804,0.966600777938937,0.836863416323714,0.980101264299953,0.94373717920042,0.826773394066169,0.985220766605989,0.988119328978891,0.993498234587533,0.990377789705614,0.939880926321575,0.913660504676599,0.988373260486589,0.967625088836332,0.995513768605802,0.784403672601075,0.907462002973117,0.951842670164933,0.87937097167422,0.995551743520484,0.00867298679610352,0.951812089624309,0.984105140731236,0.947485018204864,0.994277989946841,0.989853021951562,0.970650861857987,0.966199786151759,0.985944647225575,0.718019998895096,0.980864821370429,0.991939704817908,0.862996969962747,0.884060705463468,0.667777245297695,0.944209149291317,0.967808499556245,0.877202126153615
"RXRB",0.986394977209318,0.955536645654718,0.947593649744214,0.858203599862535,0.9945355802403,0.986613602878538,0.887225347358921,0.997642323982606,0.930577212648737,0.855937101113342,0.925056502501314,0.980487292513613,0.643322495226575,0.955385232066177,0.817185524626652,0.975014823128371,0.375805144614732,0.896053856368311,0.953452099367271,0.964462440303351,0.999095159964312,0.987202435367148,0.979869908911865,0.922132358919962,0.968556137812539,0.870124459667124,0.859849887819882,0.990835317716574,0.849739838477746,0.633549843002688,0.988025054041144,0.993072557726828,0.95604505471307,0.97948132666151,0.530086405258279,0.996155406685953,0.992347904415653,0.939137124175805,0.923715826230562,0.290103535442331,0.984101290760488,0.973093972758853,0.970378111955257,0.987685121892081,0.981435414634829,0.941452796669749,0.979752278184448,0.972853168679633,0.994916494193982,0.987805594170962,0.802948035798879,0.955475932361871,0.843813939541627,0.995863965189804,0.8970806034839,0.847966609292705,0.980101264299953,0.967862150229712,0.943200499447946,0.985220766605989,0.988119328978891,0.993498234587533,0.971713762563523,0.984234806755631,0.988606969494809,0.997727503411322,0.980546577894919,0.995513768605802,0.994352231413074,0.914010769606531,0.951842670164933,0.778589320379766,0.995551743520484,0.945344609806112,0.926024290590951,0.699002208652872,0.981861044853555,0.994277989946841,0.989853021951562,0.958037618985202,0.848811464946946,0.985944647225575,0.917617435568902,0.92693009604249,0.717663559060028,0.99709767216295,0.872313350506836,0.940714241083756,0.944209149291317,0.967808499556245,0.928722213024589
"RXRG",0.977871189702737,0.918558571748293,0.947593649744214,0.858203599862535,0.672889869973745,0.772007302810176,0.887225347358921,0.91963038371847,0.928678855198497,0.816409370817276,0.704031832987514,0.932411114006156,0.94601536840562,0.820039256625232,0.502111302409017,0.998004928307733,0.984655622208857,0.896053856368311,0.99058315256204,0.964462440303351,0.999095159964312,0.992891495012891,0.99861028621524,0.980555847524161,0.968556137812539,0.998438460887743,0.959775506432681,0.990835317716574,0.971171435944564,0.971166699519229,0.980510260083611,0.931727212518015,0.968076695185014,0.433141782006125,0.997838186600327,0.969914650706507,0.992347904415653,0.988363431031518,0.998455946111541,0.928396465478573,0.984101290760488,0.955353139927338,0.45662421089461,0.712915087106866,0.981435414634829,0.9794346231627,0.994634615166526,0.963525285280965,0.664739900353877,0.988457246339015,0.991207470248358,0.955475932361871,0.843813939541627,0.995863965189804,0.989951536283013,0.519817367855712,0.980101264299953,0.868032124474214,0.987329472111806,0.985220766605989,0.988119328978891,0.993498234587533,0.971713762563523,0.984234806755631,0.965467617868542,0.997727503411322,0.927483497932125,0.995513768605802,0.994352231413074,0.945521130209379,0.951842670164933,0.756516230611391,0.995551743520484,0.93889011080623,0.951812089624309,0.610979888946006,0.998521473926467,0.73220640476532,0.958830339556458,0.99766509142788,0.966199786151759,0.985944647225575,0.917617435568902,0.980864821370429,0.991939704817908,0.533381081874799,0.872313350506836,0.880613770906884,0.971134227676763,0.967808499556245,0.877202126153615
"SALL4",0.986394977209318,0.975811315075097,0.947593649744214,0.866314677750183,0.993051074935235,0.975669848239195,0.887225347358921,0.997642323982606,0.953848257280594,0.855937101113342,0.7503237586522,0.950050933983112,0.797296895052693,0.859406716787664,0.900086747405105,0.936494039408071,0.984655622208857,0.988827490153761,0.99058315256204,0.964462440303351,0.999095159964312,0.989746800245068,0.99861028621524,0.922132358919962,0.968556137812539,0.92066583880677,0.967974607685349,0.950068774159519,0.971171435944564,0.832416887263578,0.712227611809381,0.595131478220257,0.884002720232831,0.995146945380728,0.711083290620083,0.969914650706507,0.992347904415653,0.939137124175805,0.923715826230562,0.928396465478573,0.984101290760488,0.973093972758853,0.897741372031196,0.712915087106866,0.981435414634829,0.865066279168024,0.89620655632142,0.995677600307021,0.994916494193982,0.987805594170962,0.991207470248358,0.955475932361871,0.997173243351123,0.995863965189804,0.989951536283013,0.836863416323714,0.980101264299953,0.94373717920042,0.943200499447946,0.985220766605989,0.750874630687405,0.993498234587533,0.971713762563523,0.984234806755631,0.952064791775931,0.988373260486589,0.967625088836332,0.995513768605802,0.994352231413074,0.974488655174102,0.951842670164933,0.943685486849178,0.995551743520484,0.945344609806112,0.951032514974819,0.869079408436595,0.947485018204864,0.853200179614868,0.958830339556458,0.958037618985202,0.986127848962059,0.906467850775787,0.978552854760559,0.908378636362469,0.991939704817908,0.900799828836079,0.884060705463468,0.670946868740736,0.924987026071527,0.967808499556245,0.935108385949834
"SMAD2",0.986394977209318,0.918558571748293,0.947593649744214,0.858203599862535,0.993051074935235,0.975669848239195,0.926885262905832,0.91963038371847,0.953848257280594,0.949766520754501,0.939274120674603,0.932411114006156,0.890361482335754,0.955385232066177,0.977171034548471,0.936494039408071,0.984655622208857,0.919197738079447,0.99058315256204,0.989118013412394,0.905341078644845,0.992891495012891,0.966683700014475,0.922132358919962,0.968556137812539,0.870124459667124,0.961903178654453,0.947716871810698,0.971171435944564,0.831788861437945,0.915910460843573,0.931727212518015,0.989894180530529,0.924149186515097,0.997838186600327,0.977164530167713,0.979470733537026,0.939137124175805,0.923715826230562,0.727127586352172,0.984101290760488,0.973093972758853,0.897741372031196,0.712915087106866,0.938061539016134,0.960374117410912,0.889284775996501,0.963525285280965,0.93813155318891,0.734422295133014,0.991207470248358,0.955475932361871,0.849534658206978,0.995863965189804,0.775603750993558,0.847966609292705,0.980101264299953,0.868032124474214,0.826773394066169,0.792807302141648,0.897502908757806,0.995464293384187,0.971713762563523,0.984234806755631,0.881819501550649,0.988373260486589,0.967625088836332,0.995513768605802,0.784403672601075,0.897284217012306,0.951842670164933,0.943685486849178,0.995551743520484,0.767439534039727,0.973872051721356,0.984105140731236,0.947485018204864,0.994277989946841,0.958830339556458,0.998934248925388,0.923959889611315,0.985944647225575,0.983714036672971,0.980864821370429,0.918206634848659,0.900799828836079,0.989762487092984,0.997877658438895,0.971134227676763,0.967808499556245,0.877202126153615
"SMAD3",0.495684936588067,0.918558571748293,0.947593649744214,0.886198572561906,0.993051074935235,0.975669848239195,0.887225347358921,0.997642323982606,0.821171734275466,0.764536737001102,0.944382799732897,0.950050933983112,0.883810598180788,0.908272047919019,0.900086747405105,0.848033855232376,0.984655622208857,0.896053856368311,0.885661743453292,0.97217093391293,0.999095159964312,0.992891495012891,0.966683700014475,0.980555847524161,0.968556137812539,0.870124459667124,0.961903178654453,0.71837951754968,0.890885771992403,0.824230592886987,0.883651697395464,0.931727212518015,0.994612981236891,0.97948132666151,0.997838186600327,0.969914650706507,0.992347904415653,0.939137124175805,0.923715826230562,0.928396465478573,0.997770063993804,0.955353139927338,0.997584902751906,0.987684775359363,0.981435414634829,0.9794346231627,0.994634615166526,0.980944817824441,0.994916494193982,0.987805594170962,0.944637043169869,0.950789827633603,0.852862305923107,0.995863965189804,0.989951536283013,0.991391016425405,0.980101264299953,0.94373717920042,0.943200499447946,0.985220766605989,0.769610632207273,0.993498234587533,0.971713762563523,0.984234806755631,0.94607437979749,0.988373260486589,0.927483497932125,0.995513768605802,0.994352231413074,0.942896136262876,0.951842670164933,0.943685486849178,0.983856571317042,0.947629768826814,0.973872051721356,0.932152283580124,0.947485018204864,0.994277989946841,0.989853021951562,0.99766509142788,0.966199786151759,0.985944647225575,0.718019998895096,0.92693009604249,0.991939704817908,0.748026956331138,0.872313350506836,0.97373787381513,0.990686067311631,0.659220591717781,0.877202126153615
"SMAD4",0.986394977209318,0.918558571748293,0.947593649744214,0.858203599862535,0.993051074935235,0.975669848239195,0.887225347358921,0.91963038371847,0.989723031924473,0.816409370817276,0.7503237586522,0.932411114006156,0.643322495226575,0.894891232109616,0.977171034548471,0.936494039408071,0.984655622208857,0.896053856368311,0.953452099367271,0.964462440303351,0.664510431077639,0.992891495012891,0.966683700014475,0.922132358919962,0.963200703005454,0.998438460887743,0.961903178654453,0.998649744589741,0.971171435944564,0.633549843002688,0.892981672115846,0.734873676098316,0.956514469601183,0.9342335483199,0.997838186600327,0.969914650706507,0.992347904415653,0.939137124175805,0.998455946111541,0.939540792300982,0.984101290760488,0.955353139927338,0.970378111955257,0.712915087106866,0.981435414634829,0.960374117410912,0.979752278184448,0.963525285280965,0.93813155318891,0.987805594170962,0.944637043169869,0.950789827633603,0.945279690454232,0.995863965189804,0.989951536283013,0.847966609292705,0.980101264299953,0.94373717920042,0.943200499447946,0.792807302141648,0.769610632207273,0.806674639479842,0.971713762563523,0.984234806755631,0.984539072774321,0.988373260486589,0.927483497932125,0.995513768605802,0.837533470641984,0.988351021619896,0.951842670164933,0.811375852598385,0.995551743520484,0.923413972536273,0.951812089624309,0.984105140731236,0.998074338617689,0.994277989946841,0.958830339556458,0.93776711809213,0.966199786151759,0.985944647225575,0.889028933304954,0.421651718364224,0.918206634848659,0.935476846939921,0.929249134534264,0.690466919653792,0.971134227676763,0.967808499556245,0.935108385949834
"SMCA1",0.986394977209318,0.918558571748293,0.947593649744214,0.912772177471214,0.993051074935235,0.986613602878538,0.887225347358921,0.91963038371847,0.992937944013071,0.855937101113342,0.654865640713857,0.932411114006156,0.806237208261838,0.755787092705487,0.977171034548471,0.832246088417449,0.984655622208857,0.988827490153761,0.953452099367271,0.964462440303351,0.999095159964312,0.987202435367148,0.966683700014475,0.980555847524161,0.855437225767489,0.753393991283045,0.961903178654453,0.848625747459131,0.971171435944564,0.786536603412103,0.915910460843573,0.931727212518015,0.94485800853194,0.888989789581778,0.997838186600327,0.969914650706507,0.992347904415653,0.939137124175805,0.923715826230562,0.928396465478573,0.984101290760488,0.285343811262007,0.970378111955257,0.987685121892081,0.957134717851924,0.852028155014214,0.979752278184448,0.963525285280965,0.994916494193982,0.987805594170962,0.991207470248358,0.911086986119124,0.95682369398201,0.995863965189804,0.989951536283013,0.867869046358377,0.980101264299953,0.951402769127522,0.943200499447946,0.985220766605989,0.988119328978891,0.993498234587533,0.515348828083871,0.984234806755631,0.984539072774321,0.997727503411322,0.927483497932125,0.995513768605802,0.784403672601075,0.906800800156901,0.996959494160813,0.756516230611391,0.983856571317042,0.767439534039727,0.951032514974819,0.869079408436595,0.339634019237606,0.994277989946841,0.989853021951562,0.958037618985202,0.636438540874775,0.985944647225575,0.850752105062305,0.949743337234702,0.717663559060028,0.683230408571876,0.872313350506836,0.667777245297695,0.924987026071527,0.967808499556245,0.877202126153615
"SMCA5",0.986394977209318,0.918558571748293,0.947593649744214,0.858203599862535,0.993051074935235,0.996779823236091,0.887225347358921,0.91963038371847,0.935345030191237,0.958773310900584,0.715708959265204,0.950050933983112,0.94601536840562,0.979739473692089,0.653979296487004,0.998004928307733,0.984655622208857,0.919197738079447,0.894183744700045,0.964462440303351,0.999095159964312,0.989746800245068,0.97242547511329,0.994809061065822,0.864224625373813,0.868944497042464,0.959775506432681,0.990835317716574,0.892959582882801,0.823936785538625,0.987927434881289,0.969166474157647,0.968076695185014,0.888989789581778,0.790050364742552,0.969914650706507,0.99793502384607,0.939137124175805,0.998455946111541,0.597062914318808,0.984101290760488,0.790016868729106,0.897741372031196,0.987685121892081,0.948653086034086,0.960374117410912,0.979752278184448,0.963525285280965,0.994916494193982,0.987805594170962,0.98316064609,0.950789827633603,0.628352613741722,0.995863965189804,0.989951536283013,0.836863416323714,0.980101264299953,0.875238341024357,0.943200499447946,0.985220766605989,0.988119328978891,0.820972523037983,0.971713762563523,0.984234806755631,0.796966248975514,0.988373260486589,0.986356102419687,0.995513768605802,0.997158043934157,0.872894281320799,0.951842670164933,0.87937097167422,0.856719732472307,0.923413972536273,0.896431477873981,0.984105140731236,0.947485018204864,0.994277989946841,0.958830339556458,0.755047141186348,0.980485820987665,0.985944647225575,0.850752105062305,0.980864821370429,0.991939704817908,0.748026956331138,0.98467220179463,0.670946868740736,0.922349145792783,0.922804970496992,0.877202126153615
"SNAI1",0.986394977209318,0.918558571748293,0.947593649744214,0.858203599862535,0.993051074935235,0.986613602878538,0.91639806521397,0.91963038371847,0.935345030191237,0.949766520754501,0.909801387584842,0.970620442968246,0.797296895052693,0.820039256625232,0.900086747405105,0.936494039408071,0.984655622208857,0.896053856368311,0.924508873658927,0.964462440303351,0.999095159964312,0.987202435367148,0.97242547511329,0.980555847524161,0.968556137812539,0.868944497042464,0.95603625156907,0.990835317716574,0.798844343793731,0.764429210862811,0.980510260083611,0.931727212518015,0.968076695185014,0.925478551320078,0.989344918481461,0.969914650706507,0.992347904415653,0.939137124175805,0.923715826230562,0.990644619335099,0.984101290760488,0.973093972758853,0.953135273141489,0.969433608866267,0.981435414634829,0.961681130062417,0.994634615166526,0.963525285280965,0.994916494193982,0.987805594170962,0.991207470248358,0.997165731888309,0.997173243351123,0.995863965189804,0.989951536283013,0.991391016425405,0.980101264299953,0.868032124474214,0.943200499447946,0.985220766605989,0.769610632207273,0.993498234587533,0.971713762563523,0.984234806755631,0.881819501550649,0.997727503411322,0.96843940214429,0.552511059626285,0.994352231413074,0.884443934087383,0.951842670164933,0.922272525563822,0.917197614694733,0.93889011080623,0.926024290590951,0.974881004445255,0.993983228952742,0.994277989946841,0.989853021951562,0.829628639674027,0.923959889611315,0.985944647225575,0.917617435568902,0.92693009604249,0.717663559060028,0.834928611303975,0.961310134189464,0.794744339359942,0.745502984670083,0.659220591717781,0.908360961847712
"SNAI2",0.986394977209318,0.918558571748293,0.947593649744214,0.890434002618684,0.993051074935235,0.958214468655962,0.887225347358921,0.997642323982606,0.60560153213176,0.764536737001102,0.813091799410951,0.970620442968246,0.95854512029899,0.995765153644671,0.853472985768646,0.357055573249683,0.984655622208857,0.988827490153761,0.951789553821646,0.964462440303351,0.921059002039997,0.954793342077678,0.979869908911865,0.922132358919962,0.968556137812539,0.926234344654346,0.961903178654453,0.489137691861448,0.912861430142161,0.928794544765883,0.963210127184389,0.975436942380726,0.991006704850301,0.618582027272777,0.480004660711642,0.969914650706507,0.992347904415653,0.988363431031518,0.923715826230562,0.928396465478573,0.984101290760488,0.973093972758853,0.996326619629831,0.880996613608916,0.964801875135372,0.852028155014214,0.979752278184448,0.963525285280965,0.994916494193982,0.987805594170962,0.944637043169869,0.950789827633603,0.997173243351123,0.995863965189804,0.989951536283013,0.863471161003426,0.980101264299953,0.94373717920042,0.987971775024644,0.985220766605989,0.727219433214179,0.996390105073579,0.971713762563523,0.984234806755631,0.764794364519733,0.997727503411322,0.927483497932125,0.995513768605802,0.994352231413074,0.897284217012306,0.951842670164933,0.471383429802639,0.995551743520484,0.767439534039727,0.926024290590951,0.568122981789484,0.917022638032017,0.867469368921638,0.989853021951562,0.872573363450941,0.966199786151759,0.985944647225575,0.889028933304954,0.980864821370429,0.991939704817908,0.765238549647428,0.872313350506836,0.667777245297695,0.977477336389352,0.967808499556245,0.877202126153615
"SOX10",0.986394977209318,0.955536645654718,0.947593649744214,0.858203599862535,0.993051074935235,0.975669848239195,0.945449426428173,0.997642323982606,0.982799571380886,0.868698220120345,0.925056502501314,0.970620442968246,0.535451931735225,0.91306812193664,0.977171034548471,0.936494039408071,0.984655622208857,0.968402876961492,0.924508873658927,0.964462440303351,0.999095159964312,0.989746800245068,0.99861028621524,0.980555847524161,0.977310692522386,0.926234344654346,0.961903178654453,0.990835317716574,0.890885771992403,0.832416887263578,0.706691613426751,0.971715580363368,0.590648534942937,0.995146945380728,0.989344918481461,0.969914650706507,0.992347904415653,0.98701563183221,0.923715826230562,0.939540792300982,0.984101290760488,0.955353139927338,0.897741372031196,0.780157026266295,0.981435414634829,0.865066279168024,0.889284775996501,0.963525285280965,0.949483512392294,0.987805594170962,0.944637043169869,0.950789827633603,0.957628391022056,0.995863965189804,0.989951536283013,0.991391016425405,0.998492841228318,0.94373717920042,0.943200499447946,0.985220766605989,0.988119328978891,0.993498234587533,0.971713762563523,0.939880926321575,0.990399816545978,0.988373260486589,0.964018561275114,0.995513768605802,0.838078152409702,0.942896136262876,0.951842670164933,0.756516230611391,0.983856571317042,0.884768371037053,0.951812089624309,0.610979888946006,0.993983228952742,0.939762453475256,0.989853021951562,0.978617663933381,0.966199786151759,0.985944647225575,0.718019998895096,0.980864821370429,0.717663559060028,0.900799828836079,0.995447290678798,0.667777245297695,0.971134227676763,0.967808499556245,0.928722213024589
"SOX17",0.986394977209318,0.860102859975916,0.950344890777525,0.858203599862535,0.993051074935235,0.975669848239195,0.895030492771348,0.997642323982606,0.691558402120382,0.903176143338671,0.654865640713857,0.932411114006156,0.797296895052693,0.995765153644671,0.900086747405105,0.884814099804975,0.984655622208857,0.988827490153761,0.885661743453292,0.964462440303351,0.999095159964312,0.608089543636139,0.99861028621524,0.980555847524161,0.963200703005454,0.837802539368329,0.967974607685349,0.515741305382486,0.960504018870807,0.971166699519229,0.963210127184389,0.887216076922808,0.94485800853194,0.924149186515097,0.997838186600327,0.969914650706507,0.992347904415653,0.939137124175805,0.998455946111541,0.928396465478573,0.984101290760488,0.955353139927338,0.897741372031196,0.970171044980721,0.926596763669257,0.960374117410912,0.979752278184448,0.963525285280965,0.93813155318891,0.954289504683645,0.991207470248358,0.950789827633603,0.997173243351123,0.995863965189804,0.8970806034839,0.847966609292705,0.980101264299953,0.983000213483043,0.943200499447946,0.95918612091532,0.988119328978891,0.993498234587533,0.971713762563523,0.984234806755631,0.993670637074939,0.988373260486589,0.808798809581662,0.995513768605802,0.837533470641984,0.721753616177691,0.951842670164933,0.756516230611391,0.983856571317042,0.997997290640315,0.797703036679531,0.839969399663688,0.910025526737626,0.972843404381328,0.989853021951562,0.958037618985202,0.966199786151759,0.985944647225575,0.850752105062305,0.980864821370429,0.991939704817908,0.76544097695829,0.872313350506836,0.871476803854035,0.944209149291317,0.967808499556245,0.935108385949834
"SOX3",0.791886203302405,0.955536645654718,0.951128054882931,0.886198572561906,0.993051074935235,0.975669848239195,0.926885262905832,0.91963038371847,0.935345030191237,0.949766520754501,0.925056502501314,0.932411114006156,0.797296895052693,0.820039256625232,0.94463002416609,0.884814099804975,0.984655622208857,0.988827490153761,0.885661743453292,0.994192243629987,0.999095159964312,0.989746800245068,0.966683700014475,0.981724574081234,0.978305201533751,0.975319210779389,0.859849887819882,0.489137691861448,0.971171435944564,0.690164889441447,0.980510260083611,0.931727212518015,0.968076695185014,0.924149186515097,0.976438909121445,0.996155406685953,0.992347904415653,0.939137124175805,0.998455946111541,0.928396465478573,0.984101290760488,0.792516250845295,0.897741372031196,0.753496079177978,0.762235694310729,0.865066279168024,0.727284339450923,0.980944817824441,0.994916494193982,0.987805594170962,0.944637043169869,0.879363693501564,0.984526801803707,0.995863965189804,0.979501353961341,0.847966609292705,0.980101264299953,0.868032124474214,0.975628100573544,0.985220766605989,0.988119328978891,0.820972523037983,0.971713762563523,0.984234806755631,0.990399816545978,0.997727503411322,0.927483497932125,0.995513768605802,0.994352231413074,0.942896136262876,0.441633732734816,0.756516230611391,0.983856571317042,0.948526257203303,0.935325418063791,0.610979888946006,0.989494596302615,0.93219158183476,0.989853021951562,0.958037618985202,0.966199786151759,0.985944647225575,0.889028933304954,0.980864821370429,0.805596294455955,0.982771847893538,0.872313350506836,0.997877658438895,0.922349145792783,0.967808499556245,0.928722213024589
"SOX5",0.986394977209318,0.918558571748293,0.947593649744214,0.858203599862535,0.993051074935235,0.772849100465757,0.967391868238628,0.989275211926461,0.928678855198497,0.998438430657813,0.925056502501314,0.950050933983112,0.94601536840562,0.945867638026436,0.921807066807273,0.884814099804975,0.984655622208857,0.988827490153761,0.885661743453292,0.964462440303351,0.909477482001797,0.987202435367148,0.988534131670718,0.981724574081234,0.968556137812539,0.967971387883921,0.859849887819882,0.990835317716574,0.971171435944564,0.633549843002688,0.821106198683598,0.987580548938122,0.964303936423276,0.605685250050286,0.997838186600327,0.969914650706507,0.992347904415653,0.939137124175805,0.998455946111541,0.677882886824726,0.984101290760488,0.790016868729106,0.897741372031196,0.987684775359363,0.936869811603042,0.944204067695012,0.940134200304475,0.963525285280965,0.994916494193982,0.987805594170962,0.952545674537069,0.98616679126078,0.997173243351123,0.995863965189804,0.989951536283013,0.847966609292705,0.980101264299953,0.868032124474214,0.987329472111806,0.985220766605989,0.988119328978891,0.993498234587533,0.971713762563523,0.992774330423604,0.984539072774321,0.988373260486589,0.927483497932125,0.995513768605802,0.994352231413074,0.884443934087383,0.951842670164933,0.87937097167422,0.995551743520484,0.93889011080623,0.973872051721356,0.954622589913256,0.910025526737626,0.95924467874855,0.989853021951562,0.958037618985202,0.966199786151759,0.985944647225575,0.889028933304954,0.980864821370429,0.918206634848659,0.683230408571876,0.872313350506836,0.667777245297695,0.924987026071527,0.839520339387191,0.877202126153615
"SOX9",0.986394977209318,0.857118427113129,0.947593649744214,0.882776828178774,0.588019881898854,0.986613602878538,0.887225347358921,0.997642323982606,0.930577212648737,0.764536737001102,0.998469980913838,0.932411114006156,0.797296895052693,0.820039256625232,0.977171034548471,0.884814099804975,0.984655622208857,0.896053856368311,0.99058315256204,0.964462440303351,0.999095159964312,0.987202435367148,0.97242547511329,0.970275360856571,0.977310692522386,0.870124459667124,0.959775506432681,0.888928235018118,0.849853294715191,0.786987221048278,0.821106198683598,0.931727212518015,0.527325549291776,0.74419461953912,0.449756105766641,0.969914650706507,0.992347904415653,0.995231913484346,0.998455946111541,0.928396465478573,0.984101290760488,0.973093972758853,0.897741372031196,0.969433608866267,0.981435414634829,0.941452796669749,0.979752278184448,0.963525285280965,0.994916494193982,0.997631001777998,0.952545674537069,0.950789827633603,0.601403715035895,0.995863965189804,0.8970806034839,0.847966609292705,0.996313943711994,0.983000213483043,0.943200499447946,0.993035403859647,0.988119328978891,0.993498234587533,0.971713762563523,0.984234806755631,0.984539072774321,0.997727503411322,0.876999173093151,0.995513768605802,0.994352231413074,0.909223217769427,0.951842670164933,0.787711028445119,0.995551743520484,0.884768371037053,0.951812089624309,0.93096191685287,0.993983228952742,0.817956763979851,0.989853021951562,0.851190265812694,0.966199786151759,0.985944647225575,0.718019998895096,0.980864821370429,0.991939704817908,0.765238549647428,0.872313350506836,0.948459277128848,0.849218224196973,0.967808499556245,0.908360961847712
"SRBP1",0.986394977209318,0.990788876036112,0.955682024539066,0.894719798089916,0.993051074935235,0.996779823236091,0.887225347358921,0.91963038371847,0.953848257280594,0.816409370817276,0.909855474560591,0.932411114006156,0.883810598180788,0.908272047919019,0.557858377072272,0.630003805240822,0.984655622208857,0.896053856368311,0.99058315256204,0.964462440303351,0.999095159964312,0.989746800245068,0.979869908911865,0.980555847524161,0.977310692522386,0.91038569613036,0.961903178654453,0.819524287444774,0.971171435944564,0.613836449956078,0.886463301782789,0.98572910717834,0.884002720232831,0.97948132666151,0.786236788733452,0.969914650706507,0.992347904415653,0.981746296754657,0.998455946111541,0.989397892318536,0.984101290760488,0.955353139927338,0.897741372031196,0.970171044980721,0.981435414634829,0.954205720106734,0.940134200304475,0.963525285280965,0.994916494193982,0.987805594170962,0.991207470248358,0.950789827633603,0.997173243351123,0.995863965189804,0.989951536283013,0.922695520939815,0.980101264299953,0.94373717920042,0.943200499447946,0.985220766605989,0.877454927961444,0.993498234587533,0.971713762563523,0.984234806755631,0.881819501550649,0.997727503411322,0.998909549625551,0.995513768605802,0.062067707385467,0.907462002973117,0.951842670164933,0.855388988868229,0.825090251741795,0.767439534039727,0.978938234280529,0.870358158873086,0.993983228952742,0.994277989946841,0.989853021951562,0.870593394930703,0.945734005081516,0.973932474373296,0.996972845579443,0.980864821370429,0.918206634848659,0.975081851317346,0.872313350506836,0.667777245297695,0.924987026071527,0.839520339387191,0.98472653058245
"SRBP2",0.986394977209318,0.955536645654718,0.947593649744214,0.993535760514312,0.993051074935235,0.948233595053014,0.895030492771348,0.997642323982606,0.60560153213176,0.816409370817276,0.638736608825724,0.970620442968246,0.980785968901272,0.859406716787664,0.910188660387542,0.900139948924108,0.984655622208857,0.988827490153761,0.934762985632508,0.964462440303351,0.999095159964312,0.774122459290519,0.966683700014475,0.87157187562469,0.977310692522386,0.941334919760945,0.959775506432681,0.997319000900311,0.971171435944564,0.971166699519229,0.963210127184389,0.931727212518015,0.989440142572617,0.773036141924426,0.997838186600327,0.969914650706507,0.979470733537026,0.939137124175805,0.923715826230562,0.928396465478573,0.984101290760488,0.973093972758853,0.953135273141489,0.969433608866267,0.981435414634829,0.865066279168024,0.889284775996501,0.841622060025669,0.994916494193982,0.987805594170962,0.944637043169869,0.955475932361871,0.95682369398201,0.995863965189804,0.989951536283013,0.567105886503348,0.980101264299953,0.994025801124492,0.943200499447946,0.985220766605989,0.769610632207273,0.993498234587533,0.971713762563523,0.984234806755631,0.988606969494809,0.997727503411322,0.967625088836332,0.995513768605802,0.994352231413074,0.921417101182935,0.951842670164933,0.943685486849178,0.995551743520484,0.945344609806112,0.951812089624309,0.839969399663688,0.981861044853555,0.994277989946841,0.989853021951562,0.958037618985202,0.966199786151759,0.622278943609863,0.876271893245491,0.980864821370429,0.991939704817908,0.992208418615578,0.987369304819005,0.670946868740736,0.745502984670083,0.967808499556245,0.877202126153615
"SRF",0.986394977209318,0.946492455389491,0.947593649744214,0.858203599862535,0.993051074935235,0.975669848239195,0.887225347358921,0.997642323982606,0.81736295795776,0.764536737001102,0.909801387584842,0.954908797075044,0.94601536840562,0.908272047919019,0.690218123832744,0.884814099804975,0.984655622208857,0.919197738079447,0.99058315256204,0.964462440303351,0.909477482001797,0.774122459290519,0.966683700014475,0.728177284928313,0.864224625373813,0.998438460887743,0.961903178654453,0.888928235018118,0.971171435944564,0.633549843002688,0.963210127184389,0.931727212518015,0.946186152807806,0.762506394993718,0.786236788733452,0.969914650706507,0.979470733537026,0.939137124175805,0.998455946111541,0.290103535442331,0.984101290760488,0.955353139927338,0.970378111955257,0.981693541403064,0.987727777676184,0.941452796669749,0.874012334370715,0.963525285280965,0.93813155318891,0.987805594170962,0.903761582272964,0.987966308019238,0.804534740815082,0.995863965189804,0.989951536283013,0.991391016425405,0.980101264299953,0.967862150229712,0.943200499447946,0.95918612091532,0.988119328978891,0.993498234587533,0.971713762563523,0.984234806755631,0.984539072774321,0.997727503411322,0.927483497932125,0.995513768605802,0.994352231413074,0.907462002973117,0.951842670164933,0.814794870790674,0.995551743520484,0.923413972536273,0.926024290590951,0.93096191685287,0.993983228952742,0.994277989946841,0.989853021951562,0.958037618985202,0.848811464946946,0.56338719549041,0.850752105062305,0.980864821370429,0.991939704817908,0.866790396744957,0.872313350506836,0.828383644503989,0.944209149291317,0.967808499556245,0.877202126153615
"SRY",0.986394977209318,0.897681665977836,0.951128054882931,0.858203599862535,0.778770758581177,0.975669848239195,0.887225347358921,0.997642323982606,0.928678855198497,0.949766520754501,0.816828621524504,0.950050933983112,0.890361482335754,0.891881151001983,0.711470894006451,0.968262289607695,0.984655622208857,0.988827490153761,0.924508873658927,0.964462440303351,0.999095159964312,0.987202435367148,0.977639331469681,0.981724574081234,0.968556137812539,0.949251957459363,0.867261640870177,0.990835317716574,0.816066940129006,0.831788861437945,0.980510260083611,0.966887719653955,0.94485800853194,0.924149186515097,0.711083290620083,0.969914650706507,0.992347904415653,0.939137124175805,0.923715826230562,0.891238879881393,0.984101290760488,0.910620394375945,0.897741372031196,0.940779924297115,0.981435414634829,0.700758770896343,0.979752278184448,0.963525285280965,0.93813155318891,0.774733021433086,0.991207470248358,0.955475932361871,0.804534740815082,0.995863965189804,0.989951536283013,0.991391016425405,0.980101264299953,0.94373717920042,0.975066145347508,0.99595850940794,0.988119328978891,0.993498234587533,0.971713762563523,0.984234806755631,0.952064791775931,0.988373260486589,0.980546577894919,0.995513768605802,0.838078152409702,0.325535872849502,0.951842670164933,0.756516230611391,0.983856571317042,0.945344609806112,0.951032514974819,0.932152283580124,0.947485018204864,0.714034902978655,0.989853021951562,0.851190265812694,0.966199786151759,0.490439266122685,0.917617435568902,0.980864821370429,0.717663559060028,0.935476846939921,0.929249134534264,0.944392000795748,0.922349145792783,0.967808499556245,0.877202126153615
"STAT1",0.986394977209318,0.968596904739295,0.951128054882931,0.954515491463392,0.993051074935235,0.975669848239195,0.887225347358921,0.997642323982606,0.824171590511064,0.955634836763734,0.925056502501314,0.950050933983112,0.543164778665472,0.91306812193664,0.959035543398919,0.884814099804975,0.995265929582112,0.912915824917578,0.99058315256204,0.964462440303351,0.959869120112194,0.987202435367148,0.979869908911865,0.981724574081234,0.873529263961164,0.870124459667124,0.867261640870177,0.947716871810698,0.798844343793731,0.831788861437945,0.892981672115846,0.931727212518015,0.527325549291776,0.995146945380728,0.989344918481461,0.996155406685953,0.992347904415653,0.972463323431817,0.998455946111541,0.727127586352172,0.984101290760488,0.955353139927338,0.920616796339362,0.969433608866267,0.938061539016134,0.960374117410912,0.689099331341797,0.963525285280965,0.994916494193982,0.987805594170962,0.956271184721212,0.987966308019238,0.997173243351123,0.995863965189804,0.989951536283013,0.715244458134789,0.980101264299953,0.94373717920042,0.943200499447946,0.985220766605989,0.988119328978891,0.806674639479842,0.971713762563523,0.939880926321575,0.881819501550649,0.988373260486589,0.927483497932125,0.995513768605802,0.694275304398457,0.865055603726989,0.980299449417113,0.943685486849178,0.995551743520484,0.923413972536273,0.951812089624309,0.839969399663688,0.942613139994937,0.853200179614868,0.958830339556458,0.829628639674027,0.923959889611315,0.985944647225575,0.718019998895096,0.980864821370429,0.991939704817908,0.878522980442611,0.98467220179463,0.940714241083756,0.969023738280263,0.967808499556245,0.877202126153615
"STAT3",0.986394977209318,0.918558571748293,0.992671983572462,0.858203599862535,0.993051074935235,0.975669848239195,0.887225347358921,0.974350324288928,0.962717795250748,0.963670657586378,0.998469980913838,0.932411114006156,0.662003664345096,0.820039256625232,0.900086747405105,0.968262289607695,0.984655622208857,0.988827490153761,0.890524435572661,0.994192243629987,0.999095159964312,0.992891495012891,0.99861028621524,0.981724574081234,0.968556137812539,0.843218029515831,0.961903178654453,0.489137691861448,0.960504018870807,0.976030134485823,0.963423714046262,0.98572910717834,0.884002720232831,0.97948132666151,0.805616426632778,0.969914650706507,0.992347904415653,0.939137124175805,0.998455946111541,0.928396465478573,0.984101290760488,0.973093972758853,0.897741372031196,0.940779924297115,0.981435414634829,0.865066279168024,0.994634615166526,0.963525285280965,0.93813155318891,0.987805594170962,0.944637043169869,0.955475932361871,0.672662943905004,0.995863965189804,0.989951536283013,0.847966609292705,0.980101264299953,0.94373717920042,0.943200499447946,0.792089126072693,0.988119328978891,0.806674639479842,0.971713762563523,0.984234806755631,0.94607437979749,0.993037364522479,0.927483497932125,0.995513768605802,0.990792542980008,0.942896136262876,0.985188805405284,0.943685486849178,0.995551743520484,0.945344609806112,0.926024290590951,0.984105140731236,0.910025526737626,0.853200179614868,0.989853021951562,0.985555626311404,0.980485820987665,0.985944647225575,0.916432176678239,0.6944715486381,0.991939704817908,0.992208418615578,0.98467220179463,0.997877658438895,0.924987026071527,0.967808499556245,0.877202126153615
"STAT4",0.986394977209318,0.918558571748293,0.947593649744214,0.927559145834506,0.9945355802403,0.975669848239195,0.967391868238628,0.997642323982606,0.930577212648737,0.99174918674642,0.964018128397061,0.974903776444999,0.94601536840562,0.820039256625232,0.902524365553904,0.968262289607695,0.984655622208857,0.972657693843207,0.99058315256204,0.964462440303351,0.999095159964312,0.987202435367148,0.966683700014475,0.980555847524161,0.968556137812539,0.926234344654346,0.961903178654453,0.927024010834999,0.959103908760682,0.832416887263578,0.925484196366616,0.966887719653955,0.94485800853194,0.995146945380728,0.711083290620083,0.969914650706507,0.992347904415653,0.98701563183221,0.923715826230562,0.927943313966098,0.984101290760488,0.973093972758853,0.970378111955257,0.987685121892081,0.981435414634829,0.700758770896343,0.979752278184448,0.963525285280965,0.994916494193982,0.987805594170962,0.991207470248358,0.955475932361871,0.95682369398201,0.995863965189804,0.989951536283013,0.847966609292705,0.980101264299953,0.94373717920042,0.943200499447946,0.909530991584053,0.988119328978891,0.993498234587533,0.971713762563523,0.984234806755631,0.961148357082013,0.988373260486589,0.927483497932125,0.995513768605802,0.997158043934157,0.977752450733265,0.951842670164933,0.943685486849178,0.983856571317042,0.948192055419925,0.951812089624309,0.869079408436595,0.910025526737626,0.994277989946841,0.958830339556458,0.851190265812694,0.966199786151759,0.985944647225575,0.997533648977025,0.439944168328858,0.991939704817908,0.862190992919273,0.872313350506836,0.997877658438895,0.944209149291317,0.740779702693251,0.908360961847712
"STAT6",0.986394977209318,0.955536645654718,0.947593649744214,0.858203599862535,0.993051074935235,0.877017025728669,0.926885262905832,0.91963038371847,0.39389683363809,0.855937101113342,0.963984879962213,0.932411114006156,0.883810598180788,0.738772188151769,0.931472389250484,0.936494039408071,0.984655622208857,0.944565801982959,0.934762985632508,0.964462440303351,0.999095159964312,0.992891495012891,0.966683700014475,0.922132358919962,0.968556137812539,0.950702455013777,0.859849887819882,0.489137691861448,0.849853294715191,0.845666167233936,0.883651697395464,0.931727212518015,0.94485800853194,0.844894401898285,0.786236788733452,0.977164530167713,0.979470733537026,0.951415686704104,0.998455946111541,0.928396465478573,0.984101290760488,0.973093972758853,0.897741372031196,0.940779924297115,0.762235694310729,0.960374117410912,0.979752278184448,0.995799617109242,0.93813155318891,0.987805594170962,0.944637043169869,0.817578722873247,0.601403715035895,0.995863965189804,0.989951536283013,0.922695520939815,0.980101264299953,0.94373717920042,0.992781620769719,0.985220766605989,0.877454927961444,0.995464293384187,0.971713762563523,0.939880926321575,0.764794364519733,0.988373260486589,0.927483497932125,0.995513768605802,0.977598622646991,0.988515240515156,0.951842670164933,0.867397913864668,0.417882422326037,0.923413972536273,0.973872051721356,0.984105140731236,0.993983228952742,0.817956763979851,0.998180953472047,0.958037618985202,0.859398566128965,0.985944647225575,0.889028933304954,0.963496373683867,0.991939704817908,0.862190992919273,0.872313350506836,0.212919963641258,0.745502984670083,0.967808499556245,0.877202126153615
"STF1",0.986394977209318,0.950474797146766,0.947593649744214,0.823325093955788,0.993051074935235,0.975669848239195,0.887225347358921,0.91963038371847,0.438357668011001,0.772272220391627,0.893194226573629,0.932411114006156,0.900595532413162,0.995765153644671,0.890695894789885,0.936494039408071,0.984655622208857,0.972657693843207,0.885661743453292,0.964462440303351,0.545234019892952,0.987202435367148,0.966683700014475,0.981724574081234,0.968556137812539,0.998438460887743,0.961903178654453,0.927024010834999,0.867203769661487,0.832416887263578,0.963210127184389,0.991381662827845,0.991006704850301,0.925478551320078,0.997838186600327,0.969914650706507,0.992347904415653,0.939137124175805,0.923715826230562,0.928396465478573,0.984101290760488,0.973093972758853,0.897741372031196,0.987684775359363,0.981435414634829,0.972410502677942,0.940134200304475,0.995677600307021,0.994916494193982,0.987805594170962,0.802948035798879,0.955475932361871,0.483602702657751,0.995863965189804,0.966600777938937,0.847966609292705,0.980101264299953,0.94373717920042,0.943200499447946,0.985220766605989,0.988119328978891,0.993498234587533,0.971713762563523,0.939880926321575,0.984638855034765,0.997727503411322,0.927483497932125,0.995513768605802,0.903058917388172,0.8455540843749,0.951842670164933,0.756516230611391,0.995551743520484,0.927996966567392,0.926024290590951,0.680097601573273,0.98770879757831,0.93219158183476,0.989853021951562,0.958037618985202,0.966199786151759,0.985944647225575,0.850752105062305,0.980864821370429,0.991939704817908,0.931257479652177,0.936113771617425,0.997877658438895,0.916049579868679,0.967808499556245,0.877202126153615
"SUH",0.986394977209318,0.990788876036112,0.947593649744214,0.894719798089916,0.9945355802403,0.975669848239195,0.998238526493878,0.997642323982606,0.953848257280594,0.996558119154601,0.816828621524504,0.970620442968246,0.980785968901272,0.955385232066177,0.94463002416609,0.848033855232376,0.984655622208857,0.896053856368311,0.885661743453292,0.920355565056829,0.999095159964312,0.987202435367148,0.99861028621524,0.922132358919962,0.963200703005454,0.91038569613036,0.867261640870177,0.947716871810698,0.960504018870807,0.269705470538499,0.963210127184389,0.931727212518015,0.991006704850301,0.986380586220371,0.989344918481461,0.969914650706507,0.992347904415653,0.939137124175805,0.998455946111541,0.990644619335099,0.984101290760488,0.955353139927338,0.897741372031196,0.987685121892081,0.981435414634829,0.938421360985624,0.889284775996501,0.963525285280965,0.994916494193982,0.987805594170962,0.956271184721212,0.955475932361871,0.997173243351123,0.995863965189804,0.8970806034839,0.875128632870572,0.980101264299953,0.94373717920042,0.943200499447946,0.985220766605989,0.988119328978891,0.993498234587533,0.971713762563523,0.984234806755631,0.92007197675252,0.988373260486589,0.967625088836332,0.995513768605802,0.994352231413074,0.942896136262876,0.951842670164933,0.780287410485362,0.995551743520484,0.767439534039727,0.926024290590951,0.984105140731236,0.947485018204864,0.951958037673,0.989853021951562,0.85949872989589,0.986127848962059,0.985944647225575,0.850752105062305,0.980864821370429,0.991939704817908,0.995970085795865,0.884060705463468,0.997877658438895,0.838532253214587,0.967808499556245,0.877202126153615
"TAF1",0.986394977209318,0.955536645654718,0.947593649744214,0.999718614526726,0.993051074935235,0.986613602878538,0.887225347358921,0.997642323982606,0.953848257280594,0.958773310900584,0.925056502501314,0.950050933983112,0.956247750320544,0.91306812193664,0.900086747405105,0.848033855232376,0.984655622208857,0.988827490153761,0.99058315256204,0.964462440303351,0.999095159964312,0.774122459290519,0.99861028621524,0.981724574081234,0.977310692522386,0.941334919760945,0.859849887819882,0.830613647005349,0.816066940129006,0.989411506709096,0.988025054041144,0.971715580363368,0.968076695185014,0.921265996724907,0.786236788733452,0.969914650706507,0.992347904415653,0.939137124175805,0.923715826230562,0.990644619335099,0.984101290760488,0.973093972758853,0.897741372031196,0.940779924297115,0.926596763669257,0.960374117410912,0.979752278184448,0.963525285280965,0.994916494193982,0.987805594170962,0.991207470248358,0.997165731888309,0.997173243351123,0.995863965189804,0.8970806034839,0.991391016425405,0.990229507272223,0.923236936619623,0.945147089959078,0.985220766605989,0.97878653079219,0.993498234587533,0.971713762563523,0.984234806755631,0.579913117343991,0.993037364522479,0.967625088836332,0.995513768605802,0.838078152409702,0.897284217012306,0.951842670164933,0.943685486849178,0.995551743520484,0.884768371037053,0.951812089624309,0.984105140731236,0.947485018204864,0.817956763979851,0.958830339556458,0.958037618985202,0.966199786151759,0.985944647225575,0.718019998895096,0.980864821370429,0.918206634848659,0.935476846939921,0.98467220179463,0.997877658438895,0.944209149291317,0.967808499556245,0.877202126153615
"TBP",0.887156503363573,0.918558571748293,0.951128054882931,0.704513675563292,0.233381633086474,0.975669848239195,0.887225347358921,0.997642323982606,0.691558402120382,0.764536737001102,0.950092664277705,0.932411114006156,0.797296895052693,0.820039256625232,0.680779235007489,0.936494039408071,0.984655622208857,0.896053856368311,0.885661743453292,0.964462440303351,0.929633209122209,0.992891495012891,0.966683700014475,0.980555847524161,0.977310692522386,0.837802539368329,0.961903178654453,0.906843905634545,0.960504018870807,0.786987221048278,0.945299786231499,0.734873676098316,0.884002720232831,0.920000827565719,0.997838186600327,0.969914650706507,0.992347904415653,0.939137124175805,0.929982334261429,0.939540792300982,0.984101290760488,0.955353139927338,0.970378111955257,0.880996613608916,0.853888691267075,0.944204067695012,0.889284775996501,0.963525285280965,0.950700024256227,0.734422295133014,0.991207470248358,0.955475932361871,0.997173243351123,0.995863965189804,0.989951536283013,0.991391016425405,0.980101264299953,0.875238341024357,0.943200499447946,0.985220766605989,0.988119328978891,0.993498234587533,0.971713762563523,0.984234806755631,0.764794364519733,0.997727503411322,0.967625088836332,0.995513768605802,0.158283684438527,0.920113644132705,0.951842670164933,0.979235100766823,0.995551743520484,0.943067943867442,0.951032514974819,0.932152283580124,0.947485018204864,0.994277989946841,0.989853021951562,0.851190265812694,0.987936601767119,0.985944647225575,0.850752105062305,0.859815782355133,0.991939704817908,0.935476846939921,0.907252119357357,0.670946868740736,0.944209149291317,0.967808499556245,0.877202126153615
"TBX21",0.986394977209318,0.959188045762339,0.947593649744214,0.858203599862535,0.993051074935235,0.996779823236091,0.887225347358921,0.997642323982606,0.928678855198497,0.816409370817276,0.7503237586522,0.950050933983112,0.95854512029899,0.955385232066177,0.824120999749891,0.971622349604294,0.984655622208857,0.988827490153761,0.885661743453292,0.97217093391293,0.999095159964312,0.992891495012891,0.966683700014475,0.94622906769106,0.968556137812539,0.941334919760945,0.961903178654453,0.927024010834999,0.965049162760353,0.963248020596086,0.963210127184389,0.98572910717834,0.946186152807806,0.844894401898285,0.843355716130956,0.969914650706507,0.992347904415653,0.939137124175805,0.923715826230562,0.711982551243605,0.984101290760488,0.973093972758853,0.897741372031196,0.940779924297115,0.938061539016134,0.865066279168024,0.909621433894783,0.980944817824441,0.994916494193982,0.987805594170962,0.944637043169869,0.997165731888309,0.997173243351123,0.99923845262546,0.989951536283013,0.847966609292705,0.980101264299953,0.875238341024357,0.943200499447946,0.985220766605989,0.988119328978891,0.993498234587533,0.971713762563523,0.984234806755631,0.980123661057484,0.988373260486589,0.927483497932125,0.995513768605802,0.838078152409702,0.988351021619896,0.951842670164933,0.943685486849178,0.983856571317042,0.798953509706559,0.994342807096474,0.93096191685287,0.993983228952742,0.994277989946841,0.989853021951562,0.886885134733284,0.966199786151759,0.945103506475481,0.948136197820191,0.980864821370429,0.991939704817908,0.975081851317346,0.872313350506836,0.997877658438895,0.944209149291317,0.967808499556245,0.935108385949834
"TBX3",0.977871189702737,0.959188045762339,0.947593649744214,0.928265802844048,0.993051074935235,0.975669848239195,0.887225347358921,0.997642323982606,0.694035461563586,0.966210602314282,0.925056502501314,0.974903776444999,0.883810598180788,0.908272047919019,0.921807066807273,0.832246088417449,0.984655622208857,0.896053856368311,0.99058315256204,0.97217093391293,0.999095159964312,0.987202435367148,0.97242547511329,0.922132358919962,0.926420448774875,0.870124459667124,0.961903178654453,0.7878358766179,0.971171435944564,0.566350723337146,0.915910460843573,0.991381662827845,0.94485800853194,0.844894401898285,0.548431063096385,0.969914650706507,0.992347904415653,0.939137124175805,0.998455946111541,0.987929856329299,0.984101290760488,0.790016868729106,0.897741372031196,0.940779924297115,0.981435414634829,0.941452796669749,0.744857049043214,0.933659659758726,0.93813155318891,0.987805594170962,0.983423390456957,0.955475932361871,0.169184920518471,0.995863965189804,0.989951536283013,0.991391016425405,0.980101264299953,0.94373717920042,0.982753253705781,0.792807302141648,0.988119328978891,0.993498234587533,0.971713762563523,0.984234806755631,0.94607437979749,0.988373260486589,0.927483497932125,0.995513768605802,0.918695849805307,0.872894281320799,0.951842670164933,0.943685486849178,0.995551743520484,0.923413972536273,0.951032514974819,0.610979888946006,0.989494596302615,0.951958037673,0.958830339556458,0.985555626311404,0.966199786151759,0.985944647225575,0.850752105062305,0.980864821370429,0.991939704817908,0.927123286599638,0.900315684986416,0.989124790809404,0.745502984670083,0.967808499556245,0.877202126153615
"TCF7",0.986394977209318,0.955536645654718,0.947593649744214,0.932891212138016,0.993051074935235,0.975669848239195,0.887225347358921,0.91963038371847,0.81736295795776,0.880213541038002,0.855982404785445,0.932411114006156,0.94601536840562,0.945867638026436,0.890695894789885,0.971622349604294,0.984655622208857,0.896053856368311,0.953452099367271,0.964462440303351,0.999095159964312,0.992891495012891,0.97242547511329,0.87157187562469,0.968556137812539,0.941334919760945,0.961903178654453,0.912103163739108,0.960504018870807,0.971166699519229,0.945299786231499,0.931727212518015,0.867746027847679,0.966668492903821,0.989344918481461,0.969914650706507,0.992347904415653,0.981746296754657,0.998455946111541,0.939540792300982,0.984101290760488,0.955353139927338,0.897741372031196,0.940779924297115,0.981435414634829,0.852028155014214,0.889284775996501,0.963525285280965,0.93813155318891,0.987805594170962,0.991207470248358,0.955475932361871,0.930781226207666,0.995863965189804,0.989951536283013,0.922695520939815,0.980101264299953,0.875238341024357,0.943200499447946,0.985220766605989,0.715842819476998,0.993498234587533,0.971713762563523,0.984234806755631,0.956120712666682,0.92897844453291,0.927483497932125,0.995513768605802,0.994352231413074,0.325535872849502,0.996959494160813,0.756516230611391,0.856719732472307,0.923413972536273,0.959996975063638,0.984105140731236,0.98770879757831,0.994277989946841,0.989853021951562,0.951324610911763,0.980485820987665,0.985944647225575,0.996972845579443,0.980864821370429,0.991939704817908,0.878522980442611,0.872313350506836,0.670946868740736,0.94361272025851,0.967808499556245,0.877202126153615
"TF65",0.986394977209318,0.918558571748293,0.965808659363713,0.912772177471214,0.993051074935235,0.975669848239195,0.887225347358921,0.997642323982606,0.60560153213176,0.764536737001102,0.763275188566716,0.932411114006156,0.94601536840562,0.820039256625232,0.948673474745681,0.998004928307733,0.984655622208857,0.988827490153761,0.924508873658927,0.964462440303351,0.999095159964312,0.987202435367148,0.99861028621524,0.728177284928313,0.961654021584104,0.870124459667124,0.959775506432681,0.990835317716574,0.960504018870807,0.633549843002688,0.945694450754716,0.931727212518015,0.991006704850301,0.893276396612048,0.945625194796633,0.977700076575794,0.979470733537026,0.939137124175805,0.923715826230562,0.928396465478573,0.984101290760488,0.973093972758853,0.897741372031196,0.880996613608916,0.955541211377767,0.994926066487553,0.765892458112592,0.963525285280965,0.994916494193982,0.987805594170962,0.983423390456957,0.950789827633603,0.997173243351123,0.995863965189804,0.966600777938937,0.991391016425405,0.980101264299953,0.875238341024357,0.943200499447946,0.985220766605989,0.769610632207273,0.993498234587533,0.971713762563523,0.984234806755631,0.913660504676599,0.988373260486589,0.927483497932125,0.995513768605802,0.994352231413074,0.920113644132705,0.951842670164933,0.756516230611391,0.995551743520484,0.884768371037053,0.926024290590951,0.984105140731236,0.917022638032017,0.967924559714292,0.989853021951562,0.891329809525678,0.966199786151759,0.958262811535281,0.917617435568902,0.980864821370429,0.918206634848659,0.935476846939921,0.872313350506836,0.667777245297695,0.971134227676763,0.922804970496992,0.877202126153615
"TFAP4",0.986394977209318,0.918558571748293,0.996938175144315,0.858203599862535,0.993051074935235,0.948233595053014,0.967391868238628,0.997642323982606,0.884300044513083,0.846334794755653,0.763275188566716,0.932411114006156,0.94601536840562,0.908272047919019,0.900086747405105,0.936494039408071,0.984655622208857,0.988827490153761,0.959402235313471,0.994192243629987,0.999095159964312,0.987202435367148,0.966683700014475,0.980555847524161,0.968556137812539,0.941334919760945,0.971640385741244,0.990835317716574,0.965049162760353,0.971166699519229,0.833677960467218,0.931727212518015,0.968076695185014,0.995146945380728,0.997838186600327,0.969914650706507,0.979470733537026,0.939137124175805,0.998455946111541,0.939540792300982,0.984101290760488,0.973093972758853,0.897741372031196,0.880996613608916,0.985042447271602,0.944204067695012,0.940134200304475,0.972853168679633,0.93813155318891,0.987805594170962,0.991207470248358,0.950789827633603,0.945279690454232,0.995863965189804,0.989951536283013,0.991391016425405,0.980101264299953,0.94373717920042,0.943200499447946,0.985220766605989,0.988119328978891,0.993498234587533,0.990377789705614,0.986083614283324,0.984539072774321,0.988373260486589,0.927483497932125,0.995513768605802,0.158283684438527,0.942896136262876,0.951842670164933,0.943685486849178,0.995551743520484,0.945344609806112,0.571214101022942,0.974881004445255,0.947485018204864,0.853200179614868,0.989853021951562,0.829628639674027,0.966199786151759,0.985944647225575,0.850752105062305,0.988576864403412,0.991939704817908,0.900799828836079,0.872313350506836,0.776329152254369,0.745502984670083,0.967808499556245,0.908360961847712
"TFEB",0.986394977209318,0.955536645654718,0.985919598476509,0.890434002618684,0.9945355802403,0.772007302810176,0.938714662903972,0.945777343522167,0.935345030191237,0.829928029893239,0.763275188566716,0.932411114006156,0.94601536840562,0.955385232066177,0.921807066807273,0.954147687562663,0.984655622208857,0.988827490153761,0.913037282318539,0.964462440303351,0.999095159964312,0.992891495012891,0.99861028621524,0.793617172541165,0.977310692522386,0.958902670538076,0.959775506432681,0.947716871810698,0.971171435944564,0.890762542079074,0.939415165612956,0.966887719653955,0.94485800853194,0.9342335483199,0.997838186600327,0.996155406685953,0.992347904415653,0.988363431031518,0.923715826230562,0.990644619335099,0.984101290760488,0.973093972758853,0.897741372031196,0.969433608866267,0.938061539016134,0.9794346231627,0.994634615166526,0.963525285280965,0.994916494193982,0.987805594170962,0.944637043169869,0.997165731888309,0.945279690454232,0.995863965189804,0.989951536283013,0.991391016425405,0.980101264299953,0.94373717920042,0.992781620769719,0.985220766605989,0.988119328978891,0.995464293384187,0.971713762563523,0.984234806755631,0.881819501550649,0.988373260486589,0.927483497932125,0.995513768605802,0.994352231413074,0.897284217012306,0.951842670164933,0.943685486849178,0.995551743520484,0.927996966567392,0.904394786750104,0.869079408436595,0.930498523874708,0.867469368921638,0.958830339556458,0.814157448429202,0.966199786151759,0.985944647225575,0.917617435568902,0.92693009604249,0.991939704817908,0.683230408571876,0.997674769797177,0.670946868740736,0.944209149291317,0.967808499556245,0.935108385949834
"TGIF1",0.986394977209318,0.955536645654718,0.947593649744214,0.823325093955788,0.993051074935235,0.975669848239195,0.887225347358921,0.974350324288928,0.930577212648737,0.855937101113342,0.925056502501314,0.970620442968246,0.94601536840562,0.654341107349383,0.921807066807273,0.975014823128371,0.990717185731582,0.988827490153761,0.934762985632508,0.964462440303351,0.909477482001797,0.987202435367148,0.979869908911865,0.922132358919962,0.968556137812539,0.975319210779389,0.859849887819882,0.990835317716574,0.849853294715191,0.971166699519229,0.963210127184389,0.931727212518015,0.968076695185014,0.995146945380728,0.946968678098713,0.969914650706507,0.992347904415653,0.939137124175805,0.998455946111541,0.831887954398671,0.984101290760488,0.955353139927338,0.897741372031196,0.969433608866267,0.981435414634829,0.960374117410912,0.940134200304475,0.963525285280965,0.994916494193982,0.987805594170962,0.991207470248358,0.950789827633603,0.930781226207666,0.995863965189804,0.945557852958026,0.847966609292705,0.980101264299953,0.94373717920042,0.943200499447946,0.985220766605989,0.988119328978891,0.886175058394711,0.990377789705614,0.976467059468737,0.913660504676599,0.988373260486589,0.967625088836332,0.995513768605802,0.903058917388172,0.954072026083131,0.951842670164933,0.87937097167422,0.995551743520484,0.93889011080623,0.926024290590951,0.974881004445255,0.98770879757831,0.853200179614868,0.989853021951562,0.886885134733284,0.966199786151759,0.987781193939386,0.850752105062305,0.980864821370429,0.991939704817908,0.900799828836079,0.872313350506836,0.997877658438895,0.782392572355942,0.967808499556245,0.908360961847712
"THAP1",0.986394977209318,0.918558571748293,0.965808659363713,0.980482082971773,0.9945355802403,0.996779823236091,0.887225347358921,0.997642323982606,0.889379123441693,0.996558119154601,0.91867951683344,0.976747464858168,0.94601536840562,0.931717377752509,0.977171034548471,0.956480716662847,0.990717185731582,0.896053856368311,0.885661743453292,0.964462440303351,0.999095159964312,0.992891495012891,0.99861028621524,0.981724574081234,0.855437225767489,0.870124459667124,0.961903178654453,0.950068774159519,0.971171435944564,0.901876525759061,0.963210127184389,0.98572910717834,0.991006704850301,0.973673426164194,0.976438909121445,0.969914650706507,0.992347904415653,0.939137124175805,0.923715826230562,0.939540792300982,0.984101290760488,0.987955034194591,0.897741372031196,0.969433608866267,0.981435414634829,0.9794346231627,0.940134200304475,0.995677600307021,0.994916494193982,0.987805594170962,0.991207470248358,0.997165731888309,0.997173243351123,0.995863965189804,0.989951536283013,0.883023559124872,0.980101264299953,0.94373717920042,0.972046260383407,0.95918612091532,0.988119328978891,0.993498234587533,0.971713762563523,0.976467059468737,0.952264642081159,0.988373260486589,0.927483497932125,0.995513768605802,0.997158043934157,0.920113644132705,0.698380504841243,0.982495431617448,0.89685242700817,0.93889011080623,0.951032514974819,0.959481215739578,0.917022638032017,0.994277989946841,0.989853021951562,0.985555626311404,0.966199786151759,0.985944647225575,0.850752105062305,0.980864821370429,0.991939704817908,0.833186209210505,0.961310134189464,0.784561294709232,0.922349145792783,0.967808499556245,0.928722213024589
"THRA",0.958351826760967,0.950474797146766,0.964400043150218,0.858203599862535,0.993051074935235,0.975669848239195,0.895030492771348,0.997642323982606,0.953848257280594,0.859969660020413,0.7503237586522,0.981761832847417,0.94601536840562,0.91306812193664,0.94463002416609,0.858662896639829,0.943356386998721,0.896053856368311,0.99058315256204,0.97217093391293,0.999095159964312,0.989746800245068,0.966683700014475,0.970275360856571,0.963200703005454,0.926234344654346,0.959775506432681,0.888928235018118,0.816066940129006,0.832416887263578,0.97829808250312,0.931727212518015,0.968076695185014,0.888989789581778,0.790050364742552,0.969914650706507,0.992347904415653,0.939137124175805,0.998455946111541,0.990644619335099,0.984101290760488,0.955353139927338,0.897741372031196,0.880996613608916,0.938061539016134,0.960374117410912,0.979752278184448,0.995677600307021,0.994916494193982,0.987805594170962,0.991207470248358,0.950789827633603,0.945279690454232,0.995863965189804,0.979501353961341,0.991391016425405,0.980101264299953,0.875238341024357,0.943200499447946,0.985220766605989,0.769610632207273,0.914157639431512,0.971713762563523,0.984234806755631,0.984539072774321,0.988373260486589,0.927483497932125,0.995513768605802,0.761258958122387,0.942896136262876,0.951842670164933,0.943685486849178,0.995551743520484,0.923413972536273,0.951032514974819,0.984105140731236,0.947485018204864,0.853200179614868,0.989853021951562,0.969531158909843,0.966199786151759,0.985944647225575,0.927376362357255,0.980864821370429,0.717663559060028,0.685133412104363,0.98467220179463,0.667777245297695,0.916049579868679,0.967808499556245,0.988972555586579
"THRB",0.877980954661452,0.918558571748293,0.964400043150218,0.894719798089916,0.993051074935235,0.975669848239195,0.887225347358921,0.91963038371847,0.962717795250748,0.846334794755653,0.842495756037464,0.932411114006156,0.802313810046771,0.859406716787664,0.977171034548471,0.936494039408071,0.984655622208857,0.988827490153761,0.99058315256204,0.964462440303351,0.999095159964312,0.992891495012891,0.99861028621524,0.922132358919962,0.968556137812539,0.941334919760945,0.859849887819882,0.990835317716574,0.971171435944564,0.633549843002688,0.980510260083611,0.931727212518015,0.94485800853194,0.930264940558548,0.997838186600327,0.996155406685953,0.992347904415653,0.939137124175805,0.925464255391329,0.939540792300982,0.984101290760488,0.955353139927338,0.897741372031196,0.753496079177978,0.936869811603042,0.960374117410912,0.994634615166526,0.629514287079504,0.627833411147361,0.987805594170962,0.948888896746239,0.950789827633603,0.930781226207666,0.995863965189804,0.966600777938937,0.707032154406999,0.980101264299953,0.967862150229712,0.826773394066169,0.985220766605989,0.988119328978891,0.993498234587533,0.971713762563523,0.984234806755631,0.990399816545978,0.988373260486589,0.967625088836332,0.995513768605802,0.994352231413074,0.942896136262876,0.951842670164933,0.756516230611391,0.995551743520484,0.923413972536273,0.951812089624309,0.850131945557062,0.993983228952742,0.994277989946841,0.989853021951562,0.958037618985202,0.966199786151759,0.934745542272087,0.94483389264495,0.980864821370429,0.991939704817908,0.935476846939921,0.872313350506836,0.958040566620111,0.971134227676763,0.967808499556245,0.891203417926889
"TWIST1",0.986394977209318,0.918558571748293,0.947593649744214,0.928265802844048,0.993051074935235,0.975669848239195,0.946426946724042,0.997642323982606,0.928678855198497,0.904057163887509,0.7503237586522,0.950050933983112,0.94601536840562,0.820039256625232,0.980224074079926,0.884814099804975,0.984655622208857,0.988827490153761,0.924508873658927,0.994088997429727,0.879670812986128,0.992891495012891,0.99861028621524,0.922132358919962,0.968556137812539,0.941334919760945,0.961903178654453,0.990835317716574,0.974839881950641,0.832416887263578,0.738483452592652,0.966887719653955,0.989894180530529,0.995146945380728,0.997838186600327,0.969914650706507,0.992347904415653,0.939137124175805,0.998455946111541,0.727127586352172,0.984101290760488,0.955353139927338,0.897741372031196,0.940779924297115,0.981435414634829,0.960374117410912,0.689099331341797,0.972853168679633,0.93813155318891,0.987805594170962,0.991207470248358,0.879363693501564,0.628352613741722,0.995863965189804,0.989951536283013,0.715244458134789,0.980101264299953,0.55505775016741,0.945147089959078,0.909530991584053,0.988119328978891,0.993498234587533,0.971713762563523,0.984234806755631,0.990399816545978,0.988373260486589,0.967625088836332,0.995513768605802,0.997158043934157,0.907462002973117,0.951842670164933,0.982495431617448,0.298120472561396,0.767439534039727,0.951032514974819,0.610979888946006,0.9886606986213,0.787257836617444,0.989853021951562,0.958037618985202,0.923959889611315,0.985944647225575,0.850752105062305,0.998590753290368,0.991939704817908,0.935476846939921,0.98467220179463,0.670946868740736,0.990686067311631,0.967808499556245,0.908360961847712
"TYY1",0.986394977209318,0.857118427113129,0.86653417787819,0.970899760094527,0.993051074935235,0.986613602878538,0.887225347358921,0.91963038371847,0.743965623942447,0.963670657586378,0.925056502501314,0.932411114006156,0.808110935602451,0.908272047919019,0.94463002416609,0.968262289607695,0.984655622208857,0.896053856368311,0.885661743453292,0.97217093391293,0.999095159964312,0.774122459290519,0.99861028621524,0.981724574081234,0.993391475202306,0.870124459667124,0.961903178654453,0.990835317716574,0.959103908760682,0.80482733359295,0.945694450754716,0.971715580363368,0.65607156160887,0.9342335483199,0.786236788733452,0.996155406685953,0.951531118959614,0.939137124175805,0.998455946111541,0.928396465478573,0.984101290760488,0.985431949759556,0.97280933616989,0.940779924297115,0.954288989685055,0.9794346231627,0.994634615166526,0.963525285280965,0.994916494193982,0.987805594170962,0.944637043169869,0.997165731888309,0.997173243351123,0.995863965189804,0.989951536283013,0.847966609292705,0.980101264299953,0.868032124474214,0.987971775024644,0.909530991584053,0.988119328978891,0.993498234587533,0.990377789705614,0.984234806755631,0.796966248975514,0.997727503411322,0.942564731034346,0.995513768605802,0.837533470641984,0.977752450733265,0.951842670164933,0.916574460428326,0.856719732472307,0.945344609806112,0.951032514974819,0.974881004445255,0.947485018204864,0.853200179614868,0.958830339556458,0.829628639674027,0.966199786151759,0.985944647225575,0.850752105062305,0.980864821370429,0.991939704817908,0.99709767216295,0.900315684986416,0.997877658438895,0.977647375957685,0.967808499556245,0.877202126153615
"VDR",0.986394977209318,0.918558571748293,0.947593649744214,0.823325093955788,0.993051074935235,0.986613602878538,0.889317871289028,0.997642323982606,0.962717795250748,0.982515213128969,0.982588904643506,0.941567882480229,0.94601536840562,0.820039256625232,0.94463002416609,0.998004928307733,0.993941184883976,0.988827490153761,0.924508873658927,0.97217093391293,0.905341078644845,0.987202435367148,0.97242547511329,0.980555847524161,0.978051702959277,0.932415533244285,0.959775506432681,0.418086821544198,0.971171435944564,0.633549843002688,0.988025054041144,0.98572910717834,0.991006704850301,0.97948132666151,0.786236788733452,0.969914650706507,0.992347904415653,0.939137124175805,0.998455946111541,0.987929856329299,0.984101290760488,0.955353139927338,0.840156641760804,0.981693541403064,0.981435414634829,0.960374117410912,0.994634615166526,0.963525285280965,0.994916494193982,0.987805594170962,0.983423390456957,0.950789827633603,0.930781226207666,0.995863965189804,0.989951536283013,0.991391016425405,0.980101264299953,0.94373717920042,0.943200499447946,0.985220766605989,0.842673797375447,0.993498234587533,0.971713762563523,0.984234806755631,0.881819501550649,0.988373260486589,0.967625088836332,0.995513768605802,0.994352231413074,0.907462002973117,0.951842670164933,0.756516230611391,0.983856571317042,0.923413972536273,0.951032514974819,0.851438026673754,0.947485018204864,0.946403680959663,0.989853021951562,0.872573363450941,0.966199786151759,0.985944647225575,0.996972845579443,0.980864821370429,0.991939704817908,0.935476846939921,0.872313350506836,0.958040566620111,0.922349145792783,0.967808499556245,0.877202126153615
"Z324A",0.986394977209318,0.990788876036112,0.947593649744214,0.882776828178774,0.9945355802403,0.986613602878538,0.887225347358921,0.997642323982606,0.928678855198497,0.966210602314282,0.998469980913838,0.950050933983112,0.662003664345096,0.955385232066177,0.808116754354814,0.936494039408071,0.984655622208857,0.896053856368311,0.885661743453292,0.964462440303351,0.999095159964312,0.987202435367148,0.966683700014475,0.981724574081234,0.855437225767489,0.926234344654346,0.961903178654453,0.923662408812855,0.849853294715191,0.976030134485823,0.915910460843573,0.98572910717834,0.94485800853194,0.888989789581778,0.711083290620083,0.969914650706507,0.992347904415653,0.988363431031518,0.998455946111541,0.993189345703528,0.984101290760488,0.955353139927338,0.897741372031196,0.969433608866267,0.954749508893357,0.960374117410912,0.994634615166526,0.963525285280965,0.994916494193982,0.987805594170962,0.991207470248358,0.997492117805573,0.997173243351123,0.995863965189804,0.979501353961341,0.847966609292705,0.980101264299953,0.94373717920042,0.943200499447946,0.985220766605989,0.988119328978891,0.406983684496665,0.971713762563523,0.984234806755631,0.988606969494809,0.988373260486589,0.945103550952028,0.995513768605802,0.694275304398457,0.906800800156901,0.980299449417113,0.937684807826897,0.856719732472307,0.961273075417411,0.926024290590951,0.779533907556198,0.947485018204864,0.994277989946841,0.989853021951562,0.99766509142788,0.966199786151759,0.985944647225575,0.850752105062305,0.980864821370429,0.717663559060028,0.683230408571876,0.961310134189464,0.997877658438895,0.922349145792783,0.967808499556245,0.877202126153615
"Z354A",0.986394977209318,0.857118427113129,0.947593649744214,0.858203599862535,0.993051074935235,0.975669848239195,0.895030492771348,0.997642323982606,0.953848257280594,0.949766520754501,0.909801387584842,0.970620442968246,0.662003664345096,0.917064180399411,0.977171034548471,0.884814099804975,0.984655622208857,0.896053856368311,0.934762985632508,0.964462440303351,0.929633209122209,0.989746800245068,0.97242547511329,0.728177284928313,0.855437225767489,0.837802539368329,0.961903178654453,0.906843905634545,0.944162997315518,0.566350723337146,0.872321472076047,0.931727212518015,0.867746027847679,0.888989789581778,0.849724050535526,0.969914650706507,0.992347904415653,0.939137124175805,0.998455946111541,0.736409133031386,0.984101290760488,0.973093972758853,0.970378111955257,0.712915087106866,0.938061539016134,0.881256624041031,0.979752278184448,0.963525285280965,0.994916494193982,0.987805594170962,0.991207470248358,0.962259224538108,0.672662943905004,0.995863965189804,0.989951536283013,0.715244458134789,0.980101264299953,0.983000213483043,0.943200499447946,0.792807302141648,0.988119328978891,0.993498234587533,0.971713762563523,0.939880926321575,0.984539072774321,0.988373260486589,0.808798809581662,0.995513768605802,0.837533470641984,0.920113644132705,0.951842670164933,0.756516230611391,0.89685242700817,0.937027554162116,0.951032514974819,0.680097601573273,0.989494596302615,0.817956763979851,0.989853021951562,0.958037618985202,0.966199786151759,0.985944647225575,0.718019998895096,0.980864821370429,0.993460971006593,0.533381081874799,0.872313350506836,0.944392000795748,0.971134227676763,0.967808499556245,0.887198376913101
"ZBT14",0.986394977209318,0.918558571748293,0.947593649744214,0.894719798089916,0.993051074935235,0.996779823236091,0.887225347358921,0.997642323982606,0.928678855198497,0.855937101113342,0.763275188566716,0.970620442968246,0.899549710425612,0.995765153644671,0.853472985768646,0.956480716662847,0.984655622208857,0.988827490153761,0.924508873658927,0.964462440303351,0.999095159964312,0.992891495012891,0.966683700014475,0.980555847524161,0.968556137812539,0.926234344654346,0.959775506432681,0.954754254313603,0.988847081151167,0.87709898306955,0.984674483156514,0.971715580363368,0.989440142572617,0.995146945380728,0.976438909121445,0.969914650706507,0.992347904415653,0.988363431031518,0.998455946111541,0.939540792300982,0.984101290760488,0.955353139927338,0.970378111955257,0.987685121892081,0.987727777676184,0.9794346231627,0.979752278184448,0.963525285280965,0.994916494193982,0.998849140447359,0.991207470248358,0.950789827633603,0.997173243351123,0.995863965189804,0.989951536283013,0.89283439191589,0.980101264299953,0.994749209792896,0.943200499447946,0.985220766605989,0.988119328978891,0.995464293384187,0.977309859739619,0.984234806755631,0.984539072774321,0.988373260486589,0.967625088836332,0.995513768605802,0.991792469067612,0.920113644132705,0.951842670164933,0.943685486849178,0.995551743520484,0.93889011080623,0.951032514974819,0.954622589913256,0.976590363727397,0.951958037673,0.989853021951562,0.998934248925388,0.966199786151759,0.985944647225575,0.917617435568902,0.980864821370429,0.991939704817908,0.927123286599638,0.98467220179463,0.997877658438895,0.944209149291317,0.967808499556245,0.928722213024589
"ZBT18",0.986394977209318,0.959078907359229,0.974852934505184,0.970899760094527,0.9945355802403,0.986613602878538,0.940309036074089,0.997642323982606,0.743965623942447,0.949766520754501,0.7503237586522,0.932411114006156,0.980785968901272,0.908272047919019,0.94463002416609,0.936494039408071,0.984655622208857,0.896053856368311,0.99058315256204,0.964462440303351,0.909477482001797,0.992891495012891,0.99861028621524,0.981724574081234,0.977310692522386,0.917417898394893,0.927376863997816,0.979363662294227,0.867203769661487,0.824230592886987,0.915910460843573,0.991381662827845,0.968076695185014,0.932736973573374,0.989344918481461,0.969914650706507,0.979470733537026,0.939137124175805,0.923715826230562,0.928396465478573,0.984101290760488,0.973093972758853,0.994856785333396,0.712915087106866,0.981435414634829,0.999086280339018,0.994634615166526,0.963525285280965,0.994916494193982,0.987805594170962,0.991207470248358,0.955475932361871,0.601403715035895,0.995863965189804,0.989951536283013,0.526177275456483,0.980101264299953,0.94373717920042,0.943200499447946,0.985220766605989,0.988119328978891,0.996390105073579,0.971713762563523,0.984234806755631,0.984539072774321,0.988373260486589,0.927483497932125,0.995513768605802,0.838078152409702,0.897284217012306,0.951842670164933,0.811375852598385,0.995551743520484,0.927996966567392,0.951032514974819,0.714984797108792,0.910025526737626,0.994277989946841,0.958830339556458,0.891329809525678,0.986127848962059,0.985944647225575,0.948136197820191,0.980864821370429,0.991939704817908,0.765238549647428,0.872313350506836,0.776329152254369,0.924987026071527,0.967808499556245,0.891203417926889
"ZBT48",0.8030304365275,0.918558571748293,0.947593649744214,0.858203599862535,0.9945355802403,0.975669848239195,0.887225347358921,0.997642323982606,0.694035461563586,0.855937101113342,0.804459218798012,0.932411114006156,0.95014564817012,0.91306812193664,0.977171034548471,0.936494039408071,0.984655622208857,0.896053856368311,0.99058315256204,0.964462440303351,0.999095159964312,0.987202435367148,0.966683700014475,0.985005254474061,0.968556137812539,0.91038569613036,0.967974607685349,0.998649744589741,0.974839881950641,0.901876525759061,0.883651697395464,0.991381662827845,0.968076695185014,0.888989789581778,0.997838186600327,0.969914650706507,0.951531118959614,0.939137124175805,0.923715826230562,0.736409133031386,0.984101290760488,0.955353139927338,0.961934914564604,0.940779924297115,0.981435414634829,0.941452796669749,0.979752278184448,0.963525285280965,0.93813155318891,0.987805594170962,0.944637043169869,0.997165731888309,0.720483590150808,0.995863965189804,0.989951536283013,0.715244458134789,0.980101264299953,0.94373717920042,0.959478424488768,0.985220766605989,0.988119328978891,0.806674639479842,0.971713762563523,0.984234806755631,0.881819501550649,0.988373260486589,0.927483497932125,0.995513768605802,0.997158043934157,0.954072026083131,0.951842670164933,0.756516230611391,0.995551743520484,0.93889011080623,0.602242608515258,0.850131945557062,0.947485018204864,0.853200179614868,0.958830339556458,0.969531158909843,0.966199786151759,0.985944647225575,0.917617435568902,0.859815782355133,0.991939704817908,0.900799828836079,0.872313350506836,0.997877658438895,0.945888662884432,0.967808499556245,0.877202126153615
"ZBT7A",0.986394977209318,0.955536645654718,0.951128054882931,0.894719798089916,0.993051074935235,0.975669848239195,0.887225347358921,0.974350324288928,0.910837365682611,0.998438430657813,0.909801387584842,0.932411114006156,0.94601536840562,0.908272047919019,0.977171034548471,0.884814099804975,0.984655622208857,0.967068742504179,0.934762985632508,0.964462440303351,0.999095159964312,0.987202435367148,0.99861028621524,0.980555847524161,0.977310692522386,0.949251957459363,0.900867017609391,0.804517384501351,0.892959582882801,0.971166699519229,0.980510260083611,0.991381662827845,0.989440142572617,0.920000827565719,0.600345376170201,0.969914650706507,0.992347904415653,0.981746296754657,0.923715826230562,0.939540792300982,0.984101290760488,0.955353139927338,0.897741372031196,0.940779924297115,0.981435414634829,0.9794346231627,0.909621433894783,0.995677600307021,0.994916494193982,0.988457246339015,0.793994274822915,0.955475932361871,0.804534740815082,0.995863965189804,0.989951536283013,0.950516110870518,0.980101264299953,0.94373717920042,0.943200499447946,0.985220766605989,0.97284786096471,0.996390105073579,0.971713762563523,0.984234806755631,0.796966248975514,0.988373260486589,0.967625088836332,0.995513768605802,0.991792469067612,0.897284217012306,0.951842670164933,0.943685486849178,0.995551743520484,0.947629768826814,0.953131549536696,0.932152283580124,0.98770879757831,0.951958037673,0.989853021951562,0.829628639674027,0.996100421761071,0.985944647225575,0.889028933304954,0.980864821370429,0.991939704817908,0.862190992919273,0.872313350506836,0.667777245297695,0.989532967157512,0.967808499556245,0.891203417926889
"ZBTB6",0.986394977209318,0.918558571748293,0.974513846701832,0.886198572561906,0.993051074935235,0.975669848239195,0.887225347358921,0.997642323982606,0.95469595101347,0.968100286717565,0.763275188566716,0.970620442968246,0.94601536840562,0.91306812193664,0.890695894789885,0.956480716662847,0.984655622208857,0.896053856368311,0.99058315256204,0.97217093391293,0.999095159964312,0.987202435367148,0.99861028621524,0.922132358919962,0.968556137812539,0.870124459667124,0.961903178654453,0.990835317716574,0.965049162760353,0.832416887263578,0.988025054041144,0.991381662827845,0.94485800853194,0.924149186515097,0.997838186600327,0.969914650706507,0.992347904415653,0.939137124175805,0.98245945016842,0.956925904413183,0.984101290760488,0.910432528748897,0.953135273141489,0.940779924297115,0.954288989685055,0.891709601000006,0.979752278184448,0.966002474175767,0.994916494193982,0.987805594170962,0.991207470248358,0.950789827633603,0.997173243351123,0.995863965189804,0.989951536283013,0.847966609292705,0.980101264299953,0.94373717920042,0.826773394066169,0.985220766605989,0.988119328978891,0.993498234587533,0.971713762563523,0.984234806755631,0.873494637455948,0.988373260486589,0.980546577894919,0.995513768605802,0.997158043934157,0.977752450733265,0.951842670164933,0.943685486849178,0.995551743520484,0.985336614376918,0.978938234280529,0.610979888946006,0.910025526737626,0.994277989946841,0.958830339556458,0.886885134733284,0.966199786151759,0.985944647225575,0.876271893245491,0.859815782355133,0.991939704817908,0.683230408571876,0.995447290678798,0.948459277128848,0.971134227676763,0.967808499556245,0.877202126153615
"ZEB1",0.986394977209318,0.955536645654718,0.947593649744214,0.882776828178774,0.993051074935235,0.975669848239195,0.926885262905832,0.997642323982606,0.962717795250748,0.949766520754501,0.952764418295083,0.932411114006156,0.94601536840562,0.955823391696804,0.890695894789885,0.936494039408071,0.984655622208857,0.988827490153761,0.924508873658927,0.964462440303351,0.999095159964312,0.989746800245068,0.966683700014475,0.87157187562469,0.968556137812539,0.837802539368329,0.961903178654453,0.888928235018118,0.849739838477746,0.898598323633718,0.987927434881289,0.931727212518015,0.968076695185014,0.844894401898285,0.786236788733452,0.977042438525314,0.992347904415653,0.939137124175805,0.998455946111541,0.190964200231366,0.984101290760488,0.973093972758853,0.897741372031196,0.981693541403064,0.527817010294429,0.944204067695012,0.979752278184448,0.963525285280965,0.735313127015836,0.987805594170962,0.818082462235483,0.955475932361871,0.945279690454232,0.995863965189804,0.945557852958026,0.991391016425405,0.980101264299953,0.94373717920042,0.943200499447946,0.985220766605989,0.988119328978891,0.767811689923683,0.971713762563523,0.984234806755631,0.764794364519733,0.988373260486589,0.343757981502443,0.995513768605802,0.837533470641984,0.988351021619896,0.998604481387706,0.756516230611391,0.995551743520484,0.945344609806112,0.978938234280529,0.974881004445255,0.947485018204864,0.994277989946841,0.989853021951562,0.958037618985202,0.966199786151759,0.985944647225575,0.718019998895096,0.992303852762946,0.924436767948805,0.900799828836079,0.98467220179463,0.667777245297695,0.916049579868679,0.967808499556245,0.983054176639238
"ZFP28",0.986761508030198,0.918558571748293,0.947593649744214,0.858203599862535,0.993051074935235,0.772007302810176,0.887225347358921,0.91963038371847,0.984664711951676,0.173339141587204,0.909801387584842,0.950050933983112,0.900595532413162,0.859406716787664,0.715747983273103,0.936494039408071,0.984655622208857,0.944565801982959,0.863339689687071,0.964462440303351,0.999095159964312,0.992891495012891,0.966683700014475,0.970275360856571,0.968556137812539,0.755603824572365,0.867261640870177,0.833310915305093,0.798844343793731,0.971166699519229,0.821106198683598,0.971715580363368,0.968076695185014,0.74419461953912,0.786236788733452,0.969914650706507,0.992347904415653,0.952101629904587,0.998455946111541,0.597062914318808,0.984101290760488,0.973093972758853,0.897741372031196,0.969433608866267,0.981435414634829,0.852028155014214,0.979752278184448,0.963525285280965,0.994916494193982,0.987805594170962,0.944637043169869,0.955475932361871,0.997173243351123,0.995863965189804,0.989951536283013,0.983706162438043,0.980101264299953,0.94373717920042,0.945147089959078,0.985220766605989,0.988119328978891,0.996390105073579,0.971713762563523,0.992774330423604,0.952264642081159,0.988373260486589,0.927483497932125,0.995513768605802,0.994352231413074,0.981726194187198,0.951842670164933,0.777037033016102,0.995551743520484,0.884768371037053,0.973872051721356,0.680097601573273,0.993983228952742,0.93219158183476,0.994880156518602,0.958037618985202,0.966199786151759,0.985944647225575,0.850752105062305,0.980864821370429,0.918206634848659,0.862190992919273,0.98467220179463,0.930459851039869,0.944209149291317,0.967808499556245,0.935108385949834
"ZFP42",0.986394977209318,0.857118427113129,0.947593649744214,0.971213789752014,0.818172863575622,0.975669848239195,0.887225347358921,0.974350324288928,0.928678855198497,0.949766520754501,0.909801387584842,0.932411114006156,0.726819422941841,0.955385232066177,0.977171034548471,0.971622349604294,0.984655622208857,0.912915824917578,0.909607396339746,0.964462440303351,0.999095159964312,0.608089543636139,0.99861028621524,0.922132358919962,0.855437225767489,0.998438460887743,0.961903178654453,0.990835317716574,0.971171435944564,0.742009251142604,0.963210127184389,0.998677973579199,0.946186152807806,0.860748846483122,0.549974914402707,0.975709780571597,0.979470733537026,0.988363431031518,0.925464255391329,0.928396465478573,0.984101290760488,0.973093972758853,0.897741372031196,0.940779924297115,0.981435414634829,0.852028155014214,0.994634615166526,0.963525285280965,0.994916494193982,0.987805594170962,0.944637043169869,0.989549258874626,0.945279690454232,0.995863965189804,0.989951536283013,0.847966609292705,0.980101264299953,0.875238341024357,0.943200499447946,0.985220766605989,0.988119328978891,0.993498234587533,0.971713762563523,0.984234806755631,0.873494637455948,0.997727503411322,0.993420796739225,0.995513768605802,0.837533470641984,0.907462002973117,0.951842670164933,0.943685486849178,0.983856571317042,0.93889011080623,0.951812089624309,0.974881004445255,0.917022638032017,0.73220640476532,0.989853021951562,0.829628639674027,0.966199786151759,0.985944647225575,0.744165494084644,0.980864821370429,0.991939704817908,0.683230408571876,0.872313350506836,0.812212954792244,0.944599768402978,0.969531663763101,0.877202126153615
"ZFP82",0.986394977209318,0.918558571748293,0.947593649744214,0.890434002618684,0.993051074935235,0.975669848239195,0.887225347358921,0.997642323982606,0.953848257280594,0.816409370817276,0.763275188566716,0.932411114006156,0.797296895052693,0.908272047919019,0.900086747405105,0.884814099804975,0.984655622208857,0.896053856368311,0.99058315256204,0.994192243629987,0.999095159964312,0.774122459290519,0.99861028621524,0.980555847524161,0.855437225767489,0.941334919760945,0.959775506432681,0.950068774159519,0.971171435944564,0.971166699519229,0.712227611809381,0.595131478220257,0.968076695185014,0.433141782006125,0.997838186600327,0.969914650706507,0.992347904415653,0.939137124175805,0.923715826230562,0.928396465478573,0.984101290760488,0.973093972758853,0.897741372031196,0.712915087106866,0.938061539016134,0.960374117410912,0.979752278184448,0.963525285280965,0.93813155318891,0.954289504683645,0.991207470248358,0.950789827633603,0.945279690454232,0.995863965189804,0.989951536283013,0.847966609292705,0.980101264299953,0.94373717920042,0.945147089959078,0.792807302141648,0.988119328978891,0.78889778988139,0.971713762563523,0.984234806755631,0.579913117343991,0.820291011642879,0.927483497932125,0.995513768605802,0.994352231413074,0.325535872849502,0.951842670164933,0.943685486849178,0.995551743520484,0.923413972536273,0.951032514974819,0.869079408436595,0.947485018204864,0.967924559714292,0.989853021951562,0.99766509142788,0.966199786151759,0.985944647225575,0.718019998895096,0.980864821370429,0.991939704817908,0.900799828836079,0.936113771617425,0.667777245297695,0.922349145792783,0.967808499556245,0.877202126153615
"ZFX",0.986394977209318,0.955536645654718,0.947593649744214,0.894719798089916,0.9945355802403,0.975669848239195,0.895030492771348,0.997642323982606,0.953848257280594,0.958773310900584,0.909801387584842,0.950050933983112,0.94601536840562,0.908272047919019,0.977171034548471,0.894793452270028,0.990717185731582,0.957344996383534,0.885661743453292,0.964462440303351,0.999095159964312,0.987202435367148,0.99861028621524,0.980555847524161,0.968556137812539,0.874948888266807,0.867261640870177,0.990835317716574,0.809848204367742,0.566350723337146,0.945299786231499,0.991381662827845,0.968076695185014,0.995146945380728,0.843355716130956,0.977042438525314,0.992347904415653,0.988363431031518,0.998455946111541,0.817238328522705,0.984101290760488,0.973093972758853,0.970378111955257,0.940779924297115,0.981435414634829,0.700758770896343,0.940134200304475,0.963525285280965,0.994916494193982,0.987805594170962,0.991207470248358,0.997165731888309,0.720483590150808,0.995863965189804,0.989951536283013,0.715244458134789,0.980101264299953,0.918412842899986,0.975066145347508,0.985220766605989,0.988119328978891,0.806674639479842,0.971713762563523,0.939880926321575,0.881819501550649,0.993037364522479,0.980546577894919,0.995513768605802,0.997158043934157,0.977752450733265,0.951842670164933,0.943685486849178,0.995551743520484,0.767439534039727,0.926024290590951,0.954622589913256,0.917022638032017,0.994277989946841,0.989853021951562,0.958037618985202,0.923959889611315,0.985944647225575,0.917617435568902,0.980864821370429,0.991939704817908,0.983894379497625,0.872313350506836,0.989124790809404,0.982026964156152,0.967808499556245,0.877202126153615
"ZIC1",0.986394977209318,0.918558571748293,0.947593649744214,0.858203599862535,0.993051074935235,0.996779823236091,0.887225347358921,0.974350324288928,0.994937005283988,0.998438430657813,0.944382799732897,0.932411114006156,0.94601536840562,0.955385232066177,0.950364853177798,0.936494039408071,0.984655622208857,0.912915824917578,0.99058315256204,0.964462440303351,0.999095159964312,0.989746800245068,0.99861028621524,0.816147961241814,0.855437225767489,0.941334919760945,0.961903178654453,0.990835317716574,0.984134244577111,0.971166699519229,0.872321472076047,0.991381662827845,0.968076695185014,0.966668492903821,0.634662266188835,0.969914650706507,0.992347904415653,0.995231913484346,0.925464255391329,0.290103535442331,0.984101290760488,0.792516250845295,0.897741372031196,0.947076086288693,0.980501745474059,0.960374117410912,0.979752278184448,0.963525285280965,0.994916494193982,0.987805594170962,0.991207470248358,0.950789827633603,0.945279690454232,0.995863965189804,0.989951536283013,0.991391016425405,0.980101264299953,0.983000213483043,0.943200499447946,0.985220766605989,0.924403581794058,0.78889778988139,0.971713762563523,0.993473727260709,0.952264642081159,0.988373260486589,0.927483497932125,0.995513768605802,0.994352231413074,0.954072026083131,0.951842670164933,0.977578273618045,0.995551743520484,0.985336614376918,0.951032514974819,0.695108310486856,0.998074338617689,0.994277989946841,0.989853021951562,0.886885134733284,0.966199786151759,0.906467850775787,0.917617435568902,0.980864821370429,0.991939704817908,0.900799828836079,0.872313350506836,0.997877658438895,0.945398088768199,0.473758452766982,0.877202126153615
"ZIC3",0.986394977209318,0.918558571748293,0.996938175144315,0.970568520827843,0.993051074935235,0.975669848239195,0.967391868238628,0.974350324288928,0.962717795250748,0.996558119154601,0.909801387584842,0.941567882480229,0.797296895052693,0.859406716787664,0.853472985768646,0.998004928307733,0.984655622208857,0.896053856368311,0.885661743453292,0.964462440303351,0.921059002039997,0.992891495012891,0.99861028621524,0.728177284928313,0.864224625373813,0.870124459667124,0.867261640870177,0.990835317716574,0.974090514369836,0.971166699519229,0.892981672115846,0.931727212518015,0.867746027847679,0.924149186515097,0.530086405258279,0.969914650706507,0.992347904415653,0.939137124175805,0.925464255391329,0.990644619335099,0.984101290760488,0.98172868038949,0.970378111955257,0.940779924297115,0.981435414634829,0.865066279168024,0.994634615166526,0.841622060025669,0.949483512392294,0.987805594170962,0.991207470248358,0.950789827633603,0.945279690454232,0.995863965189804,0.989951536283013,0.847966609292705,0.980101264299953,0.94373717920042,0.943200499447946,0.985220766605989,0.963023105015909,0.993498234587533,0.990377789705614,0.984234806755631,0.913660504676599,0.988373260486589,0.927483497932125,0.995513768605802,0.991792469067612,0.977752450733265,0.951842670164933,0.780287410485362,0.983856571317042,0.93889011080623,0.98616398210002,0.996590805072196,0.947485018204864,0.951958037673,0.989853021951562,0.891329809525678,0.966199786151759,0.985944647225575,0.850752105062305,0.980864821370429,0.991939704817908,0.683230408571876,0.872313350506836,0.776329152254369,0.922349145792783,0.967808499556245,0.887198376913101
"ZIM3",0.986394977209318,0.857118427113129,0.947593649744214,0.858203599862535,0.993051074935235,0.975669848239195,0.887225347358921,0.997642323982606,0.994937005283988,0.991139531385666,0.467174043815802,0.932411114006156,0.643322495226575,0.934346949042369,0.902524365553904,0.936494039408071,0.984655622208857,0.896053856368311,0.99058315256204,0.964462440303351,0.909477482001797,0.774122459290519,0.923349770562983,0.981724574081234,0.977310692522386,0.755603824572365,0.867261640870177,0.830613647005349,0.849853294715191,0.566350723337146,0.833677960467218,0.991381662827845,0.968076695185014,0.924149186515097,0.997838186600327,0.969914650706507,0.992347904415653,0.939137124175805,0.998455946111541,0.956925904413183,0.984101290760488,0.955353139927338,0.897741372031196,0.987684775359363,0.938061539016134,0.865066279168024,0.994634615166526,0.840711745754299,0.994916494193982,0.987805594170962,0.991207470248358,0.997165731888309,0.945279690454232,0.995863965189804,0.8970806034839,0.847966609292705,0.980101264299953,0.868032124474214,0.992781620769719,0.989383464459477,0.988119328978891,0.995464293384187,0.971713762563523,0.984234806755631,0.709066600109638,0.988373260486589,0.927483497932125,0.995513768605802,0.837533470641984,0.914010769606531,0.951842670164933,0.756516230611391,0.856719732472307,0.945344609806112,0.571214101022942,0.680097601573273,0.993983228952742,0.994277989946841,0.989853021951562,0.998934248925388,0.986127848962059,0.985944647225575,0.718019998895096,0.980864821370429,0.991939704817908,0.765238549647428,0.98467220179463,0.667777245297695,0.944209149291317,0.967808499556245,0.953551951183984
"ZKSC1",0.986394977209318,0.918558571748293,0.947593649744214,0.627978999586253,0.993051074935235,0.975669848239195,0.224061117867678,0.997642323982606,0.438357668011001,0.880213541038002,0.899257759075076,0.932411114006156,0.94601536840562,0.922646624316981,0.977171034548471,0.968262289607695,0.984655622208857,0.919197738079447,0.99058315256204,0.964462440303351,0.999095159964312,0.608089543636139,0.966683700014475,0.922132358919962,0.855437225767489,0.864163297849939,0.961903178654453,0.927024010834999,0.971171435944564,0.832416887263578,0.980510260083611,0.992717874348312,0.892151867775626,0.635309724386798,0.997838186600327,0.441872090087345,0.979470733537026,0.981746296754657,0.998455946111541,0.965398513460172,0.984101290760488,0.955353139927338,0.897741372031196,0.753496079177978,0.981435414634829,0.889924926566254,0.979752278184448,0.987939730984027,0.994916494193982,0.987805594170962,0.944637043169869,0.955475932361871,0.997173243351123,0.995863965189804,0.990383692406554,0.991391016425405,0.980101264299953,0.94373717920042,0.943200499447946,0.985220766605989,0.997602598092411,0.993498234587533,0.971713762563523,0.984234806755631,0.984539072774321,0.988373260486589,0.927483497932125,0.995513768605802,0.991792469067612,0.897284217012306,0.704532477284659,0.979235100766823,0.983856571317042,0.767439534039727,0.992340719739904,0.984105140731236,0.910025526737626,0.994277989946841,0.989853021951562,0.958037618985202,0.966199786151759,0.622278943609863,0.850752105062305,0.980864821370429,0.991939704817908,0.683230408571876,0.884060705463468,0.667777245297695,0.922349145792783,0.967808499556245,0.877202126153615
"ZN121",0.977871189702737,0.990788876036112,0.951128054882931,0.927559145834506,0.993051074935235,0.964320140254353,0.895030492771348,0.966982123206878,0.694035461563586,0.816409370817276,0.763275188566716,0.932411114006156,0.806237208261838,0.738772188151769,0.902524365553904,0.936494039408071,0.984655622208857,0.896053856368311,0.99058315256204,0.964462440303351,0.999095159964312,0.987202435367148,0.966683700014475,0.951917739402595,0.855437225767489,0.870124459667124,0.859849887819882,0.990835317716574,0.892959582882801,0.971166699519229,0.892981672115846,0.931727212518015,0.45143607105245,0.97948132666151,0.909575830471273,0.969914650706507,0.992347904415653,0.939137124175805,0.998455946111541,0.939540792300982,0.984101290760488,0.973093972758853,0.997584902751906,0.940779924297115,0.981435414634829,0.9794346231627,0.940134200304475,0.980820286627419,0.994916494193982,0.987805594170962,0.983423390456957,0.997165731888309,0.852862305923107,0.995863965189804,0.989951536283013,0.847966609292705,0.980101264299953,0.94373717920042,0.960101954638383,0.985220766605989,0.988119328978891,0.993498234587533,0.971713762563523,0.986083614283324,0.764794364519733,0.997727503411322,0.927483497932125,0.995513768605802,0.994352231413074,0.981726194187198,0.951842670164933,0.943685486849178,0.983856571317042,0.928713083619271,0.951032514974819,0.954622589913256,0.976590363727397,0.994277989946841,0.989853021951562,0.958037618985202,0.966199786151759,0.985944647225575,0.850752105062305,0.772809605080709,0.991939704817908,0.975081851317346,0.98467220179463,0.997877658438895,0.916049579868679,0.9907628438926,0.988972555586579
"ZN134",0.495684936588067,0.918558571748293,0.947593649744214,0.984781219826824,0.993051074935235,0.975669848239195,0.88367369146303,0.997642323982606,0.438357668011001,0.998438430657813,0.925056502501314,0.932411114006156,0.94601536840562,0.908272047919019,0.900086747405105,0.998004928307733,0.984655622208857,0.965402793958616,0.953452099367271,0.964462440303351,0.545234019892952,0.987202435367148,0.99861028621524,0.922132358919962,0.968556137812539,0.837802539368329,0.859849887819882,0.990835317716574,0.971171435944564,0.930323575226432,0.883651697395464,0.996077898628198,0.946186152807806,0.995146945380728,0.840607033495657,0.969914650706507,0.979470733537026,0.988363431031518,0.998455946111541,0.727127586352172,0.984101290760488,0.973093972758853,0.970378111955257,0.940779924297115,0.981435414634829,0.9794346231627,0.940134200304475,0.963525285280965,0.994916494193982,0.987805594170962,0.944637043169869,0.997165731888309,0.997173243351123,0.995863965189804,0.989951536283013,0.847966609292705,0.980101264299953,0.875238341024357,0.943200499447946,0.985220766605989,0.988119328978891,0.993498234587533,0.971713762563523,0.984234806755631,0.990399816545978,0.988373260486589,0.967625088836332,0.995513768605802,0.994352231413074,0.977752450733265,0.978821391386196,0.777037033016102,0.983856571317042,0.923413972536273,0.926024290590951,0.596486293818042,0.989494596302615,0.817956763979851,0.989853021951562,0.891329809525678,0.966199786151759,0.985944647225575,0.889028933304954,0.980864821370429,0.991939704817908,0.938367338873946,0.98467220179463,0.997877658438895,0.916049579868679,0.967808499556245,0.877202126153615
"ZN136",0.986394977209318,0.918558571748293,0.947593649744214,0.980482082971773,0.993051074935235,0.772007302810176,0.967391868238628,0.91963038371847,0.953848257280594,0.982515213128969,0.954251683818285,0.950050933983112,0.883810598180788,0.917064180399411,0.582703653760721,0.936494039408071,0.984655622208857,0.598513679415663,0.885661743453292,0.964462440303351,0.909477482001797,0.992891495012891,0.977639331469681,0.160210354443765,0.977310692522386,0.941334919760945,0.961903178654453,0.888928235018118,0.867203769661487,0.824230592886987,0.872321472076047,0.931727212518015,0.991006704850301,0.966668492903821,0.997838186600327,0.977042438525314,0.992347904415653,0.939137124175805,0.998455946111541,0.817238328522705,0.984101290760488,0.955353139927338,0.996326619629831,0.940779924297115,0.926596763669257,0.865066279168024,0.727284339450923,0.963525285280965,0.93813155318891,0.954289504683645,0.991207470248358,0.991806284084942,0.997173243351123,0.995863965189804,0.957065225674088,0.991391016425405,0.980101264299953,0.94373717920042,0.943200499447946,0.838931324844496,0.988119328978891,0.993498234587533,0.971713762563523,0.939880926321575,0.913660504676599,0.988373260486589,0.927483497932125,0.995513768605802,0.991792469067612,0.721753616177691,0.695599626874237,0.756516230611391,0.995551743520484,0.923413972536273,0.571214101022942,0.984105140731236,0.947485018204864,0.994277989946841,0.958830339556458,0.985555626311404,0.873332334867825,0.749948393109906,0.927376362357255,0.980864821370429,0.540859609148991,0.99709767216295,0.900315684986416,0.838995739643002,0.745502984670083,0.967808499556245,0.937952247210236
"ZN140",0.986394977209318,0.990788876036112,0.947593649744214,0.890434002618684,0.993051074935235,0.975669848239195,0.887225347358921,0.997642323982606,0.694035461563586,0.982515213128969,0.925056502501314,0.950050933983112,0.899549710425612,0.908272047919019,0.94463002416609,0.998004928307733,0.984655622208857,0.988827490153761,0.99058315256204,0.994192243629987,0.999095159964312,0.987202435367148,0.966683700014475,0.951917739402595,0.968556137812539,0.998438460887743,0.859849887819882,0.990835317716574,0.960504018870807,0.988246996760444,0.963210127184389,0.991381662827845,0.989440142572617,0.920000827565719,0.449756105766641,0.969914650706507,0.992347904415653,0.939137124175805,0.923715826230562,0.928396465478573,0.984101290760488,0.955353139927338,0.897741372031196,0.753496079177978,0.981435414634829,0.865066279168024,0.727284339450923,0.963525285280965,0.994916494193982,0.987805594170962,0.991207470248358,0.997165731888309,0.997173243351123,0.995863965189804,0.646374270728058,0.991391016425405,0.980101264299953,0.94373717920042,0.943200499447946,0.985220766605989,0.988119328978891,0.993498234587533,0.971713762563523,0.984234806755631,0.988606969494809,0.988373260486589,0.927483497932125,0.995513768605802,0.395230138997953,0.873749050364796,0.951842670164933,0.87937097167422,0.995551743520484,0.966705465986846,0.602242608515258,0.974881004445255,0.947485018204864,0.994277989946841,0.989853021951562,0.969531158909843,0.980485820987665,0.490439266122685,0.0963351548267278,0.980864821370429,0.991939704817908,0.995970085795865,0.872313350506836,0.846915038165209,0.916049579868679,0.967808499556245,0.957284844030873
"ZN214",0.986394977209318,0.918558571748293,0.951128054882931,0.889711925352584,0.993051074935235,0.975669848239195,0.887225347358921,0.969007609935838,0.928678855198497,0.966210602314282,0.7503237586522,0.932411114006156,0.726819422941841,0.945867638026436,0.557858377072272,0.884814099804975,0.984655622208857,0.896124442536829,0.885661743453292,0.983564937795447,0.999095159964312,0.987202435367148,0.97242547511329,0.994809061065822,0.968556137812539,0.870124459667124,0.859849887819882,0.990835317716574,0.849853294715191,0.930323575226432,0.963210127184389,0.98572910717834,0.991006704850301,0.9342335483199,0.760667069597976,0.969914650706507,0.992347904415653,0.939137124175805,0.998455946111541,0.727127586352172,0.984101290760488,0.955353139927338,0.897741372031196,0.712915087106866,0.973521329204096,0.938421360985624,0.979752278184448,0.963525285280965,0.994916494193982,0.987805594170962,0.991207470248358,0.955475932361871,0.930781226207666,0.995863965189804,0.989951536283013,0.991391016425405,0.980101264299953,0.94373717920042,0.987329472111806,0.985220766605989,0.988119328978891,0.311701297005343,0.971713762563523,0.984234806755631,0.984539072774321,0.988373260486589,0.967625088836332,0.995513768605802,0.784403672601075,0.907462002973117,0.706028752323997,0.943685486849178,0.995551743520484,0.945344609806112,0.951812089624309,0.984105140731236,0.947485018204864,0.817956763979851,0.989853021951562,0.886885134733284,0.966199786151759,0.958262811535281,0.850752105062305,0.980864821370429,0.991939704817908,0.765238549647428,0.872313350506836,0.667777245297695,0.990686067311631,0.967808499556245,0.928722213024589
"ZN250",0.986394977209318,0.918558571748293,0.947593649744214,0.912772177471214,0.545202035575307,0.996779823236091,0.887225347358921,0.969007609935838,0.935345030191237,0.949766520754501,0.982588904643506,0.950050933983112,0.679214379890828,0.908272047919019,0.902524365553904,0.850322027596865,0.984655622208857,0.896053856368311,0.804294807322805,0.964462440303351,0.999095159964312,0.987202435367148,0.99861028621524,0.981724574081234,0.963200703005454,0.926234344654346,0.867261640870177,0.506595854820865,0.971171435944564,0.832416887263578,0.980510260083611,0.966887719653955,0.994612981236891,0.97948132666151,0.786236788733452,0.970634530621718,0.979470733537026,0.939137124175805,0.998455946111541,0.939540792300982,0.984101290760488,0.973093972758853,0.897741372031196,0.712915087106866,0.981435414634829,0.852028155014214,0.979752278184448,0.972853168679633,0.994916494193982,0.987805594170962,0.944637043169869,0.997165731888309,0.945279690454232,0.995863965189804,0.989951536283013,0.847966609292705,0.980101264299953,0.94373717920042,0.987971775024644,0.909530991584053,0.988119328978891,0.993498234587533,0.971713762563523,0.984234806755631,0.988606969494809,0.988373260486589,0.96843940214429,0.995513768605802,0.694275304398457,0.942896136262876,0.951842670164933,0.825240658574226,0.856719732472307,0.945344609806112,0.926024290590951,0.984105140731236,0.947485018204864,0.994277989946841,0.958830339556458,0.958037618985202,0.966199786151759,0.985944647225575,0.948136197820191,0.980864821370429,0.991939704817908,0.862190992919273,0.872313350506836,0.931310338786536,0.745502984670083,0.967808499556245,0.877202126153615
"ZN257",0.986394977209318,0.955536645654718,0.951128054882931,0.899017661274924,0.993051074935235,0.975669848239195,0.887225347358921,0.997642323982606,0.962717795250748,0.949766520754501,0.638736608825724,0.950050933983112,0.94601536840562,0.908272047919019,0.94463002416609,0.998004928307733,0.984655622208857,0.896053856368311,0.924508873658927,0.964462440303351,0.999095159964312,0.987202435367148,0.966683700014475,0.981724574081234,0.926420448774875,0.926234344654346,0.961903178654453,0.990835317716574,0.974090514369836,0.832416887263578,0.963210127184389,0.991381662827845,0.94485800853194,0.635309724386798,0.997838186600327,0.996155406685953,0.992347904415653,0.939137124175805,0.929982334261429,0.891238879881393,0.984101290760488,0.955353139927338,0.897741372031196,0.753496079177978,0.981435414634829,0.998474632251222,0.994634615166526,0.987939730984027,0.994916494193982,0.987805594170962,0.944637043169869,0.950789827633603,0.843813939541627,0.995863965189804,0.989951536283013,0.991391016425405,0.980101264299953,0.94373717920042,0.992781620769719,0.985220766605989,0.877454927961444,0.806674639479842,0.971713762563523,0.21230153411473,0.787317732576303,0.92897844453291,0.927483497932125,0.995513768605802,0.994352231413074,0.608059903913034,0.951842670164933,0.943685486849178,0.995551743520484,0.923413972536273,0.926024290590951,0.932152283580124,0.993983228952742,0.93219158183476,0.989853021951562,0.891329809525678,0.966199786151759,0.985944647225575,0.850752105062305,0.980864821370429,0.991939704817908,0.863560818652689,0.872313350506836,0.667777245297695,0.849218224196973,0.967808499556245,0.877202126153615
"ZN260",0.843923668459012,0.955536645654718,0.947593649744214,0.858203599862535,0.993051074935235,0.996779823236091,0.887225347358921,0.969007609935838,0.928678855198497,0.305474216806723,0.944382799732897,0.970620442968246,0.686748819359609,0.955385232066177,0.890695894789885,0.972598599390993,0.984655622208857,0.988827490153761,0.986426777260749,0.964462440303351,0.999095159964312,0.987202435367148,0.979869908911865,0.981724574081234,0.977310692522386,0.837802539368329,0.859849887819882,0.950068774159519,0.912861430142161,0.971166699519229,0.963210127184389,0.931727212518015,0.991006704850301,0.920000827565719,0.866669443337272,0.969914650706507,0.992347904415653,0.939137124175805,0.923715826230562,0.989397892318536,0.984101290760488,0.67627328519056,0.897741372031196,0.994509097232039,0.645783872977119,0.474515425588148,0.979752278184448,0.980944817824441,0.994916494193982,0.988457246339015,0.991207470248358,0.950789827633603,0.483602702657751,0.995863965189804,0.989951536283013,0.895901755362368,0.980101264299953,0.94373717920042,0.943200499447946,0.914391465378166,0.988119328978891,0.78889778988139,0.971713762563523,0.939880926321575,0.764794364519733,0.988373260486589,0.927483497932125,0.995513768605802,0.990792542980008,0.91036398946865,0.951842670164933,0.756516230611391,0.995551743520484,0.923413972536273,0.926024290590951,0.984105140731236,0.989494596302615,0.951958037673,0.989853021951562,0.985555626311404,0.986127848962059,0.985944647225575,0.917617435568902,0.980864821370429,0.991939704817908,0.900799828836079,0.872313350506836,0.667777245297695,0.924987026071527,0.967808499556245,0.90804375411688
"ZN264",0.986394977209318,0.955536645654718,0.947593649744214,0.858203599862535,0.993051074935235,0.948233595053014,0.895030492771348,0.997642323982606,0.935345030191237,0.966210602314282,0.224599688091386,0.932411114006156,0.662003664345096,0.979308956399234,0.853472985768646,0.956480716662847,0.987205796516758,0.949465844765085,0.99058315256204,0.964462440303351,0.929633209122209,0.987202435367148,0.99861028621524,0.728177284928313,0.977310692522386,0.868944497042464,0.959775506432681,0.990835317716574,0.965049162760353,0.633549843002688,0.941600681478244,0.98572910717834,0.968076695185014,0.635309724386798,0.711083290620083,0.969914650706507,0.992347904415653,0.939137124175805,0.923715826230562,0.990644619335099,0.984101290760488,0.955353139927338,0.897741372031196,0.940779924297115,0.938061539016134,0.994926066487553,0.889284775996501,0.963525285280965,0.994916494193982,0.987805594170962,0.983423390456957,0.983589152905479,0.945279690454232,0.995863965189804,0.989951536283013,0.847966609292705,0.980101264299953,0.94373717920042,0.943200499447946,0.985220766605989,0.99031520890898,0.934809433610569,0.971713762563523,0.984234806755631,0.94607437979749,0.997727503411322,0.927483497932125,0.995513768605802,0.997158043934157,0.897284217012306,0.951842670164933,0.756516230611391,0.983856571317042,0.767439534039727,0.98616398210002,0.610979888946006,0.947485018204864,0.853200179614868,0.958830339556458,0.829628639674027,0.967711948508218,0.985944647225575,0.917617435568902,0.998065993133753,0.991939704817908,0.834928611303975,0.872313350506836,0.690466919653792,0.745502984670083,0.967808499556245,0.887198376913101
"ZN274",0.986394977209318,0.990788876036112,0.947593649744214,0.970899760094527,0.9945355802403,0.975669848239195,0.985149513374508,0.997642323982606,0.930577212648737,0.949766520754501,0.944382799732897,0.932411114006156,0.797296895052693,0.917064180399411,0.977171034548471,0.936494039408071,0.984655622208857,0.968402876961492,0.885661743453292,0.964462440303351,0.999095159964312,0.992891495012891,0.979869908911865,0.994809061065822,0.963200703005454,0.843218029515831,0.959775506432681,0.759734648702705,0.971171435944564,0.971166699519229,0.945299786231499,0.998677973579199,0.968076695185014,0.995146945380728,0.989344918481461,0.996155406685953,0.992347904415653,0.939137124175805,0.998455946111541,0.928396465478573,0.984101290760488,0.973093972758853,0.997584902751906,0.940779924297115,0.981435414634829,0.9794346231627,0.765892458112592,0.967730046460774,0.994916494193982,0.987805594170962,0.991207470248358,0.950789827633603,0.628352613741722,0.995863965189804,0.669686428447831,0.975112453790161,0.980101264299953,0.918934037657244,0.943200499447946,0.909530991584053,0.988119328978891,0.993498234587533,0.971713762563523,0.984234806755631,0.988606969494809,0.988373260486589,0.96843940214429,0.995513768605802,0.838078152409702,0.52303784906316,0.998043045941511,0.756516230611391,0.983856571317042,0.945344609806112,0.602242608515258,0.610979888946006,0.910025526737626,0.994277989946841,0.989853021951562,0.829628639674027,0.966199786151759,0.985944647225575,0.850752105062305,0.980864821370429,0.991939704817908,0.683230408571876,0.872313350506836,0.667777245297695,0.838532253214587,0.967808499556245,0.877202126153615
"ZN317",0.977871189702737,0.955536645654718,0.951128054882931,0.858203599862535,0.993051074935235,0.986613602878538,0.887225347358921,0.997642323982606,0.873041365671615,0.764536737001102,0.925056502501314,0.932411114006156,0.94601536840562,0.738772188151769,0.890695894789885,0.832246088417449,0.984655622208857,0.988827490153761,0.885661743453292,0.964462440303351,0.999095159964312,0.992891495012891,0.99861028621524,0.981724574081234,0.968556137812539,0.870124459667124,0.959775506432681,0.804517384501351,0.798844343793731,0.631779098774488,0.892981672115846,0.931727212518015,0.989440142572617,0.973673426164194,0.786236788733452,0.969914650706507,0.979470733537026,0.939137124175805,0.998455946111541,0.882533321070461,0.984101290760488,0.790016868729106,0.897741372031196,0.940779924297115,0.936869811603042,0.793453369536491,0.979752278184448,0.980944817824441,0.994916494193982,0.987805594170962,0.956271184721212,0.950789827633603,0.945279690454232,0.995863965189804,0.640205906355247,0.847966609292705,0.980101264299953,0.94373717920042,0.826773394066169,0.985220766605989,0.877454927961444,0.806674639479842,0.971713762563523,0.984234806755631,0.709066600109638,0.988373260486589,0.986356102419687,0.995513768605802,0.846983439324554,0.993612177573605,0.996959494160813,0.855388988868229,0.995551743520484,0.945344609806112,0.951812089624309,0.680097601573273,0.98770879757831,0.853200179614868,0.958830339556458,0.958037618985202,0.966199786151759,0.985944647225575,0.718019998895096,0.980864821370429,0.991939704817908,0.935476846939921,0.872313350506836,0.667777245297695,0.924987026071527,0.473758452766982,0.877202126153615
"ZN320",0.986394977209318,0.918558571748293,0.947593649744214,0.858203599862535,0.993051074935235,0.975669848239195,0.988019922718352,0.997642323982606,0.935345030191237,0.904057163887509,0.925056502501314,0.932411114006156,0.864471127511639,0.859406716787664,0.900086747405105,0.767927146616449,0.693045513674241,0.896053856368311,0.924508873658927,0.964462440303351,0.999095159964312,0.992891495012891,0.99861028621524,0.994809061065822,0.961654021584104,0.941334919760945,0.961903178654453,0.888928235018118,0.971171435944564,0.851830624028188,0.963210127184389,0.931727212518015,0.94485800853194,0.9342335483199,0.997838186600327,0.969914650706507,0.992347904415653,0.939137124175805,0.998455946111541,0.989397892318536,0.984101290760488,0.98172868038949,0.897741372031196,0.712915087106866,0.981435414634829,0.960374117410912,0.994634615166526,0.963525285280965,0.994916494193982,0.987805594170962,0.944637043169869,0.983589152905479,0.997173243351123,0.995863965189804,0.966600777938937,0.991391016425405,0.980101264299953,0.94373717920042,0.943200499447946,0.985220766605989,0.988119328978891,0.993498234587533,0.971713762563523,0.984234806755631,0.984638855034765,0.988373260486589,0.967625088836332,0.995513768605802,0.806773733364429,0.52303784906316,0.951842670164933,0.961479141516635,0.995551743520484,0.945344609806112,0.951812089624309,0.869079408436595,0.947485018204864,0.951958037673,0.989853021951562,0.872573363450941,0.966199786151759,0.985944647225575,0.850752105062305,0.980864821370429,0.991939704817908,0.862190992919273,0.971222498724215,0.997877658438895,0.971134227676763,0.967808499556245,0.877202126153615
"ZN322",0.986394977209318,0.955536645654718,0.947593649744214,0.823325093955788,0.993051074935235,0.772007302810176,0.927342373406292,0.997642323982606,0.953848257280594,0.904057163887509,0.925056502501314,0.970620442968246,0.797296895052693,0.917064180399411,0.557858377072272,0.998004928307733,0.984655622208857,0.988827490153761,0.99058315256204,0.97217093391293,0.921059002039997,0.992891495012891,0.99861028621524,0.981724574081234,0.968556137812539,0.926234344654346,0.961903178654453,0.990835317716574,0.892959582882801,0.709230083495516,0.872321472076047,0.966887719653955,0.945639674722652,0.924149186515097,0.997838186600327,0.969914650706507,0.992347904415653,0.939137124175805,0.998455946111541,0.816074358054574,0.984101290760488,0.790016868729106,0.897741372031196,0.940779924297115,0.981435414634829,0.960374117410912,0.994634615166526,0.980944817824441,0.994916494193982,0.987805594170962,0.991207470248358,0.955475932361871,0.843813939541627,0.995863965189804,0.989951536283013,0.922695520939815,0.980101264299953,0.94373717920042,0.992781620769719,0.985220766605989,0.988119328978891,0.995464293384187,0.971713762563523,0.984234806755631,0.988606969494809,0.988373260486589,0.967625088836332,0.995513768605802,0.994352231413074,0.942896136262876,0.951842670164933,0.943685486849178,0.825090251741795,0.927996966567392,0.896431477873981,0.984105140731236,0.917022638032017,0.93219158183476,0.989853021951562,0.829628639674027,0.966199786151759,0.985944647225575,0.718019998895096,0.980864821370429,0.991939704817908,0.904978707265322,0.872313350506836,0.989124790809404,0.745502984670083,0.967808499556245,0.877202126153615
"ZN329",0.986394977209318,0.955536645654718,0.996938175144315,0.823325093955788,0.993051074935235,0.996779823236091,0.887225347358921,0.91963038371847,0.928678855198497,0.958773310900584,0.763275188566716,0.950050933983112,0.643322495226575,0.908272047919019,0.557858377072272,0.884814099804975,0.984655622208857,0.896053856368311,0.99058315256204,0.964462440303351,0.929633209122209,0.987202435367148,0.99861028621524,0.87157187562469,0.968556137812539,0.917417898394893,0.867261640870177,0.927024010834999,0.971171435944564,0.633549843002688,0.988025054041144,0.853196935035023,0.94485800853194,0.888989789581778,0.935208824959292,0.975709780571597,0.992347904415653,0.939137124175805,0.998455946111541,0.928396465478573,0.984101290760488,0.973093972758853,0.897741372031196,0.712915087106866,0.936869811603042,0.852028155014214,0.889284775996501,0.963525285280965,0.994916494193982,0.987805594170962,0.991207470248358,0.950789827633603,0.804534740815082,0.995863965189804,0.989951536283013,0.847966609292705,0.980101264299953,0.918934037657244,0.943200499447946,0.985220766605989,0.897502908757806,0.806674639479842,0.971713762563523,0.984234806755631,0.913660504676599,0.988373260486589,0.967625088836332,0.995513768605802,0.994352231413074,0.942896136262876,0.832749000948998,0.765615288471316,0.995551743520484,0.948526257203303,0.953131549536696,0.984105140731236,0.947485018204864,0.817956763979851,0.989853021951562,0.755047141186348,0.966199786151759,0.985944647225575,0.850752105062305,0.980864821370429,0.991939704817908,0.935476846939921,0.872313350506836,0.812212954792244,0.745502984670083,0.967808499556245,0.877202126153615
"ZN331",0.986394977209318,0.990788876036112,0.947593649744214,0.858203599862535,0.993051074935235,0.986613602878538,0.895030492771348,0.997642323982606,0.935345030191237,0.816409370817276,0.747572794320273,0.976747464858168,0.899549710425612,0.908272047919019,0.853472985768646,0.949506220468213,0.984655622208857,0.919197738079447,0.99058315256204,0.97217093391293,0.999095159964312,0.987202435367148,0.99861028621524,0.922132358919962,0.968556137812539,0.755603824572365,0.961903178654453,0.990835317716574,0.960504018870807,0.971166699519229,0.915910460843573,0.991381662827845,0.946186152807806,0.925478551320078,0.997838186600327,0.993660148751005,0.979470733537026,0.939137124175805,0.923715826230562,0.928396465478573,0.984101290760488,0.955353139927338,0.953135273141489,0.940779924297115,0.981435414634829,0.9794346231627,0.889284775996501,0.963525285280965,0.994916494193982,0.987805594170962,0.991207470248358,0.963078867422568,0.997173243351123,0.995863965189804,0.966600777938937,0.847966609292705,0.980101264299953,0.983000213483043,0.939187380035953,0.985220766605989,0.988119328978891,0.996390105073579,0.971713762563523,0.984234806755631,0.984539072774321,0.988373260486589,0.999042545761281,0.995513768605802,0.994352231413074,0.52303784906316,0.951842670164933,0.943685486849178,0.89685242700817,0.884768371037053,0.978938234280529,0.984105140731236,0.947485018204864,0.967924559714292,0.958830339556458,0.985555626311404,0.966199786151759,0.985944647225575,0.850752105062305,0.980864821370429,0.717663559060028,0.878522980442611,0.872313350506836,0.997877658438895,0.745502984670083,0.967808499556245,0.877202126153615
"ZN335",0.986394977209318,0.918558571748293,0.951128054882931,0.882776828178774,0.993051074935235,0.877017025728669,0.985149513374508,0.997642323982606,0.694035461563586,0.855937101113342,0.899257759075076,0.932411114006156,0.797296895052693,0.873216595092875,0.72219802224887,0.956480716662847,0.984655622208857,0.972657693843207,0.924508873658927,0.964462440303351,0.999095159964312,0.774122459290519,0.99861028621524,0.980555847524161,0.961654021584104,0.975319210779389,0.959775506432681,0.912103163739108,0.832504882559472,0.87709898306955,0.883651697395464,0.931727212518015,0.968076695185014,0.888989789581778,0.946968678098713,0.996155406685953,0.992347904415653,0.939137124175805,0.998455946111541,0.928396465478573,0.984101290760488,0.955353139927338,0.897741372031196,0.880996613608916,0.938061539016134,0.938421360985624,0.994634615166526,0.963525285280965,0.994916494193982,0.987805594170962,0.944637043169869,0.950789827633603,0.830411362230537,0.995863965189804,0.989951536283013,0.991391016425405,0.980101264299953,0.875238341024357,0.943200499447946,0.909530991584053,0.988119328978891,0.993498234587533,0.971713762563523,0.984234806755631,0.952264642081159,0.988373260486589,0.993420796739225,0.995513768605802,0.994352231413074,0.988351021619896,0.951842670164933,0.943685486849178,0.983856571317042,0.923413972536273,0.951032514974819,0.974881004445255,0.947485018204864,0.853200179614868,0.989853021951562,0.851190265812694,0.966199786151759,0.985944647225575,0.996869200847921,0.625157463029763,0.991939704817908,0.975081851317346,0.98467220179463,0.776329152254369,0.977647375957685,0.967808499556245,0.990738885267332
"ZN350",0.977871189702737,0.857118427113129,0.744384818911761,0.858203599862535,0.9945355802403,0.975669848239195,0.927342373406292,0.997642323982606,0.928678855198497,0.982515213128969,0.7503237586522,0.970620442968246,0.535451931735225,0.955385232066177,0.931472389250484,0.621291280468032,0.375805144614732,0.988827490153761,0.99058315256204,0.976110574285669,0.999095159964312,0.774122459290519,0.966683700014475,0.981724574081234,0.968556137812539,0.870124459667124,0.859849887819882,0.966247035711916,0.959103908760682,0.971166699519229,0.980510260083611,0.931727212518015,0.968076695185014,0.925478551320078,0.935208824959292,0.969914650706507,0.979470733537026,0.939137124175805,0.998455946111541,0.882533321070461,0.984101290760488,0.973093972758853,0.970378111955257,0.940779924297115,0.874159508233338,0.865066279168024,0.940134200304475,0.963525285280965,0.889599989420421,0.987805594170962,0.983423390456957,0.955475932361871,0.997173243351123,0.995863965189804,0.989951536283013,0.412784793901978,0.980101264299953,0.875238341024357,0.943200499447946,0.985220766605989,0.988119328978891,0.996390105073579,0.971713762563523,0.984234806755631,0.764794364519733,0.993037364522479,0.927483497932125,0.996814163664813,0.812295521156561,0.920113644132705,0.951842670164933,0.961479141516635,0.995551743520484,0.945344609806112,0.926024290590951,0.984105140731236,0.947485018204864,0.994277989946841,0.989853021951562,0.829628639674027,0.966199786151759,0.985944647225575,0.850752105062305,0.439944168328858,0.717663559060028,0.900799828836079,0.885839672901193,0.667777245297695,0.945398088768199,0.967808499556245,0.877202126153615
"ZN382",0.986394977209318,0.955536645654718,0.947593649744214,0.894719798089916,0.9945355802403,0.986613602878538,0.887225347358921,0.969007609935838,0.910837365682611,0.880213541038002,0.899257759075076,0.932411114006156,0.95014564817012,0.820039256625232,0.861144597105687,0.884814099804975,0.984655622208857,0.896053856368311,0.924508873658927,0.986452540479267,0.999095159964312,0.992891495012891,0.993738999500933,0.922132358919962,0.855437225767489,0.837802539368329,0.961903178654453,0.848625747459131,0.971171435944564,0.824230592886987,0.980510260083611,0.931727212518015,0.989440142572617,0.939147229880081,0.449756105766641,0.969914650706507,0.992347904415653,0.939137124175805,0.998455946111541,0.928396465478573,0.984101290760488,0.973093972758853,0.897741372031196,0.981693541403064,0.973521329204096,0.991537372579938,0.689099331341797,0.980944817824441,0.994916494193982,0.987805594170962,0.944637043169869,0.950789827633603,0.793901871118511,0.995863965189804,0.989951536283013,0.885795562576375,0.980101264299953,0.94373717920042,0.943200499447946,0.985220766605989,0.988119328978891,0.993498234587533,0.99825219537858,0.984234806755631,0.952064791775931,0.997727503411322,0.980546577894919,0.995513768605802,0.994352231413074,0.988351021619896,0.951842670164933,0.540743270175803,0.995551743520484,0.923413972536273,0.926024290590951,0.850131945557062,0.917022638032017,0.853200179614868,0.958830339556458,0.958037618985202,0.987936601767119,0.985944647225575,0.718019998895096,0.625157463029763,0.991939704817908,0.900799828836079,0.98467220179463,0.667777245297695,0.922349145792783,0.967808499556245,0.877202126153615
"ZN384",0.986394977209318,0.857118427113129,0.947593649744214,0.858203599862535,0.993051074935235,0.975669848239195,0.967391868238628,0.969007609935838,0.741270878666567,0.880213541038002,0.747572794320273,0.950050933983112,0.797296895052693,0.922646624316981,0.932613217909234,0.936494039408071,0.984655622208857,0.988827490153761,0.885661743453292,0.964462440303351,0.577036413742259,0.987202435367148,0.966683700014475,0.922132358919962,0.968556137812539,0.837802539368329,0.867261640870177,0.909411353633527,0.971171435944564,0.831788861437945,0.915910460843573,0.931727212518015,0.968076695185014,0.888989789581778,0.997838186600327,0.969914650706507,0.992347904415653,0.98701563183221,0.998455946111541,0.987929856329299,0.984101290760488,0.955353139927338,0.897741372031196,0.987685121892081,0.973521329204096,0.960374117410912,0.994634615166526,0.963525285280965,0.994916494193982,0.987805594170962,0.944637043169869,0.950789827633603,0.997173243351123,0.995863965189804,0.996557313137602,0.991391016425405,0.980101264299953,0.94373717920042,0.943200499447946,0.985220766605989,0.988119328978891,0.78889778988139,0.971713762563523,0.984234806755631,0.94607437979749,0.989961905631103,0.964018561275114,0.995513768605802,0.994352231413074,0.920113644132705,0.951842670164933,0.943685486849178,0.983856571317042,0.945344609806112,0.951812089624309,0.984105140731236,0.993983228952742,0.853200179614868,0.989853021951562,0.898865586940032,0.966199786151759,0.985944647225575,0.978552854760559,0.859815782355133,0.991939704817908,0.944837246949588,0.872313350506836,0.989124790809404,0.922349145792783,0.967808499556245,0.928722213024589
"ZN394",0.791886203302405,0.955536645654718,0.947593649744214,0.858203599862535,0.993051074935235,0.975669848239195,0.887225347358921,0.997642323982606,0.953848257280594,0.982515213128969,0.925056502501314,0.932411114006156,0.94601536840562,0.908272047919019,0.94463002416609,0.950982106682392,0.984655622208857,0.988827490153761,0.924508873658927,0.964462440303351,0.999095159964312,0.987202435367148,0.966683700014475,0.980555847524161,0.963200703005454,0.870124459667124,0.867261640870177,0.489137691861448,0.965049162760353,0.832416887263578,0.941600681478244,0.966887719653955,0.991006704850301,0.924149186515097,0.997838186600327,0.969914650706507,0.992347904415653,0.939137124175805,0.995713670783137,0.939540792300982,0.984101290760488,0.973093972758853,0.840156641760804,0.940779924297115,0.981435414634829,0.9794346231627,0.979752278184448,0.972853168679633,0.994916494193982,0.987805594170962,0.956271184721212,0.987966308019238,0.945279690454232,0.995863965189804,0.989951536283013,0.847966609292705,0.980101264299953,0.94373717920042,0.943200499447946,0.985220766605989,0.988119328978891,0.993498234587533,0.971713762563523,0.984234806755631,0.896761691895346,0.988373260486589,0.967625088836332,0.995513768605802,0.994352231413074,0.981726194187198,0.951842670164933,0.979235100766823,0.995551743520484,0.952544223668112,0.926024290590951,0.984105140731236,0.9886606986213,0.994277989946841,0.989853021951562,0.958037618985202,0.980485820987665,0.906467850775787,0.850752105062305,0.859815782355133,0.991939704817908,0.935476846939921,0.971222498724215,0.997877658438895,0.971134227676763,0.967808499556245,0.877202126153615
"ZN418",0.986394977209318,0.857118427113129,0.951128054882931,0.858203599862535,0.9945355802403,0.772007302810176,0.967391868238628,0.997642323982606,0.928678855198497,0.963670657586378,0.998469980913838,0.950050933983112,0.94601536840562,0.820039256625232,0.977171034548471,0.848033855232376,0.984655622208857,0.896053856368311,0.885661743453292,0.964462440303351,0.905341078644845,0.847851487188119,0.99861028621524,0.951917739402595,0.963200703005454,0.868944497042464,0.961903178654453,0.990835317716574,0.849853294715191,0.832416887263578,0.738483452592652,0.991381662827845,0.94485800853194,0.898654475256458,0.997838186600327,0.969914650706507,0.992347904415653,0.988363431031518,0.998455946111541,0.939540792300982,0.984101290760488,0.973093972758853,0.97280933616989,0.969433608866267,0.938061539016134,0.9794346231627,0.995404517124042,0.963525285280965,0.627833411147361,0.734422295133014,0.991207470248358,0.950789827633603,0.628352613741722,0.995863965189804,0.989951536283013,0.952830969065486,0.980101264299953,0.94373717920042,0.943200499447946,0.985220766605989,0.988119328978891,0.993498234587533,0.971713762563523,0.939880926321575,0.988606969494809,0.988373260486589,0.980546577894919,0.995513768605802,0.838078152409702,0.942896136262876,0.951842670164933,0.756516230611391,0.995551743520484,0.95942290198725,0.951812089624309,0.984105140731236,0.993983228952742,0.994277989946841,0.970444926567044,0.829628639674027,0.923959889611315,0.985944647225575,0.720050536303785,0.980864821370429,0.991939704817908,0.835514485761443,0.872313350506836,0.871476803854035,0.745502984670083,0.967808499556245,0.877202126153615
"ZN436",0.776400828111374,0.918558571748293,0.964400043150218,0.882776828178774,0.993051074935235,0.975669848239195,0.887225347358921,0.997642323982606,0.873041365671615,0.998438430657813,0.994868224902109,0.932411114006156,0.797296895052693,0.820039256625232,0.902524365553904,0.950982106682392,0.984655622208857,0.979881374316928,0.924508873658927,0.964462440303351,0.999095159964312,0.989746800245068,0.977639331469681,0.980694698503935,0.968556137812539,0.601589358556976,0.959775506432681,0.912103163739108,0.971171435944564,0.566350723337146,0.963210127184389,0.991381662827845,0.94485800853194,0.973673426164194,0.895096958556606,0.969914650706507,0.979470733537026,0.939137124175805,0.929982334261429,0.939540792300982,0.984101290760488,0.973093972758853,0.897741372031196,0.940779924297115,0.91866037840055,0.852028155014214,0.994634615166526,0.933659659758726,0.994916494193982,0.987805594170962,0.991207470248358,0.955475932361871,0.945279690454232,0.995863965189804,0.989951536283013,0.991391016425405,0.980101264299953,0.94373717920042,0.939187380035953,0.95918612091532,0.988119328978891,0.993498234587533,0.971713762563523,0.984234806755631,0.990399816545978,0.988373260486589,0.993420796739225,0.995513768605802,0.997158043934157,0.745446494329713,0.951842670164933,0.943685486849178,0.856719732472307,0.955940425710232,0.98616398210002,0.984105140731236,0.947485018204864,0.951958037673,0.989853021951562,0.829628639674027,0.966199786151759,0.985944647225575,0.850752105062305,0.980864821370429,0.805596294455955,0.931257479652177,0.961310134189464,0.784561294709232,0.977647375957685,0.967808499556245,0.877202126153615
"ZN449",0.986394977209318,0.918558571748293,0.947593649744214,0.882776828178774,0.993051074935235,0.975669848239195,0.967391868238628,0.926200027814764,0.785718165371907,0.963670657586378,0.909801387584842,0.932411114006156,0.679214379890828,0.908272047919019,0.977171034548471,0.968262289607695,0.984655622208857,0.988827490153761,0.924508873658927,0.97217093391293,0.999095159964312,0.992891495012891,0.97242547511329,0.980555847524161,0.961654021584104,0.870124459667124,0.859849887819882,0.489137691861448,0.849853294715191,0.971166699519229,0.945299786231499,0.98572910717834,0.989440142572617,0.433141782006125,0.997838186600327,0.996155406685953,0.992347904415653,0.939137124175805,0.998455946111541,0.928396465478573,0.984101290760488,0.973093972758853,0.970378111955257,0.712915087106866,0.853888691267075,0.929954871477201,0.895597893402445,0.972853168679633,0.994916494193982,0.987805594170962,0.944637043169869,0.983589152905479,0.957628391022056,0.995863965189804,0.989951536283013,0.248823128523077,0.980101264299953,0.94373717920042,0.975628100573544,0.985220766605989,0.988119328978891,0.993498234587533,0.971713762563523,0.984234806755631,0.990399816545978,0.988373260486589,0.964018561275114,0.995513768605802,0.784403672601075,0.721753616177691,0.951842670164933,0.756516230611391,0.995551743520484,0.945344609806112,0.680538249962846,0.850131945557062,0.993983228952742,0.994277989946841,0.989853021951562,0.958037618985202,0.966199786151759,0.985944647225575,0.917617435568902,0.980864821370429,0.991939704817908,0.900799828836079,0.872313350506836,0.812212954792244,0.745502984670083,0.967808499556245,0.937952247210236
"ZN490",0.986394977209318,0.918558571748293,0.947593649744214,0.858203599862535,0.993051074935235,0.975669848239195,0.887225347358921,0.997642323982606,0.743965623942447,0.764536737001102,0.646780002893688,0.932411114006156,0.662003664345096,0.820039256625232,0.690218123832744,0.968293377603936,0.984655622208857,0.896053856368311,0.924508873658927,0.964462440303351,0.999095159964312,0.608089543636139,0.979869908911865,0.985005254474061,0.968556137812539,0.870124459667124,0.961903178654453,0.990835317716574,0.798844343793731,0.832416887263578,0.988025054041144,0.966887719653955,0.989440142572617,0.939147229880081,0.480004660711642,0.969914650706507,0.992347904415653,0.939137124175805,0.998455946111541,0.693070671152585,0.984101290760488,0.955353139927338,0.897741372031196,0.940779924297115,0.954288989685055,0.9794346231627,0.859422167261281,0.963525285280965,0.994916494193982,0.987805594170962,0.991207470248358,0.950789827633603,0.82039186645155,0.995863965189804,0.945507133850049,0.975295464341613,0.980101264299953,0.868032124474214,0.945147089959078,0.985220766605989,0.97284786096471,0.993498234587533,0.971713762563523,0.992774330423604,0.913660504676599,0.997727503411322,0.967625088836332,0.995513768605802,0.997158043934157,0.942896136262876,0.951842670164933,0.756516230611391,0.856719732472307,0.88886492034253,0.951032514974819,0.932152283580124,0.910025526737626,0.951958037673,0.989853021951562,0.829628639674027,0.859398566128965,0.985944647225575,0.718019998895096,0.980864821370429,0.991939704817908,0.683230408571876,0.961310134189464,0.958040566620111,0.990686067311631,0.967808499556245,0.877202126153615
"ZN502",0.958351826760967,0.918558571748293,0.947593649744214,0.882776828178774,0.993051074935235,0.877017025728669,0.895030492771348,0.997642323982606,0.935345030191237,0.963670657586378,0.998469980913838,0.932411114006156,0.956511723574256,0.820039256625232,0.679272370131747,0.998004928307733,0.984655622208857,0.896053856368311,0.99058315256204,0.920355565056829,0.929633209122209,0.987202435367148,0.97242547511329,0.994809061065822,0.855437225767489,0.868944497042464,0.959775506432681,0.990835317716574,0.971171435944564,0.971166699519229,0.963210127184389,0.931727212518015,0.989440142572617,0.609324772854546,0.989344918481461,0.969914650706507,0.992347904415653,0.939137124175805,0.998455946111541,0.990644619335099,0.984101290760488,0.973093972758853,0.961934914564604,0.940779924297115,0.981435414634829,0.865066279168024,0.889284775996501,0.980944817824441,0.994916494193982,0.991052831115261,0.991207470248358,0.955475932361871,0.997173243351123,0.995863965189804,0.989951536283013,0.991391016425405,0.980101264299953,0.94373717920042,0.826773394066169,0.985220766605989,0.897502908757806,0.993498234587533,0.971713762563523,0.984234806755631,0.961148357082013,0.988373260486589,0.967625088836332,0.995513768605802,0.452164369906096,0.920113644132705,0.951842670164933,0.855388988868229,0.995551743520484,0.928713083619271,0.951032514974819,0.680097601573273,0.991077341558135,0.994277989946841,0.989853021951562,0.829628639674027,0.987936601767119,0.985944647225575,0.917617435568902,0.980864821370429,0.991939704817908,0.533381081874799,0.98467220179463,0.964972303096941,0.971134227676763,0.967808499556245,0.928722213024589
"ZN528",0.986394977209318,0.918558571748293,0.903459534520076,0.886198572561906,0.993051074935235,0.996779823236091,0.967391868238628,0.997642323982606,0.935345030191237,0.962726827183653,0.819304716638866,0.932411114006156,0.726819422941841,0.955385232066177,0.817185524626652,0.956480716662847,0.984655622208857,0.896053856368311,0.885661743453292,0.964462440303351,0.999095159964312,0.989746800245068,0.97242547511329,0.981724574081234,0.977310692522386,0.870124459667124,0.959775506432681,0.947716871810698,0.890885771992403,0.633549843002688,0.872321472076047,0.931727212518015,0.989440142572617,0.888989789581778,0.786236788733452,0.969914650706507,0.979470733537026,0.939137124175805,0.923715826230562,0.612357786230901,0.984101290760488,0.955353139927338,0.953135273141489,0.987684775359363,0.981435414634829,0.960374117410912,0.889284775996501,0.963525285280965,0.93813155318891,0.987805594170962,0.991207470248358,0.955475932361871,0.997173243351123,0.995863965189804,0.989951536283013,0.991391016425405,0.980101264299953,0.868032124474214,0.826773394066169,0.985220766605989,0.895443803414711,0.934809433610569,0.971713762563523,0.984234806755631,0.952264642081159,0.950737190632857,0.927483497932125,0.506146949865601,0.994352231413074,0.93309748406323,0.951842670164933,0.282516544883331,0.856719732472307,0.985336614376918,0.978938234280529,0.699002208652872,0.978808858609282,0.853200179614868,0.958830339556458,0.829628639674027,0.966199786151759,0.985944647225575,0.917617435568902,0.980864821370429,0.991939704817908,0.938367338873946,0.872313350506836,0.966232254844524,0.745502984670083,0.922804970496992,0.928722213024589
"ZN547",0.986394977209318,0.955536645654718,0.947593649744214,0.894719798089916,0.788613607153903,0.975669848239195,0.967391868238628,0.997642323982606,0.928678855198497,0.982515213128969,0.763275188566716,0.932411114006156,0.797296895052693,0.820039256625232,0.977171034548471,0.970386957626211,0.993941184883976,0.896053856368311,0.890524435572661,0.964462440303351,0.999095159964312,0.987202435367148,0.97242547511329,0.981724574081234,0.977310692522386,0.870124459667124,0.990572815365147,0.906843905634545,0.867203769661487,0.83151612602438,0.821106198683598,0.991142252570221,0.968076695185014,0.844894401898285,0.956252678635128,0.969914650706507,0.992347904415653,0.939137124175805,0.998455946111541,0.990644619335099,0.984101290760488,0.973093972758853,0.897741372031196,0.940779924297115,0.981435414634829,0.700758770896343,0.979752278184448,0.963525285280965,0.994916494193982,0.987805594170962,0.952545674537069,0.955475932361871,0.804534740815082,0.995863965189804,0.989951536283013,0.991391016425405,0.980101264299953,0.868032124474214,0.943200499447946,0.985220766605989,0.988119328978891,0.820972523037983,0.990377789705614,0.984234806755631,0.994426703220573,0.997727503411322,0.96843940214429,0.995513768605802,0.994352231413074,0.897284217012306,0.951842670164933,0.955898871221458,0.983856571317042,0.923413972536273,0.951812089624309,0.932152283580124,0.977190244964855,0.967924559714292,0.989853021951562,0.958037618985202,0.986127848962059,0.819529131842338,0.850752105062305,0.980864821370429,0.991939704817908,0.900799828836079,0.872313350506836,0.670946868740736,0.94361272025851,0.967808499556245,0.98472653058245
"ZN549",0.986394977209318,0.990788876036112,0.947593649744214,0.823325093955788,0.993051074935235,0.986613602878538,0.889317871289028,0.974350324288928,0.910837365682611,0.949766520754501,0.998469980913838,0.950050933983112,0.883810598180788,0.820039256625232,0.977171034548471,0.884814099804975,0.984655622208857,0.988827490153761,0.99058315256204,0.994192243629987,0.999095159964312,0.987202435367148,0.99861028621524,0.922132358919962,0.968556137812539,0.941334919760945,0.967974607685349,0.990835317716574,0.971171435944564,0.971166699519229,0.706691613426751,0.931727212518015,0.96148484377242,0.888989789581778,0.997838186600327,0.969914650706507,0.979470733537026,0.988363431031518,0.925464255391329,0.939540792300982,0.984101290760488,0.790016868729106,0.997584902751906,0.940779924297115,0.926596763669257,0.960374117410912,0.940134200304475,0.987939730984027,0.994916494193982,0.998849140447359,0.944637043169869,0.950789827633603,0.997173243351123,0.995863965189804,0.989951536283013,0.854399266996579,0.980101264299953,0.875238341024357,0.943200499447946,0.909530991584053,0.988119328978891,0.993498234587533,0.971713762563523,0.984234806755631,0.579913117343991,0.988373260486589,0.927483497932125,0.995513768605802,0.994352231413074,0.907462002973117,0.951842670164933,0.916178878707574,0.89685242700817,0.981902075572591,0.978938234280529,0.984105140731236,0.9886606986213,0.853200179614868,0.958830339556458,0.969531158909843,0.966199786151759,0.985944647225575,0.968354005074252,0.859815782355133,0.991939704817908,0.98112287370527,0.872313350506836,0.885361969676473,0.922349145792783,0.967808499556245,0.877202126153615
"ZN554",0.986394977209318,0.990788876036112,0.947593649744214,0.927559145834506,0.993051074935235,0.975669848239195,0.940309036074089,0.91963038371847,0.910837365682611,0.958773310900584,0.7503237586522,0.970620442968246,0.883810598180788,0.917064180399411,0.977171034548471,0.936494039408071,0.984655622208857,0.988532435897695,0.885661743453292,0.97217093391293,0.999095159964312,0.987202435367148,0.99861028621524,0.980555847524161,0.968556137812539,0.949251957459363,0.967974607685349,0.990835317716574,0.959103908760682,0.566350723337146,0.945299786231499,0.995759973902844,0.590648534942937,0.995146945380728,0.997838186600327,0.969914650706507,0.992347904415653,0.939137124175805,0.998455946111541,0.882533321070461,0.984101290760488,0.955353139927338,0.897741372031196,0.969433608866267,0.981435414634829,0.852028155014214,0.979752278184448,0.963525285280965,0.994916494193982,0.988457246339015,0.991207470248358,0.950789827633603,0.483602702657751,0.99923845262546,0.989951536283013,0.991391016425405,0.998492841228318,0.868032124474214,0.943200499447946,0.985220766605989,0.988119328978891,0.993498234587533,0.971713762563523,0.984234806755631,0.952264642081159,0.997727503411322,0.967625088836332,0.995513768605802,0.859643243097595,0.942896136262876,0.996959494160813,0.984845678126189,0.995551743520484,0.945344609806112,0.951032514974819,0.932152283580124,0.947485018204864,0.853200179614868,0.989853021951562,0.829628639674027,0.966199786151759,0.985944647225575,0.850752105062305,0.980864821370429,0.991939704817908,0.944837246949588,0.872313350506836,0.92724393281882,0.922349145792783,0.888802377291875,0.877202126153615
"ZN563",0.986394977209318,0.990788876036112,0.947593649744214,0.894719798089916,0.9945355802403,0.975669848239195,0.887225347358921,0.974350324288928,0.930577212648737,0.998438430657813,0.816828621524504,0.970620442968246,0.785995585503693,0.978539999076643,0.977171034548471,0.949506220468213,0.995265929582112,0.919197738079447,0.924508873658927,0.964462440303351,0.999095159964312,0.987202435367148,0.966683700014475,0.981724574081234,0.968556137812539,0.877088321752759,0.961903178654453,0.975057338779539,0.849853294715191,0.633549843002688,0.980510260083611,0.967887530510029,0.991006704850301,0.924149186515097,0.542589330235147,0.969914650706507,0.992347904415653,0.939137124175805,0.998455946111541,0.989397892318536,0.984101290760488,0.790016868729106,0.897741372031196,0.940779924297115,0.981435414634829,0.960374117410912,0.979752278184448,0.963525285280965,0.93813155318891,0.988457246339015,0.991207470248358,0.950789827633603,0.945279690454232,0.995863965189804,0.989951536283013,0.847966609292705,0.980101264299953,0.94373717920042,0.943200499447946,0.914391465378166,0.988119328978891,0.993498234587533,0.971713762563523,0.984234806755631,0.764794364519733,0.997727503411322,0.927483497932125,0.995513768605802,0.997158043934157,0.721753616177691,0.951842670164933,0.787711028445119,0.983856571317042,0.945344609806112,0.953131549536696,0.996590805072196,0.947485018204864,0.951958037673,0.989853021951562,0.958037618985202,0.966199786151759,0.985944647225575,0.972958413504675,0.980864821370429,0.991939704817908,0.973138621214717,0.872313350506836,0.776329152254369,0.944209149291317,0.967808499556245,0.891203417926889
"ZN582",0.986394977209318,0.918558571748293,0.951128054882931,0.823325093955788,0.993051074935235,0.986613602878538,0.887225347358921,0.946951294618264,0.928678855198497,0.958773310900584,0.524611075521688,0.932411114006156,0.899549710425612,0.955385232066177,0.977171034548471,0.936494039408071,0.984655622208857,0.988827490153761,0.885661743453292,0.964462440303351,0.999095159964312,0.987202435367148,0.99861028621524,0.980555847524161,0.977310692522386,0.837802539368329,0.961903178654453,0.990835317716574,0.912861430142161,0.971166699519229,0.883651697395464,0.931727212518015,0.989440142572617,0.920000827565719,0.946968678098713,0.969914650706507,0.992347904415653,0.939137124175805,0.923715826230562,0.928396465478573,0.984101290760488,0.955353139927338,0.97280933616989,0.940779924297115,0.981435414634829,0.960374117410912,0.909621433894783,0.987939730984027,0.994916494193982,0.987805594170962,0.684781226814021,0.968648280337239,0.945279690454232,0.995863965189804,0.989951536283013,0.847966609292705,0.980101264299953,0.918934037657244,0.943200499447946,0.838931324844496,0.988119328978891,0.993498234587533,0.991428989575764,0.976467059468737,0.579913117343991,0.988373260486589,0.967625088836332,0.995513768605802,0.838078152409702,0.971301104501426,0.990571663812416,0.811375852598385,0.983856571317042,0.945344609806112,0.951812089624309,0.984105140731236,0.910025526737626,0.994277989946841,0.989853021951562,0.755047141186348,0.980485820987665,0.985944647225575,0.948136197820191,0.92693009604249,0.923487899412675,0.683230408571876,0.872313350506836,0.842022652564365,0.924987026071527,0.967808499556245,0.877202126153615
"ZN586",0.590050366449532,0.990788876036112,0.947593649744214,0.858203599862535,0.993051074935235,0.975669848239195,0.926885262905832,0.997642323982606,0.962717795250748,0.855937101113342,0.909801387584842,0.932411114006156,0.881910347597752,0.955385232066177,0.931472389250484,0.936494039408071,0.984655622208857,0.988827490153761,0.885661743453292,0.964462440303351,0.999095159964312,0.987202435367148,0.909252682086895,0.728177284928313,0.968556137812539,0.870124459667124,0.961903178654453,0.947716871810698,0.971171435944564,0.804739738507393,0.963210127184389,0.931727212518015,0.968076695185014,0.924149186515097,0.840607033495657,0.996155406685953,0.992347904415653,0.939137124175805,0.998455946111541,0.9713775192611,0.984101290760488,0.955353139927338,0.897741372031196,0.987685121892081,0.981435414634829,0.960374117410912,0.994634615166526,0.963525285280965,0.994916494193982,0.987805594170962,0.944637043169869,0.955475932361871,0.849534658206978,0.995863965189804,0.989951536283013,0.847966609292705,0.980101264299953,0.94373717920042,0.943200499447946,0.985220766605989,0.988119328978891,0.820972523037983,0.971713762563523,0.984234806755631,0.956120712666682,0.988373260486589,0.967625088836332,0.995513768605802,0.994352231413074,0.988351021619896,0.978821391386196,0.756516230611391,0.89685242700817,0.923413972536273,0.978938234280529,0.932152283580124,0.978808858609282,0.945204678834161,0.989853021951562,0.951324610911763,0.848811464946946,0.985944647225575,0.850752105062305,0.625157463029763,0.918206634848659,0.935476846939921,0.961310134189464,0.948459277128848,0.745502984670083,0.967808499556245,0.877202126153615
"ZN667",0.986394977209318,0.918558571748293,0.964400043150218,0.886198572561906,0.9945355802403,0.986613602878538,0.967391868238628,0.997642323982606,0.953259049403241,0.816409370817276,0.925056502501314,0.932411114006156,0.94601536840562,0.917064180399411,0.853472985768646,0.884814099804975,0.984655622208857,0.988827490153761,0.99058315256204,0.964462440303351,0.999095159964312,0.987202435367148,0.99861028621524,0.981724574081234,0.977310692522386,0.941334919760945,0.961903178654453,0.927024010834999,0.867203769661487,0.971166699519229,0.925484196366616,0.98572910717834,0.946186152807806,0.995146945380728,0.989344918481461,0.970634530621718,0.992347904415653,0.939137124175805,0.998455946111541,0.939540792300982,0.984101290760488,0.955353139927338,0.897741372031196,0.712915087106866,0.874159508233338,0.700758770896343,0.979752278184448,0.933659659758726,0.994916494193982,0.987805594170962,0.991207470248358,0.987966308019238,0.945279690454232,0.995863965189804,0.989951536283013,0.847966609292705,0.998492841228318,0.875238341024357,0.826773394066169,0.985220766605989,0.988119328978891,0.993498234587533,0.990377789705614,0.939880926321575,0.94607437979749,0.988373260486589,0.967625088836332,0.996814163664813,0.838078152409702,0.942896136262876,0.951842670164933,0.756516230611391,0.89685242700817,0.945344609806112,0.926024290590951,0.654071219444079,0.989494596302615,0.93219158183476,0.989853021951562,0.998934248925388,0.966199786151759,0.906467850775787,0.917617435568902,0.980864821370429,0.991939704817908,0.683230408571876,0.986321176674268,0.997877658438895,0.990686067311631,0.967808499556245,0.877202126153615
"ZN680",0.986394977209318,0.955536645654718,0.947593649744214,0.894719798089916,0.993051074935235,0.975669848239195,0.889317871289028,0.997642323982606,0.928678855198497,0.764536737001102,0.952764418295083,0.950050933983112,0.662003664345096,0.908272047919019,0.932613217909234,0.900139948924108,0.984655622208857,0.988827490153761,0.885661743453292,0.97217093391293,0.999095159964312,0.987202435367148,0.99861028621524,0.980555847524161,0.855437225767489,0.975319210779389,0.961903178654453,0.704566016157698,0.890885771992403,0.993710394034828,0.872321472076047,0.931727212518015,0.468629463914283,0.844894401898285,0.786236788733452,0.969914650706507,0.992347904415653,0.988363431031518,0.998455946111541,0.956925904413183,0.984101290760488,0.973093972758853,0.946945539720435,0.969433608866267,0.981435414634829,0.852028155014214,0.979752278184448,0.982179468191324,0.994916494193982,0.987805594170962,0.953503440611872,0.955475932361871,0.804534740815082,0.995863965189804,0.989951536283013,0.715244458134789,0.980101264299953,0.868032124474214,0.992781620769719,0.838931324844496,0.715842819476998,0.993498234587533,0.971713762563523,0.984234806755631,0.913660504676599,0.988373260486589,0.96843940214429,0.995513768605802,0.530149607787517,0.897284217012306,0.438620660663474,0.891347651642839,0.995551743520484,0.923413972536273,0.951032514974819,0.990437744361063,0.917022638032017,0.853200179614868,0.989853021951562,0.851190265812694,0.966199786151759,0.707369971181906,0.850752105062305,0.669422035321428,0.991939704817908,0.952711007051769,0.872313350506836,0.944392000795748,0.98027184418834,0.9907628438926,0.877202126153615
"ZN708",0.887156503363573,0.990788876036112,0.951128054882931,0.942204020118885,0.9945355802403,0.975669848239195,0.887225347358921,0.997642323982606,0.438357668011001,0.949766520754501,0.909801387584842,0.932411114006156,0.94601536840562,0.820039256625232,0.977171034548471,0.971622349604294,0.984655622208857,0.988827490153761,0.99058315256204,0.994192243629987,0.999095159964312,0.774122459290519,0.966683700014475,0.922132358919962,0.855437225767489,0.941334919760945,0.959775506432681,0.927024010834999,0.974090514369836,0.823936785538625,0.821106198683598,0.966887719653955,0.946186152807806,0.97948132666151,0.997838186600327,0.977700076575794,0.992347904415653,0.939137124175805,0.923715826230562,0.872719864971119,0.984101290760488,0.792516250845295,0.953135273141489,0.753496079177978,0.762235694310729,0.903946752168944,0.979752278184448,0.963525285280965,0.93813155318891,0.987805594170962,0.991207470248358,0.997165731888309,0.953514749334272,0.995863965189804,0.989951536283013,0.999930601325353,0.980101264299953,0.868032124474214,0.943200499447946,0.985220766605989,0.715842819476998,0.993498234587533,0.971713762563523,0.984234806755631,0.945284716264053,0.988373260486589,0.927483497932125,0.995513768605802,0.997158043934157,0.920113644132705,0.980299449417113,0.780287410485362,0.995551743520484,0.88886492034253,0.493450013134281,0.984105140731236,0.9886606986213,0.93219158183476,0.958830339556458,0.958037618985202,0.966199786151759,0.985944647225575,0.996972845579443,0.980864821370429,0.991939704817908,0.862190992919273,0.872313350506836,0.948459277128848,0.971134227676763,0.967808499556245,0.981164257235732
"ZN768",0.877980954661452,0.918558571748293,0.947593649744214,0.882776828178774,0.993051074935235,0.996779823236091,0.895030492771348,0.91963038371847,0.928678855198497,0.963670657586378,0.763275188566716,0.970620442968246,0.797296895052693,0.820039256625232,0.890695894789885,0.936494039408071,0.984655622208857,0.896053856368311,0.99058315256204,0.964462440303351,0.999095159964312,0.774122459290519,0.99861028621524,0.980555847524161,0.968556137812539,0.91038569613036,0.961903178654453,0.950068774159519,0.971171435944564,0.971166699519229,0.963210127184389,0.931727212518015,0.867746027847679,0.894915791111121,0.997838186600327,0.969914650706507,0.992347904415653,0.939137124175805,0.998455946111541,0.817238328522705,0.984101290760488,0.955353139927338,0.897741372031196,0.712915087106866,0.936869811603042,0.960374117410912,0.994634615166526,0.987939730984027,0.994916494193982,0.987805594170962,0.991207470248358,0.997165731888309,0.945279690454232,0.995863965189804,0.945507133850049,0.991391016425405,0.980101264299953,0.875238341024357,0.826773394066169,0.985220766605989,0.988119328978891,0.993498234587533,0.971713762563523,0.984234806755631,0.881819501550649,0.988373260486589,0.967625088836332,0.995513768605802,0.997158043934157,0.954072026083131,0.438620660663474,0.458363808566575,0.995551743520484,0.948192055419925,0.951032514974819,0.610979888946006,0.947485018204864,0.951958037673,0.958830339556458,0.958037618985202,0.966199786151759,0.985944647225575,0.996972845579443,0.980864821370429,0.991939704817908,0.944837246949588,0.872313350506836,0.670946868740736,0.990686067311631,0.967808499556245,0.877202126153615
"ZN770",0.986394977209318,0.918558571748293,0.947593649744214,0.858203599862535,0.9945355802403,0.986613602878538,0.946426946724042,0.91963038371847,0.953259049403241,0.949766520754501,0.7503237586522,0.950050933983112,0.797296895052693,0.917064180399411,0.921807066807273,0.832246088417449,0.984655622208857,0.896053856368311,0.924508873658927,0.964462440303351,0.999095159964312,0.987202435367148,0.99861028621524,0.943348334276742,0.968556137812539,0.998438460887743,0.961903178654453,0.990835317716574,0.960504018870807,0.87709898306955,0.97720425892434,0.975436942380726,0.989440142572617,0.888989789581778,0.786236788733452,0.969914650706507,0.992347904415653,0.939137124175805,0.998455946111541,0.882533321070461,0.984101290760488,0.973093972758853,0.970378111955257,0.712915087106866,0.954288989685055,0.9794346231627,0.895597893402445,0.963525285280965,0.994916494193982,0.987805594170962,0.944637043169869,0.977870469565716,0.984526801803707,0.995863965189804,0.989951536283013,0.932418641376381,0.980101264299953,0.875238341024357,0.943200499447946,0.985220766605989,0.988119328978891,0.993498234587533,0.971713762563523,0.939880926321575,0.984638855034765,0.988373260486589,0.808798809581662,0.995513768605802,0.784403672601075,0.942896136262876,0.978821391386196,0.927515913459728,0.995551743520484,0.945344609806112,0.951032514974819,0.932152283580124,0.947485018204864,0.95924467874855,0.958830339556458,0.755047141186348,0.966199786151759,0.985944647225575,0.718019998895096,0.980864821370429,0.991939704817908,0.683230408571876,0.872313350506836,0.670946868740736,0.971134227676763,0.473758452766982,0.877202126153615
"ZN816",0.986394977209318,0.918558571748293,0.947593649744214,0.912772177471214,0.90809762257842,0.975669848239195,0.889317871289028,0.997642323982606,0.935345030191237,0.963670657586378,0.957711887388816,0.970620442968246,0.956511723574256,0.931717377752509,0.910188660387542,0.884814099804975,0.984655622208857,0.896053856368311,0.99058315256204,0.994192243629987,0.905341078644845,0.987202435367148,0.979869908911865,0.922132358919962,0.968556137812539,0.837802539368329,0.961903178654453,0.990835317716574,0.971171435944564,0.971166699519229,0.980510260083611,0.971715580363368,0.989440142572617,0.924149186515097,0.711083290620083,0.970634530621718,0.992347904415653,0.939137124175805,0.998455946111541,0.929340292508978,0.984101290760488,0.973093972758853,0.997584902751906,0.940779924297115,0.981435414634829,0.865066279168024,0.979752278184448,0.963525285280965,0.994916494193982,0.987805594170962,0.944637043169869,0.997165731888309,0.930781226207666,0.995863965189804,0.979501353961341,0.999930601325353,0.980101264299953,0.95899511879242,0.943200499447946,0.985220766605989,0.988119328978891,0.806674639479842,0.971713762563523,0.984234806755631,0.990399816545978,0.988373260486589,0.980546577894919,0.995513768605802,0.994352231413074,0.897284217012306,0.438620660663474,0.943685486849178,0.983856571317042,0.923413972536273,0.98616398210002,0.984105140731236,0.989494596302615,0.95924467874855,0.989853021951562,0.998934248925388,0.966199786151759,0.622278943609863,0.718019998895096,0.92693009604249,0.991939704817908,0.683230408571876,0.929249134534264,0.667777245297695,0.78422873843094,0.967808499556245,0.971363551834291
"ZNF18",0.986394977209318,0.857118427113129,0.947593649744214,0.858203599862535,0.993051074935235,0.975669848239195,0.938714662903972,0.997642323982606,0.953848257280594,0.966210602314282,0.996491566585796,0.990274382885729,0.987380461405402,0.859406716787664,0.902524365553904,0.936494039408071,0.984655622208857,0.896053856368311,0.90788176639883,0.964462440303351,0.909477482001797,0.987202435367148,0.97242547511329,0.981724574081234,0.968556137812539,0.890162945175425,0.867261640870177,0.990835317716574,0.971171435944564,0.845666167233936,0.944048361440524,0.966887719653955,0.968076695185014,0.966668492903821,0.946968678098713,0.993660148751005,0.992347904415653,0.939137124175805,0.998455946111541,0.939540792300982,0.984101290760488,0.790016868729106,0.997584902751906,0.940779924297115,0.938061539016134,0.75485804189389,0.979752278184448,0.963525285280965,0.994916494193982,0.987805594170962,0.684781226814021,0.950789827633603,0.860607689234629,0.995863965189804,0.989951536283013,0.919526439624137,0.980101264299953,0.94373717920042,0.943200499447946,0.991089760214518,0.988119328978891,0.78889778988139,0.971713762563523,0.984234806755631,0.988606969494809,0.997727503411322,0.927483497932125,0.995513768605802,0.994352231413074,0.897284217012306,0.951842670164933,0.90626324561481,0.995551743520484,0.945344609806112,0.978938234280529,0.714984797108792,0.989494596302615,0.994277989946841,0.989853021951562,0.958037618985202,0.923959889611315,0.985944647225575,0.850752105062305,0.980864821370429,0.991939704817908,0.975081851317346,0.872313350506836,0.967282683680563,0.971134227676763,0.967808499556245,0.928722213024589
"ZNF41",0.770704479843731,0.955536645654718,0.947593649744214,0.973430754648277,0.993051074935235,0.986613602878538,0.683323774583192,0.997642323982606,0.910837365682611,0.949766520754501,0.763275188566716,0.932411114006156,0.913388238369117,0.945867638026436,0.931472389250484,0.848033855232376,0.984655622208857,0.896053856368311,0.99058315256204,0.964462440303351,0.909477482001797,0.992891495012891,0.99861028621524,0.980555847524161,0.855437225767489,0.870124459667124,0.961903178654453,0.873095838942213,0.971171435944564,0.845666167233936,0.970197499967041,0.931727212518015,0.989440142572617,0.920000827565719,0.813588541011079,0.969914650706507,0.992347904415653,0.939137124175805,0.923715826230562,0.928396465478573,0.984101290760488,0.955353139927338,0.897741372031196,0.928168299948116,0.981435414634829,0.9794346231627,0.940134200304475,0.963525285280965,0.994916494193982,0.987805594170962,0.684781226814021,0.950789827633603,0.945279690454232,0.995863965189804,0.989951536283013,0.670752206807916,0.980101264299953,0.875238341024357,0.943200499447946,0.985220766605989,0.897502908757806,0.993498234587533,0.971713762563523,0.984234806755631,0.764794364519733,0.997727503411322,0.927483497932125,0.995513768605802,0.994352231413074,0.907462002973117,0.951842670164933,0.756516230611391,0.995551743520484,0.767439534039727,0.951812089624309,0.850131945557062,0.989494596302615,0.853200179614868,0.989853021951562,0.958037618985202,0.966199786151759,0.985944647225575,0.850752105062305,0.980864821370429,0.991939704817908,0.975081851317346,0.884060705463468,0.838995739643002,0.924987026071527,0.967808499556245,0.98472653058245
"ZNF76",0.986394977209318,0.857118427113129,0.947593649744214,0.980482082971773,0.993051074935235,0.996779823236091,0.967391868238628,0.91963038371847,0.935345030191237,0.996558119154601,0.925056502501314,0.932411114006156,0.855835478562977,0.738772188151769,0.977171034548471,0.998004928307733,0.984655622208857,0.944565801982959,0.99058315256204,0.964462440303351,0.905341078644845,0.987202435367148,0.99861028621524,0.922132358919962,0.968556137812539,0.843218029515831,0.867261640870177,0.330851934243902,0.971171435944564,0.832416887263578,0.833677960467218,0.931727212518015,0.968076695185014,0.74419461953912,0.449756105766641,0.977164530167713,0.979470733537026,0.939137124175805,0.923715826230562,0.928396465478573,0.984101290760488,0.973093972758853,0.897741372031196,0.940779924297115,0.936869811603042,0.960374117410912,0.979752278184448,0.972853168679633,0.994916494193982,0.987805594170962,0.991207470248358,0.955475932361871,0.997173243351123,0.995863965189804,0.640205906355247,0.991391016425405,0.980101264299953,0.94373717920042,0.945147089959078,0.985220766605989,0.963023105015909,0.886175058394711,0.971713762563523,0.984234806755631,0.828125732598122,0.997727503411322,0.927483497932125,0.995513768605802,0.997158043934157,0.721753616177691,0.951842670164933,0.943685486849178,0.995551743520484,0.945344609806112,0.951812089624309,0.714984797108792,0.951483178731206,0.853200179614868,0.989853021951562,0.755047141186348,0.966199786151759,0.985944647225575,0.889028933304954,0.980864821370429,0.991939704817908,0.992208418615578,0.87777166437305,0.667777245297695,0.916049579868679,0.967808499556245,0.968510449003108
"ZNF85",0.958351826760967,0.918558571748293,0.947593649744214,0.894719798089916,0.993051074935235,0.975669848239195,0.927342373406292,0.997642323982606,0.953848257280594,0.958773310900584,0.909801387584842,0.932411114006156,0.881910347597752,0.908272047919019,0.557858377072272,0.900139948924108,0.995265929582112,0.800609360285232,0.99058315256204,0.994192243629987,0.545234019892952,0.987202435367148,0.99861028621524,0.981724574081234,0.855437225767489,0.998438460887743,0.961903178654453,0.966247035711916,0.933958372451839,0.566350723337146,0.883651697395464,0.931727212518015,0.968076695185014,0.796898489482247,0.989344918481461,0.969914650706507,0.992347904415653,0.972463323431817,0.995713670783137,0.817238328522705,0.984101290760488,0.973093972758853,0.897741372031196,0.987684775359363,0.840761902699729,0.865066279168024,0.689099331341797,0.980944817824441,0.994916494193982,0.991052831115261,0.903761582272964,0.950789827633603,0.959543692237942,0.995863965189804,0.989951536283013,0.919526439624137,0.980101264299953,0.875238341024357,0.943200499447946,0.985220766605989,0.877454927961444,0.763374093684956,0.971713762563523,0.984234806755631,0.709066600109638,0.988373260486589,0.96843940214429,0.995513768605802,0.994352231413074,0.914010769606531,0.951842670164933,0.943685486849178,0.995551743520484,0.947629768826814,0.926024290590951,0.770555057885379,0.339634019237606,0.901303818739319,0.958830339556458,0.755047141186348,0.636438540874775,0.985944647225575,0.996972845579443,0.92693009604249,0.918206634848659,0.765238549647428,0.98467220179463,0.930459851039869,0.977477336389352,0.967808499556245,0.988972555586579
"ZNF8",0.986394977209318,0.918558571748293,0.947593649744214,0.882776828178774,0.993051074935235,0.996779823236091,0.887225347358921,0.91963038371847,0.928678855198497,0.764536737001102,0.925056502501314,0.950050933983112,0.797296895052693,0.820039256625232,0.21929367537576,0.936494039408071,0.984655622208857,0.988827490153761,0.99058315256204,0.964462440303351,0.999095159964312,0.774122459290519,0.99861028621524,0.922132358919962,0.968556137812539,0.932415533244285,0.867261640870177,0.927024010834999,0.867203769661487,0.633549843002688,0.706691613426751,0.931727212518015,0.931930088845297,0.995146945380728,0.997838186600327,0.969914650706507,0.992347904415653,0.939137124175805,0.998455946111541,0.891238879881393,0.992554727183416,0.973093972758853,0.961934914564604,0.969433608866267,0.874159508233338,0.484892032503834,0.979752278184448,0.963525285280965,0.93813155318891,0.987805594170962,0.991207470248358,0.955475932361871,0.945279690454232,0.995863965189804,0.989951536283013,0.715244458134789,0.980101264299953,0.868032124474214,0.943200499447946,0.985220766605989,0.993211672142814,0.993498234587533,0.977309859739619,0.984234806755631,0.682796803258157,0.988373260486589,0.927483497932125,0.996814163664813,0.76792117897633,0.942896136262876,0.951842670164933,0.961479141516635,0.995551743520484,0.927996966567392,0.951032514974819,0.610979888946006,0.98770879757831,0.994277989946841,0.958830339556458,0.814157448429202,0.966199786151759,0.985944647225575,0.718019998895096,0.980864821370429,0.797527757506808,0.765238549647428,0.872313350506836,0.989124790809404,0.971134227676763,0.967808499556245,0.928722213024589
"ZSC22",0.800138486933973,0.990788876036112,0.947593649744214,0.858203599862535,0.9945355802403,0.975669848239195,0.887225347358921,0.997642323982606,0.928678855198497,0.958773310900584,0.925056502501314,0.950050933983112,0.94601536840562,0.908272047919019,0.890695894789885,0.89035310458809,0.987205796516758,0.896053856368311,0.99058315256204,0.964462440303351,0.999095159964312,0.987202435367148,0.99861028621524,0.922132358919962,0.855437225767489,0.91038569613036,0.859849887819882,0.927024010834999,0.849853294715191,0.967550640741809,0.945694450754716,0.931727212518015,0.867746027847679,0.924149186515097,0.895096958556606,0.969914650706507,0.992347904415653,0.939137124175805,0.998455946111541,0.939540792300982,0.984101290760488,0.955353139927338,0.976983292818177,0.987684775359363,0.874159508233338,0.960374117410912,0.994634615166526,0.963525285280965,0.994916494193982,0.987805594170962,0.991207470248358,0.955475932361871,0.945279690454232,0.995863965189804,0.990383692406554,0.991391016425405,0.980101264299953,0.967862150229712,0.826773394066169,0.985220766605989,0.988119328978891,0.993498234587533,0.971713762563523,0.984234806755631,0.988606969494809,0.997727503411322,0.975574394414862,0.995513768605802,0.994352231413074,0.942896136262876,0.996959494160813,0.943685486849178,0.856719732472307,0.923413972536273,0.951032514974819,0.984105140731236,0.947485018204864,0.967924559714292,0.989853021951562,0.958037618985202,0.966199786151759,0.730724592307955,0.917617435568902,0.980864821370429,0.991939704817908,0.683230408571876,0.872313350506836,0.776329152254369,0.971134227676763,0.967808499556245,0.908360961847712
"ZSC31",0.986394977209318,0.990788876036112,0.984243494060735,0.882776828178774,0.993051074935235,0.996779823236091,0.887225347358921,0.997642323982606,0.953848257280594,0.816409370817276,0.819304716638866,0.932411114006156,0.980785968901272,0.859406716787664,0.890695894789885,0.971622349604294,0.984655622208857,0.896053856368311,0.952080302576826,0.964462440303351,0.909477482001797,0.992891495012891,0.97242547511329,0.981724574081234,0.961654021584104,0.941334919760945,0.961903178654453,0.990835317716574,0.974839881950641,0.786536603412103,0.915910460843573,0.931727212518015,0.968076695185014,0.924149186515097,0.786236788733452,0.969914650706507,0.992347904415653,0.939137124175805,0.998455946111541,0.899318064047931,0.984101290760488,0.973093972758853,0.996326619629831,0.940779924297115,0.981435414634829,0.865066279168024,0.770756178702951,0.963525285280965,0.994916494193982,0.987805594170962,0.991207470248358,0.950789827633603,0.997173243351123,0.995863965189804,0.989951536283013,0.919526439624137,0.980101264299953,0.94373717920042,0.943200499447946,0.985220766605989,0.988119328978891,0.993498234587533,0.971713762563523,0.984234806755631,0.994426703220573,0.988373260486589,0.927483497932125,0.995513768605802,0.994352231413074,0.974488655174102,0.951842670164933,0.943685486849178,0.995551743520484,0.927996966567392,0.951812089624309,0.984105140731236,0.947485018204864,0.994277989946841,0.989853021951562,0.99766509142788,0.966199786151759,0.985944647225575,0.917617435568902,0.980864821370429,0.991939704817908,0.835514485761443,0.872313350506836,0.958040566620111,0.945888662884432,0.969531663763101,0.928722213024589
"TFGroup_1",0.986394977209318,0.857118427113129,0.947593649744214,0.858203599862535,0.997745043184193,0.986613602878538,0.887225347358921,0.997642323982606,0.907474945512666,0.855937101113342,0.909801387584842,0.950050933983112,0.797296895052693,0.9985214345201,0.948673474745681,0.884814099804975,0.984655622208857,0.919197738079447,0.562955720485224,0.964462440303351,0.999095159964312,0.987202435367148,0.99861028621524,0.981724574081234,0.968556137812539,0.91038569613036,0.961903178654453,0.845882976764147,0.867203769661487,0.901876525759061,0.915910460843573,0.966887719653955,0.989440142572617,0.97948132666151,0.989344918481461,0.969914650706507,0.992347904415653,0.939137124175805,0.998455946111541,0.727127586352172,0.984101290760488,0.790016868729106,0.897741372031196,0.987685121892081,0.975185247332817,0.244806825316367,0.940134200304475,0.963525285280965,0.994916494193982,0.987805594170962,0.944637043169869,0.955475932361871,0.997173243351123,0.995863965189804,0.989951536283013,0.922695520939815,0.980101264299953,0.94373717920042,0.943200499447946,0.985220766605989,0.988119328978891,0.993498234587533,0.971713762563523,0.984234806755631,0.764794364519733,0.988373260486589,0.927483497932125,0.995513768605802,0.375409113076968,0.907462002973117,0.951842670164933,0.943685486849178,0.856719732472307,0.884768371037053,0.973872051721356,0.984105140731236,0.981861044853555,0.967924559714292,0.989853021951562,0.851190265812694,0.986127848962059,0.985944647225575,0.850752105062305,0.980864821370429,0.991939704817908,0.833186209210505,0.873652815540163,0.667777245297695,0.944209149291317,0.967808499556245,0.928722213024589
"TFGroup_2",0.986394977209318,0.955536645654718,0.952708406144786,0.858203599862535,0.993051074935235,0.975669848239195,0.960684363631619,0.91963038371847,0.953848257280594,0.816409370817276,0.925056502501314,0.970620442968246,0.679214379890828,0.955385232066177,0.853472985768646,0.936494039408071,0.984655622208857,0.919197738079447,0.885661743453292,0.964462440303351,0.999095159964312,0.987202435367148,0.977639331469681,0.985005254474061,0.963200703005454,0.870124459667124,0.867261640870177,0.990835317716574,0.971171435944564,0.971166699519229,0.963210127184389,0.931727212518015,0.946186152807806,0.924149186515097,0.840607033495657,0.969914650706507,0.992347904415653,0.939137124175805,0.998455946111541,0.993189345703528,0.984101290760488,0.792516250845295,0.97280933616989,0.940779924297115,0.645783872977119,0.960374117410912,0.994634615166526,0.963525285280965,0.994916494193982,0.987805594170962,0.991207470248358,0.997165731888309,0.945279690454232,0.995863965189804,0.989951536283013,0.991391016425405,0.980101264299953,0.94373717920042,0.943200499447946,0.985220766605989,0.988119328978891,0.993498234587533,0.971713762563523,0.993473727260709,0.764794364519733,0.988373260486589,0.927483497932125,0.995513768605802,0.994352231413074,0.942896136262876,0.951842670164933,0.982495431617448,0.983856571317042,0.985336614376918,0.951032514974819,0.610979888946006,0.947485018204864,0.853200179614868,0.989853021951562,0.969531158909843,0.986127848962059,0.985944647225575,0.917617435568902,0.980864821370429,0.991939704817908,0.683230408571876,0.989762487092984,0.997877658438895,0.982621793928781,0.967808499556245,0.877202126153615
"TFGroup_3",0.751162201808141,0.918558571748293,0.947593649744214,0.858203599862535,0.993051074935235,0.986613602878538,0.887225347358921,0.997642323982606,0.928678855198497,0.982515213128969,0.819304716638866,0.970620442968246,0.883810598180788,0.908272047919019,0.582703653760721,0.884814099804975,0.984655622208857,0.896053856368311,0.99058315256204,0.964462440303351,0.999095159964312,0.987202435367148,0.97242547511329,0.980555847524161,0.855437225767489,0.938462642909275,0.961903178654453,0.990835317716574,0.890885771992403,0.845666167233936,0.980510260083611,0.967887530510029,0.94485800853194,0.605685250050286,0.997838186600327,0.969914650706507,0.992347904415653,0.939137124175805,0.923715826230562,0.882533321070461,0.984101290760488,0.955353139927338,0.897741372031196,0.940779924297115,0.874159508233338,0.999086280339018,0.889284775996501,0.963525285280965,0.994916494193982,0.987805594170962,0.991207470248358,0.955475932361871,0.997173243351123,0.995863965189804,0.989951536283013,0.991391016425405,0.980101264299953,0.94373717920042,0.943200499447946,0.985220766605989,0.988119328978891,0.993498234587533,0.971713762563523,0.984234806755631,0.984539072774321,0.988373260486589,0.927483497932125,0.995513768605802,0.994352231413074,0.942896136262876,0.951842670164933,0.756516230611391,0.983856571317042,0.937027554162116,0.951032514974819,0.680097601573273,0.947485018204864,0.994277989946841,0.989853021951562,0.944712911575616,0.980485820987665,0.958262811535281,0.917617435568902,0.980864821370429,0.991939704817908,0.935476846939921,0.872313350506836,0.989124790809404,0.924987026071527,0.967808499556245,0.877202126153615
"TFGroup_4",0.495684936588067,0.918558571748293,0.947593649744214,0.922039140095142,0.993051074935235,0.948233595053014,0.887225347358921,0.997642323982606,0.60560153213176,0.962726827183653,0.819304716638866,0.932411114006156,0.679214379890828,0.908272047919019,0.817185524626652,0.998004928307733,0.984655622208857,0.896053856368311,0.99058315256204,0.964462440303351,0.999095159964312,0.987202435367148,0.99861028621524,0.980555847524161,0.968556137812539,0.868944497042464,0.961903178654453,0.990835317716574,0.798844343793731,0.824230592886987,0.915910460843573,0.991381662827845,0.989440142572617,0.888989789581778,0.449756105766641,0.969914650706507,0.992347904415653,0.939137124175805,0.647916281426759,0.928396465478573,0.984101290760488,0.955353139927338,0.45662421089461,0.969433608866267,0.853888691267075,0.865066279168024,0.713371677502829,0.980944817824441,0.994916494193982,0.987805594170962,0.991207470248358,0.997165731888309,0.945279690454232,0.995863965189804,0.989951536283013,0.922695520939815,0.980101264299953,0.994749209792896,0.975628100573544,0.98396486935739,0.988119328978891,0.993498234587533,0.971713762563523,0.984234806755631,0.984539072774321,0.997727503411322,0.927483497932125,0.995513768605802,0.552696612907844,0.94492865281564,0.953067338383647,0.787711028445119,0.856719732472307,0.923413972536273,0.659252665845158,0.984105140731236,0.947485018204864,0.853200179614868,0.989853021951562,0.958037618985202,0.923959889611315,0.985944647225575,0.917617435568902,0.980864821370429,0.918206634848659,0.935476846939921,0.98467220179463,0.997877658438895,0.977647375957685,0.967808499556245,0.877202126153615
"TFGroup_5",0.986394977209318,0.955536645654718,0.950344890777525,0.858203599862535,0.993051074935235,0.975669848239195,0.967391868238628,0.91963038371847,0.953848257280594,0.816409370817276,0.909801387584842,0.932411114006156,0.94601536840562,0.820039256625232,0.932733862701068,0.884814099804975,0.984655622208857,0.988827490153761,0.99058315256204,0.964462440303351,0.999095159964312,0.987202435367148,0.99861028621524,0.980555847524161,0.961654021584104,0.786888906297653,0.961903178654453,0.940155331770075,0.971171435944564,0.786536603412103,0.883651697395464,0.669205646307178,0.867746027847679,0.507659464249031,0.530086405258279,0.970634530621718,0.992347904415653,0.939137124175805,0.998455946111541,0.727127586352172,0.984101290760488,0.790016868729106,0.97280933616989,0.981693541403064,0.981435414634829,0.960374117410912,0.994634615166526,0.963525285280965,0.994916494193982,0.987805594170962,0.991207470248358,0.950789827633603,0.945279690454232,0.995863965189804,0.989951536283013,0.883023559124872,0.980101264299953,0.931723038101577,0.943200499447946,0.985220766605989,0.988119328978891,0.993498234587533,0.990377789705614,0.984234806755631,0.94607437979749,0.997727503411322,0.927483497932125,0.995513768605802,0.452164369906096,0.907462002973117,0.951842670164933,0.458363808566575,0.995551743520484,0.909366557776252,0.951032514974819,0.984105140731236,0.993983228952742,0.994277989946841,0.989853021951562,0.755047141186348,0.980485820987665,0.985944647225575,0.917617435568902,0.980864821370429,0.717663559060028,0.765238549647428,0.872313350506836,0.670946868740736,0.971134227676763,0.967808499556245,0.98472653058245
"TFGroup_6",0.986394977209318,0.857118427113129,0.952708406144786,0.858203599862535,0.993051074935235,0.996779823236091,0.887225347358921,0.91963038371847,0.962717795250748,0.735355093809469,0.925056502501314,0.932411114006156,0.94601536840562,0.945867638026436,0.977171034548471,0.423468536290365,0.984655622208857,0.979881374316928,0.99058315256204,0.920355565056829,0.999095159964312,0.774122459290519,0.966683700014475,0.922132358919962,0.985685471833003,0.870124459667124,0.859849887819882,0.990835317716574,0.974839881950641,0.633549843002688,0.963210127184389,0.931727212518015,0.968076695185014,0.991399620333799,0.786236788733452,0.969914650706507,0.979470733537026,0.939137124175805,0.998455946111541,0.290103535442331,0.984101290760488,0.973093972758853,0.897741372031196,0.712915087106866,0.981435414634829,0.960374117410912,0.770756178702951,0.963525285280965,0.994916494193982,0.987805594170962,0.991207470248358,0.997165731888309,0.997173243351123,0.995863965189804,0.989951536283013,0.991391016425405,0.980101264299953,0.94373717920042,0.943200499447946,0.985220766605989,0.988119328978891,0.993498234587533,0.971713762563523,0.986083614283324,0.988606969494809,0.988373260486589,0.520880213484825,0.995513768605802,0.994352231413074,0.897284217012306,0.951842670164933,0.943685486849178,0.995551743520484,0.948192055419925,0.690166415941129,0.97955392152215,0.910025526737626,0.853200179614868,0.989853021951562,0.958037618985202,0.966199786151759,0.985944647225575,0.718019998895096,0.980864821370429,0.991939704817908,0.683230408571876,0.872313350506836,0.997877658438895,0.745502984670083,0.956544418311902,0.891203417926889
"TFGroup_7",0.877980954661452,0.955536645654718,0.947593649744214,0.928265802844048,0.554402404774506,0.975669848239195,0.887225347358921,0.91963038371847,0.962717795250748,0.982515213128969,0.550312731279554,0.932411114006156,0.797296895052693,0.922646624316981,0.932733862701068,0.848033855232376,0.984655622208857,0.988827490153761,0.885661743453292,0.994192243629987,0.999095159964312,0.987202435367148,0.99861028621524,0.922132358919962,0.855437225767489,0.941334919760945,0.961903178654453,0.848625747459131,0.971171435944564,0.832416887263578,0.848037920163378,0.98572910717834,0.991006704850301,0.920000827565719,0.997838186600327,0.969914650706507,0.979470733537026,0.939137124175805,0.998455946111541,0.816074358054574,0.984101290760488,0.973093972758853,0.897741372031196,0.969433608866267,0.981435414634829,0.994926066487553,0.979752278184448,0.995677600307021,0.735313127015836,0.987805594170962,0.944637043169869,0.955475932361871,0.95682369398201,0.995863965189804,0.979501353961341,0.532292601321141,0.980101264299953,0.94373717920042,0.943200499447946,0.985220766605989,0.769610632207273,0.996390105073579,0.971713762563523,0.984234806755631,0.913660504676599,0.997727503411322,0.927483497932125,0.995513768605802,0.784403672601075,0.920113644132705,0.951842670164933,0.756516230611391,0.995551743520484,0.937027554162116,0.571214101022942,0.974881004445255,0.993983228952742,0.994277989946841,0.989853021951562,0.958037618985202,0.966199786151759,0.985944647225575,0.850752105062305,0.92693009604249,0.991939704817908,0.935476846939921,0.986321176674268,0.251002301978854,0.989532967157512,0.922804970496992,0.891203417926889
"TFGroup_8",0.495684936588067,0.962939864886158,0.965808659363713,0.858203599862535,0.993051074935235,0.975669848239195,0.887225347358921,0.997642323982606,0.743965623942447,0.816409370817276,0.909801387584842,0.970620442968246,0.806672460643432,0.908272047919019,0.890695894789885,0.848033855232376,0.984655622208857,0.988827490153761,0.99058315256204,0.964462440303351,0.577036413742259,0.608089543636139,0.966683700014475,0.493918115374638,0.977310692522386,0.870124459667124,0.961903178654453,0.990835317716574,0.971171435944564,0.971166699519229,0.915910460843573,0.931727212518015,0.968076695185014,0.759591339249429,0.976438909121445,0.969914650706507,0.992347904415653,0.939137124175805,0.998455946111541,0.711982551243605,0.984101290760488,0.792516250845295,0.897741372031196,0.712915087106866,0.987727777676184,0.865066279168024,0.994634615166526,0.963525285280965,0.627833411147361,0.987805594170962,0.910445390655834,0.955475932361871,0.483602702657751,0.995863965189804,0.966600777938937,0.847966609292705,0.980101264299953,0.875238341024357,0.826773394066169,0.985220766605989,0.988119328978891,0.763374093684956,0.971713762563523,0.984234806755631,0.771796940714406,0.997727503411322,0.927483497932125,0.995513768605802,0.994352231413074,0.485026407151534,0.951842670164933,0.393204747734527,0.983856571317042,0.95942290198725,0.951032514974819,0.932152283580124,0.910025526737626,0.853200179614868,0.989853021951562,0.755047141186348,0.966199786151759,0.985944647225575,0.996972845579443,0.772809605080709,0.991939704817908,0.99709767216295,0.872313350506836,0.670946868740736,0.780337737128723,0.967808499556245,0.935108385949834
"TFGroup_9",0.986394977209318,0.897681665977836,0.996938175144315,0.973430754648277,0.993051074935235,0.975669848239195,0.926885262905832,0.997642323982606,0.910837365682611,0.931587950884921,0.467174043815802,0.976747464858168,0.662003664345096,0.891881151001983,0.900086747405105,0.884814099804975,0.984655622208857,0.903314829231661,0.99058315256204,0.964462440303351,0.999095159964312,0.989746800245068,0.966683700014475,0.981724574081234,0.968556137812539,0.969304547818722,0.961903178654453,0.707497777249463,0.971171435944564,0.87709898306955,0.883651697395464,0.98572910717834,0.989440142572617,0.995365897353285,0.786236788733452,0.969914650706507,0.992347904415653,0.939137124175805,0.923715826230562,0.987929856329299,0.984101290760488,0.790016868729106,0.897741372031196,0.880996613608916,0.981435414634829,0.960374117410912,0.994634615166526,0.963525285280965,0.994916494193982,0.987805594170962,0.991207470248358,0.955475932361871,0.852862305923107,0.995863965189804,0.989951536283013,0.999930601325353,0.980101264299953,0.94373717920042,0.943200499447946,0.985220766605989,0.988119328978891,0.993498234587533,0.971713762563523,0.984234806755631,0.881819501550649,0.988373260486589,0.927483497932125,0.995513768605802,0.994352231413074,0.907462002973117,0.95711289697916,0.867038730483896,0.995551743520484,0.945344609806112,0.951032514974819,0.932152283580124,0.947485018204864,0.994277989946841,0.989853021951562,0.858886896423863,0.986127848962059,0.985944647225575,0.718019998895096,0.988576864403412,0.991939704817908,0.683230408571876,0.989762487092984,0.989124790809404,0.944209149291317,0.967808499556245,0.877202126153615
"TFGroup_10",0.986394977209318,0.918558571748293,0.964400043150218,0.858203599862535,0.993051074935235,0.975669848239195,0.887225347358921,0.983640391594687,0.60560153213176,0.949766520754501,0.925056502501314,0.932411114006156,0.643322495226575,0.917064180399411,0.800677165963406,0.858662896639829,0.984655622208857,0.896053856368311,0.712577151607803,0.994192243629987,0.999095159964312,0.987202435367148,0.99861028621524,0.922132358919962,0.855437225767489,0.870124459667124,0.961903178654453,0.950068774159519,0.867203769661487,0.971166699519229,0.872321472076047,0.595131478220257,0.385946468600788,0.924149186515097,0.786236788733452,0.969914650706507,0.992347904415653,0.988363431031518,0.923715826230562,0.928396465478573,0.984101290760488,0.955353139927338,0.992321936713372,0.940779924297115,0.91866037840055,0.865066279168024,0.689099331341797,0.987939730984027,0.994916494193982,0.987805594170962,0.944637043169869,0.997165731888309,0.997173243351123,0.995863965189804,0.989951536283013,0.991391016425405,0.980101264299953,0.94373717920042,0.943200499447946,0.985220766605989,0.897502908757806,0.993498234587533,0.971713762563523,0.984234806755631,0.579913117343991,0.988373260486589,0.927483497932125,0.995513768605802,0.421875079718465,0.897284217012306,0.951842670164933,0.943685486849178,0.995551743520484,0.948192055419925,0.543293206741771,0.850721167989112,0.910025526737626,0.867469368921638,0.989853021951562,0.958037618985202,0.980485820987665,0.906467850775787,0.850752105062305,0.980864821370429,0.991939704817908,0.875749988180895,0.872313350506836,0.964972303096941,0.745502984670083,0.967808499556245,0.928722213024589
"TFGroup_11",0.791886203302405,0.918558571748293,0.947593649744214,0.912772177471214,0.993051074935235,0.975669848239195,0.938714662903972,0.91963038371847,0.438357668011001,0.949766520754501,0.816828621524504,0.932411114006156,0.980785968901272,0.908272047919019,0.977171034548471,0.936494039408071,0.984655622208857,0.896053856368311,0.913037282318539,0.964462440303351,0.999095159964312,0.989746800245068,0.99861028621524,0.994809061065822,0.968556137812539,0.837802539368329,0.961903178654453,0.888928235018118,0.971171435944564,0.971166699519229,0.821106198683598,0.931727212518015,0.968076695185014,0.888989789581778,0.997838186600327,0.969914650706507,0.992347904415653,0.939137124175805,0.999108958772964,0.939540792300982,0.997770063993804,0.993545077908671,0.953135273141489,0.712915087106866,0.981435414634829,0.938421360985624,0.979752278184448,0.995677600307021,0.994916494193982,0.987805594170962,0.944637043169869,0.950789827633603,0.997173243351123,0.995863965189804,0.989951536283013,0.847966609292705,0.980101264299953,0.94373717920042,0.943200499447946,0.792089126072693,0.988119328978891,0.831006853168697,0.971713762563523,0.984234806755631,0.934890562570466,0.988373260486589,0.993420796739225,0.995513768605802,0.784403672601075,0.988351021619896,0.951842670164933,0.923406579215979,0.995551743520484,0.945344609806112,0.951032514974819,0.954622589913256,0.947485018204864,0.994277989946841,0.989853021951562,0.851190265812694,0.966199786151759,0.985944647225575,0.983714036672971,0.980864821370429,0.991939704817908,0.931257479652177,0.98467220179463,0.958040566620111,0.924987026071527,0.9907628438926,0.877202126153615
"TFGroup_12",0.986394977209318,0.946492455389491,0.947593649744214,0.92496748057077,0.9945355802403,0.986613602878538,0.887225347358921,0.91963038371847,0.930577212648737,0.764536737001102,0.7503237586522,0.932411114006156,0.797296895052693,0.955385232066177,0.890695894789885,0.998639286142922,0.984655622208857,0.896053856368311,0.924508873658927,0.964462440303351,0.999095159964312,0.987202435367148,0.99861028621524,0.728177284928313,0.855437225767489,0.998438460887743,0.961903178654453,0.947716871810698,0.971171435944564,0.804739738507393,0.883651697395464,0.931727212518015,0.946186152807806,0.888989789581778,0.989344918481461,0.969914650706507,0.992347904415653,0.939137124175805,0.998455946111541,0.928396465478573,0.984101290760488,0.955353139927338,0.897741372031196,0.940779924297115,0.874159508233338,0.865066279168024,0.979752278184448,0.966002474175767,0.994916494193982,0.987805594170962,0.991207470248358,0.997165731888309,0.945279690454232,0.995863965189804,0.989951536283013,0.952830969065486,0.980101264299953,0.94373717920042,0.943200499447946,0.985220766605989,0.993033808220297,0.78889778988139,0.971713762563523,0.939880926321575,0.793479834901933,0.988373260486589,0.964018561275114,0.995513768605802,0.994352231413074,0.942896136262876,0.951842670164933,0.780287410485362,0.983856571317042,0.923413972536273,0.98616398210002,0.596486293818042,0.947485018204864,0.994277989946841,0.989853021951562,0.958037618985202,0.966199786151759,0.985944647225575,0.889028933304954,0.996698505721297,0.843683602583882,0.983894379497625,0.997674769797177,0.931310338786536,0.971134227676763,0.967808499556245,0.935108385949834
"TFGroup_13",0.986394977209318,0.955536645654718,0.951128054882931,0.894719798089916,0.993051074935235,0.986613602878538,0.887225347358921,0.969007609935838,0.953848257280594,0.816409370817276,0.819304716638866,0.939347879040839,0.900595532413162,0.955385232066177,0.902524365553904,0.936494039408071,0.984655622208857,0.988827490153761,0.99058315256204,0.97217093391293,0.921059002039997,0.987202435367148,0.99861028621524,0.981724574081234,0.968556137812539,0.932415533244285,0.967974607685349,0.990835317716574,0.971171435944564,0.971166699519229,0.706691613426751,0.991381662827845,0.968076695185014,0.973673426164194,0.786236788733452,0.969914650706507,0.992347904415653,0.939137124175805,0.998455946111541,0.928396465478573,0.984101290760488,0.973093972758853,0.920616796339362,0.940779924297115,0.981435414634829,0.960374117410912,0.889284775996501,0.963525285280965,0.994916494193982,0.987805594170962,0.991207470248358,0.955475932361871,0.997173243351123,0.995863965189804,0.989951536283013,0.847966609292705,0.980101264299953,0.94373717920042,0.943200499447946,0.985220766605989,0.988119328978891,0.806674639479842,0.971713762563523,0.939880926321575,0.881819501550649,0.997727503411322,0.927483497932125,0.995513768605802,0.994352231413074,0.942896136262876,0.996959494160813,0.756516230611391,0.856719732472307,0.928713083619271,0.951812089624309,0.896114263118191,0.910025526737626,0.853200179614868,0.989853021951562,0.958037618985202,0.966199786151759,0.985944647225575,0.996972845579443,0.980864821370429,0.991939704817908,0.900799828836079,0.929249134534264,0.931310338786536,0.944209149291317,0.473758452766982,0.891203417926889
"TFGroup_14",0.986394977209318,0.955536645654718,0.947593649744214,0.882776828178774,0.993051074935235,0.975669848239195,0.772745379845457,0.997642323982606,0.928678855198497,0.958773310900584,0.763275188566716,0.932411114006156,0.899549710425612,0.955385232066177,0.900086747405105,0.848033855232376,0.990717185731582,0.919197738079447,0.99058315256204,0.964462440303351,0.999095159964312,0.196994004533147,0.979869908911865,0.980555847524161,0.968556137812539,0.0943991134939349,0.959775506432681,0.489137691861448,0.971171435944564,0.633549843002688,0.883651697395464,0.595131478220257,0.989440142572617,0.920000827565719,0.777947671182239,0.969914650706507,0.992347904415653,0.939137124175805,0.923715826230562,0.290103535442331,0.984101290760488,0.955353139927338,0.997584902751906,0.940779924297115,0.981435414634829,0.474515425588148,0.917856618603392,0.980944817824441,0.994916494193982,0.987805594170962,0.684781226814021,0.955475932361871,0.945279690454232,0.995863965189804,0.989951536283013,0.847966609292705,0.980101264299953,0.94373717920042,0.943200499447946,0.985220766605989,0.988119328978891,0.993498234587533,0.100347316698138,0.984234806755631,0.952064791775931,0.988373260486589,0.998130676291224,0.995513768605802,0.994352231413074,0.920113644132705,0.951842670164933,0.825240658574226,0.856719732472307,0.923413972536273,0.951032514974819,0.802777433494305,0.917022638032017,0.787257836617444,0.989853021951562,0.985555626311404,0.980485820987665,0.707369971181906,0.977992978102156,0.859815782355133,0.717663559060028,0.885908624924664,0.98467220179463,0.667777245297695,0.924987026071527,0.922804970496992,0.877202126153615
"TFGroup_15",0.751162201808141,0.955536645654718,0.947593649744214,0.890434002618684,0.788613607153903,0.975669848239195,0.895030492771348,0.997642323982606,0.962717795250748,0.982515213128969,0.904207809302248,0.932411114006156,0.802313810046771,0.908272047919019,0.824120999749891,0.968262289607695,0.984655622208857,0.903314829231661,0.924508873658927,0.964462440303351,0.545234019892952,0.992891495012891,0.966683700014475,0.981724574081234,0.968556137812539,0.91038569613036,0.961903178654453,0.990835317716574,0.971171435944564,0.786987221048278,0.915910460843573,0.931727212518015,0.989440142572617,0.635309724386798,0.955029073011801,0.969914650706507,0.979470733537026,0.988363431031518,0.998455946111541,0.629201094076175,0.984101290760488,0.973093972758853,0.897741372031196,0.928168299948116,0.926596763669257,0.967029271004688,0.895597893402445,0.963525285280965,0.994916494193982,0.987805594170962,0.991207470248358,0.950789827633603,0.868111359534923,0.995863965189804,0.989951536283013,0.991391016425405,0.980101264299953,0.994749209792896,0.992781620769719,0.985220766605989,0.988119328978891,0.993498234587533,0.971713762563523,0.939880926321575,0.873494637455948,0.988373260486589,0.927483497932125,0.506146949865601,0.838078152409702,0.942896136262876,0.951842670164933,0.943685486849178,0.995551743520484,0.923413972536273,0.951032514974819,0.869079408436595,0.910025526737626,0.95924467874855,0.958830339556458,0.969531158909843,0.966199786151759,0.985944647225575,0.889028933304954,0.980864821370429,0.991939704817908,0.920386006799952,0.872313350506836,0.989124790809404,0.924987026071527,0.967808499556245,0.908360961847712
"TFGroup_16",0.977871189702737,0.918558571748293,0.947593649744214,0.939841238869053,0.993051074935235,0.975669848239195,0.887225347358921,0.974350324288928,0.930577212648737,0.958773310900584,0.925056502501314,0.950050933983112,0.956511723574256,0.955385232066177,0.890695894789885,0.936494039408071,0.984655622208857,0.896053856368311,0.99058315256204,0.964462440303351,0.999095159964312,0.989746800245068,0.966683700014475,0.985005254474061,0.968556137812539,0.998438460887743,0.961903178654453,0.489137691861448,0.971171435944564,0.586680063989942,0.821106198683598,0.931727212518015,0.989440142572617,0.903371808337701,0.997838186600327,0.969914650706507,0.979470733537026,0.939137124175805,0.998455946111541,0.711982551243605,0.984101290760488,0.973093972758853,0.967448284553303,0.940779924297115,0.936869811603042,0.700758770896343,0.994634615166526,0.987939730984027,0.994916494193982,0.987805594170962,0.944637043169869,0.817578722873247,0.793901871118511,0.995863965189804,0.989951536283013,0.847966609292705,0.980101264299953,0.875238341024357,0.943200499447946,0.985220766605989,0.988119328978891,0.996390105073579,0.971713762563523,0.984234806755631,0.984539072774321,0.988373260486589,0.967625088836332,0.995513768605802,0.991792469067612,0.942896136262876,0.989802478051808,0.756516230611391,0.995551743520484,0.798953509706559,0.951032514974819,0.984105140731236,0.947485018204864,0.93219158183476,0.958830339556458,0.829628639674027,0.966199786151759,0.985944647225575,0.850752105062305,0.92693009604249,0.991939704817908,0.833186209210505,0.872313350506836,0.838995739643002,0.971134227676763,0.740779702693251,0.988972555586579
"TFGroup_17",0.986394977209318,0.959188045762339,0.947593649744214,0.823325093955788,0.993051074935235,0.975669848239195,0.926885262905832,0.997642323982606,0.953848257280594,0.966210602314282,0.467174043815802,0.932411114006156,0.95014564817012,0.820039256625232,0.928691064427631,0.884814099804975,0.984655622208857,0.896053856368311,0.804294807322805,0.964462440303351,0.999095159964312,0.987202435367148,0.966683700014475,0.922132358919962,0.968556137812539,0.941334919760945,0.961903178654453,0.990835317716574,0.971171435944564,0.845666167233936,0.83637286284149,0.969166474157647,0.989440142572617,0.635309724386798,0.997838186600327,0.969914650706507,0.979470733537026,0.939137124175805,0.998455946111541,0.928396465478573,0.984101290760488,0.973093972758853,0.897741372031196,0.712915087106866,0.987727777676184,0.9794346231627,0.979752278184448,0.987939730984027,0.994916494193982,0.987805594170962,0.991207470248358,0.955475932361871,0.655428471440514,0.995863965189804,0.640205906355247,0.991391016425405,0.980101264299953,0.94373717920042,0.943200499447946,0.985220766605989,0.988119328978891,0.993498234587533,0.9834619833262,0.976467059468737,0.988606969494809,0.988373260486589,0.927483497932125,0.995513768605802,0.991792469067612,0.977752450733265,0.951842670164933,0.911392066726267,0.995551743520484,0.937027554162116,0.951032514974819,0.654071219444079,0.981861044853555,0.853200179614868,0.989853021951562,0.829628639674027,0.636438540874775,0.985944647225575,0.917617435568902,0.980864821370429,0.991939704817908,0.833186209210505,0.872313350506836,0.948459277128848,0.916049579868679,0.607710050842997,0.891203417926889
"TFGroup_18",0.986394977209318,0.918558571748293,0.947593649744214,0.858203599862535,0.993051074935235,0.948233595053014,0.887225347358921,0.997642323982606,0.928678855198497,0.949766520754501,0.137239604273222,0.950050933983112,0.636165367567905,0.955425296943048,0.557858377072272,0.936494039408071,0.943356386998721,0.944565801982959,0.890524435572661,0.964462440303351,0.999095159964312,0.608089543636139,0.979869908911865,0.981724574081234,0.855437225767489,0.948909227522311,0.961903178654453,0.998854530994497,0.798844343793731,0.566350723337146,0.706691613426751,0.971715580363368,0.968076695185014,0.433141782006125,0.449756105766641,0.969914650706507,0.992347904415653,0.939137124175805,0.998455946111541,0.995664468469673,0.984101290760488,0.973093972758853,0.972142525306588,0.224506423215121,0.762235694310729,0.991537372579938,0.874012334370715,0.963525285280965,0.994916494193982,0.987805594170962,0.803997406233862,0.950789827633603,0.945279690454232,0.995863965189804,0.8970806034839,0.889259977349343,0.980101264299953,0.875238341024357,0.943200499447946,0.985220766605989,0.988119328978891,0.993498234587533,0.971713762563523,0.984234806755631,0.976448333151486,0.988373260486589,0.520880213484825,0.995513768605802,0.994352231413074,0.721753616177691,0.996959494160813,0.787711028445119,0.995551743520484,0.945344609806112,0.951032514974819,0.932152283580124,0.947485018204864,0.853200179614868,0.989853021951562,0.99766509142788,0.966199786151759,0.987781193939386,0.968354005074252,0.980864821370429,0.918206634848659,0.683230408571876,0.872313350506836,0.774456051577061,0.944209149291317,0.967808499556245,0.928722213024589
"TFGroup_19",0.986394977209318,0.860651265090575,0.951128054882931,0.894719798089916,0.993051074935235,0.996779823236091,0.887225347358921,0.997642323982606,0.953848257280594,0.816409370817276,0.998469980913838,0.932411114006156,0.643322495226575,0.955385232066177,0.977171034548471,0.936494039408071,0.984655622208857,0.912915824917578,0.924508873658927,0.964462440303351,0.999095159964312,0.987202435367148,0.479390379793244,0.980555847524161,0.968556137812539,0.949251957459363,0.961903178654453,0.927024010834999,0.912861430142161,0.804739738507393,0.872321472076047,0.734873676098316,0.991006704850301,0.995146945380728,0.997838186600327,0.969914650706507,0.979470733537026,0.939137124175805,0.998455946111541,0.711982551243605,0.984101290760488,0.973093972758853,0.97280933616989,0.940779924297115,0.874159508233338,0.960374117410912,0.979752278184448,0.963525285280965,0.994916494193982,0.987805594170962,0.983423390456957,0.955475932361871,0.997173243351123,0.995863965189804,0.989951536283013,0.991391016425405,0.998492841228318,0.868032124474214,0.943200499447946,0.792089126072693,0.988119328978891,0.993498234587533,0.971713762563523,0.939880926321575,0.990399816545978,0.988373260486589,0.927483497932125,0.995513768605802,0.784403672601075,0.942896136262876,0.438620660663474,0.756516230611391,0.983856571317042,0.945344609806112,0.926024290590951,0.984105140731236,0.947485018204864,0.994277989946841,0.958830339556458,0.829628639674027,0.966199786151759,0.985944647225575,0.917617435568902,0.980864821370429,0.918206634848659,0.900799828836079,0.872313350506836,0.776329152254369,0.922349145792783,0.659220591717781,0.877202126153615
"TFGroup_20",0.986394977209318,0.918558571748293,0.947593649744214,0.858203599862535,0.788613607153903,0.951321065676094,0.772745379845457,0.997642323982606,0.438357668011001,0.996558119154601,0.909801387584842,0.970620442968246,0.94601536840562,0.91306812193664,0.931472389250484,0.936494039408071,0.984655622208857,0.988827490153761,0.924508873658927,0.964462440303351,0.999095159964312,0.987202435367148,0.99861028621524,0.981724574081234,0.968556137812539,0.926234344654346,0.867261640870177,0.990835317716574,0.798844343793731,0.83151612602438,0.915910460843573,0.971715580363368,0.94485800853194,0.888989789581778,0.997838186600327,0.969914650706507,0.992347904415653,0.939137124175805,0.998455946111541,0.499828977752637,0.984101290760488,0.955353139927338,0.897741372031196,0.749048320924026,0.938061539016134,0.991537372579938,0.979752278184448,0.963525285280965,0.994916494193982,0.987805594170962,0.991207470248358,0.950789827633603,0.875335192423335,0.995863965189804,0.8970806034839,0.875128632870572,0.980101264299953,0.94373717920042,0.987971775024644,0.95918612091532,0.988119328978891,0.311701297005343,0.971713762563523,0.984234806755631,0.709066600109638,0.988373260486589,0.47248966639205,0.995513768605802,0.994352231413074,0.872894281320799,0.951842670164933,0.943685486849178,0.89685242700817,0.88886492034253,0.926024290590951,0.984105140731236,0.989494596302615,0.93219158183476,0.989853021951562,0.829628639674027,0.966199786151759,0.985944647225575,0.94483389264495,0.980864821370429,0.991939704817908,0.900799828836079,0.872313350506836,0.975976957372285,0.944209149291317,0.967808499556245,0.908360961847712
"TFGroup_21",0.766405550348004,0.955536645654718,0.947593649744214,0.970899760094527,0.993051074935235,0.981784642858486,0.887225347358921,0.945777343522167,0.953259049403241,0.855937101113342,0.467174043815802,0.950050933983112,0.679214379890828,0.995765153644671,0.900086747405105,0.998004928307733,0.984655622208857,0.972657693843207,0.924508873658927,0.964462440303351,0.999095159964312,0.987202435367148,0.909252682086895,0.922132358919962,0.968556137812539,0.870124459667124,0.867261640870177,0.759734648702705,0.849853294715191,0.976030134485823,0.821106198683598,0.98572910717834,0.989440142572617,0.844894401898285,0.549974914402707,0.996155406685953,0.979470733537026,0.939137124175805,0.998455946111541,0.989397892318536,0.984101290760488,0.973093972758853,0.897741372031196,0.753496079177978,0.762235694310729,0.852028155014214,0.744857049043214,0.963525285280965,0.93813155318891,0.987805594170962,0.991207470248358,0.950789827633603,0.997173243351123,0.995863965189804,0.989951536283013,0.91705712216469,0.980101264299953,0.94373717920042,0.943200499447946,0.838931324844496,0.988119328978891,0.993498234587533,0.971713762563523,0.984234806755631,0.709066600109638,0.988373260486589,0.927483497932125,0.995513768605802,0.991792469067612,0.721753616177691,0.963356344155868,0.756516230611391,0.983856571317042,0.945344609806112,0.951032514974819,0.859152796931786,0.910025526737626,0.951958037673,0.958830339556458,0.891329809525678,0.966199786151759,0.985944647225575,0.850752105062305,0.980864821370429,0.991939704817908,0.944837246949588,0.98467220179463,0.997877658438895,0.990686067311631,0.967808499556245,0.935108385949834
"TFGroup_22",0.870378384729293,0.918558571748293,0.947593649744214,0.953345901246377,0.9945355802403,0.996779823236091,0.946426946724042,0.91963038371847,0.821171734275466,0.982515213128969,0.638736608825724,0.970620442968246,0.662003664345096,0.995765153644671,0.921807066807273,0.975014823128371,0.984655622208857,0.988827490153761,0.885661743453292,0.964462440303351,0.999095159964312,0.987202435367148,0.966683700014475,0.981724574081234,0.968556137812539,0.926234344654346,0.961903178654453,0.990835317716574,0.809848204367742,0.976030134485823,0.987927434881289,0.976215961291464,0.989440142572617,0.609102090771444,0.997838186600327,0.969914650706507,0.979470733537026,0.939137124175805,0.998455946111541,0.736409133031386,0.984101290760488,0.790016868729106,0.897741372031196,0.969433608866267,0.938061539016134,0.9794346231627,0.994634615166526,0.963525285280965,0.93813155318891,0.987805594170962,0.944637043169869,0.950789827633603,0.930781226207666,0.995863965189804,0.989951536283013,0.847966609292705,0.980101264299953,0.94373717920042,0.943200499447946,0.985220766605989,0.988119328978891,0.993498234587533,0.971713762563523,0.984234806755631,0.765213594222044,0.988373260486589,0.998130676291224,0.995513768605802,0.994352231413074,0.52303784906316,0.951842670164933,0.982495431617448,0.995551743520484,0.945344609806112,0.951032514974819,0.850721167989112,0.947485018204864,0.994277989946841,0.989853021951562,0.755047141186348,0.967711948508218,0.490439266122685,0.850752105062305,0.980864821370429,0.805596294455955,0.683230408571876,0.872313350506836,0.997877658438895,0.971134227676763,0.967808499556245,0.928722213024589
"TFGroup_23",0.975807092120632,0.918558571748293,0.947593649744214,0.627978999586253,0.9945355802403,0.975669848239195,0.887225347358921,0.997642323982606,0.928678855198497,0.685572835544,0.7503237586522,0.950050933983112,0.95014564817012,0.995765153644671,0.977171034548471,0.936494039408071,0.984655622208857,0.988827490153761,0.885661743453292,0.964462440303351,0.929633209122209,0.774122459290519,0.99861028621524,0.922132358919962,0.968556137812539,0.926234344654346,0.959775506432681,0.947716871810698,0.912861430142161,0.736051253822302,0.821106198683598,0.971715580363368,0.968076695185014,0.924149186515097,0.548431063096385,0.969914650706507,0.992347904415653,0.988363431031518,0.923715826230562,0.912202242262841,0.984101290760488,0.985431949759556,0.97280933616989,0.940779924297115,0.981435414634829,0.474515425588148,0.689099331341797,0.963525285280965,0.994916494193982,0.987805594170962,0.684781226814021,0.955475932361871,0.997173243351123,0.995863965189804,0.990383692406554,0.922695520939815,0.980101264299953,0.94373717920042,0.982753253705781,0.985220766605989,0.988119328978891,0.993498234587533,0.971713762563523,0.984234806755631,0.961148357082013,0.997727503411322,0.998909549625551,0.995513768605802,0.994352231413074,0.907462002973117,0.951842670164933,0.780287410485362,0.440944395445531,0.923413972536273,0.951032514974819,0.680097601573273,0.917022638032017,0.853200179614868,0.958830339556458,0.989896289397541,0.966199786151759,0.985944647225575,0.917617435568902,0.988576864403412,0.991939704817908,0.935476846939921,0.981520729892843,0.948459277128848,0.971134227676763,0.967808499556245,0.877202126153615
"TFGroup_24",0.986394977209318,0.918558571748293,0.985919598476509,0.858203599862535,0.9945355802403,0.975669848239195,0.887225347358921,0.997642323982606,0.928678855198497,0.949766520754501,0.819304716638866,0.961802454806129,0.980785968901272,0.908272047919019,0.711470894006451,0.928316348345948,0.984655622208857,0.957344996383534,0.99058315256204,0.994192243629987,0.959869120112194,0.987202435367148,0.99861028621524,0.728177284928313,0.961654021584104,0.998438460887743,0.961903178654453,0.990835317716574,0.960737976989517,0.832416887263578,0.706691613426751,0.991381662827845,0.892151867775626,0.924149186515097,0.997838186600327,0.969914650706507,0.992347904415653,0.939137124175805,0.998455946111541,0.928396465478573,0.984101290760488,0.955353139927338,0.970378111955257,0.712915087106866,0.981435414634829,0.865066279168024,0.979752278184448,0.963525285280965,0.994916494193982,0.987805594170962,0.944637043169869,0.997492117805573,0.945279690454232,0.995863965189804,0.989951536283013,0.248823128523077,0.980101264299953,0.931723038101577,0.987971775024644,0.792089126072693,0.988119328978891,0.993498234587533,0.971713762563523,0.984234806755631,0.805750099181331,0.997727503411322,0.967625088836332,0.995513768605802,0.991792469067612,0.952941875955282,0.951842670164933,0.811375852598385,0.856719732472307,0.767439534039727,0.926024290590951,0.764017040458086,0.989494596302615,0.817956763979851,0.989853021951562,0.872573363450941,0.987936601767119,0.985944647225575,0.917617435568902,0.980864821370429,0.717663559060028,0.931257479652177,0.872313350506836,0.964972303096941,0.990686067311631,0.967808499556245,0.891203417926889
"TFGroup_25",0.843923668459012,0.955536645654718,0.964400043150218,0.970899760094527,0.993051074935235,0.975669848239195,0.887225347358921,0.997642323982606,0.743965623942447,0.855937101113342,0.909801387584842,0.970620442968246,0.797296895052693,0.945867638026436,0.900086747405105,0.936494039408071,0.984655622208857,0.988827490153761,0.924508873658927,0.964462440303351,0.999095159964312,0.829763204110592,0.909252682086895,0.728177284928313,0.997933630242087,0.941334919760945,0.959775506432681,0.990835317716574,0.944162997315518,0.971166699519229,0.988025054041144,0.991381662827845,0.946186152807806,0.940128317021276,0.480004660711642,0.969914650706507,0.992347904415653,0.939137124175805,0.923715826230562,0.290103535442331,0.984101290760488,0.973093972758853,0.897741372031196,0.712915087106866,0.853888691267075,0.938421360985624,0.994634615166526,0.963525285280965,0.994916494193982,0.997631001777998,0.944637043169869,0.950789827633603,0.997173243351123,0.995863965189804,0.989951536283013,0.991391016425405,0.980101264299953,0.94373717920042,0.939187380035953,0.985220766605989,0.877454927961444,0.996390105073579,0.971713762563523,0.906694197413484,0.682796803258157,0.988373260486589,0.944857838971538,0.995513768605802,0.991792469067612,0.988351021619896,0.951842670164933,0.780287410485362,0.983856571317042,0.923413972536273,0.926024290590951,0.974881004445255,0.947485018204864,0.994277989946841,0.989853021951562,0.829628639674027,0.966199786151759,0.985944647225575,0.850752105062305,0.980864821370429,0.991939704817908,0.748026956331138,0.872313350506836,0.670946868740736,0.838532253214587,0.967808499556245,0.953551951183984
"TFGroup_26",0.986394977209318,0.955536645654718,0.947593649744214,0.858203599862535,0.993051074935235,0.948233595053014,0.887225347358921,0.974350324288928,0.60560153213176,0.958773310900584,0.700107188089705,0.932411114006156,0.808110935602451,0.820039256625232,0.977171034548471,0.998004928307733,0.984655622208857,0.896053856368311,0.507139956410584,0.964462440303351,0.999095159964312,0.992891495012891,0.966683700014475,0.935967670021325,0.961654021584104,0.868944497042464,0.859849887819882,0.990835317716574,0.890885771992403,0.786536603412103,0.945299786231499,0.971715580363368,0.968076695185014,0.888989789581778,0.549974914402707,0.977164530167713,0.992347904415653,0.939137124175805,0.998455946111541,0.939540792300982,0.984101290760488,0.955353139927338,0.976983292818177,0.969433608866267,0.981435414634829,0.554742210730782,0.979752278184448,0.963525285280965,0.994916494193982,0.987805594170962,0.991207470248358,0.955475932361871,0.997173243351123,0.995863965189804,0.989951536283013,0.991391016425405,0.980101264299953,0.94373717920042,0.943200499447946,0.985220766605989,0.988119328978891,0.886175058394711,0.971713762563523,0.984234806755631,0.709066600109638,0.950737190632857,0.967625088836332,0.995513768605802,0.994352231413074,0.907462002973117,0.951842670164933,0.943685486849178,0.995551743520484,0.927996966567392,0.602242608515258,0.373857892464469,0.993983228952742,0.994277989946841,0.958830339556458,0.886885134733284,0.966199786151759,0.985944647225575,0.962671688599201,0.980864821370429,0.991939704817908,0.935476846939921,0.98467220179463,0.958040566620111,0.782392572355942,0.967808499556245,0.988972555586579
"TFGroup_27",0.986394977209318,0.990788876036112,0.974513846701832,0.991524320397964,0.993051074935235,0.996779823236091,0.887225347358921,0.997642323982606,0.962717795250748,0.764536737001102,0.91867951683344,0.970620442968246,0.883810598180788,0.859406716787664,0.921807066807273,0.950112534218004,0.984655622208857,0.896053856368311,0.99058315256204,0.964462440303351,0.999095159964312,0.992891495012891,0.966683700014475,0.994809061065822,0.968556137812539,0.91038569613036,0.867261640870177,0.990835317716574,0.809848204367742,0.976030134485823,0.821106198683598,0.991381662827845,0.946186152807806,0.9342335483199,0.786236788733452,0.969914650706507,0.992347904415653,0.939137124175805,0.998455946111541,0.990644619335099,0.984101290760488,0.987955034194591,0.970378111955257,0.712915087106866,0.981435414634829,0.962666102927845,0.940134200304475,0.963525285280965,0.994916494193982,0.987805594170962,0.991207470248358,0.955475932361871,0.997173243351123,0.995863965189804,0.989951536283013,0.847966609292705,0.980101264299953,0.994468665126322,0.985327555643952,0.838931324844496,0.988119328978891,0.820972523037983,0.971713762563523,0.984234806755631,0.990399816545978,0.988373260486589,0.927483497932125,0.995513768605802,0.838078152409702,0.965001510831891,0.980319558497298,0.977578273618045,0.856719732472307,0.93889011080623,0.951032514974819,0.596486293818042,0.9886606986213,0.994277989946841,0.989853021951562,0.958037618985202,0.966199786151759,0.354468989967069,0.850752105062305,0.92693009604249,0.991939704817908,0.951047210046932,0.872313350506836,0.989124790809404,0.971134227676763,0.967808499556245,0.877202126153615
"TFGroup_28",0.986394977209318,0.955536645654718,0.947593649744214,0.882776828178774,0.993051074935235,0.877017025728669,0.91639806521397,0.997642323982606,0.928678855198497,0.772272220391627,0.819304716638866,0.974320273365786,0.956511723574256,0.931717377752509,0.502111302409017,0.936494039408071,0.984655622208857,0.896053856368311,0.99058315256204,0.964462440303351,0.999095159964312,0.987202435367148,0.99861028621524,0.922132358919962,0.977310692522386,0.975319210779389,0.967974607685349,0.927024010834999,0.849853294715191,0.989411506709096,0.980510260083611,0.595131478220257,0.989440142572617,0.605685250050286,0.777947671182239,0.969914650706507,0.992347904415653,0.939137124175805,0.998455946111541,0.440376528963697,0.984101290760488,0.790016868729106,0.970378111955257,0.753496079177978,0.981435414634829,0.852028155014214,0.940134200304475,0.963525285280965,0.994916494193982,0.987805594170962,0.991207470248358,0.997165731888309,0.945279690454232,0.995863965189804,0.834883536655946,0.847966609292705,0.998974761192956,0.94373717920042,0.943200499447946,0.914391465378166,0.897502908757806,0.993498234587533,0.971713762563523,0.984234806755631,0.952264642081159,0.988373260486589,0.927483497932125,0.995513768605802,0.991792469067612,0.914010769606531,0.951842670164933,0.816957511885139,0.995551743520484,0.948526257203303,0.659252665845158,0.984105140731236,0.947485018204864,0.994277989946841,0.989853021951562,0.957930225995731,0.987936601767119,0.985944647225575,0.718019998895096,0.980864821370429,0.991939704817908,0.975081851317346,0.995447290678798,0.997877658438895,0.922349145792783,0.967808499556245,0.877202126153615
"TFGroup_29",0.986394977209318,0.918558571748293,0.947593649744214,0.858203599862535,0.993051074935235,0.975669848239195,0.895030492771348,0.997642323982606,0.96572761147108,0.958773310900584,0.819304716638866,0.950050933983112,0.94601536840562,0.955425296943048,0.853472985768646,0.832246088417449,0.766117129339822,0.972657693843207,0.99058315256204,0.964462440303351,0.999095159964312,0.987202435367148,0.979869908911865,0.922132358919962,0.968556137812539,0.870124459667124,0.867261640870177,0.833310915305093,0.971171435944564,0.80482733359295,0.939415165612956,0.810398936026531,0.45143607105245,0.97948132666151,0.946968678098713,0.969914650706507,0.992347904415653,0.939137124175805,0.998455946111541,0.597062914318808,0.984101290760488,0.993545077908671,0.897741372031196,0.712915087106866,0.981435414634829,0.9794346231627,0.979752278184448,0.963525285280965,0.994916494193982,0.987805594170962,0.944637043169869,0.955475932361871,0.852862305923107,0.995863965189804,0.8970806034839,0.847966609292705,0.980101264299953,0.55505775016741,0.943200499447946,0.792807302141648,0.988119328978891,0.820972523037983,0.990377789705614,0.984234806755631,0.965467617868542,0.997727503411322,0.967625088836332,0.995513768605802,0.741755770914292,0.721753616177691,0.951842670164933,0.943685486849178,0.856719732472307,0.923413972536273,0.973872051721356,0.850131945557062,0.947485018204864,0.787257836617444,0.958830339556458,0.98593641264299,0.975259599704831,0.985944647225575,0.718019998895096,0.980864821370429,0.991939704817908,0.862190992919273,0.872313350506836,0.919674498578426,0.944209149291317,0.974085815756161,0.877202126153615
"TFGroup_30",0.986394977209318,0.990788876036112,0.951128054882931,0.858203599862535,0.9945355802403,0.996779823236091,0.887225347358921,0.91963038371847,0.953259049403241,0.963670657586378,0.763275188566716,0.932411114006156,0.662003664345096,0.820039256625232,0.977171034548471,0.884814099804975,0.984655622208857,0.896053856368311,0.712577151607803,0.964462440303351,0.999095159964312,0.608089543636139,0.99861028621524,0.922132358919962,0.961654021584104,0.941334919760945,0.959775506432681,0.950068774159519,0.965049162760353,0.269705470538499,0.915910460843573,0.966887719653955,0.989440142572617,0.995146945380728,0.711083290620083,0.996155406685953,0.992347904415653,0.939137124175805,0.998455946111541,0.928396465478573,0.984101290760488,0.973093972758853,0.897741372031196,0.928168299948116,0.938061539016134,0.960374117410912,0.770756178702951,0.963525285280965,0.997204979193665,0.987805594170962,0.991207470248358,0.955475932361871,0.945279690454232,0.995863965189804,0.989951536283013,0.847966609292705,0.980101264299953,0.868032124474214,0.943200499447946,0.985220766605989,0.895443803414711,0.78889778988139,0.971713762563523,0.984234806755631,0.934890562570466,0.988373260486589,0.927483497932125,0.995513768605802,0.838078152409702,0.981726194187198,0.951842670164933,0.756516230611391,0.995551743520484,0.767439534039727,0.926024290590951,0.839969399663688,0.947485018204864,0.817956763979851,0.989853021951562,0.886885134733284,0.966199786151759,0.985944647225575,0.912888444519457,0.980864821370429,0.991939704817908,0.866790396744957,0.98467220179463,0.989124790809404,0.924987026071527,0.839520339387191,0.877202126153615
"TFGroup_31",0.975807092120632,0.918558571748293,0.947593649744214,0.970899760094527,0.993051074935235,0.975669848239195,0.895030492771348,0.966982123206878,0.953848257280594,0.982515213128969,0.819304716638866,0.950050933983112,0.797296895052693,0.917064180399411,0.977171034548471,0.971622349604294,0.984655622208857,0.919197738079447,0.924508873658927,0.97217093391293,0.929633209122209,0.992891495012891,0.99861028621524,0.728177284928313,0.968556137812539,0.870124459667124,0.961903178654453,0.884719809708207,0.971171435944564,0.971166699519229,0.941600681478244,0.931727212518015,0.989894180530529,0.97948132666151,0.997838186600327,0.969914650706507,0.992347904415653,0.988371817855159,0.923715826230562,0.727127586352172,0.984101290760488,0.973093972758853,0.953135273141489,0.793861471944479,0.981435414634829,0.9794346231627,0.874012334370715,0.980944817824441,0.994916494193982,0.987805594170962,0.991207470248358,0.950789827633603,0.945279690454232,0.99923845262546,0.8970806034839,0.991391016425405,0.980101264299953,0.994749209792896,0.943200499447946,0.985220766605989,0.988119328978891,0.993498234587533,0.971713762563523,0.984234806755631,0.990399816545978,0.988373260486589,0.96843940214429,0.995513768605802,0.889887089977387,0.942896136262876,0.951842670164933,0.787711028445119,0.995551743520484,0.923413972536273,0.951032514974819,0.610979888946006,0.920298390509237,0.951958037673,0.989853021951562,0.891329809525678,0.966199786151759,0.985944647225575,0.850752105062305,0.908378636362469,0.997621837836507,0.76544097695829,0.991785140476977,0.997877658438895,0.98027184418834,0.967808499556245,0.877202126153615
"TFGroup_32",0.975807092120632,0.955536645654718,0.947593649744214,0.858203599862535,0.9945355802403,0.986613602878538,0.887225347358921,0.997642323982606,0.935345030191237,0.855937101113342,0.7503237586522,0.932411114006156,0.94601536840562,0.955385232066177,0.932733862701068,0.936494039408071,0.984655622208857,0.988827490153761,0.885661743453292,0.964462440303351,0.999095159964312,0.992891495012891,0.966683700014475,0.985005254474061,0.855437225767489,0.870124459667124,0.959775506432681,0.950068774159519,0.809848204367742,0.982242891465237,0.963210127184389,0.992717874348312,0.989894180530529,0.894915791111121,0.997838186600327,0.969914650706507,0.992347904415653,0.939137124175805,0.998455946111541,0.597062914318808,0.984101290760488,0.973093972758853,0.953135273141489,0.940779924297115,0.954749508893357,0.852028155014214,0.986475681576026,0.963525285280965,0.994916494193982,0.987805594170962,0.991207470248358,0.955475932361871,0.655428471440514,0.995863965189804,0.989951536283013,0.999930601325353,0.980101264299953,0.94373717920042,0.959478424488768,0.985220766605989,0.988119328978891,0.993498234587533,0.971713762563523,0.984234806755631,0.873494637455948,0.988373260486589,0.999042545761281,0.995513768605802,0.994352231413074,0.721753616177691,0.951842670164933,0.816957511885139,0.995551743520484,0.945344609806112,0.951812089624309,0.974881004445255,0.947485018204864,0.853200179614868,0.958830339556458,0.99766509142788,0.966199786151759,0.985944647225575,0.850752105062305,0.502616651107222,0.991939704817908,0.900799828836079,0.872313350506836,0.989124790809404,0.78422873843094,0.967808499556245,0.988972555586579
"TFGroup_33",0.986394977209318,0.990788876036112,0.947593649744214,0.939841238869053,0.993051074935235,0.986613602878538,0.967391868238628,0.997642323982606,0.984664711951676,0.828265597745942,0.208715835172363,0.932411114006156,0.797296895052693,0.917064180399411,0.900086747405105,0.936494039408071,0.984655622208857,0.896053856368311,0.885661743453292,0.964462440303351,0.953499043165816,0.987202435367148,0.97242547511329,0.822656097960492,0.977310692522386,0.933512343664194,0.961903178654453,0.888928235018118,0.809848204367742,0.896809311672426,0.988025054041144,0.991381662827845,0.968076695185014,0.888989789581778,0.786236788733452,0.977042438525314,0.992347904415653,0.981746296754657,0.923715826230562,0.301248134749179,0.984101290760488,0.973093972758853,0.897741372031196,0.712915087106866,0.981435414634829,0.991537372579938,0.979752278184448,0.995677600307021,0.994916494193982,0.987805594170962,0.944637043169869,0.955475932361871,0.997173243351123,0.995863965189804,0.989951536283013,0.715244458134789,0.980101264299953,0.94373717920042,0.939187380035953,0.907165918342069,0.988119328978891,0.993498234587533,0.971713762563523,0.984234806755631,0.828125732598122,0.997727503411322,0.980546577894919,0.995513768605802,0.994352231413074,0.920113644132705,0.951842670164933,0.756516230611391,0.983856571317042,0.767439534039727,0.951812089624309,0.654071219444079,0.993983228952742,0.994277989946841,0.989853021951562,0.886885134733284,0.980485820987665,0.985944647225575,0.917617435568902,0.980864821370429,0.991939704817908,0.938367338873946,0.872313350506836,0.997877658438895,0.990686067311631,0.473758452766982,0.988972555586579
"TFGroup_34",0.977871189702737,0.955536645654718,0.947593649744214,0.928265802844048,0.993051074935235,0.986613602878538,0.887225347358921,0.997642323982606,0.438357668011001,0.904057163887509,0.925056502501314,0.932411114006156,0.883810598180788,0.998920305327998,0.890695894789885,0.936494039408071,0.984655622208857,0.988827490153761,0.778472171507726,0.964462440303351,0.999095159964312,0.992891495012891,0.99861028621524,0.922132358919962,0.961654021584104,0.896803053993635,0.961903178654453,0.990835317716574,0.867203769661487,0.919389198234518,0.821106198683598,0.98572910717834,0.991006704850301,0.877636589227502,0.989344918481461,0.969914650706507,0.992347904415653,0.939137124175805,0.998455946111541,0.928396465478573,0.984101290760488,0.973093972758853,0.897741372031196,0.987684775359363,0.926596763669257,0.484892032503834,0.994634615166526,0.963525285280965,0.994916494193982,0.987805594170962,0.956271184721212,0.950789827633603,0.930781226207666,0.995863965189804,0.989951536283013,0.715244458134789,0.980101264299953,0.94373717920042,0.943200499447946,0.985220766605989,0.895443803414711,0.993498234587533,0.971713762563523,0.984234806755631,0.764794364519733,0.997727503411322,0.927483497932125,0.995513768605802,0.994352231413074,0.862584544611049,0.951842670164933,0.77869147430892,0.995551743520484,0.945344609806112,0.951032514974819,0.654071219444079,0.910025526737626,0.93219158183476,0.958830339556458,0.829628639674027,0.966199786151759,0.985944647225575,0.927376362357255,0.980864821370429,0.991939704817908,0.900799828836079,0.872313350506836,0.18226106915553,0.990686067311631,0.922804970496992,0.877202126153615
"TFGroup_35",0.986394977209318,0.918558571748293,0.947593649744214,0.858203599862535,0.993051074935235,0.996779823236091,0.887225347358921,0.997642323982606,0.962717795250748,0.764536737001102,0.952764418295083,0.970620442968246,0.797296895052693,0.917064180399411,0.902524365553904,0.936494039408071,0.984655622208857,0.919197738079447,0.885661743453292,0.97217093391293,0.999095159964312,0.992891495012891,0.99861028621524,0.922132358919962,0.855437225767489,0.941334919760945,0.961903178654453,0.7878358766179,0.849853294715191,0.80482733359295,0.706691613426751,0.595131478220257,0.989894180530529,0.995146945380728,0.846809012650029,0.969914650706507,0.992347904415653,0.939137124175805,0.923715826230562,0.956925904413183,0.984101290760488,0.955353139927338,0.897741372031196,0.940779924297115,0.938061539016134,0.700758770896343,0.959718611385969,0.963525285280965,0.93813155318891,0.258023046611088,0.991207470248358,0.955475932361871,0.945279690454232,0.995863965189804,0.945507133850049,0.875128632870572,0.980101264299953,0.983000213483043,0.826773394066169,0.985220766605989,0.769610632207273,0.806674639479842,0.990377789705614,0.984234806755631,0.984539072774321,0.988373260486589,0.876999173093151,0.995513768605802,0.994352231413074,0.977752450733265,0.951842670164933,0.756516230611391,0.365865910454862,0.923413972536273,0.951032514974819,0.984105140731236,0.949115378190318,0.73220640476532,0.958830339556458,0.958037618985202,0.923959889611315,0.985944647225575,0.879719151377635,0.859815782355133,0.993460971006593,0.904978707265322,0.98467220179463,0.667777245297695,0.971134227676763,0.9907628438926,0.877202126153615
"TFGroup_36",0.986394977209318,0.955536645654718,0.947593649744214,0.704513675563292,0.9945355802403,0.975669848239195,0.887225347358921,0.997642323982606,0.994389528615227,0.764536737001102,0.91867951683344,0.932411114006156,0.987380461405402,0.917064180399411,0.977171034548471,0.998004928307733,0.984655622208857,0.988827490153761,0.924508873658927,0.964462440303351,0.999095159964312,0.989746800245068,0.99861028621524,0.822656097960492,0.968556137812539,0.870124459667124,0.867261640870177,0.489137691861448,0.974839881950641,0.845666167233936,0.945299786231499,0.971715580363368,0.892759820400626,0.893276396612048,0.675671348742903,0.969914650706507,0.992347904415653,0.939137124175805,0.998455946111541,0.727127586352172,0.984101290760488,0.955353139927338,0.961934914564604,0.940779924297115,0.938061539016134,0.865066279168024,0.940134200304475,0.963525285280965,0.994916494193982,0.987805594170962,0.944637043169869,0.950789827633603,0.997173243351123,0.995863965189804,0.989951536283013,0.847966609292705,0.980101264299953,0.94373717920042,0.943200499447946,0.985220766605989,0.988119328978891,0.993498234587533,0.971713762563523,0.984234806755631,0.828125732598122,0.988373260486589,0.927483497932125,0.995513768605802,0.889887089977387,0.981726194187198,0.951842670164933,0.756516230611391,0.983856571317042,0.947629768826814,0.951032514974819,0.984105140731236,0.989494596302615,0.853200179614868,0.989853021951562,0.958037618985202,0.980485820987665,0.985944647225575,0.978552854760559,0.980864821370429,0.991939704817908,0.862190992919273,0.971222498724215,0.930459851039869,0.971134227676763,0.967808499556245,0.877202126153615
"TFGroup_37",0.894084845685083,0.918558571748293,0.947593649744214,0.858203599862535,0.993051074935235,0.975669848239195,0.887225347358921,0.966982123206878,0.928678855198497,0.772272220391627,0.7503237586522,0.950050933983112,0.883810598180788,0.995765153644671,0.990977900975505,0.936494039408071,0.995828145377784,0.988827490153761,0.885661743453292,0.994192243629987,0.999095159964312,0.992891495012891,0.99861028621524,0.981724574081234,0.968556137812539,0.988372114163723,0.967974607685349,0.990835317716574,0.974839881950641,0.566350723337146,0.945299786231499,0.882210466359059,0.989440142572617,0.635309724386798,0.711083290620083,0.969914650706507,0.992347904415653,0.988363431031518,0.923715826230562,0.928396465478573,0.984101290760488,0.973093972758853,0.972142525306588,0.940779924297115,0.762235694310729,0.994926066487553,0.979752278184448,0.963525285280965,0.93813155318891,0.987805594170962,0.991207470248358,0.997165731888309,0.843813939541627,0.995863965189804,0.995271044468057,0.847966609292705,0.980101264299953,0.94373717920042,0.943200499447946,0.985220766605989,0.988119328978891,0.824466843167941,0.971713762563523,0.939880926321575,0.94607437979749,0.950737190632857,0.927483497932125,0.995513768605802,0.994352231413074,0.897284217012306,0.951842670164933,0.943685486849178,0.995551743520484,0.961273075417411,0.98616398210002,0.93096191685287,0.993983228952742,0.817956763979851,0.989853021951562,0.755047141186348,0.966199786151759,0.985944647225575,0.850752105062305,0.980864821370429,0.991939704817908,0.937235043990359,0.971222498724215,0.670946868740736,0.922349145792783,0.967808499556245,0.877202126153615
"TFGroup_38",0.986394977209318,0.955536645654718,0.947593649744214,0.704513675563292,0.993051074935235,0.975669848239195,0.887225347358921,0.946951294618264,0.928678855198497,0.828265597745942,0.925056502501314,0.932411114006156,0.643322495226575,0.955385232066177,0.172760168772121,0.956480716662847,0.995265929582112,0.98089140995927,0.99058315256204,0.964462440303351,0.909477482001797,0.987202435367148,0.979869908911865,0.793617172541165,0.968556137812539,0.917417898394893,0.961903178654453,0.998854530994497,0.798844343793731,0.566350723337146,0.883651697395464,0.931727212518015,0.968076695185014,0.969060379024855,0.997838186600327,0.969914650706507,0.992347904415653,0.939137124175805,0.998455946111541,0.939540792300982,0.984101290760488,0.955353139927338,0.970378111955257,0.712915087106866,0.816866137269848,0.960374117410912,0.689099331341797,0.963525285280965,0.93813155318891,0.987805594170962,0.944637043169869,0.955475932361871,0.997173243351123,0.995863965189804,0.996557313137602,0.847966609292705,0.980101264299953,0.94373717920042,0.987971775024644,0.792089126072693,0.988119328978891,0.993498234587533,0.971713762563523,0.984234806755631,0.993670637074939,0.988373260486589,0.927483497932125,0.995513768605802,0.838078152409702,0.661522531165212,0.951842670164933,0.923406579215979,0.89685242700817,0.955940425710232,0.786121571662944,0.93096191685287,0.910025526737626,0.994277989946841,0.989853021951562,0.755047141186348,0.988388514547876,0.985944647225575,0.948136197820191,0.980864821370429,0.991939704817908,0.862190992919273,0.987369304819005,0.989124790809404,0.745502984670083,0.967808499556245,0.877202126153615
"TFGroup_39",0.986394977209318,0.990788876036112,0.947593649744214,0.882776828178774,0.993051074935235,0.862169762776936,0.988019922718352,0.983640391594687,0.953848257280594,0.982515213128969,0.524611075521688,0.932411114006156,0.890361482335754,0.820039256625232,0.680779235007489,0.949506220468213,0.984655622208857,0.896053856368311,0.99058315256204,0.964462440303351,0.999095159964312,0.987202435367148,0.966683700014475,0.970275360856571,0.961654021584104,0.753393991283045,0.867261640870177,0.947716871810698,0.849739838477746,0.855607643809581,0.915910460843573,0.98572910717834,0.989440142572617,0.930206440356127,0.989344918481461,0.969914650706507,0.992347904415653,0.939137124175805,0.923715826230562,0.888827826239274,0.984101290760488,0.992120715740044,0.897741372031196,0.987685121892081,0.954288989685055,0.9794346231627,0.979752278184448,0.963525285280965,0.994916494193982,0.987805594170962,0.944637043169869,0.950789827633603,0.881261096143903,0.995863965189804,0.989951536283013,0.847966609292705,0.980101264299953,0.875238341024357,0.943200499447946,0.985220766605989,0.769610632207273,0.767811689923683,0.971713762563523,0.906694197413484,0.952264642081159,0.988373260486589,0.942564731034346,0.995513768605802,0.994352231413074,0.661522531165212,0.951842670164933,0.935484273848612,0.856719732472307,0.945344609806112,0.997009017329467,0.796525914067954,0.989494596302615,0.853200179614868,0.989853021951562,0.814157448429202,0.966199786151759,0.906467850775787,0.850752105062305,0.859815782355133,0.991939704817908,0.935476846939921,0.872313350506836,0.776329152254369,0.745502984670083,0.967808499556245,0.908360961847712
"TFGroup_40",0.986394977209318,0.987712502480752,0.947593649744214,0.858203599862535,0.993051074935235,0.772007302810176,0.982409022766329,0.997642323982606,0.274443246762614,0.855937101113342,0.7503237586522,0.932411114006156,0.643322495226575,0.908272047919019,0.824120999749891,0.975014823128371,0.984655622208857,0.944565801982959,0.99058315256204,0.994192243629987,0.554565757409059,0.774122459290519,0.979869908911865,0.981724574081234,0.968556137812539,0.91038569613036,0.967974607685349,0.912103163739108,0.816066940129006,0.824230592886987,0.945299786231499,0.931727212518015,0.94485800853194,0.995365897353285,0.997838186600327,0.969914650706507,0.979470733537026,0.939137124175805,0.999108958772964,0.891238879881393,0.984101290760488,0.973093972758853,0.997584902751906,0.987685121892081,0.987727777676184,0.852028155014214,0.689099331341797,0.963525285280965,0.994916494193982,0.734422295133014,0.991207470248358,0.955475932361871,0.850039166843693,0.995863965189804,0.989951536283013,0.847966609292705,0.980101264299953,0.94373717920042,0.943200499447946,0.985220766605989,0.993033808220297,0.993498234587533,0.971713762563523,0.984234806755631,0.764794364519733,0.950737190632857,0.927483497932125,0.995513768605802,0.838078152409702,0.721753616177691,0.98791881173793,0.458363808566575,0.995551743520484,0.927996966567392,0.926024290590951,0.976070654977575,0.910025526737626,0.863472894293251,0.989853021951562,0.958037618985202,0.966199786151759,0.985944647225575,0.889028933304954,0.502616651107222,0.991939704817908,0.900799828836079,0.986321176674268,0.930026500684672,0.849218224196973,0.967808499556245,0.953551951183984
"TFGroup_41",0.986394977209318,0.857118427113129,0.947593649744214,0.894719798089916,0.545202035575307,0.975669848239195,0.895030492771348,0.966982123206878,0.89795503782616,0.816409370817276,0.467174043815802,0.932411114006156,0.94601536840562,0.820039256625232,0.932613217909234,0.968262289607695,0.984655622208857,0.896053856368311,0.778472171507726,0.981131899659804,0.999095159964312,0.989746800245068,0.99861028621524,0.728177284928313,0.968556137812539,0.91038569613036,0.959775506432681,0.990835317716574,0.867203769661487,0.971166699519229,0.892981672115846,0.931727212518015,0.527325549291776,0.635309724386798,0.760667069597976,0.969914650706507,0.992347904415653,0.939137124175805,0.923715826230562,0.928396465478573,0.984101290760488,0.955353139927338,0.897741372031196,0.940779924297115,0.981435414634829,0.960374117410912,0.994634615166526,0.963525285280965,0.994916494193982,0.987805594170962,0.983423390456957,0.955475932361871,0.996775142875281,0.995863965189804,0.989951536283013,0.959601071478329,0.980101264299953,0.965253132654554,0.987971775024644,0.985220766605989,0.988119328978891,0.993498234587533,0.971713762563523,0.984234806755631,0.94607437979749,0.989961905631103,0.967625088836332,0.995513768605802,0.990792542980008,0.975439747104493,0.963356344155868,0.756516230611391,0.983856571317042,0.945344609806112,0.951812089624309,0.748017183238625,0.9886606986213,0.853200179614868,0.989853021951562,0.969531158909843,0.966199786151759,0.985944647225575,0.996972845579443,0.980864821370429,0.805596294455955,0.935476846939921,0.98467220179463,0.846915038165209,0.998968080327772,0.967808499556245,0.953551951183984
