"","ASCL1","ASCL1+KLF14","ASCL1+NEUROD1","ASCL1+NEUROG1","ASCL1+NR3C1","ASCL1+SIM1","ASCL1+TET2","ASCL1+TWIST1","ASCL1+VSX1","ASCL1+ZNF385A","ASCL1+ZNF547","ASCL1+ZNF660","ASCL1+ZNF776","KLF14","KLF14+NEUROD1","KLF14+NEUROG1","KLF14+NR3C1","KLF14+SIM1","KLF14+TET2","KLF14+TWIST1","KLF14+VSX1","KLF14+ZNF385A","KLF14+ZNF547","KLF14+ZNF660","KLF14+ZNF776","NEUROD1","NEUROD1+NEUROG1","NEUROD1+NR3C1","NEUROD1+SIM1","NEUROD1+TET2","NEUROD1+TWIST1","NEUROD1+VSX1","NEUROD1+ZNF385A","NEUROD1+ZNF547","NEUROD1+ZNF660","NEUROD1+ZNF776","NEUROG1","NEUROG1+NR3C1","NEUROG1+SIM1","NEUROG1+TET2","NEUROG1+TWIST1","NEUROG1+VSX1","NEUROG1+ZNF385A","NEUROG1+ZNF547","NEUROG1+ZNF660","NEUROG1+ZNF776","NR3C1","NR3C1+SIM1","NR3C1+TET2","NR3C1+TWIST1","NR3C1+VSX1","NR3C1+ZNF385A","NR3C1+ZNF547","NR3C1+ZNF660","NR3C1+ZNF776","SIM1","SIM1+TET2","SIM1+TWIST1","SIM1+VSX1","SIM1+ZNF385A","SIM1+ZNF547","SIM1+ZNF660","SIM1+ZNF776","TET2","TET2+TWIST1","TET2+VSX1","TET2+ZNF385A","TET2+ZNF547","TET2+ZNF660","TET2+ZNF776","TWIST1","TWIST1+VSX1","TWIST1+ZNF385A","TWIST1+ZNF547","TWIST1+ZNF660","TWIST1+ZNF776","VSX1","VSX1+ZNF385A","VSX1+ZNF547","VSX1+ZNF660","VSX1+ZNF776","ZNF385A","ZNF385A+ZNF547","ZNF385A+ZNF660","ZNF385A+ZNF776","ZNF547","ZNF547+ZNF660","ZNF547+ZNF776","ZNF660","ZNF660+ZNF776","ZNF776"
"AHR",0.729065346839458,0.968874253915234,0.971526457725809,0.983774077572445,0.998319527308872,0.933439517082926,0.916118752971398,0.902416228576168,0.976930707452956,0.954512956367804,0.839058079730742,0.972276841464726,0.980506435770751,0.907043073162676,0.942958473993412,0.965947230666248,0.997272812818238,0.998639242440547,0.975434050686408,0.998421485275758,0.975482995507963,0.884075090573165,0.997783194001173,0.980786152383397,0.992250844993649,0.956359620732734,0.906566053743698,0.959808915301429,0.990103476844994,0.808354188485136,0.772702740950634,0.560995277990951,0.980562724064892,0.942629294217034,0.932641740594952,0.991237601716542,0.935962820726468,0.869681779976815,0.999887196381578,0.812373997858442,0.993588626105459,0.963295601475685,0.969296896879889,0.923226158269343,0.817763922380347,0.970567990704212,0.811581356649934,0.997478906605894,0.95592819418516,0.951923563100258,0.881060417792044,0.511892681123024,0.936377273220026,0.834413693896078,0.930994827747627,0.996085761719513,0.834749539705284,0.976685634216179,0.990762487512851,0.639955709438376,0.960247030684646,0.884195674394059,0.988602952654873,0.954739784191995,0.927586517391255,0.952496907739926,0.992109962493338,0.989419664869723,0.973563037192072,0.951672698870617,0.989819211760037,0.986806893068096,0.964532859212253,0.990605355433856,0.949834151631593,0.985173568784816,0.931674871278248,0.859499205060375,0.953023358147415,0.945105210972307,0.87799925377272,0.954494057990303,0.89217515129195,0.916334620344847,0.840153218859902,0.912119180534333,0.945483376041767,0.918121756892384,0.971251292388804,0.979171805444997,0.743279342221898
"AIRE",0.720643184314902,0.986503692918196,0.959021771390746,0.915989013136221,0.67603988146254,0.954749889671411,0.954020671542733,0.660945520367711,0.976930707452956,0.958494968892858,0.839058079730742,0.975235355625904,0.756468486436773,0.934643703415075,0.959732207192937,0.970550758762389,0.997272812818238,0.998639242440547,0.986752283231202,0.998421485275758,0.975482995507963,0.884075090573165,0.973559804881182,0.980786152383397,0.950026493483702,0.734266808574662,0.906566053743698,0.959808915301429,0.928887395826281,0.985085776597969,0.784005081725696,0.744382025767867,0.980562724064892,0.942629294217034,0.956757475206165,0.991237601716542,0.968988258545989,0.956659263865522,0.962216315329391,0.906251903861299,0.993588626105459,0.963295601475685,0.969296896879889,0.99119756297759,0.777704431024139,0.949062912132171,0.884394198790692,0.997478906605894,0.883587658616606,0.966490480336219,0.965804590634771,0.945582967028999,0.847424909598139,0.99993230569539,0.991358604564773,0.996085761719513,0.998683793282545,0.988027463080552,0.944109962990209,0.91032043500339,0.954865606625044,0.978738918222021,0.961833238464015,0.917542653420734,0.998970264596742,0.952496907739926,0.992109962493338,0.990650040209574,0.991672797514388,0.951672698870617,0.932413904783055,0.986806893068096,0.964532859212253,0.989909849484362,0.981825957397777,0.909254051793202,0.939632120182356,0.950674111697099,0.931545483290691,0.933259503902988,0.87799925377272,0.993970179336778,0.950644212013689,0.973207579465988,0.935785463534243,0.912119180534333,0.945483376041767,0.260806812458155,0.981388180516773,0.979171805444997,0.993967185775731
"ALX1",0.917184045183252,0.968874253915234,0.973238807308357,0.983774077572445,0.998319527308872,0.933439517082926,0.987204069944017,0.998292367356908,0.976930707452956,0.954512956367804,0.964401247496312,0.972276841464726,0.980506435770751,0.907043073162676,0.934838969707957,0.992944210626672,0.998668503022334,0.998639242440547,0.998713094937798,0.998421485275758,0.975482995507963,0.992646408147786,0.997783194001173,0.980786152383397,0.836191600437098,0.990493080399305,0.980834615795287,0.959808915301429,0.928887395826281,0.964287980851744,0.992652476143648,0.911569158645666,0.980562724064892,0.942629294217034,0.956757475206165,0.991237601716542,0.935962820726468,0.940292057191878,0.999887196381578,0.946635769445822,0.993588626105459,0.963295601475685,0.843928208654408,0.99119756297759,0.811044656073672,0.949062912132171,0.983900957848265,0.997478906605894,0.947212818415383,0.900962762581555,0.809366973071738,0.98708911041045,0.936377273220026,0.970894827344724,0.955335477942671,0.996085761719513,0.998683793282545,0.976685634216179,0.978555314132977,0.996506880785824,0.592313208128571,0.943583224818914,0.964727006915708,0.954739784191995,0.763841723615187,0.952077270773308,0.964766846350362,0.975917363229893,0.562687198115845,0.951672698870617,0.932413904783055,0.986806893068096,0.964532859212253,0.989909849484362,0.953904974423213,0.985173568784816,0.996601247221028,0.986871266164964,0.953023358147415,0.933259503902988,0.87799925377272,0.993970179336778,0.651794401157627,0.87138219936482,0.935785463534243,0.912119180534333,0.945483376041767,0.970952655938109,0.392016936685925,0.874120541377799,0.993967185775731
"AR",0.644160310102056,0.986503692918196,0.959021771390746,0.983774077572445,0.998319527308872,0.933439517082926,0.916118752971398,0.998292367356908,0.976930707452956,0.954512956367804,0.784810657449294,0.972276841464726,0.980506435770751,0.974783513003162,0.677354137852241,0.940439131737622,0.997272812818238,0.998639242440547,0.948927440738968,0.0291376328663358,0.975482995507963,0.931033080535841,0.997783194001173,0.980786152383397,0.964879405054553,0.990493080399305,0.906566053743698,0.959808915301429,0.850413235997859,0.969592737093255,0.756971417132723,0.997096176803397,0.980562724064892,0.99615493334242,0.869873999170536,0.991237601716542,0.604372510918692,0.93009025639254,0.999887196381578,0.812373997858442,0.993588626105459,0.938332668296185,0.947288287851813,0.99119756297759,0.996528888251098,0.949062912132171,0.927277775744472,0.997478906605894,0.984925236204313,0.951923563100258,0.881060417792044,0.962174064491194,0.995081391685826,0.970894827344724,0.991358604564773,0.996085761719513,0.814118446347268,0.983458871596561,0.895769915907818,0.954653914809332,0.851226660350583,0.943583224818914,0.980136065287699,0.968430211924096,0.998970264596742,0.952496907739926,0.992109962493338,0.779374747941974,0.973563037192072,0.74907758693913,0.989819211760037,0.986806893068096,0.964532859212253,0.989909849484362,0.981825957397777,0.985173568784816,0.923941018121247,0.930472217446233,0.993561520345233,0.910221685899967,0.87799925377272,0.954494057990303,0.845703132133043,0.752865189997538,0.750107654842916,0.912119180534333,0.961475892707432,0.901425209958275,0.961631718091298,0.993654354656766,0.914715753127811
"TFAP2B",0.917184045183252,0.986503692918196,0.880628559271367,0.983774077572445,0.998319527308872,0.933439517082926,0.987204069944017,0.990047692600524,0.976930707452956,0.995687669087858,0.839058079730742,0.998551065984818,0.997127219120691,0.937052407878875,0.934838969707957,0.965947230666248,0.805573307891966,0.998639242440547,0.999101832770982,0.979500025294784,0.676441050351871,0.884075090573165,0.997783194001173,0.99886213325648,0.992250844993649,0.990493080399305,0.906566053743698,0.959808915301429,0.998368858530976,0.969592737093255,0.772702740950634,0.919935812981096,0.980562724064892,0.958246351490468,0.644326473444189,0.991237601716542,0.96820829935326,0.904045938776657,0.999887196381578,0.948048598487354,0.993588626105459,0.989573935209556,0.969296896879889,0.99119756297759,0.738722399407568,0.949062912132171,0.937369557447408,0.997478906605894,0.947212818415383,0.971827423573346,0.881060417792044,0.98708911041045,0.95479462404059,0.960320336041811,0.718973627558631,0.996085761719513,0.806462524166835,0.983458871596561,0.997961481535891,0.938143696662328,0.996056409445083,0.943583224818914,0.895226956021224,0.847850658021187,0.934718755752087,0.952496907739926,0.992109962493338,0.983355785384161,0.9025775988184,0.951672698870617,0.932413904783055,0.986806893068096,0.964532859212253,0.94148353720525,0.949834151631593,0.985173568784816,0.923941018121247,0.996520561010078,0.953023358147415,0.945105210972307,0.935213679077026,0.954494057990303,0.996299790263499,0.973207579465988,0.941320063051418,0.912119180534333,0.945718664909129,0.954227852485463,0.981388180516773,0.968339028414112,0.988149616922204
"ARI5B",0.644160310102056,0.968874253915234,0.971526457725809,0.999348367202855,0.998319527308872,0.933439517082926,0.86441045969593,0.959116938828324,0.976930707452956,0.954512956367804,0.938914919831167,0.972276841464726,0.997127219120691,0.907043073162676,0.949625871439466,0.999755877027734,0.986067610147858,0.998639242440547,0.998713094937798,0.966938912987977,0.975482995507963,0.884802332712946,0.973559804881182,0.980786152383397,0.992250844993649,0.990493080399305,0.980834615795287,0.803764406248369,0.928887395826281,0.936721596536018,0.992652476143648,0.997096176803397,0.980562724064892,0.610615784950701,0.894570629540887,0.991237601716542,0.96820829935326,0.956659263865522,0.999887196381578,0.758937823047737,0.993588626105459,0.963295601475685,0.930997201865433,0.688331872550651,0.996528888251098,0.949062912132171,0.811581356649934,0.997478906605894,0.947212818415383,0.900962762581555,0.840160027436915,0.594493946299182,0.95479462404059,0.834413693896078,0.991358604564773,0.996085761719513,0.998683793282545,0.983458871596561,0.978555314132977,0.973653492830542,0.960247030684646,0.943583224818914,0.632833905376847,0.847850658021187,0.506179111210534,0.962598605266822,0.992109962493338,0.990650040209574,0.940606238967185,0.951672698870617,0.932413904783055,0.986806893068096,0.999008020722189,0.928506892195057,0.949834151631593,0.985173568784816,0.945013044261782,0.930472217446233,0.953023358147415,0.933259503902988,0.922846638847331,0.962475680536054,0.89217515129195,0.853538493292037,0.840153218859902,0.912119180534333,0.945483376041767,0.954227852485463,0.981388180516773,0.993654354656766,0.993967185775731
"ASCL1",0.99757958929101,0.982359400379498,0.985919888765208,0.951112408185512,0.998319527308872,0.933439517082926,0.418627791770772,0.902416228576168,0.976930707452956,0.954512956367804,0.964401247496312,0.972276841464726,0.966673966954228,0.937052407878875,0.968999317483491,0.965947230666248,0.775503496081845,0.998639242440547,0.986752283231202,0.998421485275758,0.975482995507963,0.931033080535841,0.985881031261591,0.980786152383397,0.992250844993649,0.990493080399305,0.980834615795287,0.959808915301429,0.998368858530976,0.978062690727052,0.992652476143648,0.560995277990951,0.980562724064892,0.942629294217034,0.907907042578034,0.991237601716542,0.968988258545989,0.940292057191878,0.999887196381578,0.906180851759215,0.993588626105459,0.9535953201238,0.843928208654408,0.99119756297759,0.777704431024139,0.885201546869686,0.811581356649934,0.997478906605894,0.918022945345554,0.969186124250406,0.931260756269552,0.945582967028999,0.95479462404059,0.970894827344724,0.991358604564773,0.996085761719513,0.806462524166835,0.983458871596561,0.868318296304331,0.91032043500339,0.929285673042452,0.954887585474691,0.895226956021224,0.954739784191995,0.927586517391255,0.957932145707087,0.992212279046306,0.990650040209574,0.940606238967185,0.951672698870617,0.94402267472142,0.986806893068096,0.99198188908632,0.989909849484362,0.270574711011894,0.985173568784816,0.923941018121247,0.859499205060375,0.954202782626039,0.933259503902988,0.905306666914241,0.954494057990303,0.996299790263499,0.973207579465988,0.906278486701948,0.986510793991887,0.945483376041767,0.930468263337677,0.990054729436787,0.967786251029881,0.993967185775731
"ATF2",0.729065346839458,0.961065432207951,0.971526457725809,0.983774077572445,0.998319527308872,0.933439517082926,0.910919872314212,0.998292367356908,0.976930707452956,0.995687669087858,0.983985913711431,0.972276841464726,0.756468486436773,0.937052407878875,0.959732207192937,0.970550758762389,0.805573307891966,0.998639242440547,0.986752283231202,0.998421485275758,0.975482995507963,0.992646408147786,0.681571838252761,0.980786152383397,0.992250844993649,0.990493080399305,0.980834615795287,0.959808915301429,0.945835021389558,0.808354188485136,0.992652476143648,0.560995277990951,0.980562724064892,0.994066282272469,0.907907042578034,0.991237601716542,0.968988258545989,0.926993622213325,0.999887196381578,0.773710884832667,0.993588626105459,0.2395117659655,0.938682474591716,0.99119756297759,0.968934423366259,0.949062912132171,0.811581356649934,0.997478906605894,0.918022945345554,0.966579497680105,0.931260756269552,0.985204644797683,0.936377273220026,0.955364108487121,0.991358604564773,0.996085761719513,0.96253654682886,0.976685634216179,0.714720675359773,0.933177438619004,0.960247030684646,0.943583224818914,0.895226956021224,0.954739784191995,0.934718755752087,0.952496907739926,0.992109962493338,0.990650040209574,0.9025775988184,0.951672698870617,0.94402267472142,0.986806893068096,0.964532859212253,0.989909849484362,0.949834151631593,0.657903590465351,0.923941018121247,0.996520561010078,0.931545483290691,0.910221685899967,0.891379438159289,0.954494057990303,0.636483518243861,0.74697641006071,0.840153218859902,0.912119180534333,0.945483376041767,0.973058766890347,0.981388180516773,0.880357036604249,0.993967185775731
"ATF3",0.894882127398475,0.989710323348998,0.959021771390746,0.983774077572445,0.998319527308872,0.933439517082926,0.86441045969593,0.987308621569904,0.976930707452956,0.990812737192087,0.996891882588112,0.972276841464726,0.835808194137671,0.937052407878875,0.942958473993412,0.970550758762389,0.937109986705951,0.998639242440547,0.986752283231202,0.998421485275758,0.975482995507963,0.884075090573165,0.973559804881182,0.980786152383397,0.964879405054553,0.990493080399305,0.981895726737833,0.959808915301429,0.990103476844994,0.936721596536018,0.992652476143648,0.838485487071082,0.980562724064892,0.958246351490468,0.888178304564739,0.991237601716542,0.968988258545989,0.904045938776657,0.999887196381578,0.946635769445822,0.993588626105459,0.938332668296185,0.969780524819695,0.99119756297759,0.970629734366041,0.949062912132171,0.811581356649934,0.997478906605894,0.778858297997223,0.97517439999094,0.931260756269552,0.954080617447691,0.95479462404059,0.970894827344724,0.947341703454957,0.996085761719513,0.834749539705284,0.976685634216179,0.978555314132977,0.938143696662328,0.954865606625044,0.963216250601429,0.961833238464015,0.954739784191995,0.854025656123047,0.952496907739926,0.992109962493338,0.990650040209574,0.9025775988184,0.951672698870617,0.94402267472142,0.99329343960086,0.990143410678442,0.998393770093597,0.981825957397777,0.985173568784816,0.923941018121247,0.990665790042637,0.953023358147415,0.933259503902988,0.92626691182654,0.990997059463523,0.89217515129195,0.973207579465988,0.935785463534243,0.904905589572621,0.947571368460933,0.995399118195295,0.971251292388804,0.968339028414112,0.993967185775731
"ATF6A",0.762120669459485,0.968874253915234,0.971526457725809,0.915989013136221,0.998319527308872,0.933439517082926,0.916118752971398,0.902416228576168,0.976930707452956,0.954512956367804,0.964401247496312,0.975235355625904,0.835808194137671,0.963486968602792,0.975981680838733,0.940439131737622,0.805573307891966,0.998639242440547,0.986752283231202,0.998421485275758,0.975482995507963,0.96226779816822,0.985881031261591,0.980786152383397,0.992250844993649,0.990493080399305,0.906566053743698,0.959808915301429,0.990103476844994,0.808354188485136,0.772702740950634,0.917864017200976,0.980562724064892,0.994066282272469,0.949003478119608,0.991237601716542,0.968988258545989,0.904045938776657,0.999887196381578,0.889533348486002,0.993588626105459,0.963295601475685,0.930997201865433,0.99119756297759,0.811044656073672,0.873429419972295,0.811581356649934,0.997478906605894,0.928745525774239,0.951923563100258,0.965804590634771,0.945582967028999,0.995081391685826,0.812513839912733,0.80139624572743,0.996085761719513,0.998683793282545,0.983458871596561,0.978555314132977,0.709859463090088,0.971571810751424,0.943583224818914,0.948744905798247,0.954739784191995,0.998970264596742,0.952496907739926,0.992109962493338,0.70318544077577,0.940606238967185,0.951672698870617,0.94402267472142,0.986806893068096,0.964532859212253,0.928506892195057,0.949834151631593,0.528839925293648,0.664136892040088,0.950674111697099,0.969637123486491,0.9532138143531,0.938694520675604,0.954494057990303,0.845703132133043,0.853538493292037,0.941320063051418,0.916808197032654,0.793853424280342,0.901425209958275,0.971490868201985,0.968339028414112,0.993967185775731
"BACH1",0.729065346839458,0.962742996806811,0.975365362911486,0.983774077572445,0.998319527308872,0.933439517082926,0.721228307194194,0.998292367356908,0.976930707452956,0.980775633199882,0.964401247496312,0.975235355625904,0.964444813827772,0.937052407878875,0.959732207192937,0.940439131737622,0.998668503022334,0.998639242440547,0.986752283231202,0.892231314078346,0.975482995507963,0.931033080535841,0.997783194001173,0.980786152383397,0.992250844993649,0.990493080399305,0.981895726737833,0.959808915301429,0.928887395826281,0.808354188485136,0.772702740950634,0.917864017200976,0.980562724064892,0.942629294217034,0.888178304564739,0.991237601716542,0.968988258545989,0.94315767336683,0.999887196381578,0.946635769445822,0.993588626105459,0.963295601475685,0.938682474591716,0.99119756297759,0.915332018199705,0.949062912132171,0.811581356649934,0.997478906605894,0.932351173132548,0.96436603230237,0.931260756269552,0.945582967028999,0.936377273220026,0.970894827344724,0.991358604564773,0.996085761719513,0.82833003455521,0.976685634216179,0.714720675359773,0.91032043500339,0.954865606625044,0.943583224818914,0.695644701900294,0.929731399552935,0.506179111210534,0.959331443641097,0.992109962493338,0.957670386031233,0.973563037192072,0.951672698870617,0.958996553046271,0.986806893068096,0.964532859212253,0.928506892195057,0.949834151631593,0.991158450956452,0.931674871278248,0.859499205060375,0.89505597481783,0.967911909226334,0.87799925377272,0.954494057990303,0.870499773154198,0.73008969009499,0.941320063051418,0.912119180534333,0.945483376041767,0.901425209958275,0.971251292388804,0.968339028414112,0.993967185775731
"BATF3",0.762120669459485,0.968874253915234,0.985919888765208,0.985785274298635,0.998319527308872,0.933439517082926,0.916118752971398,0.998292367356908,0.976930707452956,0.995687669087858,0.784810657449294,0.5512840415257,0.980506435770751,0.937052407878875,0.974036496777061,0.980050534388973,0.997272812818238,0.998639242440547,0.986752283231202,0.977337366614943,0.975482995507963,0.939582843178499,0.985881031261591,0.980786152383397,0.992250844993649,0.956359620732734,0.981895726737833,0.959808915301429,0.974516983700923,0.969592737093255,0.992652476143648,0.917864017200976,0.980562724064892,0.942629294217034,0.888178304564739,0.845059843521528,0.788697339012748,0.904045938776657,0.999887196381578,0.946635769445822,0.993588626105459,0.976698159027504,0.931296066941613,0.99119756297759,0.978801787728146,0.885201546869686,0.923486120417147,0.997478906605894,0.946101914255408,0.966579497680105,0.941557417121562,0.98708911041045,0.995081391685826,0.970894827344724,0.987809453027512,0.996085761719513,0.998683793282545,0.976685634216179,0.857376287771275,0.938143696662328,0.987788411973144,0.963216250601429,0.961833238464015,0.968430211924096,0.934718755752087,0.952496907739926,0.992109962493338,0.734801215660642,0.940606238967185,0.427457196157014,0.958182776839746,0.986806893068096,0.964532859212253,0.998393770093597,0.953904974423213,0.985173568784816,0.723850109176398,0.996538246321367,0.993561520345233,0.933259503902988,0.903223664312184,0.954494057990303,0.845703132133043,0.74697641006071,0.935785463534243,0.923085043444374,0.945483376041767,0.995399118195295,0.54915971887844,0.93251333933019,0.993967185775731
"BATF",0.762120669459485,0.971094076651122,0.971526457725809,0.983774077572445,0.998319527308872,0.933439517082926,0.840466688959446,0.987308621569904,0.976930707452956,0.954512956367804,0.983985913711431,0.975235355625904,0.980506435770751,0.683786376274176,0.934838969707957,0.965947230666248,0.998668503022334,0.998639242440547,0.990301656281988,0.966938912987977,0.975482995507963,0.931033080535841,0.713061418022409,0.980786152383397,0.992250844993649,0.990493080399305,0.980834615795287,0.98979024132871,0.945835021389558,0.936721596536018,0.992652476143648,0.965468717127553,0.980562724064892,0.986873650572747,0.937021382021245,0.991237601716542,0.949237450024544,0.940680131873552,0.999887196381578,0.906180851759215,0.993588626105459,0.947296954092724,0.931296066941613,0.99119756297759,0.777704431024139,0.949062912132171,0.811581356649934,0.997478906605894,0.928745525774239,0.880780933826257,0.881060417792044,0.758420544025449,0.995081391685826,0.834413693896078,0.991358604564773,0.996085761719513,0.869407113934966,0.976685634216179,0.868318296304331,0.973653492830542,0.851226660350583,0.884195674394059,0.961833238464015,0.954739784191995,0.934718755752087,0.952496907739926,0.992109962493338,0.658348071433746,0.973563037192072,0.951672698870617,0.94402267472142,0.986806893068096,0.964532859212253,0.886248022025853,0.982368685188292,0.985173568784816,0.923941018121247,0.983079461020787,0.953023358147415,0.933259503902988,0.959858187226034,0.954494057990303,0.950644212013689,0.973207579465988,0.935785463534243,0.923085043444374,0.947571368460933,0.970952655938109,0.995541450538438,0.907338632009401,0.993967185775731
"BC11A",0.917184045183252,0.968874253915234,0.959021771390746,0.951112408185512,0.998319527308872,0.933439517082926,0.910919872314212,0.998292367356908,0.976930707452956,0.990812737192087,0.964401247496312,0.972276841464726,0.980506435770751,0.87137411459944,0.973715288990971,0.965947230666248,0.998668503022334,0.998639242440547,0.948927440738968,0.966938912987977,0.923934070622182,0.958921686278887,0.973559804881182,0.99886213325648,0.992250844993649,0.990493080399305,0.980834615795287,0.857029646460062,0.979950663710674,0.808354188485136,0.992652476143648,0.949164167323516,0.948365163170161,0.986873650572747,0.956757475206165,0.991237601716542,0.935962820726468,0.904045938776657,0.999887196381578,0.946635769445822,0.993588626105459,0.697327720739358,0.938682474591716,0.99119756297759,0.811044656073672,0.949062912132171,0.850046700469993,0.997478906605894,0.847811893464945,0.900962762581555,0.965804590634771,0.945582967028999,0.984130568887436,0.970894827344724,0.231784925854323,0.996085761719513,0.979774080986289,0.976685634216179,0.978555314132977,0.942609001669104,0.851226660350583,0.943583224818914,0.948744905798247,0.954739784191995,0.998970264596742,0.952077270773308,0.992109962493338,0.980019811552253,0.826118119207367,0.951672698870617,0.94402267472142,0.986806893068096,0.964532859212253,0.989909849484362,0.950688334393641,0.985173568784816,0.923941018121247,0.859499205060375,0.886331307745237,0.875599343217204,0.922846638847331,0.954494057990303,0.950644212013689,0.98263469230802,0.935785463534243,0.912119180534333,0.910180084575684,0.994190609828326,0.54915971887844,0.968339028414112,0.988149616922204
"BCL6",0.762120669459485,0.986503692918196,0.777534196391653,0.983774077572445,0.998319527308872,0.933439517082926,0.954020671542733,0.902416228576168,0.976930707452956,0.954512956367804,0.884669907144705,0.975235355625904,0.980506435770751,0.683786376274176,0.975981680838733,0.964001779084603,0.955633190686126,0.998639242440547,0.999101832770982,0.998421485275758,0.975482995507963,0.992646408147786,0.998301843574047,0.980786152383397,0.992250844993649,0.990493080399305,0.980834615795287,0.865284222942865,0.950812377932423,0.969592737093255,0.992652476143648,0.928832029380294,0.987086932384167,0.99615493334242,0.956757475206165,0.991237601716542,0.998602018750547,0.865600233159813,0.999887196381578,0.826349977059854,0.993588626105459,0.963295601475685,0.931296066941613,0.99119756297759,0.996528888251098,0.949062912132171,0.811581356649934,0.997478906605894,0.965353985796163,0.900962762581555,0.931260756269552,0.98708911041045,0.995081391685826,0.914671572213112,0.701476386270834,0.996085761719513,0.998683793282545,0.988027463080552,0.978555314132977,0.91032043500339,0.996056409445083,0.963216250601429,0.850021814703896,0.954739784191995,0.854025656123047,0.965238589376962,0.899764153553913,0.779374747941974,0.148158754466071,0.951672698870617,0.94402267472142,0.99329343960086,0.990143410678442,0.655798004113399,0.949834151631593,0.985173568784816,0.923941018121247,0.930472217446233,0.993561520345233,0.881950231424541,0.87799925377272,0.954494057990303,0.870499773154198,0.853538493292037,0.935785463534243,0.912119180534333,0.945483376041767,0.930468263337677,0.971251292388804,0.880357036604249,0.993967185775731
"BHA15",0.729065346839458,0.329999794627877,0.973238807308357,0.999348367202855,0.998319527308872,0.933439517082926,0.910919872314212,0.961600757116385,0.976930707452956,0.954512956367804,0.938914919831167,0.5512840415257,0.872374224232796,0.934643703415075,0.934838969707957,0.999515414390156,0.805573307891966,0.998639242440547,0.998713094937798,0.998421485275758,0.975482995507963,0.992646408147786,0.973559804881182,0.980786152383397,0.907751143067425,0.990493080399305,0.980834615795287,0.803764406248369,0.979950663710674,0.936721596536018,0.946192051525054,0.906559204050146,0.980562724064892,0.992144010158271,0.956757475206165,0.991237601716542,0.96820829935326,0.865600233159813,0.999887196381578,0.946635769445822,0.993588626105459,0.9535953201238,0.969780524819695,0.99119756297759,0.879510031944359,0.949062912132171,0.929182929309688,0.997478906605894,0.947212818415383,0.966579497680105,0.994357167008356,0.954080617447691,0.936377273220026,0.934119311641609,0.899021152357847,0.996085761719513,0.998683793282545,0.976685634216179,0.978555314132977,0.996428597172252,0.929285673042452,0.954887585474691,0.980136065287699,0.917542653420734,0.980668646181685,0.952077270773308,0.992109962493338,0.842800838256176,0.994061381770324,0.951672698870617,0.989819211760037,0.322454147139515,0.964532859212253,0.928506892195057,0.949834151631593,0.985173568784816,0.664136892040088,0.996520561010078,0.931545483290691,0.933259503902988,0.87799925377272,0.954494057990303,0.939001450188375,0.959083382291386,0.96302215154779,0.961189105994272,0.945483376041767,0.995399118195295,0.961631718091298,0.874120541377799,0.993967185775731
"BHE40",0.917184045183252,0.961065432207951,0.971526457725809,0.983774077572445,0.998319527308872,0.933439517082926,0.916118752971398,0.902416228576168,0.976930707452956,0.990812737192087,0.943051005807056,0.972276841464726,0.964444813827772,0.937052407878875,0.994259494207857,0.940539465089027,0.998668503022334,0.998639242440547,0.998713094937798,0.998421485275758,0.975482995507963,0.884802332712946,0.973559804881182,0.980786152383397,0.933580771438664,0.990493080399305,0.906566053743698,0.885845880133532,0.998368858530976,0.969592737093255,0.992652476143648,0.917864017200976,0.980562724064892,0.986873650572747,0.956757475206165,0.991237601716542,0.943838921286326,0.904045938776657,0.999887196381578,0.91840511177067,0.993588626105459,0.697327720739358,0.938682474591716,0.99119756297759,0.811044656073672,0.994095603899328,0.811581356649934,0.997478906605894,0.984255587624475,0.97517439999094,0.985275996677766,0.945582967028999,0.95479462404059,0.981489012351345,0.960200038499924,0.996085761719513,0.998683793282545,0.988027463080552,0.978555314132977,0.973653492830542,0.851226660350583,0.980847865230257,0.961833238464015,0.976541448576279,0.998970264596742,0.952077270773308,0.992109962493338,0.849568116184266,0.9394663297027,0.74907758693913,0.94402267472142,0.986806893068096,0.964532859212253,0.981642528071131,0.949834151631593,0.985173568784816,0.942018462474705,0.996520561010078,0.953023358147415,0.945105210972307,0.905306666914241,0.968173060376992,0.950644212013689,0.973207579465988,0.941320063051418,0.875759940613656,0.945483376041767,0.930468263337677,0.971251292388804,0.968339028414112,0.914715753127811
"BMAL1",0.729065346839458,0.986503692918196,0.999131895216249,0.915989013136221,0.839677451711469,0.984601496979127,0.987204069944017,0.998292367356908,0.976930707452956,0.987094733657715,0.938914919831167,0.972276841464726,0.980506435770751,0.937052407878875,0.811298803654731,0.940439131737622,0.998668503022334,0.998639242440547,0.999101832770982,0.998421485275758,0.975482995507963,0.884075090573165,0.985881031261591,0.980786152383397,0.992250844993649,0.990493080399305,0.980834615795287,0.990060624744862,0.928887395826281,0.969592737093255,0.992652476143648,0.723950322395886,0.980562724064892,0.984509687981359,0.956757475206165,0.991237601716542,0.935962820726468,0.940680131873552,0.999887196381578,0.812373997858442,0.993588626105459,0.735878437803715,0.993367280437115,0.99119756297759,0.811044656073672,0.949062912132171,0.983900957848265,0.997478906605894,0.961045981101821,0.951923563100258,0.931260756269552,0.871990272185192,0.936377273220026,0.970894827344724,0.701476386270834,0.996085761719513,0.837110967916374,0.988027463080552,0.978555314132977,0.938143696662328,0.996056409445083,0.884195674394059,0.961833238464015,0.954739784191995,0.998970264596742,0.952496907739926,0.992109962493338,0.850482215926519,0.907622327630644,0.74907758693913,0.94402267472142,0.986806893068096,0.964532859212253,0.989909849484362,0.998776731251642,0.985173568784816,0.931674871278248,0.859499205060375,0.667106555113693,0.933259503902988,0.87799925377272,0.954494057990303,0.845703132133043,0.853538493292037,0.941320063051418,0.912119180534333,0.945483376041767,0.930468263337677,0.981388180516773,0.874120541377799,0.993967185775731
"BRAC",0.775079360725198,0.968874253915234,0.975365362911486,0.951112408185512,0.998319527308872,0.954749889671411,0.916118752971398,0.902416228576168,0.976930707452956,0.990812737192087,0.964401247496312,0.998551065984818,0.756468486436773,0.845934366513384,0.975981680838733,0.970550758762389,0.998668503022334,0.998639242440547,0.999101832770982,0.998421485275758,0.975482995507963,0.96226779816822,0.997783194001173,0.980786152383397,0.960811558696372,0.990493080399305,0.906566053743698,0.959808915301429,0.950812377932423,0.964287980851744,0.991802455653632,0.639361208395553,0.980562724064892,0.942629294217034,0.888178304564739,0.991237601716542,0.968988258545989,0.9294116227073,0.999887196381578,0.906180851759215,0.993588626105459,0.993855656144344,0.969780524819695,0.99119756297759,0.777704431024139,0.873429419972295,0.811581356649934,0.997478906605894,0.947212818415383,0.900962762581555,0.809366973071738,0.490822609853504,0.936377273220026,0.981489012351345,0.707459345408552,0.996085761719513,0.998683793282545,0.976685634216179,0.978555314132977,0.75270152827408,0.851226660350583,0.954887585474691,0.895226956021224,0.968430211924096,0.934718755752087,0.952077270773308,0.992109962493338,0.990650040209574,0.9025775988184,0.951672698870617,0.93557953139589,0.986806893068096,0.964532859212253,0.998393770093597,0.949834151631593,0.985173568784816,0.923941018121247,0.964396295913302,0.931545483290691,0.933259503902988,0.922846638847331,0.954494057990303,0.89217515129195,0.973207579465988,0.840153218859902,0.912119180534333,0.945483376041767,0.930468263337677,0.97606096869575,0.95802478183232,0.965132221606979
"CDX1",0.99757958929101,0.517681311395931,0.971526457725809,0.983774077572445,0.998319527308872,0.933439517082926,0.971701764326017,0.902416228576168,0.976930707452956,0.980775633199882,0.938914919831167,0.998551065984818,0.980506435770751,0.937052407878875,0.959732207192937,0.940439131737622,0.997272812818238,0.998639242440547,0.998713094937798,0.998421485275758,0.975482995507963,0.90535994333782,0.981838187256346,0.980786152383397,0.964879405054553,0.990493080399305,0.980834615795287,0.959808915301429,0.945835021389558,0.969592737093255,0.772702740950634,0.838485487071082,0.980562724064892,0.99615493334242,0.888178304564739,0.941264369608649,0.604372510918692,0.904045938776657,0.999887196381578,0.946635769445822,0.993588626105459,0.9535953201238,0.843928208654408,0.99119756297759,0.930051131102215,0.952163841616037,0.811581356649934,0.997478906605894,0.928745525774239,0.880780933826257,0.965804590634771,0.98708911041045,0.995081391685826,0.934119311641609,0.991358604564773,0.996085761719513,0.998683793282545,0.983458871596561,0.714720675359773,0.986451475014829,0.874503480958027,0.950474526408072,0.895226956021224,0.847850658021187,0.934718755752087,0.920569247905653,0.992109962493338,0.658348071433746,0.940606238967185,0.74907758693913,0.932413904783055,0.879191598416081,0.964532859212253,0.989909849484362,0.933388292252203,0.985173568784816,0.931674871278248,0.996520561010078,0.886331307745237,0.946938876429472,0.959858187226034,0.993970179336778,0.806572925729678,0.957155946133893,0.825313888659804,0.912119180534333,0.945483376041767,0.930468263337677,0.981388180516773,0.993654354656766,0.993967185775731
"CDX2",0.817116105358641,0.961065432207951,0.959021771390746,0.983774077572445,0.998319527308872,0.954749889671411,0.76308120512323,0.998292367356908,0.976930707452956,0.954512956367804,0.805381460655283,0.972276841464726,0.980506435770751,0.934643703415075,0.934838969707957,0.940439131737622,0.805573307891966,0.998639242440547,0.998713094937798,0.966938912987977,0.975482995507963,0.884075090573165,0.985881031261591,0.980786152383397,0.992250844993649,0.990493080399305,0.980834615795287,0.885845880133532,0.928887395826281,0.884433284414482,0.992652476143648,0.917864017200976,0.980562724064892,0.958246351490468,0.956757475206165,0.845059843521528,0.96820829935326,0.940680131873552,0.999887196381578,0.945405732890972,0.993588626105459,0.989573935209556,0.969780524819695,0.99119756297759,0.92049674962489,0.885201546869686,0.940657230021592,0.997478906605894,0.778858297997223,0.951923563100258,0.931260756269552,0.98708911041045,0.936377273220026,0.970894827344724,0.701476386270834,0.996085761719513,0.998683793282545,0.976685634216179,0.978555314132977,0.996506880785824,0.954865606625044,0.994628098046915,0.961833238464015,0.929731399552935,0.934718755752087,0.952077270773308,0.737819557950271,0.746803250269898,0.944731418421284,0.74907758693913,0.989819211760037,0.986806893068096,0.964532859212253,0.989909849484362,0.981825957397777,0.909254051793202,0.931674871278248,0.996520561010078,0.930722233965406,0.910221685899967,0.905306666914241,0.993970179336778,0.870499773154198,0.973207579465988,0.96302215154779,0.912119180534333,0.945483376041767,0.973058766890347,0.971251292388804,0.993654354656766,0.993967185775731
"CEBPD",0.994716814999872,0.961065432207951,0.994874808914894,0.999348367202855,0.839677451711469,0.933439517082926,0.955623782321246,0.660945520367711,0.976930707452956,0.990812737192087,0.996891882588112,0.998551065984818,0.980506435770751,0.683786376274176,0.942958473993412,0.940439131737622,0.997272812818238,0.998639242440547,0.986752283231202,0.998421485275758,0.457158764769924,0.884075090573165,0.992510270650842,0.980786152383397,0.907751143067425,0.990493080399305,0.98411203584723,0.959808915301429,0.928887395826281,0.969592737093255,0.772702740950634,0.577073725463266,0.987086932384167,0.994066282272469,0.949003478119608,0.991237601716542,0.943029149947453,0.940680131873552,0.999887196381578,0.948231316692645,0.993588626105459,0.973967311880287,0.969780524819695,0.99119756297759,0.993534997412952,0.949062912132171,0.999801279258508,0.997478906605894,0.279081501709826,0.900962762581555,0.994357167008356,0.954080617447691,0.936377273220026,0.981489012351345,0.991358604564773,0.996085761719513,0.834749539705284,0.983458871596561,0.989754709913387,0.996506880785824,0.592313208128571,0.943583224818914,0.846853026075025,0.847850658021187,0.898678410216416,0.952496907739926,0.992109962493338,0.990650040209574,0.907622327630644,0.74907758693913,0.990074596930791,0.986806893068096,0.527396774453431,0.998393770093597,0.949834151631593,0.985173568784816,0.923941018121247,0.859499205060375,0.667106555113693,0.946938876429472,0.87799925377272,0.993970179336778,0.870499773154198,0.853538493292037,0.840153218859902,0.993968844467663,0.945483376041767,0.260806812458155,0.885750154794123,0.899654888132649,0.993967185775731
"CEBPE",0.790900467592716,0.968874253915234,0.999131895216249,0.951112408185512,0.998319527308872,0.992532663422087,0.261869242872027,0.979122930710761,0.976930707452956,0.982598380528732,0.938914919831167,0.503839441238414,0.980506435770751,0.937052407878875,0.942389297290246,0.965947230666248,0.998668503022334,0.998639242440547,0.986752283231202,0.966938912987977,0.975482995507963,0.992646408147786,0.973559804881182,0.980786152383397,0.836191600437098,0.990493080399305,0.906566053743698,0.959808915301429,0.958048219798031,0.913088283050533,0.92054262672834,0.639361208395553,0.980562724064892,0.610615784950701,0.888178304564739,0.991237601716542,0.411742266723811,0.856539420485914,0.999887196381578,0.758937823047737,0.993588626105459,0.697327720739358,0.969296896879889,0.99119756297759,0.777704431024139,0.614707913606779,0.825877875034546,0.997478906605894,0.808697527771283,0.966579497680105,0.809366973071738,0.98708911041045,0.934307896829416,0.934119311641609,0.995146341161103,0.996085761719513,0.998683793282545,0.983458871596561,0.784420130524124,0.933177438619004,0.863063154410899,0.943583224818914,0.961833238464015,0.954739784191995,0.927586517391255,0.957932145707087,0.964766846350362,0.990650040209574,0.907622327630644,0.951672698870617,0.990074596930791,0.986806893068096,0.964532859212253,0.981642528071131,0.983619908764593,0.985173568784816,0.9979591136976,0.996520561010078,0.667106555113693,0.945105210972307,0.222364079795163,0.954494057990303,0.229471500354733,0.973207579465988,0.941320063051418,0.927325233921989,0.945483376041767,0.930468263337677,0.981388180516773,0.874120541377799,0.743279342221898
"CLOCK",0.931996871726554,0.961065432207951,0.989616288990069,0.999348367202855,0.998319527308872,0.933439517082926,0.706049970375086,0.998292367356908,0.976930707452956,0.954512956367804,0.863756033144992,0.998551065984818,0.977121102757417,0.934643703415075,0.975981680838733,0.965947230666248,0.967454862896924,0.998639242440547,0.986752283231202,0.966938912987977,0.975482995507963,0.931033080535841,0.973559804881182,0.883979953604186,0.836191600437098,0.987412558515461,0.906566053743698,0.959808915301429,0.850413235997859,0.808354188485136,0.992652476143648,0.917864017200976,0.980562724064892,0.986873650572747,0.932641740594952,0.991237601716542,0.935962820726468,0.99542599259708,0.999887196381578,0.995800416577107,0.993588626105459,0.916486375048868,0.882451664633732,0.99119756297759,0.817763922380347,0.987177023041225,0.983900957848265,0.997478906605894,0.947212818415383,0.96436603230237,0.994357167008356,0.945582967028999,0.936377273220026,0.934119311641609,0.991358604564773,0.996085761719513,0.806462524166835,0.983458871596561,0.978555314132977,0.933177438619004,0.889271199585738,0.943583224818914,0.850021814703896,0.954739784191995,0.927586517391255,0.952496907739926,0.992109962493338,0.990650040209574,0.9025775988184,0.951672698870617,0.932413904783055,0.986806893068096,0.964532859212253,0.998393770093597,0.950688334393641,0.985173568784816,0.939632120182356,0.964396295913302,0.953023358147415,0.910221685899967,0.87799925377272,0.954494057990303,0.950644212013689,0.858179994434758,0.941320063051418,0.913474097726624,0.945483376041767,0.954227852485463,0.971251292388804,0.880357036604249,0.993967185775731
"COE1",0.917184045183252,0.968874253915234,0.971526457725809,0.983774077572445,0.998319527308872,0.933439517082926,0.987204069944017,0.902416228576168,0.976930707452956,0.990812737192087,0.938914919831167,0.998551065984818,0.871856696032602,0.680521783347761,0.811298803654731,0.940439131737622,0.682424604774545,0.998639242440547,0.998713094937798,0.998421485275758,0.975482995507963,0.884075090573165,0.787711089280136,0.980786152383397,0.992250844993649,0.990493080399305,0.958713528454906,0.998960719390326,0.945835021389558,0.808354188485136,0.946192051525054,0.997096176803397,0.980562724064892,0.862062903110561,0.949003478119608,0.991237601716542,0.968988258545989,0.904045938776657,0.999887196381578,0.906180851759215,0.993588626105459,0.938332668296185,0.969780524819695,0.99119756297759,0.915332018199705,0.885201546869686,0.850046700469993,0.997478906605894,0.947212818415383,0.951923563100258,0.931260756269552,0.923512213140624,0.934307896829416,0.970894827344724,0.991358604564773,0.996085761719513,0.954499334942951,0.983458871596561,0.978555314132977,0.996506880785824,0.851226660350583,0.943583224818914,0.961833238464015,0.929731399552935,0.217537340159436,0.952496907739926,0.992109962493338,0.975917363229893,0.960590432695525,0.74907758693913,0.94402267472142,0.986806893068096,0.964532859212253,0.977382231616024,0.949834151631593,0.985173568784816,0.851967016648928,0.859499205060375,0.667106555113693,0.875599343217204,0.903223664312184,0.993970179336778,0.845703132133043,0.635748724316921,0.941320063051418,0.931539966828353,0.945483376041767,0.970952655938109,0.97606096869575,0.968339028414112,0.743279342221898
"COT1",0.729065346839458,0.968874253915234,0.959021771390746,0.983774077572445,0.998319527308872,0.835600602057822,0.979938594185208,0.990047692600524,0.976930707452956,0.990812737192087,0.784810657449294,0.975235355625904,0.980506435770751,0.937052407878875,0.934838969707957,0.970550758762389,0.937109986705951,0.998639242440547,0.990301656281988,0.998421485275758,0.975482995507963,0.884802332712946,0.985881031261591,0.980786152383397,0.963443824841515,0.990493080399305,0.981895726737833,0.971040850466088,0.945835021389558,0.969592737093255,0.772702740950634,0.799129730660616,0.980562724064892,0.992144010158271,0.937021382021245,0.991237601716542,0.968988258545989,0.911738123346483,0.999887196381578,0.946635769445822,0.993588626105459,0.963295601475685,0.993367280437115,0.995346165613089,0.811044656073672,0.949062912132171,0.811581356649934,0.997478906605894,0.932351173132548,0.951923563100258,0.931260756269552,0.98708911041045,0.934307896829416,0.659702590536762,0.955335477942671,0.996085761719513,0.998683793282545,0.983458871596561,0.96272456025695,0.996506880785824,0.971571810751424,0.884195674394059,0.961833238464015,0.954739784191995,0.854025656123047,0.981323321685051,0.992109962493338,0.990650040209574,0.976443209373643,0.979938646229577,0.94402267472142,0.986806893068096,0.964532859212253,0.981642528071131,0.950688334393641,0.985173568784816,0.958318898280039,0.930472217446233,0.954202782626039,0.965691381786751,0.920812753807012,0.985881327585849,0.870499773154198,0.816299573735685,0.840153218859902,0.995112497096044,0.945483376041767,0.973058766890347,0.971251292388804,0.874120541377799,0.993967185775731
"COT2",0.790900467592716,0.961065432207951,0.975365362911486,0.983774077572445,0.998319527308872,0.933439517082926,0.987204069944017,0.902416228576168,0.976930707452956,0.990812737192087,0.95076663071225,0.998551065984818,0.756468486436773,0.937052407878875,0.934838969707957,0.990287875945372,0.998668503022334,0.998639242440547,0.292813630632629,0.998421485275758,0.975482995507963,0.939582843178499,0.985881031261591,0.980786152383397,0.992250844993649,0.990493080399305,0.906566053743698,0.998263647115424,0.990103476844994,0.969592737093255,0.92054262672834,0.774072052150048,0.980562724064892,0.994066282272469,0.805831171828551,0.991237601716542,0.160676871227218,0.926993622213325,0.999887196381578,0.812373997858442,0.993588626105459,0.976698159027504,0.969780524819695,0.99119756297759,0.942409393576074,0.949062912132171,0.983900957848265,0.997478906605894,0.947212818415383,0.96436603230237,0.809366973071738,0.985204644797683,0.995081391685826,0.960320336041811,0.991358604564773,0.996085761719513,0.806462524166835,0.976685634216179,0.990762487512851,0.942609001669104,0.851226660350583,0.884195674394059,0.980136065287699,0.954739784191995,0.895693152501458,0.543880047713174,0.992109962493338,0.596562232371554,0.907622327630644,0.951672698870617,0.958996553046271,0.879191598416081,0.964532859212253,0.94148353720525,0.981825957397777,0.985173568784816,0.931674871278248,0.990665790042637,0.965497453598366,0.933259503902988,0.955439947337942,0.993970179336778,0.990048225636844,0.816299573735685,0.840153218859902,0.922349636864801,0.945483376041767,0.901425209958275,0.97606096869575,0.993654354656766,0.993967185775731
"CREM",0.729065346839458,0.518797638437034,0.985919888765208,0.915989013136221,0.998319527308872,0.933439517082926,0.916118752971398,0.902416228576168,0.976930707452956,0.954512956367804,0.964401247496312,0.972276841464726,0.980506435770751,0.937052407878875,0.975981680838733,0.940439131737622,0.998668503022334,0.998639242440547,0.975434050686408,0.998421485275758,0.975482995507963,0.939582843178499,0.956937613806215,0.980786152383397,0.992250844993649,0.990493080399305,0.906566053743698,0.959808915301429,0.998368858530976,0.913088283050533,0.897373080602053,0.906559204050146,0.980562724064892,0.992144010158271,0.956757475206165,0.991237601716542,0.96820829935326,0.940680131873552,0.999887196381578,0.973754504318133,0.993588626105459,0.963295601475685,0.938682474591716,0.923226158269343,0.811044656073672,0.949062912132171,0.999801279258508,0.997478906605894,0.947212818415383,0.951923563100258,0.881060417792044,0.511892681123024,0.936377273220026,0.970894827344724,0.902597105341651,0.996085761719513,0.954499334942951,0.976685634216179,0.978555314132977,0.91032043500339,0.592313208128571,0.884195674394059,0.895226956021224,0.968430211924096,0.854025656123047,0.952077270773308,0.992109962493338,0.975917363229893,0.973563037192072,0.951672698870617,0.94402267472142,0.986806893068096,0.964532859212253,0.989909849484362,0.949834151631593,0.985173568784816,0.931674871278248,0.930472217446233,0.667106555113693,0.9532138143531,0.905306666914241,0.990997059463523,0.98103416513006,0.705161742091585,0.935785463534243,0.912119180534333,0.945483376041767,0.954227852485463,0.981388180516773,0.968339028414112,0.982764790152111
"CRX",0.762120669459485,0.982359400379498,0.98132615369246,0.983774077572445,0.998319527308872,0.878056838812683,0.533293119198775,0.902416228576168,0.976930707452956,0.954512956367804,0.938914919831167,0.972276841464726,0.838146386195392,0.937052407878875,0.811298803654731,0.940539465089027,0.682424604774545,0.998639242440547,0.951577150393294,0.892231314078346,0.975482995507963,0.993578515010556,0.973559804881182,0.980786152383397,0.907751143067425,0.990493080399305,0.906566053743698,0.857029646460062,0.990103476844994,0.969592737093255,0.756971417132723,0.997096176803397,0.980562724064892,0.99615493334242,0.956757475206165,0.991237601716542,0.949237450024544,0.758093463110401,0.999887196381578,0.945405732890972,0.999046883006746,0.963295601475685,0.930997201865433,0.99119756297759,0.889459791829527,0.949062912132171,0.850046700469993,0.997478906605894,0.95592819418516,0.951923563100258,0.985275996677766,0.954080617447691,0.936377273220026,0.970894827344724,0.955335477942671,0.996085761719513,0.998683793282545,0.976685634216179,0.868318296304331,0.91032043500339,0.960247030684646,0.963216250601429,0.895226956021224,0.954739784191995,0.854025656123047,0.99946922867096,0.992109962493338,0.990650040209574,0.9025775988184,0.951672698870617,0.932413904783055,0.986806893068096,0.964532859212253,0.998393770093597,0.949834151631593,0.985173568784816,0.923941018121247,0.996520561010078,0.898262985096393,0.945105210972307,0.87799925377272,0.954494057990303,0.845703132133043,0.973207579465988,0.941320063051418,0.912119180534333,0.945483376041767,0.954227852485463,0.97606096869575,0.874120541377799,0.993967185775731
"CUX1",0.917184045183252,0.968874253915234,0.973238807308357,0.999348367202855,0.998319527308872,0.933439517082926,0.721228307194194,0.968231938663626,0.976930707452956,0.954512956367804,0.938914919831167,0.975235355625904,0.617618100885807,0.934643703415075,0.952012411834505,0.940539465089027,0.997272812818238,0.998639242440547,0.986752283231202,0.966938912987977,0.975482995507963,0.884075090573165,0.985881031261591,0.980786152383397,0.964879405054553,0.990493080399305,0.906566053743698,0.959808915301429,0.990103476844994,0.936721596536018,0.992652476143648,0.917864017200976,0.980562724064892,0.942629294217034,0.949003478119608,0.991237601716542,0.968988258545989,0.940680131873552,0.999887196381578,0.906251903861299,0.993588626105459,0.845710133720909,0.930997201865433,0.99119756297759,0.811044656073672,0.949062912132171,0.884394198790692,0.997478906605894,0.928745525774239,0.900962762581555,0.965804590634771,0.945582967028999,0.95479462404059,0.934187124594849,0.969725533251749,0.996085761719513,0.998683793282545,0.988027463080552,0.978555314132977,0.942609001669104,0.954865606625044,0.963216250601429,0.961833238464015,0.929731399552935,0.854025656123047,0.952496907739926,0.992109962493338,0.990650040209574,0.994061381770324,0.74907758693913,0.94402267472142,0.99329343960086,0.964532859212253,0.968990298349576,0.949834151631593,0.985173568784816,0.931674871278248,0.996520561010078,0.995600786082253,0.875599343217204,0.87799925377272,0.477642625605349,0.950644212013689,0.830044752577471,0.941320063051418,0.945883346872804,0.947571368460933,0.999763789658595,0.981388180516773,0.874120541377799,0.993967185775731
"DBP",0.729065346839458,0.968874253915234,0.971526457725809,0.951112408185512,0.998319527308872,0.933439517082926,0.810744104214257,0.803170584281761,0.976930707452956,0.990812737192087,0.964401247496312,0.975235355625904,0.980506435770751,0.683786376274176,0.942389297290246,0.970550758762389,0.805573307891966,0.998639242440547,0.986752283231202,0.998421485275758,0.975482995507963,0.90535994333782,0.982121111709832,0.980786152383397,0.950026493483702,0.990493080399305,0.906566053743698,0.959808915301429,0.990103476844994,0.808354188485136,0.850801978768179,0.976076492859083,0.980562724064892,0.942629294217034,0.869873999170536,0.991237601716542,0.935962820726468,0.904045938776657,0.999887196381578,0.906251903861299,0.993588626105459,0.963295601475685,0.969780524819695,0.99119756297759,0.777704431024139,0.949062912132171,0.923486120417147,0.997478906605894,0.928745525774239,0.951923563100258,0.809366973071738,0.974457566281525,0.936377273220026,0.934119311641609,0.701476386270834,0.996085761719513,0.998683793282545,0.976685634216179,0.978555314132977,0.938143696662328,0.794292333156533,0.943583224818914,0.846853026075025,0.954739784191995,0.895693152501458,0.920569247905653,0.702995825771261,0.975917363229893,0.996027537255703,0.74907758693913,0.947667336414932,0.986806893068096,0.964532859212253,0.989909849484362,0.519619894850143,0.48424751214644,0.9979591136976,0.996520561010078,0.895841737460695,0.933259503902988,0.87799925377272,0.954494057990303,0.950644212013689,0.729695971564517,0.941320063051418,0.491853936468358,0.945483376041767,0.989681260754008,0.971251292388804,0.968339028414112,0.993967185775731
"DLX3",0.644160310102056,0.986503692918196,0.975365362911486,0.983774077572445,0.998319527308872,0.933439517082926,0.810744104214257,0.987308621569904,0.976930707452956,0.954512956367804,0.938914919831167,0.998551065984818,0.972860418714027,0.934643703415075,0.942958473993412,0.965947230666248,0.998668503022334,0.998639242440547,0.948927440738968,0.998421485275758,0.975482995507963,0.884075090573165,0.997783194001173,0.901704687457951,0.992250844993649,0.990493080399305,0.980834615795287,0.994705485043894,0.958266784881081,0.808354188485136,0.95179481040225,0.917864017200976,0.980562724064892,0.942629294217034,0.888178304564739,0.991237601716542,0.96820829935326,0.940680131873552,0.999887196381578,0.812373997858442,0.993588626105459,0.938332668296185,0.993367280437115,0.99119756297759,0.777704431024139,0.970470297381111,0.811581356649934,0.997478906605894,0.631890792105359,0.900962762581555,0.99174285822263,0.945582967028999,0.934307896829416,0.960320336041811,0.955335477942671,0.996085761719513,0.806462524166835,0.976685634216179,0.868318296304331,0.938143696662328,0.851226660350583,0.950474526408072,0.961833238464015,0.954739784191995,0.934718755752087,0.952077270773308,0.992109962493338,0.849568116184266,0.905215218295615,0.979938646229577,0.958996553046271,0.986806893068096,0.964532859212253,0.94148353720525,0.953904974423213,0.985173568784816,0.851967016648928,0.986871266164964,0.953023358147415,0.946938876429472,0.87799925377272,0.954494057990303,0.990048225636844,0.853538493292037,0.955273181399184,0.986510793991887,0.945483376041767,0.918121756892384,0.971251292388804,0.874120541377799,0.923526521719664
"DUX4",0.729065346839458,0.961065432207951,0.971526457725809,0.983774077572445,0.998319527308872,0.933439517082926,0.916118752971398,0.902416228576168,0.976930707452956,0.954512956367804,0.513822971126606,0.998551065984818,0.872374224232796,0.937052407878875,0.677354137852241,0.96066382936919,0.945169334828407,0.998639242440547,0.999101832770982,0.962979662454316,0.923934070622182,0.999255709923347,0.998301843574047,0.989026981305022,0.992250844993649,0.990493080399305,0.906566053743698,0.959808915301429,0.850413235997859,0.985085776597969,0.992652476143648,0.911569158645666,0.980562724064892,0.99615493334242,0.977181637406844,0.991237601716542,0.96820829935326,0.904045938776657,0.999887196381578,0.906180851759215,0.993588626105459,0.963295601475685,0.969780524819695,0.99119756297759,0.777704431024139,0.994095603899328,0.983900957848265,0.997478906605894,0.928745525774239,0.900962762581555,0.931260756269552,0.923512213140624,0.936377273220026,0.99993230569539,0.955335477942671,0.996085761719513,0.916822185470147,0.983458871596561,0.810140684800691,0.996506880785824,0.851226660350583,0.994036268480238,0.632833905376847,0.968430211924096,0.934718755752087,0.952496907739926,0.992109962493338,0.779374747941974,0.973563037192072,0.951672698870617,0.566055262279807,0.986806893068096,0.964532859212253,0.974403714842764,0.949834151631593,0.985173568784816,0.923941018121247,0.859499205060375,0.995600786082253,0.910221685899967,0.903223664312184,0.954494057990303,0.870499773154198,0.990104711913105,0.941320063051418,0.913474097726624,0.945483376041767,0.973058766890347,0.971251292388804,0.874120541377799,0.874458424484343
"E2F2",0.917184045183252,0.961065432207951,0.971526457725809,0.915989013136221,0.998319527308872,0.933439517082926,0.987204069944017,0.998292367356908,0.976930707452956,0.96971992584554,0.996891882588112,0.972276841464726,0.997127219120691,0.974783513003162,0.963723313625184,0.940439131737622,0.998668503022334,0.998639242440547,0.986752283231202,0.998421485275758,0.975482995507963,0.96768493304421,0.981838187256346,0.980786152383397,0.992250844993649,0.990629798669609,0.990520067982925,0.959808915301429,0.945835021389558,0.979152037514351,0.850801978768179,0.917864017200976,0.980562724064892,0.942629294217034,0.975880980123592,0.991237601716542,0.998602018750547,0.940680131873552,0.999887196381578,0.906251903861299,0.993588626105459,0.963295601475685,0.938682474591716,0.99119756297759,0.838431477721617,0.94498242748169,0.999801279258508,0.997478906605894,0.932351173132548,0.97517439999094,0.941557417121562,0.98708911041045,0.995081391685826,0.970894827344724,0.955335477942671,0.996085761719513,0.998683793282545,0.983458871596561,0.868318296304331,0.996506880785824,0.954865606625044,0.884195674394059,0.97724390306608,0.968430211924096,0.907998527540472,0.952496907739926,0.992109962493338,0.990650040209574,0.973563037192072,0.979938646229577,0.958996553046271,0.99329343960086,0.964532859212253,0.989909849484362,0.998776731251642,0.985173568784816,0.931674871278248,0.964396295913302,0.995600786082253,0.933259503902988,0.935126867680775,0.993970179336778,0.950644212013689,0.973207579465988,0.941320063051418,0.945883346872804,0.945483376041767,0.973058766890347,0.97606096869575,0.968339028414112,0.993967185775731
"E2F3",0.917184045183252,0.968874253915234,0.985919888765208,0.915989013136221,0.998319527308872,0.954749889671411,0.942805108163855,0.998292367356908,0.976930707452956,0.985965820526345,0.938914919831167,0.998551065984818,0.980506435770751,0.937052407878875,0.934838969707957,0.940439131737622,0.945169334828407,0.998639242440547,0.999101832770982,0.966938912987977,0.975482995507963,0.992646408147786,0.960662535624259,0.980786152383397,0.957430529076159,0.990493080399305,0.906566053743698,0.959808915301429,0.945835021389558,0.94977876286358,0.772702740950634,0.838485487071082,0.980562724064892,0.994066282272469,0.888178304564739,0.991237601716542,0.968988258545989,0.910861068763731,0.999887196381578,0.906251903861299,0.993588626105459,0.964382358759376,0.930997201865433,0.99119756297759,0.781532282085539,0.94498242748169,0.884394198790692,0.997478906605894,0.946101914255408,0.951923563100258,0.962446976883525,0.871990272185192,0.968507015321155,0.970894827344724,0.991358604564773,0.996085761719513,0.998683793282545,0.976685634216179,0.978555314132977,0.938143696662328,0.71017319099762,0.963216250601429,0.961833238464015,0.954739784191995,0.898678410216416,0.952496907739926,0.992109962493338,0.990650040209574,0.826118119207367,0.74907758693913,0.94402267472142,0.986806893068096,0.964532859212253,0.886248022025853,0.949834151631593,0.985173568784816,0.923941018121247,0.964396295913302,0.886331307745237,0.933259503902988,0.922846638847331,0.954494057990303,0.907361602563083,0.973207579465988,0.935785463534243,0.912119180534333,0.945483376041767,0.994190609828326,0.971251292388804,0.993654354656766,0.914715753127811
"E2F5",0.947785967699898,0.961065432207951,0.975365362911486,0.983774077572445,0.998319527308872,0.933439517082926,0.955623782321246,0.979122930710761,0.976930707452956,0.954512956367804,0.946333579247946,0.998551065984818,0.966673966954228,0.907043073162676,0.942389297290246,0.991817054789786,0.976152417641109,0.998639242440547,0.948927440738968,0.998421485275758,0.99462397964399,0.884802332712946,0.973559804881182,0.980786152383397,0.907751143067425,0.990493080399305,0.980834615795287,0.959808915301429,0.990103476844994,0.969592737093255,0.841922519564032,0.917864017200976,0.980562724064892,0.942629294217034,0.956757475206165,0.991237601716542,0.96820829935326,0.93009025639254,0.999887196381578,0.906180851759215,0.993588626105459,0.963295601475685,0.969296896879889,0.99119756297759,0.980866641048928,0.972038383557356,0.884394198790692,0.997478906605894,0.928745525774239,0.900962762581555,0.881060417792044,0.923512213140624,0.936377273220026,0.960320336041811,0.991358604564773,0.996085761719513,0.932953817931914,0.976685634216179,0.978555314132977,0.996506880785824,0.913617715111565,0.943583224818914,0.999687651453745,0.954739784191995,0.998970264596742,0.964340722684762,0.992109962493338,0.746803250269898,0.907622327630644,0.983916362490164,0.94402267472142,0.879191598416081,0.964532859212253,0.998393770093597,0.953830430802175,0.985173568784816,0.931674871278248,0.996520561010078,0.940287303909484,0.946938876429472,0.87799925377272,0.990997059463523,0.950644212013689,0.973207579465988,0.935785463534243,0.994899633008819,0.945483376041767,0.999763789658595,0.902084936988587,0.967786251029881,0.778758992638128
"E2F6",0.917184045183252,0.962742996806811,0.921432831536523,0.915989013136221,0.998319527308872,0.954749889671411,0.840466688959446,0.902416228576168,0.976930707452956,0.954512956367804,0.938914919831167,0.972276841464726,0.980506435770751,0.907043073162676,0.959732207192937,0.965947230666248,0.937109986705951,0.998639242440547,0.999101832770982,0.998421485275758,0.975482995507963,0.884075090573165,0.981838187256346,0.980786152383397,0.992250844993649,0.987412558515461,0.906566053743698,0.959808915301429,0.945835021389558,0.808354188485136,0.756971417132723,0.838485487071082,0.980562724064892,0.99615493334242,0.977181637406844,0.991237601716542,0.935962820726468,0.904045938776657,0.999887196381578,0.879583417739649,0.993588626105459,0.916486375048868,0.930997201865433,0.99119756297759,0.777704431024139,0.949062912132171,0.811581356649934,0.997478906605894,0.95592819418516,0.951923563100258,0.840160027436915,0.98708911041045,0.936377273220026,0.970894827344724,0.955335477942671,0.996085761719513,0.915804105753625,0.976685634216179,0.978555314132977,0.996428597172252,0.592313208128571,0.884195674394059,0.846853026075025,0.917542653420734,0.927586517391255,0.952496907739926,0.992109962493338,0.990650040209574,0.973563037192072,0.904856422218149,0.94402267472142,0.986806893068096,0.964532859212253,0.981642528071131,0.953904974423213,0.985173568784816,0.931674871278248,0.930472217446233,0.931545483290691,0.949791581459001,0.87799925377272,0.990997059463523,0.996299790263499,0.666474844268908,0.941320063051418,0.912119180534333,0.945483376041767,0.973058766890347,0.981388180516773,0.93251333933019,0.993967185775731
"ELF5",0.947597278375225,0.915743112335749,0.971526457725809,0.951112408185512,0.998319527308872,0.933439517082926,0.954020671542733,0.998292367356908,0.976930707452956,0.958494968892858,0.863756033144992,0.998551065984818,0.964444813827772,0.87137411459944,0.934838969707957,0.970550758762389,0.998668503022334,0.998639242440547,0.999101832770982,0.998421485275758,0.990971537299255,0.992646408147786,0.985881031261591,0.980786152383397,0.950026493483702,0.990493080399305,0.906566053743698,0.959808915301429,0.928887395826281,0.936721596536018,0.92054262672834,0.917864017200976,0.980562724064892,0.994066282272469,0.907907042578034,0.991237601716542,0.624837198273765,0.904045938776657,0.999887196381578,0.906180851759215,0.993588626105459,0.963295601475685,0.930997201865433,0.99119756297759,0.817763922380347,0.885201546869686,0.923486120417147,0.997478906605894,0.972659475218937,0.96436603230237,0.881060417792044,0.511892681123024,0.936377273220026,0.934119311641609,0.991358604564773,0.996085761719513,0.806462524166835,0.988027463080552,0.868318296304331,0.996428597172252,0.851226660350583,0.943583224818914,0.850021814703896,0.954739784191995,0.973591710117113,0.952077270773308,0.992109962493338,0.975917363229893,0.9025775988184,0.961214170728836,0.932413904783055,0.99329343960086,0.964532859212253,0.993130119453283,0.878591132400816,0.985173568784816,0.939632120182356,0.986871266164964,0.963808754010924,0.910221685899967,0.87799925377272,0.954494057990303,0.919052334754677,0.666474844268908,0.96302215154779,0.9795996122326,0.945483376041767,0.930468263337677,0.976429828119024,0.967786251029881,0.993967185775731
"ERG",0.917184045183252,0.986503692918196,0.971526457725809,0.994697482161095,0.998319527308872,0.951075367689261,0.721228307194194,0.959116938828324,0.976930707452956,0.990812737192087,0.938914919831167,0.998551065984818,0.756468486436773,0.989922227102859,0.975981680838733,0.940439131737622,0.998668503022334,0.998639242440547,0.998713094937798,0.998421485275758,0.975482995507963,0.992646408147786,0.981838187256346,0.980786152383397,0.836191600437098,0.990493080399305,0.906566053743698,0.959808915301429,0.990103476844994,0.808354188485136,0.756971417132723,0.917864017200976,0.980562724064892,0.99615493334242,0.932641740594952,0.991237601716542,0.968988258545989,0.904045938776657,0.999887196381578,0.812373997858442,0.993588626105459,0.963295601475685,0.969780524819695,0.99119756297759,0.811044656073672,0.949062912132171,0.999801279258508,0.997478906605894,0.928745525774239,0.900962762581555,0.881060417792044,0.923512213140624,0.936377273220026,0.960320336041811,0.991358604564773,0.996085761719513,0.806462524166835,0.983458871596561,0.944109962990209,0.938143696662328,0.996056409445083,0.963216250601429,0.97724390306608,0.954739784191995,0.998970264596742,0.959331443641097,0.992109962493338,0.746803250269898,0.994061381770324,0.961214170728836,0.94402267472142,0.986806893068096,0.964532859212253,0.989909849484362,0.981825957397777,0.985173568784816,0.939632120182356,0.996520561010078,0.995600786082253,0.946938876429472,0.970614502841745,0.993970179336778,0.950644212013689,0.973207579465988,0.96302215154779,0.904905589572621,0.945483376041767,0.973058766890347,0.983436914994034,0.95802478183232,0.993967185775731
"ERR1",0.644160310102056,0.968874253915234,0.959021771390746,0.951112408185512,0.998319527308872,0.933439517082926,0.987204069944017,0.970188273230243,0.976930707452956,0.958494968892858,0.784810657449294,0.998551065984818,0.950965392777313,0.943384353572907,0.96127931742199,0.970550758762389,0.945169334828407,0.998639242440547,0.948927440738968,0.966938912987977,0.975482995507963,0.971855127262149,0.997783194001173,0.980786152383397,0.992250844993649,0.990493080399305,0.906566053743698,0.959808915301429,0.945835021389558,0.808354188485136,0.756971417132723,0.799129730660616,0.980562724064892,0.99615493334242,0.976373060312194,0.991237601716542,0.968988258545989,0.904045938776657,0.999887196381578,0.933228720106978,0.993588626105459,0.963295601475685,0.843928208654408,0.99119756297759,0.915332018199705,0.994095603899328,0.923486120417147,0.997478906605894,0.947212818415383,0.951923563100258,0.881060417792044,0.96132386589249,0.936377273220026,0.934119311641609,0.674592231925545,0.996085761719513,0.998683793282545,0.972163083669516,0.895769915907818,0.938143696662328,0.851226660350583,0.980847865230257,0.961833238464015,0.954739784191995,0.927586517391255,0.952077270773308,0.914161964448818,0.983355785384161,0.973563037192072,0.74907758693913,0.932413904783055,0.986806893068096,0.964532859212253,0.989909849484362,0.949834151631593,0.985173568784816,0.958318898280039,0.996520561010078,0.886331307745237,0.910221685899967,0.87799925377272,0.954494057990303,0.996299790263499,0.902205552719121,0.982706712880728,0.491853936468358,0.945483376041767,0.970952655938109,0.981388180516773,0.954325875686045,0.993967185775731
"ERR2",0.99757958929101,0.968874253915234,0.959021771390746,0.915989013136221,0.998319527308872,0.954749889671411,0.721228307194194,0.998292367356908,0.976930707452956,0.990812737192087,0.839058079730742,0.972276841464726,0.999953475222483,0.907043073162676,0.934838969707957,0.965947230666248,0.775503496081845,0.998639242440547,0.986752283231202,0.998421485275758,0.961146032545276,0.992646408147786,0.282644075960891,0.980786152383397,0.992250844993649,0.956359620732734,0.906566053743698,0.959808915301429,0.928887395826281,0.808354188485136,0.95179481040225,0.774072052150048,0.980562724064892,0.716578597363104,0.937021382021245,0.991237601716542,0.943029149947453,0.904045938776657,0.999887196381578,0.983991568147343,0.993588626105459,0.971838799759041,0.928422581338403,0.99119756297759,0.839468129187893,0.972038383557356,0.999801279258508,0.997478906605894,0.778858297997223,0.951923563100258,0.931260756269552,0.821068223839944,0.97834530851075,0.960320336041811,0.955335477942671,0.996085761719513,0.814118446347268,0.976685634216179,0.868318296304331,0.91032043500339,0.794292333156533,0.994628098046915,0.846853026075025,0.954739784191995,0.998970264596742,0.952496907739926,0.702995825771261,0.990650040209574,0.973563037192072,0.861342973948273,0.932413904783055,0.766923691977969,0.964532859212253,0.989909849484362,0.949834151631593,0.985173568784816,0.664136892040088,0.813960203722315,0.953023358147415,0.910221685899967,0.935213679077026,0.954494057990303,0.950644212013689,0.986269293578701,0.718360637235196,0.912119180534333,0.945718664909129,0.973058766890347,0.971251292388804,0.874120541377799,0.982764790152111
"ERR3",0.790900467592716,0.968874253915234,0.971526457725809,0.983774077572445,0.998319527308872,0.933439517082926,0.86441045969593,0.998292367356908,0.976930707452956,0.982598380528732,0.902646298813553,0.998551065984818,0.980506435770751,0.934643703415075,0.934838969707957,0.940439131737622,0.893750435766222,0.998639242440547,0.948927440738968,0.998421485275758,0.975482995507963,0.884075090573165,0.787711089280136,0.980786152383397,0.992250844993649,0.990493080399305,0.906566053743698,0.959808915301429,0.928887395826281,0.936721596536018,0.992652476143648,0.949164167323516,0.980562724064892,0.69704732840041,0.465570350755771,0.991237601716542,0.935962820726468,0.935870942629958,0.999887196381578,0.758937823047737,0.993588626105459,0.963295601475685,0.969296896879889,0.99119756297759,0.817763922380347,0.942027340351786,0.999801279258508,0.997478906605894,0.984255587624475,0.900962762581555,0.941557417121562,0.923512213140624,0.936377273220026,0.981489012351345,0.955335477942671,0.996085761719513,0.806462524166835,0.983458871596561,0.857376287771275,0.639955709438376,0.851226660350583,0.94471350701499,0.961833238464015,0.847850658021187,0.907998527540472,0.952496907739926,0.992109962493338,0.990650040209574,0.9025775988184,0.832028116644435,0.365290326011765,0.99329343960086,0.964532859212253,0.998393770093597,0.949834151631593,0.985173568784816,0.923941018121247,0.78416133089375,0.965497453598366,0.933259503902988,0.905306666914241,0.993970179336778,0.950644212013689,0.973207579465988,0.576369572664481,0.993968844467663,0.945483376041767,0.994190609828326,0.971251292388804,0.874120541377799,0.874458424484343
"ESR1",0.994716814999872,0.968874253915234,0.985919888765208,0.983774077572445,0.998319527308872,0.933439517082926,0.938491994613687,0.968231938663626,0.976930707452956,0.954512956367804,0.983985913711431,0.972276841464726,0.944048065860555,0.934643703415075,0.811298803654731,0.940439131737622,0.805573307891966,0.998639242440547,0.948927440738968,0.998421485275758,0.975482995507963,0.931033080535841,0.981838187256346,0.883979953604186,0.992250844993649,0.990493080399305,0.980834615795287,0.998960719390326,0.850413235997859,0.964287980851744,0.701355617550717,0.838485487071082,0.980562724064892,0.994066282272469,0.892293427552525,0.991237601716542,0.96820829935326,0.94315767336683,0.923082727228667,0.879583417739649,0.993588626105459,0.963295601475685,0.993367280437115,0.99119756297759,0.996528888251098,0.885201546869686,0.923486120417147,0.997478906605894,0.972659475218937,0.951923563100258,0.881060417792044,0.98708911041045,0.934307896829416,0.934187124594849,0.987809453027512,0.996085761719513,0.998683793282545,0.983458871596561,0.978555314132977,0.955627576813256,0.960247030684646,0.884195674394059,0.895226956021224,0.954739784191995,0.927586517391255,0.960937953000503,0.219451412624009,0.990650040209574,0.907622327630644,0.861342973948273,0.94402267472142,0.879191598416081,0.964532859212253,0.998393770093597,0.949834151631593,0.909254051793202,0.923941018121247,0.996520561010078,0.993561520345233,0.954695623715969,0.92626691182654,0.954494057990303,0.990048225636844,0.973207579465988,0.840153218859902,0.960273486465977,0.945483376041767,0.954227852485463,0.971251292388804,0.899654888132649,0.993967185775731
"ESR2",0.917184045183252,0.968874253915234,0.983567156354273,0.983774077572445,0.998319527308872,0.933439517082926,0.721228307194194,0.998292367356908,0.976930707452956,0.984567878423196,0.874402376643722,0.998551065984818,0.997127219120691,0.937052407878875,0.811298803654731,0.98874094138273,0.775503496081845,0.998639242440547,0.986752283231202,0.998421485275758,0.975482995507963,0.884075090573165,0.997783194001173,0.883979953604186,0.992250844993649,0.990493080399305,0.980834615795287,0.959808915301429,0.98989425493011,0.808354188485136,0.756971417132723,0.997096176803397,0.980562724064892,0.942629294217034,0.932641740594952,0.991237601716542,0.949237450024544,0.904045938776657,0.999887196381578,0.812373997858442,0.993588626105459,0.963295601475685,0.938682474591716,0.99119756297759,0.968934423366259,0.885201546869686,0.811581356649934,0.997478906605894,0.947212818415383,0.900962762581555,0.881060417792044,0.945582967028999,0.936377273220026,0.960320336041811,0.991358604564773,0.996085761719513,0.954499334942951,0.988027463080552,0.989754709913387,0.942609001669104,0.990526421339007,0.963216250601429,0.895226956021224,0.954739784191995,0.948053881035152,0.952496907739926,0.219451412624009,0.990650040209574,0.907622327630644,0.838011055405335,0.958996553046271,0.841507108875953,0.852799986172214,0.998393770093597,0.953904974423213,0.909254051793202,0.931674871278248,0.996520561010078,0.995600786082253,0.9532138143531,0.938439103940398,0.993970179336778,0.996299790263499,0.973207579465988,0.935785463534243,0.912119180534333,0.945483376041767,0.954227852485463,0.971251292388804,0.95802478183232,0.993967185775731
"ETS1",0.917184045183252,0.982359400379498,0.975365362911486,0.983774077572445,0.998319527308872,0.933439517082926,0.86441045969593,0.968231938663626,0.976930707452956,0.96971992584554,0.834967755879572,0.975235355625904,0.872374224232796,0.934643703415075,0.975981680838733,0.940439131737622,0.997272812818238,0.998639242440547,0.986752283231202,0.962979662454316,0.975482995507963,0.884075090573165,0.997783194001173,0.99886213325648,0.950026493483702,0.990493080399305,0.980834615795287,0.959808915301429,0.974516983700923,0.969592737093255,0.756971417132723,0.744382025767867,0.980562724064892,0.986873650572747,0.932641740594952,0.991237601716542,0.935962820726468,0.904045938776657,0.999887196381578,0.758937823047737,0.993588626105459,0.989621417391613,0.98386605880177,0.99119756297759,0.884750497022849,0.949062912132171,0.811581356649934,0.997478906605894,0.778858297997223,0.885273209824036,0.931260756269552,0.88712747389171,0.936377273220026,0.970894827344724,0.991358604564773,0.996085761719513,0.998683793282545,0.988027463080552,0.868318296304331,0.938143696662328,0.889271199585738,0.963216250601429,0.895226956021224,0.847850658021187,0.927586517391255,0.962598605266822,0.992109962493338,0.554643826706007,0.9025775988184,0.951672698870617,0.990074596930791,0.986806893068096,0.964532859212253,0.928506892195057,0.949834151631593,0.985173568784816,0.723850109176398,0.997384131246742,0.953023358147415,0.933259503902988,0.87799925377272,0.993970179336778,0.950644212013689,0.973207579465988,0.993501054379702,0.912119180534333,0.945483376041767,0.930468263337677,0.971251292388804,0.95802478183232,0.993967185775731
"ETS2",0.729065346839458,0.986503692918196,0.975365362911486,0.999348367202855,0.998319527308872,0.933439517082926,0.916118752971398,0.987308621569904,0.976930707452956,0.990812737192087,0.938914919831167,0.975235355625904,0.980506435770751,0.907043073162676,0.934838969707957,0.940439131737622,0.998668503022334,0.998639242440547,0.986752283231202,0.998421485275758,0.975482995507963,0.884075090573165,0.973559804881182,0.980786152383397,0.992250844993649,0.990493080399305,0.980834615795287,0.803764406248369,0.990103476844994,0.979152037514351,0.992652476143648,0.560995277990951,0.980562724064892,0.99615493334242,0.869873999170536,0.991237601716542,0.943029149947453,0.865600233159813,0.999887196381578,0.982000920405465,0.993588626105459,0.963295601475685,0.969780524819695,0.99119756297759,0.930051131102215,0.949062912132171,0.811581356649934,0.997478906605894,0.778858297997223,0.966579497680105,0.973949106192289,0.985204644797683,0.995081391685826,0.934119311641609,0.987809453027512,0.996085761719513,0.998683793282545,0.983458871596561,0.978555314132977,0.91032043500339,0.954865606625044,0.987248186554454,0.961833238464015,0.917542653420734,0.934718755752087,0.981323321685051,0.995933846518657,0.554643826706007,0.907622327630644,0.74907758693913,0.95229059412623,0.986806893068096,0.964532859212253,0.94148353720525,0.953904974423213,0.985173568784816,0.923941018121247,0.996520561010078,0.931545483290691,0.955240826098089,0.87799925377272,0.990997059463523,0.870499773154198,0.956087797770036,0.935785463534243,0.904905589572621,0.945483376041767,0.260806812458155,0.981388180516773,0.899654888132649,0.993967185775731
"ETV2",0.917184045183252,0.968874253915234,0.959021771390746,0.915989013136221,0.998319527308872,0.933439517082926,0.987204069944017,0.998292367356908,0.976930707452956,0.954512956367804,0.871829390033032,0.998551065984818,0.980506435770751,0.943384353572907,0.934838969707957,0.96215104919054,0.998668503022334,0.998639242440547,0.999101832770982,0.966938912987977,0.975482995507963,0.884802332712946,0.973559804881182,0.980786152383397,0.907751143067425,0.990493080399305,0.980834615795287,0.994705485043894,0.850413235997859,0.969592737093255,0.756971417132723,0.560995277990951,0.980562724064892,0.986873650572747,0.956757475206165,0.991237601716542,0.973997699428872,0.956659263865522,0.999887196381578,0.946635769445822,0.993588626105459,0.943661105758672,0.969780524819695,0.99119756297759,0.968934423366259,0.987177023041225,0.995018142575325,0.997478906605894,0.984925236204313,0.951923563100258,0.809366973071738,0.98708911041045,0.95479462404059,0.960320336041811,0.991358604564773,0.996085761719513,0.806462524166835,0.988027463080552,0.978555314132977,0.973653492830542,0.851226660350583,0.943583224818914,0.961833238464015,0.954739784191995,0.934718755752087,0.952496907739926,0.992109962493338,0.975917363229893,0.907622327630644,0.951672698870617,0.94402267472142,0.986806893068096,0.964532859212253,0.989909849484362,0.981825957397777,0.985173568784816,0.931674871278248,0.996520561010078,0.886331307745237,0.933259503902988,0.905306666914241,0.954494057990303,0.870499773154198,0.853538493292037,0.941320063051418,0.9795996122326,0.945483376041767,0.954227852485463,0.971251292388804,0.880357036604249,0.993967185775731
"ETV4",0.894882127398475,0.968874253915234,0.959021771390746,0.983774077572445,0.998319527308872,0.933439517082926,0.987204069944017,0.902416228576168,0.976930707452956,0.995687669087858,0.938914919831167,0.972276841464726,0.915845752202732,0.934643703415075,0.952012411834505,0.980050534388973,0.986067610147858,0.998639242440547,0.986752283231202,0.966938912987977,0.996649165132339,0.884075090573165,0.981838187256346,0.980786152383397,0.992250844993649,0.990493080399305,0.980834615795287,0.959808915301429,0.950812377932423,0.808354188485136,0.863799836595724,0.844585655020551,0.980562724064892,0.945185711530202,0.869873999170536,0.991237601716542,0.973997699428872,0.865600233159813,0.999887196381578,0.812373997858442,0.993588626105459,0.938332668296185,0.931296066941613,0.99119756297759,0.930051131102215,0.949062912132171,0.94312078202579,0.997478906605894,0.947212818415383,0.951923563100258,0.809366973071738,0.98708911041045,0.934307896829416,0.963708419358755,0.991358604564773,0.996085761719513,0.998683793282545,0.988027463080552,0.978555314132977,0.91032043500339,0.851226660350583,0.884195674394059,0.961833238464015,0.929731399552935,0.998970264596742,0.952496907739926,0.992109962493338,0.990650040209574,0.9025775988184,0.979938646229577,0.94402267472142,0.986806893068096,0.964532859212253,0.981642528071131,0.981825957397777,0.985173568784816,0.931674871278248,0.996538246321367,0.965497453598366,0.910221685899967,0.955439947337942,0.954494057990303,0.950644212013689,0.853538493292037,0.935785463534243,0.993968844467663,0.945483376041767,0.973058766890347,0.971251292388804,0.874120541377799,0.914715753127811
"ETV5",0.931996871726554,0.968874253915234,0.971526457725809,0.915989013136221,0.998319527308872,0.933439517082926,0.916118752971398,0.902416228576168,0.976930707452956,0.987094733657715,0.964401247496312,0.972276841464726,0.980506435770751,0.822262557948494,0.96127931742199,0.940439131737622,0.945169334828407,0.998639242440547,0.999101832770982,0.998421485275758,0.975482995507963,0.992646408147786,0.973559804881182,0.980786152383397,0.957430529076159,0.956359620732734,0.980834615795287,0.857029646460062,0.928887395826281,0.913721896637924,0.992652476143648,0.917864017200976,0.980562724064892,0.994066282272469,0.892293427552525,0.991237601716542,0.96820829935326,0.99542599259708,0.999887196381578,0.906180851759215,0.993588626105459,0.2395117659655,0.843928208654408,0.99119756297759,0.996528888251098,0.938922602094679,0.835474426130573,0.997478906605894,0.932351173132548,0.951923563100258,0.825597241411565,0.87659960692918,0.936377273220026,0.970894827344724,0.957654796464089,0.996085761719513,0.998683793282545,0.976685634216179,0.990762487512851,0.91032043500339,0.960247030684646,0.884195674394059,0.895226956021224,0.929731399552935,0.998970264596742,0.952077270773308,0.992109962493338,0.763461055918384,0.826118119207367,0.961214170728836,0.94402267472142,0.986806893068096,0.964532859212253,0.94148353720525,0.518169816444635,0.985173568784816,0.931674871278248,0.996520561010078,0.965497453598366,0.933259503902988,0.943917272045495,0.993970179336778,0.519295539818913,0.990104711913105,0.993501054379702,0.913474097726624,0.945718664909129,0.999763789658595,0.981388180516773,0.968339028414112,0.993967185775731
"EVI1",0.894882127398475,0.968874253915234,0.975365362911486,0.983774077572445,0.998319527308872,0.933439517082926,0.352863054129106,0.968231938663626,0.976930707452956,0.995687669087858,0.784810657449294,0.972276841464726,0.756468486436773,0.943384353572907,0.677354137852241,0.830107309143372,0.998668503022334,0.998639242440547,0.986752283231202,0.939020650345813,0.975482995507963,0.884802332712946,0.985881031261591,0.980786152383397,0.907751143067425,0.990493080399305,0.980834615795287,0.971040850466088,0.928887395826281,0.808354188485136,0.772702740950634,0.917864017200976,0.980562724064892,0.942629294217034,0.977181637406844,0.991237601716542,0.935962820726468,0.93009025639254,0.999887196381578,0.946635769445822,0.993588626105459,0.963295601475685,0.993367280437115,0.688331872550651,0.777704431024139,0.987177023041225,0.884394198790692,0.997478906605894,0.947212818415383,0.951923563100258,0.809366973071738,0.923512213140624,0.95479462404059,0.934119311641609,0.991358604564773,0.996085761719513,0.915804105753625,0.976685634216179,0.857376287771275,0.50413570226731,0.851226660350583,0.994628098046915,0.97724390306608,0.968430211924096,0.998970264596742,0.952496907739926,0.992109962493338,0.554643826706007,0.9025775988184,0.951672698870617,0.94402267472142,0.986806893068096,0.964532859212253,0.989909849484362,0.949834151631593,0.985173568784816,0.851967016648928,0.859499205060375,0.931545483290691,0.875599343217204,0.87799925377272,0.954494057990303,0.155888754578704,0.973207579465988,0.767662530996931,0.998591621779088,0.945483376041767,0.901425209958275,0.659759306435953,0.95802478183232,0.993967185775731
"FEV",0.720643184314902,0.986503692918196,0.959021771390746,0.951112408185512,0.998319527308872,0.954749889671411,0.721228307194194,0.998292367356908,0.976930707452956,0.990812737192087,0.839058079730742,0.972276841464726,0.972860418714027,0.937052407878875,0.959732207192937,0.96215104919054,0.997272812818238,0.998639242440547,0.986752283231202,0.977337366614943,0.99462397964399,0.931033080535841,0.973559804881182,0.980786152383397,0.997153591872288,0.990493080399305,0.981895726737833,0.959808915301429,0.998368858530976,0.964287980851744,0.983525243064487,0.838485487071082,0.980562724064892,0.986873650572747,0.956757475206165,0.991237601716542,0.949237450024544,0.904045938776657,0.999887196381578,0.945405732890972,0.993588626105459,0.963295601475685,0.938682474591716,0.99119756297759,0.996528888251098,0.942027340351786,0.811581356649934,0.997478906605894,0.947212818415383,0.969186124250406,0.954571158917288,0.945582967028999,0.995081391685826,0.970894827344724,0.991358604564773,0.996085761719513,0.814118446347268,0.983458871596561,0.978555314132977,0.996506880785824,0.954865606625044,0.943583224818914,0.97724390306608,0.98902252502363,0.934718755752087,0.981323321685051,0.779603595410566,0.849568116184266,0.994061381770324,0.951672698870617,0.93557953139589,0.986806893068096,0.964532859212253,0.94148353720525,0.953904974423213,0.634804489397281,0.923941018121247,0.884589331126874,0.930722233965406,0.949791581459001,0.87799925377272,0.993970179336778,0.950644212013689,0.973207579465988,0.935785463534243,0.916808197032654,0.945483376041767,0.930468263337677,0.971251292388804,0.874120541377799,0.995522569814556
"FEZF1",0.917184045183252,0.961065432207951,0.975365362911486,0.915989013136221,0.998319527308872,0.70571746385722,0.942805108163855,0.902416228576168,0.976930707452956,0.954512956367804,0.839058079730742,0.972276841464726,0.990374254631426,0.953053963264505,0.934838969707957,0.940439131737622,0.805573307891966,0.998639242440547,0.731948884831929,0.998421485275758,0.975482995507963,0.992646408147786,0.973559804881182,0.980786152383397,0.950026493483702,0.990493080399305,0.981895726737833,0.959808915301429,0.850413235997859,0.936721596536018,0.854049016764771,0.236025882828857,0.948365163170161,0.705898014785105,0.956757475206165,0.941264369608649,0.96820829935326,0.958360031184101,0.923082727228667,0.979758353724192,0.0821385594823202,0.697327720739358,0.969296896879889,0.99119756297759,0.942409393576074,0.885201546869686,0.884394198790692,0.997478906605894,0.928745525774239,0.951923563100258,0.931260756269552,0.615412434169121,0.934307896829416,0.960320336041811,0.991358604564773,0.996085761719513,0.998683793282545,0.976685634216179,0.868318296304331,0.91032043500339,0.851226660350583,0.870688930717109,0.854438021603024,0.954739784191995,0.934718755752087,0.952496907739926,0.992109962493338,0.811597112116372,0.907622327630644,0.951672698870617,0.932413904783055,0.986806893068096,0.964532859212253,0.886248022025853,0.981825957397777,0.985173568784816,0.923941018121247,0.986871266164964,0.953023358147415,0.875599343217204,0.955439947337942,0.993970179336778,0.950644212013689,0.973207579465988,0.840153218859902,0.945883346872804,0.945483376041767,0.970952655938109,0.983436914994034,0.874120541377799,0.982764790152111
"FLI1",0.917184045183252,0.961065432207951,0.985919888765208,0.983774077572445,0.998319527308872,0.954749889671411,0.971701764326017,0.998292367356908,0.976930707452956,0.954512956367804,0.874402376643722,0.998551065984818,0.995917198537065,0.937052407878875,0.975981680838733,0.830107309143372,0.998668503022334,0.998639242440547,0.999101832770982,0.998421485275758,0.975482995507963,0.931033080535841,0.981838187256346,0.980786152383397,0.964879405054553,0.956359620732734,0.906566053743698,0.959808915301429,0.98989425493011,0.808354188485136,0.772702740950634,0.744382025767867,0.980562724064892,0.994066282272469,0.778282392269221,0.991237601716542,0.968988258545989,0.93009025639254,0.999887196381578,0.758937823047737,0.993588626105459,0.81475668807778,0.938682474591716,0.99119756297759,0.777704431024139,0.972038383557356,0.983900957848265,0.997478906605894,0.778858297997223,0.951923563100258,0.931260756269552,0.987308945146367,0.995081391685826,0.941251789017937,0.991358604564773,0.996085761719513,0.954499334942951,0.988027463080552,0.978555314132977,0.933177438619004,0.929285673042452,0.954887585474691,0.961833238464015,0.847850658021187,0.934718755752087,0.952077270773308,0.992109962493338,0.842800838256176,0.973563037192072,0.904856422218149,0.989819211760037,0.986806893068096,0.964532859212253,0.989909849484362,0.998776731251642,0.985173568784816,0.939632120182356,0.996520561010078,0.953023358147415,0.9532138143531,0.87799925377272,0.954494057990303,0.89217515129195,0.990104711913105,0.935785463534243,0.922349636864801,0.945483376041767,0.930468263337677,0.971251292388804,0.958896843275613,0.993967185775731
"FOXC1",0.894882127398475,0.986503692918196,0.959021771390746,0.915989013136221,0.998319527308872,0.933439517082926,0.987204069944017,0.660945520367711,0.976930707452956,0.954512956367804,0.983985913711431,0.972276841464726,0.980506435770751,0.937052407878875,0.942958473993412,0.406236510102371,0.945169334828407,0.998639242440547,0.948927440738968,0.998421485275758,0.975482995507963,0.931033080535841,0.973559804881182,0.883979953604186,0.836191600437098,0.734266808574662,0.980834615795287,0.959808915301429,0.850413235997859,0.611969663865045,0.756971417132723,0.917864017200976,0.980562724064892,0.729373813831876,0.869873999170536,0.991237601716542,0.968988258545989,0.904045938776657,0.999887196381578,0.758937823047737,0.993588626105459,0.989621417391613,0.969296896879889,0.99119756297759,0.811044656073672,0.970567990704212,0.983900957848265,0.997478906605894,0.984255587624475,0.312950733478895,0.994357167008356,0.923512213140624,0.934307896829416,0.960320336041811,0.991358604564773,0.996085761719513,0.998683793282545,0.976685634216179,0.978555314132977,0.938143696662328,0.910614582436036,0.884195674394059,0.961833238464015,0.999318418211268,0.934718755752087,0.952496907739926,0.992109962493338,0.746803250269898,0.9025775988184,0.951672698870617,0.94402267472142,0.965683382068298,0.964532859212253,0.928506892195057,0.949834151631593,0.991158450956452,0.664136892040088,0.97523443362876,0.953023358147415,0.933259503902988,0.903223664312184,0.954494057990303,0.894563330976443,0.990104711913105,0.825313888659804,0.993968844467663,0.793853424280342,0.973058766890347,0.971251292388804,0.874120541377799,0.993967185775731
"FOXH1",0.917184045183252,0.968874253915234,0.975365362911486,0.915989013136221,0.67603988146254,0.933439517082926,0.916118752971398,0.902416228576168,0.976930707452956,0.96971992584554,0.983985913711431,0.998551065984818,0.756468486436773,0.943384353572907,0.959732207192937,0.940439131737622,0.836089658508681,0.998639242440547,0.986752283231202,0.966938912987977,0.975482995507963,0.96226779816822,0.985881031261591,0.980786152383397,0.992250844993649,0.666540351877317,0.981895726737833,0.959808915301429,0.98989425493011,0.969592737093255,0.992652476143648,0.577073725463266,0.980562724064892,0.942629294217034,0.644326473444189,0.991237601716542,0.788697339012748,0.904045938776657,0.999887196381578,0.762393532180309,0.993588626105459,0.963295601475685,0.938682474591716,0.99119756297759,0.811044656073672,0.932125485664464,0.983900957848265,0.997478906605894,0.928745525774239,0.96436603230237,0.931260756269552,0.923512213140624,0.936377273220026,0.960320336041811,0.987809453027512,0.996085761719513,0.998683793282545,0.976685634216179,0.990762487512851,0.938143696662328,0.851226660350583,0.943583224818914,0.850021814703896,0.847850658021187,0.934718755752087,0.952496907739926,0.992109962493338,0.990650040209574,0.944731418421284,0.951672698870617,0.94402267472142,0.986806893068096,0.964532859212253,0.998393770093597,0.981825957397777,0.985173568784816,0.923941018121247,0.96319991089476,0.886331307745237,0.933259503902988,0.905306666914241,0.741865454788961,0.950644212013689,0.973207579465988,0.935785463534243,0.912119180534333,0.945483376041767,0.954227852485463,0.971251292388804,0.95802478183232,0.993967185775731
"FOXI1",0.762120669459485,0.968874253915234,0.975365362911486,0.983774077572445,0.998319527308872,0.951075367689261,0.955623782321246,0.959116938828324,0.997767893729878,0.964909454666335,0.938914919831167,0.998551065984818,0.835808194137671,0.683786376274176,0.811298803654731,0.965947230666248,0.998668503022334,0.998639242440547,0.975434050686408,0.96769992549932,0.975482995507963,0.931033080535841,0.981838187256346,0.980786152383397,0.998158268590712,0.990493080399305,0.906566053743698,0.959808915301429,0.928887395826281,0.953327966137262,0.992652476143648,0.997096176803397,0.980562724064892,0.942629294217034,0.869873999170536,0.991237601716542,0.935962820726468,0.958360031184101,0.999887196381578,0.979758353724192,0.993588626105459,0.963295601475685,0.930997201865433,0.99119756297759,0.996528888251098,0.839432915337967,0.884394198790692,0.997478906605894,0.947212818415383,0.966579497680105,0.931260756269552,0.96132386589249,0.95479462404059,0.934187124594849,0.701476386270834,0.996085761719513,0.834749539705284,0.977889426055397,0.978555314132977,0.869326281106968,0.960247030684646,0.963216250601429,0.961833238464015,0.968430211924096,0.854025656123047,0.981323321685051,0.992109962493338,0.133359910642401,0.973563037192072,0.948071868339027,0.958996553046271,0.986806893068096,0.964532859212253,0.928506892195057,0.949834151631593,0.361640717411407,0.9979591136976,0.996520561010078,0.931545483290691,0.949791581459001,0.87799925377272,0.954494057990303,0.950644212013689,0.689923520176603,0.935785463534243,0.875759940613656,0.945483376041767,0.930468263337677,0.971251292388804,0.968339028414112,0.993967185775731
"FOXJ2",0.79317297037277,0.986503692918196,0.971526457725809,0.98452104235146,0.998319527308872,0.96060089613708,0.987204069944017,0.902416228576168,0.976930707452956,0.954512956367804,0.983985913711431,0.975235355625904,0.950965392777313,0.683786376274176,0.942958473993412,0.940439131737622,0.998668503022334,0.998639242440547,0.986752283231202,0.966938912987977,0.975482995507963,0.992646408147786,0.998301843574047,0.99886213325648,0.836191600437098,0.990493080399305,0.980834615795287,0.959808915301429,0.928887395826281,0.969592737093255,0.95179481040225,0.997096176803397,0.980562724064892,0.994066282272469,0.869873999170536,0.991237601716542,0.935962820726468,0.904045938776657,0.999887196381578,0.879583417739649,0.993588626105459,0.963295601475685,0.993367280437115,0.99119756297759,0.996528888251098,0.97793223012856,0.811581356649934,0.997478906605894,0.947212818415383,0.951923563100258,0.941557417121562,0.985204644797683,0.934307896829416,0.941251789017937,0.955335477942671,0.996085761719513,0.998683793282545,0.976685634216179,0.978555314132977,0.50413570226731,0.987788411973144,0.884195674394059,0.632833905376847,0.954739784191995,0.854025656123047,0.952496907739926,0.899764153553913,0.554643826706007,0.973563037192072,0.961214170728836,0.94402267472142,0.986806893068096,0.964532859212253,0.989909849484362,0.953904974423213,0.985173568784816,0.931674871278248,0.996520561010078,0.898262985096393,0.933259503902988,0.905306666914241,0.954494057990303,0.976666169399533,0.635748724316921,0.941320063051418,0.913474097726624,0.945718664909129,0.95705993762982,0.97606096869575,0.874120541377799,0.914715753127811
"FOXJ3",0.917184045183252,0.968874253915234,0.971526457725809,0.915989013136221,0.998319527308872,0.933439517082926,0.810744104214257,0.968231938663626,0.976930707452956,0.954512956367804,0.946333579247946,0.5512840415257,0.997127219120691,0.730632623477192,0.937098297523255,0.940439131737622,0.967454862896924,0.998639242440547,0.990301656281988,0.966938912987977,0.831446971267063,0.884075090573165,0.997783194001173,0.980786152383397,0.964879405054553,0.956359620732734,0.980834615795287,0.998960719390326,0.928887395826281,0.918033166339772,0.992652476143648,0.639361208395553,0.980562724064892,0.942629294217034,0.984586903772377,0.991237601716542,0.998746593767264,0.904045938776657,0.999887196381578,0.879583417739649,0.993588626105459,0.845710133720909,0.843928208654408,0.99119756297759,0.817763922380347,0.949062912132171,0.983470370257119,0.997478906605894,0.928745525774239,0.951923563100258,0.965804590634771,0.98708911041045,0.934307896829416,0.960320336041811,0.899021152357847,0.996085761719513,0.806462524166835,0.988027463080552,0.868318296304331,0.933177438619004,0.944958144001719,0.943583224818914,0.961833238464015,0.954739784191995,0.927586517391255,0.920569247905653,0.992109962493338,0.990650040209574,0.994061381770324,0.74907758693913,0.94402267472142,0.879191598416081,0.964532859212253,0.989909849484362,0.981825957397777,0.985173568784816,0.931674871278248,0.859499205060375,0.96558499862482,0.933259503902988,0.87799925377272,0.954494057990303,0.950644212013689,0.858179994434758,0.935785463534243,0.904905589572621,0.945483376041767,0.954227852485463,0.54915971887844,0.733688179893832,0.914715753127811
"FOXK1",0.729065346839458,0.961065432207951,0.975365362911486,0.946661595633016,0.998319527308872,0.70571746385722,0.987204069944017,0.98535399833795,0.976930707452956,0.954512956367804,0.946333579247946,0.997198736398498,0.980506435770751,0.907043073162676,0.975981680838733,0.940439131737622,0.937109986705951,0.998639242440547,0.986752283231202,0.998421485275758,0.975482995507963,0.884075090573165,0.985881031261591,0.980786152383397,0.992250844993649,0.990493080399305,0.980834615795287,0.959808915301429,0.990103476844994,0.936721596536018,0.772902497140839,0.639361208395553,0.980562724064892,0.709247310611014,0.937021382021245,0.845059843521528,0.943029149947453,0.956659263865522,0.999887196381578,0.906180851759215,0.993588626105459,0.855669879773345,0.993544839133644,0.99119756297759,0.996528888251098,0.949062912132171,0.984878160750563,0.997478906605894,0.947212818415383,0.96436603230237,0.965804590634771,0.954080617447691,0.95479462404059,0.960320336041811,0.991358604564773,0.996085761719513,0.998683793282545,0.976685634216179,0.978555314132977,0.996506880785824,0.89891318432153,0.884195674394059,0.895226956021224,0.976541448576279,0.506179111210534,0.952496907739926,0.617349671520175,0.266380282885132,0.9025775988184,0.888411176230151,0.989819211760037,0.986806893068096,0.990143410678442,0.989909849484362,0.949834151631593,0.985173568784816,0.988656680540829,0.986871266164964,0.993561520345233,0.910221685899967,0.362450080400403,0.993970179336778,0.229471500354733,0.635748724316921,0.95670381614162,0.988751957720789,0.945483376041767,0.930468263337677,0.971251292388804,0.88234162568865,0.993967185775731
"FOXO1",0.729065346839458,0.968874253915234,0.880628559271367,0.983774077572445,0.998319527308872,0.933439517082926,0.810744104214257,0.998292367356908,0.976930707452956,0.954512956367804,0.884538551829388,0.972276841464726,0.980506435770751,0.943384353572907,0.959732207192937,0.98874094138273,0.937109986705951,0.998639242440547,0.999101832770982,0.966938912987977,0.975482995507963,0.884075090573165,0.973559804881182,0.989840176260475,0.992250844993649,0.990493080399305,0.906566053743698,0.959808915301429,0.972299792122093,0.969592737093255,0.805584210142412,0.997096176803397,0.980562724064892,0.99615493334242,0.888178304564739,0.991237601716542,0.935962820726468,0.935870942629958,0.999887196381578,0.758937823047737,0.993588626105459,0.9535953201238,0.969296896879889,0.99119756297759,0.942409393576074,0.885201546869686,0.927277775744472,0.997478906605894,0.928745525774239,0.900962762581555,0.994357167008356,0.511892681123024,0.934307896829416,0.970894827344724,0.859270901905978,0.996085761719513,0.96253654682886,0.988027463080552,0.895769915907818,0.50413570226731,0.987788411973144,0.884195674394059,0.961833238464015,0.954739784191995,0.992429189749328,0.920569247905653,0.992109962493338,0.990650040209574,0.973563037192072,0.983916362490164,0.94402267472142,0.986806893068096,0.964532859212253,0.989909849484362,0.949834151631593,0.634804489397281,0.913355074788847,0.893525398131156,0.953023358147415,0.875599343217204,0.87799925377272,0.954494057990303,0.996299790263499,0.858179994434758,0.935785463534243,0.912119180534333,0.945483376041767,0.930468263337677,0.974363072624159,0.874120541377799,0.972483365649118
"FOXO4",0.729065346839458,0.968874253915234,0.971526457725809,0.999348367202855,0.998319527308872,0.96060089613708,0.916118752971398,0.998292367356908,0.976930707452956,0.954512956367804,0.784810657449294,0.998551065984818,0.756468486436773,0.916964802779582,0.811298803654731,0.965947230666248,0.986067610147858,0.998639242440547,0.999101832770982,0.966938912987977,0.975482995507963,0.992646408147786,0.985881031261591,0.883979953604186,0.992250844993649,0.990493080399305,0.981895726737833,0.959808915301429,0.950812377932423,0.936721596536018,0.756971417132723,0.701188229988735,0.980562724064892,0.942629294217034,0.956757475206165,0.991237601716542,0.604372510918692,0.904045938776657,0.999887196381578,0.946635769445822,0.993588626105459,0.853772959965773,0.843928208654408,0.99119756297759,0.996528888251098,0.885201546869686,0.811581356649934,0.997478906605894,0.947212818415383,0.900962762581555,0.881060417792044,0.511892681123024,0.934307896829416,0.981489012351345,0.991358604564773,0.996085761719513,0.998683793282545,0.983458871596561,0.868318296304331,0.235583073704825,0.851226660350583,0.884195674394059,0.961833238464015,0.954739784191995,0.927586517391255,0.952496907739926,0.992109962493338,0.842800838256176,0.9025775988184,0.961214170728836,0.94402267472142,0.99470868231149,0.964532859212253,0.993130119453283,0.981825957397777,0.985173568784816,0.945013044261782,0.950674111697099,0.953023358147415,0.946938876429472,0.903223664312184,0.954494057990303,0.990048225636844,0.853538493292037,0.941320063051418,0.960273486465977,0.945483376041767,0.954227852485463,0.971251292388804,0.874120541377799,0.743279342221898
"FOXP1",0.917184045183252,0.961065432207951,0.971526457725809,0.915989013136221,0.998319527308872,0.933439517082926,0.853226735294977,0.998292367356908,0.976930707452956,0.954512956367804,0.325781202452962,0.977073879296811,0.756468486436773,0.937052407878875,0.934838969707957,0.970550758762389,0.997272812818238,0.998639242440547,0.948927440738968,0.79624689535652,0.975482995507963,0.992646408147786,0.981838187256346,0.883979953604186,0.907751143067425,0.990493080399305,0.980834615795287,0.959808915301429,0.928887395826281,0.286504849579702,0.95179481040225,0.917864017200976,0.980562724064892,0.986873650572747,0.956757475206165,0.941264369608649,0.998746593767264,0.935870942629958,0.999887196381578,0.841892108295245,0.993588626105459,0.938332668296185,0.938682474591716,0.99119756297759,0.970629734366041,0.970567990704212,0.983900957848265,0.997478906605894,0.947212818415383,0.951923563100258,0.943532515777433,0.945582967028999,0.995081391685826,0.981489012351345,0.969725533251749,0.996085761719513,0.998683793282545,0.976685634216179,0.857376287771275,0.942609001669104,0.851226660350583,0.963216250601429,0.904857321678533,0.954739784191995,0.927586517391255,0.952496907739926,0.899764153553913,0.810431069706608,0.9025775988184,0.74907758693913,0.958996553046271,0.99329343960086,0.964532859212253,0.928506892195057,0.950688334393641,0.985173568784816,0.931674871278248,0.996520561010078,0.931545483290691,0.933259503902988,0.935213679077026,0.954494057990303,0.950644212013689,0.74697641006071,0.935785463534243,0.993968844467663,0.945483376041767,0.954227852485463,0.971251292388804,0.874120541377799,0.791357442937455
"FOXQ1",0.729065346839458,0.986503692918196,0.985919888765208,0.951112408185512,0.998319527308872,0.933439517082926,0.987204069944017,0.990047692600524,0.997767893729878,0.954512956367804,0.964401247496312,0.975235355625904,0.76729763584439,0.790846234561073,0.811298803654731,0.990287875945372,0.998668503022334,0.998639242440547,0.948927440738968,0.966938912987977,0.975482995507963,0.992646408147786,0.973559804881182,0.980786152383397,0.964879405054553,0.990493080399305,0.98801073195468,0.959808915301429,0.945835021389558,0.969592737093255,0.992652476143648,0.560995277990951,0.980562724064892,0.994066282272469,0.894570629540887,0.991237601716542,0.968988258545989,0.940263164260102,0.999887196381578,0.834491641174263,0.993588626105459,0.993855656144344,0.882451664633732,0.99119756297759,0.817763922380347,0.994095603899328,0.984878160750563,0.997478906605894,0.984255587624475,0.900962762581555,0.881060417792044,0.482284597040152,0.995081391685826,0.970894827344724,0.859270901905978,0.996085761719513,0.837110967916374,0.976685634216179,0.978555314132977,0.996506880785824,0.960247030684646,0.884195674394059,0.961833238464015,0.968430211924096,0.927586517391255,0.952496907739926,0.992109962493338,0.919502384846657,0.907622327630644,0.951672698870617,0.94402267472142,0.986806893068096,0.99198188908632,0.981642528071131,0.919001732220981,0.985173568784816,0.923941018121247,0.996520561010078,0.953023358147415,0.881950231424541,0.936659646737038,0.954494057990303,0.990048225636844,0.816299573735685,0.941320063051418,0.913474097726624,0.945718664909129,0.954227852485463,0.971251292388804,0.993654354656766,0.993967185775731
"GATA3",0.964563139397794,0.968874253915234,0.959021771390746,0.915989013136221,0.998319527308872,0.933439517082926,0.261869242872027,0.987308621569904,0.976930707452956,0.96971992584554,0.861775768326901,0.897058322263419,0.990374254631426,0.90687033556932,0.811298803654731,0.940539465089027,0.997272812818238,0.998639242440547,0.999101832770982,0.998421485275758,0.975482995507963,0.992646408147786,0.985881031261591,0.989096243794987,0.907751143067425,0.990493080399305,0.980834615795287,0.994035066186339,0.990103476844994,0.939384263273603,0.772702740950634,0.997096176803397,0.998547083295479,0.716578597363104,0.907907042578034,0.991237601716542,0.99493599059976,0.940680131873552,0.999887196381578,0.758937823047737,0.993588626105459,0.697327720739358,0.930997201865433,0.99119756297759,0.781532282085539,0.942027340351786,0.884394198790692,0.997478906605894,0.947212818415383,0.900962762581555,0.994357167008356,0.98708911041045,0.934307896829416,0.960320336041811,0.982221080053203,0.996085761719513,0.998683793282545,0.983458871596561,0.978555314132977,0.770375354985909,0.71017319099762,0.964374848513193,0.961833238464015,0.849931892753799,0.934718755752087,0.981323321685051,0.992109962493338,0.842800838256176,0.826118119207367,0.886581238913373,0.94402267472142,0.986806893068096,0.964532859212253,0.989909849484362,0.949834151631593,0.985173568784816,0.923941018121247,0.996520561010078,0.971056594155608,0.875599343217204,0.882558583987529,0.993970179336778,0.950644212013689,0.973207579465988,0.935785463534243,0.954023069447702,0.945483376041767,0.939576000817131,0.746763234670796,0.958896843275613,0.988149616922204
"NR3C1",0.917184045183252,0.968874253915234,0.959021771390746,0.983774077572445,0.998319527308872,0.933439517082926,0.368831764007133,0.990047692600524,0.976930707452956,0.990812737192087,0.946333579247946,0.972276841464726,0.835808194137671,0.937052407878875,0.975981680838733,0.940439131737622,0.998668503022334,0.998639242440547,0.778522109358904,0.966938912987977,0.975482995507963,0.884075090573165,0.985881031261591,0.980786152383397,0.992250844993649,0.990493080399305,0.980834615795287,0.959808915301429,0.955252823819962,0.611969663865045,0.992652476143648,0.911569158645666,0.980562724064892,0.994066282272469,0.932641740594952,0.991237601716542,0.949237450024544,0.940292057191878,0.999887196381578,0.995800416577107,0.993588626105459,0.938332668296185,0.931296066941613,0.99119756297759,0.738722399407568,0.949062912132171,0.898135539962331,0.997478906605894,0.984255587624475,0.900962762581555,0.840160027436915,0.98708911041045,0.97834530851075,0.970894827344724,0.955335477942671,0.996085761719513,0.834749539705284,0.988027463080552,0.978555314132977,0.996506880785824,0.851226660350583,0.947878145847126,0.114129383660906,0.954739784191995,0.895693152501458,0.952496907739926,0.964766846350362,0.975136635969425,0.9025775988184,0.951672698870617,0.93557953139589,0.986806893068096,0.908422964445834,0.989909849484362,0.949834151631593,0.985173568784816,0.939632120182356,0.996520561010078,0.895841737460695,0.910221685899967,0.87799925377272,0.954494057990303,0.870499773154198,0.957155946133893,0.993501054379702,0.739793124057145,0.917711152532526,0.901425209958275,0.971251292388804,0.99198129155291,0.982764790152111
"GFI1B",0.917184045183252,0.961065432207951,0.975365362911486,0.983774077572445,0.998319527308872,0.830630954318605,0.987204069944017,0.998292367356908,0.976930707452956,0.954512956367804,0.996891882588112,0.975235355625904,0.997127219120691,0.683786376274176,0.905229298138083,0.830107309143372,0.976152417641109,0.998639242440547,0.999101832770982,0.998421485275758,0.975482995507963,0.96226779816822,0.985881031261591,0.989840176260475,0.992250844993649,0.990493080399305,0.906566053743698,0.959808915301429,0.850413235997859,0.969592737093255,0.992652476143648,0.917864017200976,0.980562724064892,0.99615493334242,0.977181637406844,0.991237601716542,0.968988258545989,0.99542599259708,0.923082727228667,0.995800416577107,0.486025847378123,0.963295601475685,0.969780524819695,0.99119756297759,0.738722399407568,0.949062912132171,0.811581356649934,0.997478906605894,0.686862993212297,0.951923563100258,0.881060417792044,0.98708911041045,0.936377273220026,0.970894827344724,0.957654796464089,0.996085761719513,0.188556880021102,0.988027463080552,0.857376287771275,0.75270152827408,0.874592906533343,0.918955267849689,0.97724390306608,0.986830111722104,0.954022906671542,0.959331443641097,0.779603595410566,0.849568116184266,0.973563037192072,0.951672698870617,0.94402267472142,0.986806893068096,0.964532859212253,0.968990298349576,0.981825957397777,0.991158450956452,0.948599989236698,0.859499205060375,0.953023358147415,0.965382337497893,0.687723493674838,0.477642625605349,0.957186222415039,0.666474844268908,0.941320063051418,0.904905589572621,0.793853424280342,0.930468263337677,0.885750154794123,0.954325875686045,0.993967185775731
"GFI1",0.917184045183252,0.986503692918196,0.975365362911486,0.983774077572445,0.998319527308872,0.933439517082926,0.987204069944017,0.998292367356908,0.976930707452956,0.954512956367804,0.892769011836599,0.972276841464726,0.964444813827772,0.934643703415075,0.78431163884808,0.940439131737622,0.937109986705951,0.998639242440547,0.948927440738968,0.966938912987977,0.975482995507963,0.999255709923347,0.981838187256346,0.980786152383397,0.992250844993649,0.956359620732734,0.980834615795287,0.978776439474938,0.850413235997859,0.969592737093255,0.992652476143648,0.997096176803397,0.980562724064892,0.994066282272469,0.962088731406191,0.991237601716542,0.96820829935326,0.961276891212245,0.999887196381578,0.812373997858442,0.819925870446989,0.963295601475685,0.843928208654408,0.99119756297759,0.738722399407568,0.972038383557356,0.850046700469993,0.997478906605894,0.928745525774239,0.940521476455706,0.941557417121562,0.923512213140624,0.97153081375466,0.970894827344724,0.955335477942671,0.996085761719513,0.806462524166835,0.991171468005159,0.714720675359773,0.938143696662328,0.637975766386539,0.937520894241449,0.895226956021224,0.917542653420734,0.934718755752087,0.952077270773308,0.992109962493338,0.990650040209574,0.907622327630644,0.966719330750891,0.94402267472142,0.931393736280347,0.964532859212253,0.928506892195057,0.982368685188292,0.991158450956452,0.931674871278248,0.859499205060375,0.974284932372043,0.933259503902988,0.638048249725654,0.756036550165546,0.996299790263499,0.752865189997538,0.941320063051418,0.945883346872804,0.945483376041767,0.973058766890347,0.995541450538438,0.953544094060026,0.914715753127811
"GLI3",0.917184045183252,0.996669959769871,0.880628559271367,0.915989013136221,0.998319527308872,0.954749889671411,0.987204069944017,0.968231938663626,0.976930707452956,0.995687669087858,0.938914919831167,0.897058322263419,0.867197493993251,0.907043073162676,0.975981680838733,0.830107309143372,0.998668503022334,0.998639242440547,0.986752283231202,0.998421485275758,0.975482995507963,0.884075090573165,0.981838187256346,0.980786152383397,0.992250844993649,0.990493080399305,0.980834615795287,0.959808915301429,0.850413235997859,0.979152037514351,0.863799836595724,0.838485487071082,0.980562724064892,0.958246351490468,0.956757475206165,0.991237601716542,0.935962820726468,0.758093463110401,0.999887196381578,0.758937823047737,0.993588626105459,0.916486375048868,0.969780524819695,0.99119756297759,0.811044656073672,0.966738365324043,0.999801279258508,0.997478906605894,0.947212818415383,0.951923563100258,0.931260756269552,0.923512213140624,0.936377273220026,0.970894827344724,0.991358604564773,0.996085761719513,0.916822185470147,0.683403834482325,0.978555314132977,0.938143696662328,0.925565772487272,0.963216250601429,0.966210075217479,0.998733071019555,0.085658530912739,0.952496907739926,0.899764153553913,0.850482215926519,0.9025775988184,0.886581238913373,0.990074596930791,0.99329343960086,0.964532859212253,0.928506892195057,0.981825957397777,0.985173568784816,0.8537517339597,0.859499205060375,0.89505597481783,0.954695623715969,0.905306666914241,0.993970179336778,0.996299790263499,0.666474844268908,0.935785463534243,0.9795996122326,0.945483376041767,0.994190609828326,0.971251292388804,0.968339028414112,0.993967185775731
"GRHL2",0.644160310102056,0.961065432207951,0.985919888765208,0.983774077572445,0.998319527308872,0.933439517082926,0.987204069944017,0.902416228576168,0.976930707452956,0.954512956367804,0.938914919831167,0.957363483631543,0.756468486436773,0.972099329133541,0.975981680838733,0.940439131737622,0.976152417641109,0.998639242440547,0.999101832770982,0.998421485275758,0.975482995507963,0.931033080535841,0.973559804881182,0.980786152383397,0.907751143067425,0.990493080399305,0.980834615795287,0.959808915301429,0.973264019504306,0.808354188485136,0.858373504951771,0.911569158645666,0.980562724064892,0.958246351490468,0.623011108987173,0.991237601716542,0.943029149947453,0.904045938776657,0.999887196381578,0.879583417739649,0.993588626105459,0.697327720739358,0.969296896879889,0.99119756297759,0.738722399407568,0.949062912132171,0.811581356649934,0.997478906605894,0.778858297997223,0.900962762581555,0.809366973071738,0.88712747389171,0.936377273220026,0.941251789017937,0.859270901905978,0.996085761719513,0.837110967916374,0.976685634216179,0.00101270692827741,0.938143696662328,0.642699907590328,0.994628098046915,0.895226956021224,0.968430211924096,0.240453729102265,0.952077270773308,0.992109962493338,0.842800838256176,0.940606238967185,0.427457196157014,0.94402267472142,0.766923691977969,0.964532859212253,0.989909849484362,0.949834151631593,0.358965928305989,0.939632120182356,0.882154254746117,0.993561520345233,0.933259503902988,0.891379438159289,0.954494057990303,0.950644212013689,0.635748724316921,0.941982199160713,0.912119180534333,0.910180084575684,0.57168551347312,0.971251292388804,0.874120541377799,0.993967185775731
"HEN1",0.729065346839458,0.968874253915234,0.975365362911486,0.951112408185512,0.998319527308872,0.933439517082926,0.721228307194194,0.902416228576168,0.976930707452956,0.995687669087858,0.874402376643722,0.998551065984818,0.964272248679773,0.937052407878875,0.811298803654731,0.980050534388973,0.775503496081845,0.998639242440547,0.986752283231202,0.998421485275758,0.975482995507963,0.884075090573165,0.981838187256346,0.994633603680708,0.907751143067425,0.990493080399305,0.906566053743698,0.959808915301429,0.990103476844994,0.936721596536018,0.991802455653632,0.997096176803397,0.980562724064892,0.942629294217034,0.869873999170536,0.991237601716542,0.952837092184115,0.93009025639254,0.999887196381578,0.812373997858442,0.993588626105459,0.938332668296185,0.969780524819695,0.99119756297759,0.930051131102215,0.972038383557356,0.983900957848265,0.997478906605894,0.947212818415383,0.951923563100258,0.965804590634771,0.923512213140624,0.97167863154391,0.970894827344724,0.955335477942671,0.996085761719513,0.998683793282545,0.976685634216179,0.978555314132977,0.938143696662328,0.637975766386539,0.963216250601429,0.97724390306608,0.954739784191995,0.934718755752087,0.962598605266822,0.995933846518657,0.848433879162466,0.9025775988184,0.980515639896309,0.932413904783055,0.99329343960086,0.964532859212253,0.989909849484362,0.998776731251642,0.895189339972544,0.664136892040088,0.859499205060375,0.953023358147415,0.945105210972307,0.905306666914241,0.969533545304134,0.845703132133043,0.973207579465988,0.941320063051418,0.875759940613656,0.917711152532526,0.973058766890347,0.97606096869575,0.993654354656766,0.993967185775731
"HIC1",0.994716814999872,0.636168358017889,0.880628559271367,0.983774077572445,0.998319527308872,0.933439517082926,0.840466688959446,0.902416228576168,0.994721639277286,0.96971992584554,0.938914919831167,0.998551065984818,0.980506435770751,0.937052407878875,0.934838969707957,0.940439131737622,0.998668503022334,0.998639242440547,0.998713094937798,0.998421485275758,0.975482995507963,0.999255709923347,0.997783194001173,0.980786152383397,0.907751143067425,0.990493080399305,0.991534059560159,0.992582977373924,0.945835021389558,0.969592737093255,0.756971417132723,0.971578573804373,0.980562724064892,0.958246351490468,0.932641740594952,0.991237601716542,0.96820829935326,0.958360031184101,0.999887196381578,0.906180851759215,0.993588626105459,0.963295601475685,0.969780524819695,0.99119756297759,0.996528888251098,0.949062912132171,0.87351713855183,0.997478906605894,0.947212818415383,0.900962762581555,0.994357167008356,0.945582967028999,0.934307896829416,0.970894827344724,0.991358604564773,0.996085761719513,0.998683793282545,0.983458871596561,0.895769915907818,0.942609001669104,0.929285673042452,0.943583224818914,0.966210075217479,0.954739784191995,0.854025656123047,0.952077270773308,0.343939215872222,0.975917363229893,0.9025775988184,0.951672698870617,0.989819211760037,0.986806893068096,0.964532859212253,0.989909849484362,0.950688334393641,0.709975600942608,0.923941018121247,0.930472217446233,0.931545483290691,0.933259503902988,0.87799925377272,0.954494057990303,0.870499773154198,0.973207579465988,0.941320063051418,0.959842457684417,0.945483376041767,0.994190609828326,0.971251292388804,0.958896843275613,0.982764790152111
"HIF1A",0.917184045183252,0.961065432207951,0.985919888765208,0.983774077572445,0.998319527308872,0.933439517082926,0.916118752971398,0.998292367356908,0.976930707452956,0.995687669087858,0.784810657449294,0.972276841464726,0.980506435770751,0.934643703415075,0.975981680838733,0.830107309143372,0.998668503022334,0.998639242440547,0.951577150393294,0.998421485275758,0.975482995507963,0.992646408147786,0.903155447369149,0.994633603680708,0.992250844993649,0.990493080399305,0.906566053743698,0.959808915301429,0.928887395826281,0.881880444284564,0.850801978768179,0.560995277990951,0.980562724064892,0.986873650572747,0.956757475206165,0.991237601716542,0.935962820726468,0.958360031184101,0.999887196381578,0.844901866446838,0.993588626105459,0.963295601475685,0.882451664633732,0.99119756297759,0.970629734366041,0.987177023041225,0.811581356649934,0.997478906605894,0.947212818415383,0.900962762581555,0.881060417792044,0.98708911041045,0.936377273220026,0.970894827344724,0.991358604564773,0.996085761719513,0.998683793282545,0.976685634216179,0.978555314132977,0.709859463090088,0.637975766386539,0.954887585474691,0.904857321678533,0.999318418211268,0.934718755752087,0.959331443641097,0.992109962493338,0.990650040209574,0.907622327630644,0.979938646229577,0.932413904783055,0.986806893068096,0.964532859212253,0.989909849484362,0.953904974423213,0.985173568784816,0.931674871278248,0.859499205060375,0.953023358147415,0.910221685899967,0.87799925377272,0.990997059463523,0.950644212013689,0.973207579465988,0.935785463534243,0.931539966828353,0.945483376041767,0.930468263337677,0.902084936988587,0.916461015091697,0.993967185775731
"HINFP",0.994716814999872,0.968874253915234,0.971526457725809,0.983774077572445,0.998319527308872,0.951075367689261,0.987204069944017,0.902416228576168,0.976930707452956,0.954512956367804,0.839058079730742,0.972276841464726,0.980506435770751,0.937052407878875,0.959732207192937,0.965947230666248,0.998668503022334,0.998639242440547,0.986752283231202,0.892231314078346,0.975482995507963,0.884075090573165,0.985881031261591,0.883979953604186,0.992250844993649,0.990493080399305,0.906566053743698,0.959808915301429,0.990103476844994,0.978145659799326,0.983525243064487,0.997096176803397,0.980562724064892,0.99615493334242,0.956757475206165,0.991237601716542,0.968988258545989,0.94315767336683,0.999887196381578,0.906180851759215,0.993588626105459,0.866682286614689,0.969780524819695,0.99119756297759,0.811044656073672,0.949062912132171,0.850046700469993,0.997478906605894,0.984255587624475,0.966579497680105,0.965804590634771,0.945582967028999,0.97167863154391,0.960320336041811,0.955335477942671,0.996085761719513,0.837110967916374,0.976685634216179,0.978555314132977,0.869326281106968,0.794292333156533,0.994628098046915,0.846853026075025,0.976541448576279,0.927586517391255,0.952077270773308,0.992109962493338,0.92983810790821,0.973563037192072,0.967865757863813,0.932413904783055,0.986806893068096,0.964532859212253,0.94148353720525,0.952098236155483,0.657887911154676,0.923941018121247,0.997384131246742,0.886331307745237,0.933259503902988,0.903223664312184,0.954494057990303,0.957186222415039,0.946390303965391,0.935785463534243,0.931539966828353,0.945483376041767,0.901425209958275,0.971251292388804,0.954325875686045,0.993967185775731
"HLF",0.994716814999872,0.961065432207951,0.959021771390746,0.983774077572445,0.998319527308872,0.978319926468243,0.810744104214257,0.902416228576168,0.976930707452956,0.990812737192087,0.996891882588112,0.972276841464726,0.980506435770751,0.937052407878875,0.975981680838733,0.830107309143372,0.997272812818238,0.998639242440547,0.948927440738968,0.966938912987977,0.678916522842788,0.998173823810797,0.985881031261591,0.980786152383397,0.907751143067425,0.956359620732734,0.906566053743698,0.959808915301429,0.998368858530976,0.884433284414482,0.897373080602053,0.917864017200976,0.980562724064892,0.610615784950701,0.924325751136324,0.991237601716542,0.968988258545989,0.958360031184101,0.999887196381578,0.906180851759215,0.993588626105459,0.963295601475685,0.938682474591716,0.99119756297759,0.811044656073672,0.988176358628049,0.983900957848265,0.997478906605894,0.947212818415383,0.966579497680105,0.809366973071738,0.98708911041045,0.963455427758829,0.966344212173938,0.991358604564773,0.996085761719513,0.998683793282545,0.976685634216179,0.978555314132977,0.996506880785824,0.592313208128571,0.884195674394059,0.97724390306608,0.954739784191995,0.96153864485256,0.920569247905653,0.964766846350362,0.842301718953811,0.973563037192072,0.987543862509699,0.958996553046271,0.804617335158109,0.964532859212253,0.998393770093597,0.933388292252203,0.909254051793202,0.818926885331572,0.996503742430662,0.993561520345233,0.875599343217204,0.87799925377272,0.993970179336778,0.870499773154198,0.73545326096589,0.576369572664481,0.912119180534333,0.945483376041767,0.768671648034774,0.971251292388804,0.968339028414112,0.993967185775731
"HNF6",0.790900467592716,0.968874253915234,0.971526457725809,0.98452104235146,0.998319527308872,0.954749889671411,0.910919872314212,0.902416228576168,0.976930707452956,0.954512956367804,0.983985913711431,0.998551065984818,0.756468486436773,0.937052407878875,0.934838969707957,0.970550758762389,0.775503496081845,0.998639242440547,0.747756641066621,0.966938912987977,0.608742125307538,0.884802332712946,0.981838187256346,0.980786152383397,0.836191600437098,0.990493080399305,0.906566053743698,0.998960719390326,0.990103476844994,0.964287980851744,0.863799836595724,0.760194515982548,0.980562724064892,0.99615493334242,0.956757475206165,0.991237601716542,0.949237450024544,0.904045938776657,0.999887196381578,0.906180851759215,0.993588626105459,0.873751368704164,0.969296896879889,0.99119756297759,0.968934423366259,0.949062912132171,0.811581356649934,0.997478906605894,0.928745525774239,0.96436603230237,0.931260756269552,0.923512213140624,0.934307896829416,0.970894827344724,0.991358604564773,0.996085761719513,0.806462524166835,0.976685634216179,0.978828738837673,0.742250141814026,0.7934775747221,0.994628098046915,0.895226956021224,0.927268756438434,0.947025445632405,0.952077270773308,0.992109962493338,0.957670386031233,0.976443209373643,0.832028116644435,0.990074596930791,0.986806893068096,0.964532859212253,0.998393770093597,0.949834151631593,0.985173568784816,0.931674871278248,0.990665790042637,0.931545483290691,0.910221685899967,0.922846638847331,0.741865454788961,0.950644212013689,0.666474844268908,0.982706712880728,0.931539966828353,0.945483376041767,0.970952655938109,0.97606096869575,0.874120541377799,0.993967185775731
"HSF1",0.729065346839458,0.961065432207951,0.99382490519614,0.983774077572445,0.998319527308872,0.933439517082926,0.987204069944017,0.998292367356908,0.976930707452956,0.987094733657715,0.938914919831167,0.998551065984818,0.980506435770751,0.937052407878875,0.97173177790309,0.830107309143372,0.997272812818238,0.998639242440547,0.998713094937798,0.998421485275758,0.99462397964399,0.884075090573165,0.973559804881182,0.980786152383397,0.992250844993649,0.990493080399305,0.980834615795287,0.959808915301429,0.990103476844994,0.964287980851744,0.772702740950634,0.922786222313353,0.980562724064892,0.942629294217034,0.907907042578034,0.991237601716542,0.943029149947453,0.940680131873552,0.999887196381578,0.834491641174263,0.993588626105459,0.697327720739358,0.969296896879889,0.99119756297759,0.777704431024139,0.97793223012856,0.995251042706375,0.997478906605894,0.847811893464945,0.900962762581555,0.965804590634771,0.482284597040152,0.936377273220026,0.914671572213112,0.991358604564773,0.996085761719513,0.998683793282545,0.976685634216179,0.59764578605562,0.91032043500339,0.71017319099762,0.884195674394059,0.895226956021224,0.954739784191995,0.934718755752087,0.952077270773308,0.992109962493338,0.990650040209574,0.907622327630644,0.951672698870617,0.94402267472142,0.99329343960086,0.964532859212253,0.886248022025853,0.981825957397777,0.985173568784816,0.931674871278248,0.928536496937766,0.931545483290691,0.933259503902988,0.87799925377272,0.954494057990303,0.950644212013689,0.879929936047592,0.935785463534243,0.912119180534333,0.978676326730868,0.901425209958275,0.971251292388804,0.880357036604249,0.993967185775731
"HSF2",0.729065346839458,0.971094076651122,0.964695624987408,0.983774077572445,0.998319527308872,0.954749889671411,0.916118752971398,0.803170584281761,0.976930707452956,0.990812737192087,0.834967755879572,0.972276841464726,0.980506435770751,0.934643703415075,0.811298803654731,0.965947230666248,0.775503496081845,0.998639242440547,0.999101832770982,0.966938912987977,0.975482995507963,0.992646408147786,0.973559804881182,0.980786152383397,0.836191600437098,0.990493080399305,0.906566053743698,0.857029646460062,0.950812377932423,0.936721596536018,0.845567326476922,0.917864017200976,0.980562724064892,0.942629294217034,0.989326829950322,0.991237601716542,0.968988258545989,0.99542599259708,0.999887196381578,0.812373997858442,0.993588626105459,0.963295601475685,0.969296896879889,0.99119756297759,0.777704431024139,0.949062912132171,0.927277775744472,0.997478906605894,0.932351173132548,0.900962762581555,0.941557417121562,0.923512213140624,0.95479462404059,0.812513839912733,0.957654796464089,0.996085761719513,0.998683793282545,0.976685634216179,0.944109962990209,0.91032043500339,0.889271199585738,0.943583224818914,0.945773466121252,0.954739784191995,0.927586517391255,0.959331443641097,0.992109962493338,0.849568116184266,0.960590432695525,0.74907758693913,0.94402267472142,0.986806893068096,0.964532859212253,0.989909849484362,0.786968967081685,0.989814325817891,0.923941018121247,0.859499205060375,0.964913672265179,0.933259503902988,0.87799925377272,0.822552663791944,0.950644212013689,0.74697641006071,0.935785463534243,0.986510793991887,0.949499324576348,0.930468263337677,0.971251292388804,0.968339028414112,0.778758992638128
"HTF4",0.644160310102056,0.961065432207951,0.975365362911486,0.983774077572445,0.485287568135098,0.992532663422087,0.955623782321246,0.902416228576168,0.976930707452956,0.954512956367804,0.863756033144992,0.972276841464726,0.756468486436773,0.661990400137998,0.934838969707957,0.940439131737622,0.775503496081845,0.998639242440547,0.986752283231202,0.962979662454316,0.975482995507963,0.958921686278887,0.985881031261591,0.980786152383397,0.950026493483702,0.990493080399305,0.906566053743698,0.959808915301429,0.970912282878284,0.964287980851744,0.756971417132723,0.949164167323516,0.980562724064892,0.99615493334242,0.956757475206165,0.991237601716542,0.96820829935326,0.904045938776657,0.999887196381578,0.879583417739649,0.993588626105459,0.721984693650729,0.928422581338403,0.99119756297759,0.817763922380347,0.954578131017561,0.983900957848265,0.997478906605894,0.928745525774239,0.96436603230237,0.955091002305383,0.923512213140624,0.95479462404059,0.914671572213112,0.991358604564773,0.996085761719513,0.884451582912626,0.983458871596561,0.978555314132977,0.938143696662328,0.851226660350583,0.884195674394059,0.990605395591116,0.917542653420734,0.935291176240326,0.952496907739926,0.992109962493338,0.975917363229893,0.942442128164048,0.74907758693913,0.932413904783055,0.986806893068096,0.980680536444852,0.928506892195057,0.981825957397777,0.985173568784816,0.923941018121247,0.859499205060375,0.886331307745237,0.875599343217204,0.87799925377272,0.993970179336778,0.870499773154198,0.666474844268908,0.941320063051418,0.875759940613656,0.917711152532526,0.901425209958275,0.971251292388804,0.874120541377799,0.993967185775731
"HXA10",0.762120669459485,0.983588939236711,0.971526457725809,0.951112408185512,0.998319527308872,0.835600602057822,0.987204069944017,0.999924157265846,0.976930707452956,0.954512956367804,0.784810657449294,0.972276841464726,0.756468486436773,0.937052407878875,0.811298803654731,0.796674123642984,0.997272812818238,0.998639242440547,0.986752283231202,0.998421485275758,0.975482995507963,0.884075090573165,0.997783194001173,0.980786152383397,0.978578243484275,0.990493080399305,0.954780002441992,0.998960719390326,0.98989425493011,0.964287980851744,0.756971417132723,0.906559204050146,0.980562724064892,0.994066282272469,0.907907042578034,0.985846303829927,0.949237450024544,0.99542599259708,0.999887196381578,0.758937823047737,0.486025847378123,0.970818707872194,0.969296896879889,0.99119756297759,0.781532282085539,0.949062912132171,0.884394198790692,0.997478906605894,0.928745525774239,0.900962762581555,0.931260756269552,0.923512213140624,0.934307896829416,0.913495090189095,0.701476386270834,0.996085761719513,0.806462524166835,0.988027463080552,0.978555314132977,0.818934794761603,0.925236907953938,0.884195674394059,0.913059842040808,0.954739784191995,0.609895032826969,0.952496907739926,0.992109962493338,0.842800838256176,0.940606238967185,0.951672698870617,0.731916956847748,0.986806893068096,0.527396774453431,0.998393770093597,0.949834151631593,0.985173568784816,0.664136892040088,0.964396295913302,0.953023358147415,0.945105210972307,0.87799925377272,0.954494057990303,0.996299790263499,0.893851667047923,0.935785463534243,0.585432689922332,0.917711152532526,0.901425209958275,0.981388180516773,0.880357036604249,0.993967185775731
"HXA13",0.940951236386362,0.961065432207951,0.973238807308357,0.915989013136221,0.998319527308872,0.933439517082926,0.987204069944017,0.902416228576168,0.976930707452956,0.990812737192087,0.325781202452962,0.972276841464726,0.980506435770751,0.930540148795479,0.942389297290246,0.970550758762389,0.998668503022334,0.759098059538343,0.948927440738968,0.998421485275758,0.975482995507963,0.884075090573165,0.960662535624259,0.980786152383397,0.978578243484275,0.990493080399305,0.980834615795287,0.959808915301429,0.850413235997859,0.969592737093255,0.992652476143648,0.997096176803397,0.980562724064892,0.99615493334242,0.956757475206165,0.991237601716542,0.935962820726468,0.904045938776657,0.999887196381578,0.758937823047737,0.993588626105459,0.735878437803715,0.938682474591716,0.99119756297759,0.817763922380347,0.97793223012856,0.811581356649934,0.997478906605894,0.946101914255408,0.951923563100258,0.965804590634771,0.742647524139862,0.983163013602464,0.970894827344724,0.991358604564773,0.996085761719513,0.806462524166835,0.976685634216179,0.714720675359773,0.938143696662328,0.794292333156533,0.994628098046915,0.961833238464015,0.954739784191995,0.935291176240326,0.952496907739926,0.992109962493338,0.763814711785151,0.941556874586951,0.74907758693913,0.990074596930791,0.986806893068096,0.964532859212253,0.928506892195057,0.953904974423213,0.358965928305989,0.942018462474705,0.859499205060375,0.965497453598366,0.965382337497893,0.638048249725654,0.954494057990303,0.996299790263499,0.872000241726735,0.935785463534243,0.986510793991887,0.945718664909129,0.901425209958275,0.971251292388804,0.993654354656766,0.993967185775731
"HXA1",0.974098162368937,0.968874253915234,0.971526457725809,0.983774077572445,0.998319527308872,0.954749889671411,0.987204069944017,0.998292367356908,0.976930707452956,0.954512956367804,0.553893630244965,0.897058322263419,0.990374254631426,0.937052407878875,0.959732207192937,0.999755877027734,0.937109986705951,0.998639242440547,0.747756641066621,0.998421485275758,0.975482995507963,0.931033080535841,0.973559804881182,0.980786152383397,0.960811558696372,0.990493080399305,0.980834615795287,0.885845880133532,0.945835021389558,0.808354188485136,0.488546078476729,0.73814944111431,0.980562724064892,0.166145864195902,0.623011108987173,0.909483095087532,0.935962820726468,0.940680131873552,0.999887196381578,0.906180851759215,0.993588626105459,0.963295601475685,0.969296896879889,0.99119756297759,0.738722399407568,0.970567990704212,0.850046700469993,0.997478906605894,0.95592819418516,0.900962762581555,0.809366973071738,0.96132386589249,0.934307896829416,0.970894827344724,0.947341703454957,0.996085761719513,0.834749539705284,0.769512877002798,0.901260024587422,0.91032043500339,0.851226660350583,0.994628098046915,0.850021814703896,0.954739784191995,0.927586517391255,0.952077270773308,0.992109962493338,0.763814711785151,0.907622327630644,0.966719330750891,0.932413904783055,0.99329343960086,0.964532859212253,0.928506892195057,0.953904974423213,0.985173568784816,0.994482350680991,0.996520561010078,0.953023358147415,0.945105210972307,0.87799925377272,0.944502334317525,0.977271961484274,0.986269293578701,0.941320063051418,0.912119180534333,0.945483376041767,0.260806812458155,0.981388180516773,0.979171805444997,0.993967185775731
"HXA9",0.894882127398475,0.968874253915234,0.975365362911486,0.983774077572445,0.998319527308872,0.933439517082926,0.352863054129106,0.902416228576168,0.976930707452956,0.954512956367804,0.874402376643722,0.972276841464726,0.980506435770751,0.937052407878875,0.968999317483491,0.940439131737622,0.775503496081845,0.998639242440547,0.999101832770982,0.977337366614943,0.975482995507963,0.96226779816822,0.973559804881182,0.980786152383397,0.992250844993649,0.990493080399305,0.980834615795287,0.998960719390326,0.945835021389558,0.808354188485136,0.929282442331597,0.838485487071082,0.980562724064892,0.942629294217034,0.956757475206165,0.991237601716542,0.935962820726468,0.856539420485914,0.999887196381578,0.812373997858442,0.993588626105459,0.9535953201238,0.930997201865433,0.99119756297759,0.811044656073672,0.885201546869686,0.884394198790692,0.997478906605894,0.984255587624475,0.300498443617406,0.931260756269552,0.98708911041045,0.934307896829416,0.941251789017937,0.955335477942671,0.996085761719513,0.806462524166835,0.976685634216179,0.978555314132977,0.996506880785824,0.851226660350583,0.943583224818914,0.961833238464015,0.911289416559826,0.998970264596742,0.97271479766818,0.992109962493338,0.990650040209574,0.907622327630644,0.961214170728836,0.981004191855837,0.986806893068096,0.964532859212253,0.94148353720525,0.953904974423213,0.985173568784816,0.931674871278248,0.887623760836154,0.647831920626684,0.945105210972307,0.87799925377272,0.954494057990303,0.990048225636844,0.816299573735685,0.935785463534243,0.904905589572621,0.945483376041767,0.901425209958275,0.971251292388804,0.299829858038035,0.993967185775731
"HXB13",0.894882127398475,0.961065432207951,0.959021771390746,0.983774077572445,0.998319527308872,0.933439517082926,0.382179587633662,0.902416228576168,0.976930707452956,0.954512956367804,0.553893630244965,0.5512840415257,0.980506435770751,0.907043073162676,0.78431163884808,0.965947230666248,0.997272812818238,0.998639242440547,0.948927440738968,0.998421485275758,0.975482995507963,0.884075090573165,0.981838187256346,0.994633603680708,0.992250844993649,0.990493080399305,0.980834615795287,0.857029646460062,0.850413235997859,0.969592737093255,0.756971417132723,0.560995277990951,0.980562724064892,0.994066282272469,0.989326829950322,0.991237601716542,0.943029149947453,0.958360031184101,0.999887196381578,0.979758353724192,0.993588626105459,0.963295601475685,0.993367280437115,0.99119756297759,0.930051131102215,0.886819398259701,0.983900957848265,0.997478906605894,0.932351173132548,0.903017259841818,0.965804590634771,0.88712747389171,0.97834530851075,0.970894827344724,0.899021152357847,0.996085761719513,0.998683793282545,0.976685634216179,0.978555314132977,0.996428597172252,0.954865606625044,0.870688930717109,0.961833238464015,0.967954803717563,0.854025656123047,0.543880047713174,0.992109962493338,0.92983810790821,0.973563037192072,0.951672698870617,0.94402267472142,0.986806893068096,0.964532859212253,0.928506892195057,0.953904974423213,0.985173568784816,0.994482350680991,0.859499205060375,0.974284932372043,0.967911909226334,0.87799925377272,0.954494057990303,0.870499773154198,0.635748724316921,0.825313888659804,0.993543224740938,0.945483376041767,0.901425209958275,0.971251292388804,0.993654354656766,0.914715753127811
"HXB4",0.994716814999872,0.986503692918196,0.971526457725809,0.983774077572445,0.998319527308872,0.933439517082926,0.916118752971398,0.902416228576168,0.976930707452956,0.954512956367804,0.964401247496312,0.972276841464726,0.588956899560776,0.937052407878875,0.942958473993412,0.940439131737622,0.836089658508681,0.998639242440547,0.999101832770982,0.966938912987977,0.975482995507963,0.884075090573165,0.981838187256346,0.980786152383397,0.836191600437098,0.990493080399305,0.906566053743698,0.885845880133532,0.998368858530976,0.945836279319746,0.772702740950634,0.838485487071082,0.980562724064892,0.99615493334242,0.907907042578034,0.991237601716542,0.968988258545989,0.904045938776657,0.999887196381578,0.758937823047737,0.993588626105459,0.938332668296185,0.969780524819695,0.99119756297759,0.811044656073672,0.949062912132171,0.984878160750563,0.997478906605894,0.778858297997223,0.966579497680105,0.994357167008356,0.88712747389171,0.936377273220026,0.914671572213112,0.991358604564773,0.996085761719513,0.834749539705284,0.983458871596561,0.991772488531783,0.938143696662328,0.592313208128571,0.884195674394059,0.961833238464015,0.954739784191995,0.927586517391255,0.952496907739926,0.992109962493338,0.549276802290292,0.940606238967185,0.951672698870617,0.94402267472142,0.986806893068096,0.964532859212253,0.989909849484362,0.949834151631593,0.634804489397281,0.931674871278248,0.930472217446233,0.995600786082253,0.967911909226334,0.92626691182654,0.954494057990303,0.845703132133043,0.666474844268908,0.97925183855534,0.912119180534333,0.945483376041767,0.930468263337677,0.840752190427797,0.968339028414112,0.993967185775731
"HXC9",0.729065346839458,0.307397186229042,0.959021771390746,0.999348367202855,0.998319527308872,0.954749889671411,0.348839416024507,0.998292367356908,0.976930707452956,0.954512956367804,0.938914919831167,0.975235355625904,0.980506435770751,0.907043073162676,0.959732207192937,0.965947230666248,0.805573307891966,0.998639242440547,0.999101832770982,0.998421485275758,0.975482995507963,0.884075090573165,0.997783194001173,0.980786152383397,0.836191600437098,0.666540351877317,0.980834615795287,0.959808915301429,0.998368858530976,0.840486210460957,0.992652476143648,0.747171939997259,0.980562724064892,0.958246351490468,0.937021382021245,0.991237601716542,0.788697339012748,0.904045938776657,0.999887196381578,0.758937823047737,0.993588626105459,0.963295601475685,0.993367280437115,0.99119756297759,0.867517222177027,0.930926102071836,0.983900957848265,0.997478906605894,0.95592819418516,0.966579497680105,0.840160027436915,0.98708911041045,0.936377273220026,0.659702590536762,0.671678894492197,0.996085761719513,0.954499334942951,0.983458871596561,0.895769915907818,0.996506880785824,0.613095087672933,0.884195674394059,0.961833238464015,0.870818609874898,0.927586517391255,0.952496907739926,0.647568041534569,0.746803250269898,0.994061381770324,0.951672698870617,0.932413904783055,0.986806893068096,0.964532859212253,0.989909849484362,0.981825957397777,0.991158450956452,0.926592942620438,0.859499205060375,0.953023358147415,0.965382337497893,0.87799925377272,0.993970179336778,0.950644212013689,0.973207579465988,0.935785463534243,0.904905589572621,0.945483376041767,0.930468263337677,0.746763234670796,0.882577562777432,0.993967185775731
"IKZF1",0.762120669459485,0.968874253915234,0.999131895216249,0.983774077572445,0.998319527308872,0.933439517082926,0.916118752971398,0.998292367356908,0.976930707452956,0.954512956367804,0.964401247496312,0.972276841464726,0.872374224232796,0.680521783347761,0.975981680838733,0.940539465089027,0.998668503022334,0.998639242440547,0.948927440738968,0.96769992549932,0.975482995507963,0.992646408147786,0.973559804881182,0.953384707844143,0.836191600437098,0.666540351877317,0.981895726737833,0.959808915301429,0.998368858530976,0.923026338468669,0.992652476143648,0.997096176803397,0.980562724064892,0.994066282272469,0.888178304564739,0.991237601716542,0.624837198273765,0.94315767336683,0.999887196381578,0.879583417739649,0.993588626105459,0.955006619308586,0.931296066941613,0.99119756297759,0.912339543538359,0.885201546869686,0.984878160750563,0.997478906605894,0.778858297997223,0.96436603230237,0.931260756269552,0.98708911041045,0.936377273220026,0.970894827344724,0.988132227297289,0.996085761719513,0.998683793282545,0.988027463080552,0.978555314132977,0.996506880785824,0.910614582436036,0.884195674394059,0.846853026075025,0.847850658021187,0.934718755752087,0.959331443641097,0.992109962493338,0.92983810790821,0.503109024968789,0.979938646229577,0.994859820643091,0.879191598416081,0.964532859212253,0.989909849484362,0.949834151631593,0.985173568784816,0.923941018121247,0.996503742430662,0.931545483290691,0.910221685899967,0.905306666914241,0.954494057990303,0.950644212013689,0.973207579465988,0.941320063051418,0.912119180534333,0.945483376041767,0.994190609828326,0.97606096869575,0.95802478183232,0.914715753127811
"INSM1",0.917184045183252,0.968874253915234,0.971526457725809,0.915989013136221,0.998319527308872,0.933439517082926,0.916118752971398,0.998292367356908,0.976930707452956,0.990812737192087,0.784810657449294,0.975235355625904,0.872374224232796,0.937052407878875,0.934838969707957,0.992284119012845,0.805573307891966,0.998639242440547,0.948927440738968,0.892231314078346,0.831446971267063,0.931033080535841,0.985881031261591,0.980786152383397,0.960811558696372,0.956359620732734,0.981895726737833,0.959808915301429,0.950812377932423,0.969592737093255,0.772702740950634,0.906559204050146,0.980562724064892,0.942629294217034,0.956757475206165,0.991237601716542,0.935962820726468,0.940680131873552,0.999887196381578,0.948048598487354,0.993588626105459,0.9535953201238,0.928422581338403,0.99119756297759,0.970629734366041,0.949062912132171,0.999801279258508,0.997478906605894,0.984255587624475,0.880780933826257,0.941557417121562,0.490822609853504,0.960077022768501,0.970894827344724,0.991358604564773,0.996085761719513,0.916822185470147,0.983458871596561,0.978555314132977,0.938143696662328,0.851226660350583,0.943583224818914,0.895226956021224,0.929731399552935,0.934718755752087,0.952496907739926,0.992109962493338,0.917446792297921,0.973563037192072,0.979938646229577,0.932413904783055,0.99329343960086,0.964532859212253,0.928506892195057,0.949834151631593,0.985173568784816,0.826870571231819,0.859499205060375,0.993561520345233,0.955240826098089,0.922846638847331,0.954494057990303,0.89217515129195,0.973207579465988,0.943883536706066,0.912119180534333,0.945483376041767,0.973058766890347,0.971251292388804,0.899654888132649,0.993967185775731
"IRF3",0.729065346839458,0.307397186229042,0.993969189347787,0.999348367202855,0.998319527308872,0.954749889671411,0.987204069944017,0.803170584281761,0.976930707452956,0.995687669087858,0.996891882588112,0.600939024528176,0.835808194137671,0.907043073162676,0.934838969707957,0.940439131737622,0.775503496081845,0.998639242440547,0.948927440738968,0.991408966863247,0.975482995507963,0.884802332712946,0.997783194001173,0.980786152383397,0.992250844993649,0.990493080399305,0.980834615795287,0.990060624744862,0.945835021389558,0.969592737093255,0.992652476143648,0.997096176803397,0.980562724064892,0.942629294217034,0.949003478119608,0.991237601716542,0.935962820726468,0.99542599259708,0.999887196381578,0.758937823047737,0.993588626105459,0.855669879773345,0.930997201865433,0.99119756297759,0.907242817235579,0.994095603899328,0.995251042706375,0.997478906605894,0.699483452715134,0.951923563100258,0.931260756269552,0.511892681123024,0.936377273220026,0.970894827344724,0.955335477942671,0.996085761719513,0.998683793282545,0.988027463080552,0.864888392374491,0.996506880785824,0.794292333156533,0.954887585474691,0.964727006915708,0.847850658021187,0.927586517391255,0.952077270773308,0.992109962493338,0.980019811552253,0.907622327630644,0.961214170728836,0.94402267472142,0.931393736280347,0.964532859212253,0.989909849484362,0.981825957397777,0.817616940650464,0.931674871278248,0.996520561010078,0.953023358147415,0.949791581459001,0.87799925377272,0.954494057990303,0.636483518243861,0.816299573735685,0.840153218859902,0.913474097726624,0.945483376041767,0.930468263337677,0.981388180516773,0.935549697471419,0.993967185775731
"IRF7",0.917184045183252,0.968874253915234,0.971526457725809,0.999348367202855,0.998319527308872,0.954749889671411,0.910919872314212,0.979122930710761,0.976930707452956,0.990812737192087,0.938914919831167,0.972276841464726,0.756468486436773,0.683786376274176,0.959732207192937,0.965947230666248,0.805573307891966,0.998639242440547,0.999101832770982,0.998421485275758,0.975482995507963,0.998173823810797,0.973559804881182,0.980786152383397,0.992250844993649,0.990493080399305,0.980834615795287,0.959808915301429,0.98989425493011,0.969592737093255,0.946582418345737,0.986301013305341,0.980562724064892,0.709247310611014,0.956757475206165,0.909483095087532,0.96820829935326,0.758093463110401,0.999887196381578,0.906180851759215,0.993588626105459,0.963295601475685,0.882451664633732,0.99119756297759,0.817763922380347,0.954578131017561,0.91301398963147,0.997478906605894,0.918022945345554,0.951923563100258,0.881060417792044,0.98708911041045,0.934307896829416,0.981489012351345,0.991358604564773,0.996085761719513,0.980182774903756,0.976685634216179,0.978555314132977,0.996506880785824,0.592313208128571,0.963216250601429,0.846853026075025,0.847850658021187,0.854025656123047,0.952496907739926,0.992109962493338,0.221422306496857,0.973563037192072,0.951672698870617,0.958996553046271,0.986806893068096,0.373490793652271,0.989909849484362,0.949834151631593,0.985173568784816,0.923941018121247,0.996538246321367,0.993561520345233,0.933259503902988,0.922846638847331,0.954494057990303,0.950644212013689,0.973207579465988,0.935785463534243,0.913474097726624,0.945483376041767,0.57168551347312,0.981388180516773,0.874120541377799,0.914715753127811
"IRF9",0.762120669459485,0.505649527597466,0.971526457725809,0.999348367202855,0.998319527308872,0.933439517082926,0.955623782321246,0.803170584281761,0.976930707452956,0.954512956367804,0.964401247496312,0.972276841464726,0.944048065860555,0.937052407878875,0.970480105850806,0.991817054789786,0.775503496081845,0.998639242440547,0.999101832770982,0.966938912987977,0.975482995507963,0.884075090573165,0.981838187256346,0.99886213325648,0.836191600437098,0.990493080399305,0.990520067982925,0.959808915301429,0.928887395826281,0.969592737093255,0.756971417132723,0.838485487071082,0.980562724064892,0.942629294217034,0.956757475206165,0.991237601716542,0.96820829935326,0.99542599259708,0.999887196381578,0.906251903861299,0.993588626105459,0.963295601475685,0.938682474591716,0.187165750318508,0.77927076669138,0.987177023041225,0.927277775744472,0.997478906605894,0.984255587624475,0.903017259841818,0.881060417792044,0.98708911041045,0.995081391685826,0.970894827344724,0.955335477942671,0.996085761719513,0.834749539705284,0.983458871596561,0.978555314132977,0.942609001669104,0.592313208128571,0.978738918222021,0.945773466121252,0.847850658021187,0.927586517391255,0.962813902874277,0.992109962493338,0.852603836679092,0.9025775988184,0.979938646229577,0.94402267472142,0.986806893068096,0.964532859212253,0.989909849484362,0.998776731251642,0.956920162673842,0.939632120182356,0.996520561010078,0.965497453598366,0.92393997346411,0.87799925377272,0.954494057990303,0.870499773154198,0.666474844268908,0.935785463534243,0.875759940613656,0.945483376041767,0.973058766890347,0.981388180516773,0.874120541377799,0.995522569814556
"ISL1",0.99757958929101,0.992615616944669,0.959021771390746,0.999348367202855,0.663229445653607,0.933439517082926,0.942805108163855,0.987308621569904,0.976930707452956,0.990812737192087,0.784810657449294,0.975235355625904,0.76729763584439,0.985687098988149,0.942389297290246,0.970550758762389,0.998668503022334,0.998639242440547,0.998713094937798,0.998421485275758,0.975482995507963,0.884075090573165,0.985881031261591,0.549214633509116,0.992250844993649,0.956359620732734,0.906566053743698,0.959808915301429,0.928887395826281,0.44602896398428,0.992652476143648,0.774072052150048,0.980562724064892,0.942629294217034,0.982727274192968,0.52424905521525,0.949237450024544,0.958360031184101,0.999887196381578,0.967833867611546,0.993588626105459,0.735878437803715,0.969296896879889,0.99119756297759,0.996528888251098,0.994095603899328,0.927277775744472,0.997478906605894,0.750068906582084,0.951923563100258,0.931260756269552,0.758420544025449,0.995081391685826,0.963708419358755,0.955335477942671,0.996085761719513,0.806462524166835,0.976685634216179,0.978555314132977,0.818934794761603,0.65862484963555,0.963216250601429,0.961833238464015,0.954739784191995,0.934718755752087,0.959331443641097,0.992109962493338,0.983355785384161,0.994061381770324,0.74907758693913,0.94402267472142,0.879191598416081,0.964532859212253,0.94148353720525,0.953904974423213,0.985173568784816,0.937912274323853,0.950674111697099,0.89505597481783,0.946938876429472,0.922846638847331,0.954494057990303,0.919052334754677,0.973207579465988,0.935785463534243,0.993968844467663,0.945483376041767,0.930468263337677,0.971251292388804,0.993654354656766,0.988149616922204
"KAISO",0.917184045183252,0.961065432207951,0.975365362911486,0.915989013136221,0.998319527308872,0.933439517082926,0.987204069944017,0.968231938663626,0.976930707452956,0.990812737192087,0.996891882588112,0.972276841464726,0.835808194137671,0.937052407878875,0.975981680838733,0.965947230666248,0.937109986705951,0.998639242440547,0.948927440738968,0.998421485275758,0.975482995507963,0.884075090573165,0.997783194001173,0.980786152383397,0.96299621629117,0.990493080399305,0.980834615795287,0.803764406248369,0.958266784881081,0.969592737093255,0.992652476143648,0.997096176803397,0.980562724064892,0.994066282272469,0.924325751136324,0.991237601716542,0.96820829935326,0.958360031184101,0.999887196381578,0.946635769445822,0.999046883006746,0.963295601475685,0.969296896879889,0.99119756297759,0.942409393576074,0.987177023041225,0.983900957848265,0.997478906605894,0.947212818415383,0.951923563100258,0.965804590634771,0.945582967028999,0.936377273220026,0.960320336041811,0.991358604564773,0.996085761719513,0.96253654682886,0.976685634216179,0.978555314132977,0.996506880785824,0.954865606625044,0.963216250601429,0.855007731964607,0.847850658021187,0.927586517391255,0.964340722684762,0.992109962493338,0.990650040209574,0.973563037192072,0.987543862509699,0.94402267472142,0.99329343960086,0.964532859212253,0.989909849484362,0.953904974423213,0.985173568784816,0.923941018121247,0.996520561010078,0.931545483290691,0.945105210972307,0.985655047944774,0.985881327585849,0.885545739646578,0.973207579465988,0.840153218859902,0.945883346872804,0.945483376041767,0.930468263337677,0.971251292388804,0.967786251029881,0.993967185775731
"KLF8",0.894882127398475,0.778912140470065,0.971526457725809,0.915989013136221,0.998319527308872,0.933439517082926,0.348839416024507,0.998292367356908,0.976930707452956,0.990812737192087,0.983985913711431,0.945586382667035,0.871856696032602,0.937052407878875,0.811298803654731,0.940439131737622,0.805573307891966,0.998639242440547,0.999101832770982,0.998421485275758,0.975482995507963,0.884075090573165,0.981838187256346,0.985712339935157,0.964879405054553,0.990493080399305,0.980834615795287,0.983303738064335,0.850413235997859,0.936721596536018,0.992652476143648,0.917864017200976,0.980562724064892,0.992144010158271,0.956757475206165,0.991237601716542,0.96820829935326,0.956774229704215,0.999887196381578,0.879583417739649,0.993588626105459,0.989573935209556,0.843928208654408,0.99119756297759,0.777704431024139,0.949062912132171,0.811581356649934,0.997478906605894,0.947212818415383,0.951923563100258,0.994357167008356,0.511892681123024,0.995081391685826,0.970894827344724,0.967148192789033,0.996085761719513,0.915804105753625,0.976685634216179,0.531303796794577,0.996506880785824,0.851226660350583,0.994628098046915,0.846853026075025,0.954739784191995,0.934718755752087,0.965238589376962,0.992109962493338,0.990650040209574,0.307148638600573,0.983916362490164,0.94402267472142,0.986806893068096,0.964532859212253,0.998393770093597,0.949834151631593,0.985173568784816,0.923941018121247,0.859499205060375,0.931545483290691,0.933259503902988,0.87799925377272,0.954494057990303,0.876519268630598,0.973207579465988,0.941320063051418,0.739793124057145,0.975845039588719,0.901425209958275,0.97606096869575,0.874120541377799,0.993967185775731
"LEF1",0.917184045183252,0.968874253915234,0.971526457725809,0.915989013136221,0.998319527308872,0.992532663422087,0.987204069944017,0.902416228576168,0.976930707452956,0.954512956367804,0.839058079730742,0.972276841464726,0.966673966954228,0.937052407878875,0.942958473993412,0.940539465089027,0.998668503022334,0.998639242440547,0.999101832770982,0.966938912987977,0.975482995507963,0.884075090573165,0.985881031261591,0.980786152383397,0.992250844993649,0.990493080399305,0.980834615795287,0.959808915301429,0.958266784881081,0.969592737093255,0.992652476143648,0.774072052150048,0.980562724064892,0.994066282272469,0.949003478119608,0.991237601716542,0.943029149947453,0.951417458623858,0.999887196381578,0.879583417739649,0.993588626105459,0.963295601475685,0.969296896879889,0.99119756297759,0.968934423366259,0.949062912132171,0.983900957848265,0.997478906605894,0.947212818415383,0.951923563100258,0.881060417792044,0.511892681123024,0.936377273220026,0.960320336041811,0.955335477942671,0.996085761719513,0.998683793282545,0.976685634216179,0.978555314132977,0.938143696662328,0.592313208128571,0.870688930717109,0.97724390306608,0.873565434890899,0.927586517391255,0.952496907739926,0.992109962493338,0.849568116184266,0.994061381770324,0.979938646229577,0.947667336414932,0.986806893068096,0.964532859212253,0.928506892195057,0.998776731251642,0.985173568784816,0.923941018121247,0.922902570414541,0.995600786082253,0.910221685899967,0.87799925377272,0.990997059463523,0.870499773154198,0.973207579465988,0.840153218859902,0.912119180534333,0.945483376041767,0.954227852485463,0.54915971887844,0.993654354656766,0.778758992638128
"LHX2",0.917184045183252,0.986503692918196,0.971526457725809,0.983774077572445,0.998319527308872,0.981295231202446,0.987204069944017,0.902416228576168,0.98703274958181,0.954512956367804,0.874402376643722,0.975235355625904,0.964444813827772,0.907043073162676,0.934838969707957,0.940439131737622,0.998668503022334,0.998639242440547,0.986752283231202,0.966938912987977,0.870467728199829,0.884075090573165,0.985881031261591,0.980786152383397,0.992250844993649,0.956359620732734,0.981895726737833,0.959808915301429,0.947290531937916,0.808354188485136,0.992652476143648,0.838485487071082,0.980562724064892,0.942629294217034,0.894570629540887,0.991237601716542,0.935962820726468,0.758093463110401,0.999887196381578,0.979758353724192,0.993588626105459,0.697327720739358,0.938682474591716,0.996602366753541,0.811044656073672,0.949062912132171,0.983900957848265,0.997478906605894,0.928745525774239,0.921184236288952,0.809366973071738,0.758420544025449,0.934307896829416,0.960320336041811,0.991358604564773,0.996085761719513,0.915804105753625,0.983458871596561,0.895769915907818,0.91032043500339,0.987788411973144,0.884195674394059,0.846853026075025,0.954739784191995,0.96153864485256,0.952496907739926,0.420608613272948,0.975917363229893,0.636928887324505,0.951672698870617,0.985395011309493,0.986806893068096,0.964532859212253,0.94148353720525,0.949834151631593,0.985173568784816,0.923941018121247,0.996520561010078,0.898262985096393,0.933259503902988,0.362450080400403,0.990997059463523,0.870499773154198,0.973207579465988,0.825313888659804,0.993968844467663,0.945483376041767,0.901425209958275,0.971251292388804,0.95802478183232,0.778758992638128
"LHX3",0.981331964184958,0.982359400379498,0.975365362911486,0.999348367202855,0.998319527308872,0.954749889671411,0.987204069944017,0.902416228576168,0.976930707452956,0.954512956367804,0.946333579247946,0.975235355625904,0.997127219120691,0.683786376274176,0.934838969707957,0.970550758762389,0.937109986705951,0.998639242440547,0.999101832770982,0.998421485275758,0.975482995507963,0.884075090573165,0.985881031261591,0.980786152383397,0.992250844993649,0.990493080399305,0.954780002441992,0.959808915301429,0.945835021389558,0.808354188485136,0.946582418345737,0.917864017200976,0.980562724064892,0.942629294217034,0.869873999170536,0.991237601716542,0.681699646520154,0.758093463110401,0.999887196381578,0.979758353724192,0.993588626105459,0.963295601475685,0.969780524819695,0.99119756297759,0.817763922380347,0.949062912132171,0.927277775744472,0.997478906605894,0.932351173132548,0.951923563100258,0.881060417792044,0.923512213140624,0.934307896829416,0.605185820924445,0.955335477942671,0.996085761719513,0.998683793282545,0.976685634216179,0.978555314132977,0.996506880785824,0.929285673042452,0.870688930717109,0.97724390306608,0.968430211924096,0.854025656123047,0.952077270773308,0.647568041534569,0.990650040209574,0.940606238967185,0.979938646229577,0.947122549743748,0.986806893068096,0.964532859212253,0.928506892195057,0.949834151631593,0.985173568784816,0.923941018121247,0.930472217446233,0.953023358147415,0.949791581459001,0.903223664312184,0.954494057990303,0.845703132133043,0.973207579465988,0.92292038051522,0.912119180534333,0.945483376041767,0.954227852485463,0.97606096869575,0.874120541377799,0.743279342221898
"LYL1",0.644160310102056,0.968874253915234,0.971526457725809,0.983774077572445,0.998319527308872,0.933439517082926,0.987204069944017,0.902416228576168,0.976930707452956,0.971011250735235,0.95076663071225,0.953479797558954,0.966673966954228,0.830865786439703,0.959732207192937,0.940439131737622,0.775503496081845,0.998639242440547,0.999101832770982,0.966938912987977,0.975482995507963,0.884075090573165,0.282644075960891,0.994633603680708,0.836191600437098,0.990493080399305,0.980834615795287,0.998960719390326,0.928887395826281,0.808354188485136,0.991802455653632,0.917864017200976,0.948365163170161,0.994066282272469,0.956757475206165,0.991237601716542,0.935962820726468,0.99542599259708,0.999887196381578,0.865935773414651,0.993588626105459,0.697327720739358,0.993367280437115,0.99119756297759,0.996433158208562,0.994095603899328,0.811581356649934,0.997478906605894,0.984255587624475,0.951923563100258,0.931260756269552,0.945582967028999,0.936377273220026,0.970894827344724,0.947341703454957,0.996085761719513,0.998683793282545,0.983458871596561,0.473127016397629,0.996506880785824,0.987788411973144,0.963216250601429,0.632833905376847,0.929731399552935,0.927586517391255,0.952496907739926,0.647568041534569,0.990650040209574,0.940606238967185,0.951672698870617,0.94402267472142,0.879191598416081,0.964532859212253,0.998393770093597,0.953904974423213,0.909254051793202,0.939632120182356,0.859499205060375,0.993561520345233,0.910221685899967,0.87799925377272,0.954494057990303,0.885545739646578,0.635748724316921,0.993501054379702,0.993968844467663,0.945483376041767,0.954227852485463,0.971251292388804,0.95802478183232,0.993967185775731
"MAFB",0.729065346839458,0.986503692918196,0.959021771390746,0.976666150323663,0.998319527308872,0.933439517082926,0.348839416024507,0.902416228576168,0.976930707452956,0.954512956367804,0.938914919831167,0.975235355625904,0.872374224232796,0.907043073162676,0.934838969707957,0.940439131737622,0.997272812818238,0.998639242440547,0.999101832770982,0.998421485275758,0.992343415762592,0.992646408147786,0.997783194001173,0.980786152383397,0.992250844993649,0.956359620732734,0.902558267132085,0.959808915301429,0.850413235997859,0.978110160887081,0.95179481040225,0.868113058298226,0.980562724064892,0.942629294217034,0.956757475206165,0.991237601716542,0.973997699428872,0.904045938776657,0.999887196381578,0.879583417739649,0.993588626105459,0.963295601475685,0.969296896879889,0.997419992602024,0.738722399407568,0.885201546869686,0.811581356649934,0.997478906605894,0.95592819418516,0.96436603230237,0.840160027436915,0.923512213140624,0.936377273220026,0.934119311641609,0.904886442949547,0.996085761719513,0.998683793282545,0.983458871596561,0.978555314132977,0.643575904737912,0.851226660350583,0.884195674394059,0.846853026075025,0.847850658021187,0.895693152501458,0.952496907739926,0.992109962493338,0.990650040209574,0.907622327630644,0.961214170728836,0.989819211760037,0.793430287475756,0.420457496456821,0.928506892195057,0.949834151631593,0.985173568784816,0.76967815920013,0.947167140020576,0.931545483290691,0.875599343217204,0.909797880808715,0.962475680536054,0.845703132133043,0.973207579465988,0.948303933490301,0.912119180534333,0.945483376041767,0.930468263337677,0.981388180516773,0.968339028414112,0.688363062554859
"MAFF",0.729065346839458,0.990603888754872,0.975365362911486,0.983774077572445,0.998319527308872,0.933439517082926,0.987204069944017,0.968231938663626,0.976930707452956,0.990812737192087,0.95076663071225,0.972276841464726,0.872374224232796,0.937052407878875,0.975981680838733,0.965947230666248,0.998668503022334,0.998639242440547,0.998713094937798,0.79624689535652,0.975482995507963,0.884075090573165,0.985881031261591,0.99886213325648,0.992250844993649,0.990493080399305,0.98801073195468,0.959808915301429,0.945835021389558,0.969592737093255,0.992652476143648,0.838485487071082,0.980562724064892,0.958246351490468,0.888178304564739,0.991237601716542,0.935962820726468,0.940680131873552,0.999887196381578,0.946635769445822,0.993588626105459,0.989573935209556,0.969780524819695,0.99119756297759,0.817763922380347,0.949062912132171,0.927277775744472,0.997478906605894,0.699483452715134,0.900962762581555,0.809366973071738,0.923512213140624,0.936377273220026,0.960320336041811,0.957654796464089,0.996085761719513,0.806462524166835,0.988027463080552,0.857376287771275,0.954653914809332,0.954865606625044,0.884195674394059,0.961833238464015,0.847850658021187,0.934718755752087,0.952496907739926,0.992109962493338,0.919502384846657,0.907622327630644,0.74907758693913,0.958996553046271,0.986806893068096,0.964532859212253,0.998393770093597,0.949834151631593,0.361915069742767,0.84100722224578,0.996520561010078,0.886331307745237,0.910221685899967,0.903223664312184,0.990997059463523,0.636483518243861,0.973207579465988,0.935785463534243,0.912119180534333,0.945483376041767,0.995399118195295,0.885750154794123,0.880357036604249,0.993967185775731
"MAF",0.994716814999872,0.924247127566076,0.971526457725809,0.915989013136221,0.998319527308872,0.933439517082926,0.955623782321246,0.902416228576168,0.976930707452956,0.990812737192087,0.938914919831167,0.972276841464726,0.756468486436773,0.937052407878875,0.968999317483491,0.980050534388973,0.998668503022334,0.998639242440547,0.986752283231202,0.998421485275758,0.975482995507963,0.96226779816822,0.960662535624259,0.980786152383397,0.964879405054553,0.990493080399305,0.906566053743698,0.959808915301429,0.850413235997859,0.985085776597969,0.929282442331597,0.577073725463266,0.980562724064892,0.942629294217034,0.972489282855683,0.991237601716542,0.96820829935326,0.940680131873552,0.999887196381578,0.812373997858442,0.993588626105459,0.814136292469954,0.969296896879889,0.99119756297759,0.978801787728146,0.885201546869686,0.811581356649934,0.997478906605894,0.918022945345554,0.951923563100258,0.941557417121562,0.490822609853504,0.95479462404059,0.970894827344724,0.674592231925545,0.996085761719513,0.998683793282545,0.976685634216179,0.978555314132977,0.938143696662328,0.794292333156533,0.943583224818914,0.961833238464015,0.847850658021187,0.854025656123047,0.959331443641097,0.992109962493338,0.990650040209574,0.496227859036905,0.979938646229577,0.365290326011765,0.986806893068096,0.964532859212253,0.981642528071131,0.981825957397777,0.985173568784816,0.851967016648928,0.996520561010078,0.953023358147415,0.875599343217204,0.87799925377272,0.954494057990303,0.950644212013689,0.853538493292037,0.840153218859902,0.912119180534333,0.945483376041767,0.901425209958275,0.971251292388804,0.95802478183232,0.993967185775731
"MAX",0.930650770215707,0.968874253915234,0.880628559271367,0.983774077572445,0.998319527308872,0.933439517082926,0.810744104214257,0.968231938663626,0.976930707452956,0.990812737192087,0.964401247496312,0.975235355625904,0.980506435770751,0.937052407878875,0.811298803654731,0.965947230666248,0.937109986705951,0.998639242440547,0.986752283231202,0.998421485275758,0.975482995507963,0.96226779816822,0.998301843574047,0.980786152383397,0.992250844993649,0.990493080399305,0.906566053743698,0.959808915301429,0.945835021389558,0.893711507962613,0.756971417132723,0.639361208395553,0.980562724064892,0.942629294217034,0.888178304564739,0.991237601716542,0.96820829935326,0.904045938776657,0.999887196381578,0.968978516324544,0.993588626105459,0.697327720739358,0.998474110213457,0.99119756297759,0.996528888251098,0.949062912132171,0.884394198790692,0.997478906605894,0.962281429111302,0.921184236288952,0.881060417792044,0.681706998218942,0.995081391685826,0.970894827344724,0.991358604564773,0.996085761719513,0.916822185470147,0.976685634216179,0.978555314132977,0.986451475014829,0.592313208128571,0.921927461696963,0.918942491592456,0.968430211924096,0.927586517391255,0.952077270773308,0.932394017455497,0.990650040209574,0.986792056278787,0.983916362490164,0.94402267472142,0.986806893068096,0.964532859212253,0.998393770093597,0.949834151631593,0.985173568784816,0.923941018121247,0.964396295913302,0.96558499862482,0.9532138143531,0.87799925377272,0.954494057990303,0.894563330976443,0.973207579465988,0.840153218859902,0.954023069447702,0.945483376041767,0.930468263337677,0.97606096869575,0.954325875686045,0.972483365649118
"MBD2",0.99757958929101,0.986503692918196,0.959021771390746,0.983774077572445,0.998319527308872,0.933439517082926,0.979938594185208,0.660945520367711,0.976930707452956,0.987094733657715,0.996891882588112,0.998551065984818,0.980506435770751,0.934643703415075,0.959732207192937,0.98874094138273,0.967454862896924,0.998639242440547,0.948927440738968,0.998421485275758,0.975482995507963,0.884075090573165,0.985881031261591,0.980786152383397,0.836191600437098,0.990493080399305,0.990520067982925,0.959808915301429,0.97776711333703,0.969592737093255,0.992652476143648,0.838485487071082,0.980562724064892,0.986873650572747,0.888178304564739,0.991237601716542,0.968988258545989,0.940680131873552,0.999887196381578,0.758937823047737,0.993588626105459,0.9535953201238,0.952967530067884,0.99119756297759,0.930051131102215,0.97793223012856,0.927277775744472,0.997478906605894,0.984255587624475,0.900962762581555,0.825597241411565,0.923512213140624,0.936377273220026,0.970894827344724,0.991358604564773,0.996085761719513,0.834749539705284,0.983458871596561,0.868318296304331,0.996506880785824,0.929285673042452,0.884195674394059,0.961833238464015,0.954739784191995,0.895693152501458,0.952496907739926,0.992109962493338,0.849568116184266,0.826118119207367,0.951672698870617,0.94402267472142,0.986806893068096,0.964532859212253,0.989909849484362,0.953904974423213,0.985173568784816,0.923941018121247,0.996520561010078,0.993561520345233,0.945105210972307,0.87799925377272,0.954494057990303,0.950644212013689,0.973207579465988,0.959546774264781,0.993968844467663,0.945483376041767,0.95705993762982,0.976429828119024,0.958896843275613,0.993967185775731
"MECP2",0.964563139397794,0.986503692918196,0.975365362911486,0.983774077572445,0.998319527308872,0.933439517082926,0.86441045969593,0.987308621569904,0.976930707452956,0.990812737192087,0.784810657449294,0.998551065984818,0.997127219120691,0.937052407878875,0.811298803654731,0.830107309143372,0.998668503022334,0.998639242440547,0.998713094937798,0.998421485275758,0.975482995507963,0.96226779816822,0.985881031261591,0.980786152383397,0.992250844993649,0.990493080399305,0.981895726737833,0.959808915301429,0.928887395826281,0.979152037514351,0.946582418345737,0.906559204050146,0.980562724064892,0.992144010158271,0.888178304564739,0.991237601716542,0.935962820726468,0.904045938776657,0.999887196381578,0.906180851759215,0.993588626105459,0.989573935209556,0.938682474591716,0.99119756297759,0.738722399407568,0.994095603899328,0.811581356649934,0.997478906605894,0.99752280682515,0.981060716207347,0.931260756269552,0.98708911041045,0.97834530851075,0.981489012351345,0.969725533251749,0.996085761719513,0.998683793282545,0.988027463080552,0.857376287771275,0.996428597172252,0.960247030684646,0.994628098046915,0.961833238464015,0.954739784191995,0.854025656123047,0.964340722684762,0.992109962493338,0.990650040209574,0.940606238967185,0.951672698870617,0.958996553046271,0.986806893068096,0.964532859212253,0.989909849484362,0.518169816444635,0.985173568784816,0.931674871278248,0.884678853257269,0.886331307745237,0.933259503902988,0.954578142572804,0.993970179336778,0.98103416513006,0.973207579465988,0.935785463534243,0.959842457684417,0.947571368460933,0.901425209958275,0.995541450538438,0.880357036604249,0.993967185775731
"MEIS1",0.644160310102056,0.961065432207951,0.975365362911486,0.999348367202855,0.998319527308872,0.933439517082926,0.721228307194194,0.998292367356908,0.976930707452956,0.990812737192087,0.964401247496312,0.972276841464726,0.997127219120691,0.989305123709551,0.975981680838733,0.965947230666248,0.805573307891966,0.998639242440547,0.986752283231202,0.998421485275758,0.99462397964399,0.884802332712946,0.973559804881182,0.980786152383397,0.992250844993649,0.990493080399305,0.981895726737833,0.959808915301429,0.928887395826281,0.808354188485136,0.784005081725696,0.917864017200976,0.948365163170161,0.994066282272469,0.956757475206165,0.991237601716542,0.96820829935326,0.811209236450171,0.999887196381578,0.758937823047737,0.993588626105459,0.963295601475685,0.930997201865433,0.99119756297759,0.810170005658433,0.949062912132171,0.927277775744472,0.997478906605894,0.778858297997223,0.312950733478895,0.881060417792044,0.689037633602481,0.95479462404059,0.970894827344724,0.991358604564773,0.996085761719513,0.834749539705284,0.976685634216179,0.868318296304331,0.996506880785824,0.954865606625044,0.943583224818914,0.895226956021224,0.954739784191995,0.854025656123047,0.965238589376962,0.992109962493338,0.990650040209574,0.973563037192072,0.966719330750891,0.94402267472142,0.986806893068096,0.964532859212253,0.982760482211625,0.949834151631593,0.985173568784816,0.923941018121247,0.996520561010078,0.965497453598366,0.945105210972307,0.903223664312184,0.954494057990303,0.919052334754677,0.666474844268908,0.840153218859902,0.912119180534333,0.917711152532526,0.973058766890347,0.971251292388804,0.899654888132649,0.993967185775731
"MEIS2",0.981331964184958,0.961065432207951,0.971526457725809,0.983774077572445,0.998319527308872,0.999892596519578,0.706049970375086,0.968231938663626,0.976930707452956,0.954512956367804,0.964401247496312,0.972276841464726,0.980506435770751,0.907043073162676,0.975981680838733,0.964001779084603,0.997272812818238,0.998639242440547,0.990301656281988,0.966938912987977,0.975482995507963,0.884802332712946,0.998301843574047,0.980786152383397,0.992250844993649,0.990493080399305,0.906566053743698,0.885845880133532,0.945835021389558,0.808354188485136,0.772702740950634,0.949164167323516,0.980562724064892,0.942629294217034,0.956757475206165,0.991237601716542,0.998602018750547,0.99542599259708,0.999887196381578,0.971935077551486,0.993588626105459,0.697327720739358,0.931296066941613,0.99119756297759,0.996528888251098,0.885201546869686,0.983900957848265,0.997478906605894,0.99311038510936,0.951923563100258,0.931260756269552,0.923512213140624,0.97167863154391,0.970894827344724,0.982221080053203,0.996085761719513,0.834749539705284,0.983458871596561,0.978555314132977,0.986451475014829,0.851226660350583,0.950474526408072,0.944212634584934,0.847850658021187,0.934718755752087,0.981323321685051,0.964766846350362,0.975136635969425,0.562687198115845,0.74907758693913,0.932413904783055,0.879191598416081,0.964532859212253,0.989909849484362,0.949834151631593,0.985173568784816,0.51238746708504,0.996520561010078,0.895841737460695,0.946938876429472,0.87799925377272,0.993970179336778,0.950644212013689,0.973207579465988,0.935785463534243,0.912119180534333,0.945483376041767,0.930468263337677,0.746763234670796,0.874120541377799,0.993967185775731
"MTF1",0.644160310102056,0.986503692918196,0.880628559271367,0.999348367202855,0.998319527308872,0.933439517082926,0.955623782321246,0.902416228576168,0.976930707452956,0.990812737192087,0.938914919831167,0.975235355625904,0.980506435770751,0.898086227756683,0.934838969707957,0.970550758762389,0.997272812818238,0.998639242440547,0.999101832770982,0.966938912987977,0.975482995507963,0.931033080535841,0.985881031261591,0.980786152383397,0.836191600437098,0.990493080399305,0.980834615795287,0.959808915301429,0.973264019504306,0.969592737093255,0.992652476143648,0.997096176803397,0.980562724064892,0.942629294217034,0.956757475206165,0.991237601716542,0.973997699428872,0.904045938776657,0.999887196381578,0.946635769445822,0.993588626105459,0.938332668296185,0.931296066941613,0.99119756297759,0.907242817235579,0.994095603899328,0.811581356649934,0.997478906605894,0.947212818415383,0.921184236288952,0.931260756269552,0.98708911041045,0.995081391685826,0.834413693896078,0.982221080053203,0.996085761719513,0.834749539705284,0.976685634216179,0.895769915907818,0.938143696662328,0.954865606625044,0.870688930717109,0.846853026075025,0.927268756438434,0.506179111210534,0.960937953000503,0.992109962493338,0.989419664869723,0.973563037192072,0.951672698870617,0.990074596930791,0.986806893068096,0.964532859212253,0.928506892195057,0.953904974423213,0.985173568784816,0.926592942620438,0.947167140020576,0.953023358147415,0.9532138143531,0.87799925377272,0.954494057990303,0.950644212013689,0.853538493292037,0.959546774264781,0.904905589572621,0.945483376041767,0.995399118195295,0.971251292388804,0.88234162568865,0.972483365649118
"MXI1",0.917184045183252,0.968874253915234,0.971526457725809,0.999348367202855,0.998319527308872,0.992532663422087,0.979938594185208,0.998292367356908,0.976930707452956,0.954512956367804,0.983985913711431,0.998551065984818,0.966673966954228,0.937052407878875,0.959732207192937,0.58634289925562,0.805573307891966,0.998639242440547,0.999101832770982,0.998421485275758,0.975482995507963,0.931033080535841,0.985881031261591,0.980786152383397,0.992250844993649,0.990493080399305,0.906566053743698,0.959808915301429,0.998368858530976,0.969592737093255,0.788421795003741,0.884374545569567,0.980562724064892,0.942629294217034,0.949003478119608,0.991237601716542,0.96820829935326,0.940680131873552,0.999887196381578,0.812373997858442,0.993588626105459,0.963295601475685,0.931296066941613,0.99119756297759,0.970629734366041,0.949062912132171,0.970868792875729,0.997478906605894,0.947212818415383,0.97517439999094,0.931260756269552,0.974457566281525,0.934307896829416,0.970894827344724,0.955335477942671,0.996085761719513,0.998683793282545,0.983458871596561,0.978555314132977,0.996506880785824,0.637975766386539,0.950474526408072,0.961833238464015,0.973724419952631,0.898678410216416,0.952077270773308,0.992109962493338,0.919502384846657,0.826118119207367,0.951672698870617,0.958996553046271,0.99329343960086,0.964532859212253,0.998393770093597,0.949834151631593,0.985173568784816,0.723850109176398,0.996503742430662,0.965497453598366,0.945105210972307,0.903223664312184,0.954494057990303,0.950644212013689,0.973207579465988,0.840153218859902,0.491853936468358,0.917711152532526,0.901425209958275,0.981388180516773,0.874120541377799,0.993967185775731
"MYB",0.729065346839458,0.986503692918196,0.971526457725809,0.915989013136221,0.998319527308872,0.933439517082926,0.916118752971398,0.902416228576168,0.976930707452956,0.954512956367804,0.983985913711431,0.5512840415257,0.980506435770751,0.937052407878875,0.934838969707957,0.940439131737622,0.998668503022334,0.998639242440547,0.948927440738968,0.967147327087416,0.975482995507963,0.992646408147786,0.997783194001173,0.991010827901797,0.992250844993649,0.956359620732734,0.980834615795287,0.959808915301429,0.928887395826281,0.964287980851744,0.756971417132723,0.560995277990951,0.980562724064892,0.994066282272469,0.956757475206165,0.991237601716542,0.96820829935326,0.904045938776657,0.999887196381578,0.879583417739649,0.993588626105459,0.9535953201238,0.993367280437115,0.99119756297759,0.777704431024139,0.994095603899328,0.927277775744472,0.997478906605894,0.984255587624475,0.951923563100258,0.881060417792044,0.96132386589249,0.936377273220026,0.934187124594849,0.955335477942671,0.996085761719513,0.837110967916374,0.983458871596561,0.978555314132977,0.996506880785824,0.996056409445083,0.943583224818914,0.97724390306608,0.954739784191995,0.934718755752087,0.952496907739926,0.992109962493338,0.990650040209574,0.960590432695525,0.788769707684121,0.958996553046271,0.986806893068096,0.964532859212253,0.928506892195057,0.981825957397777,0.985173568784816,0.931674871278248,0.34225309831007,0.965497453598366,0.910221685899967,0.922846638847331,0.993970179336778,0.89217515129195,0.959083382291386,0.935785463534243,0.931539966828353,0.945483376041767,0.901425209958275,0.981388180516773,0.993654354656766,0.993967185775731
"MYCN",0.931996871726554,0.986503692918196,0.975365362911486,0.983774077572445,0.998319527308872,0.933439517082926,0.916118752971398,0.968231938663626,0.976930707452956,0.954512956367804,0.874402376643722,0.972276841464726,0.980506435770751,0.937052407878875,0.975981680838733,0.940439131737622,0.998668503022334,0.998639242440547,0.986752283231202,0.998421485275758,0.975482995507963,0.884075090573165,0.973559804881182,0.883979953604186,0.907751143067425,0.956359620732734,0.980834615795287,0.959808915301429,0.945835021389558,0.969592737093255,0.946192051525054,0.844585655020551,0.980562724064892,0.986873650572747,0.956757475206165,0.991237601716542,0.96820829935326,0.856539420485914,0.999887196381578,0.758937823047737,0.573354135869117,0.963295601475685,0.843928208654408,0.99119756297759,0.811044656073672,0.949062912132171,0.929182929309688,0.997478906605894,0.984255587624475,0.951923563100258,0.965804590634771,0.923512213140624,0.936377273220026,0.970894827344724,0.899021152357847,0.996085761719513,0.998683793282545,0.983458871596561,0.982331748734736,0.954653914809332,0.794292333156533,0.950474526408072,0.895226956021224,0.968430211924096,0.998970264596742,0.981323321685051,0.953127269494536,0.990650040209574,0.9025775988184,0.979938646229577,0.94402267472142,0.986806893068096,0.964532859212253,0.928506892195057,0.933388292252203,0.985173568784816,0.923941018121247,0.886278059552644,0.953023358147415,0.945105210972307,0.935213679077026,0.954494057990303,0.996299790263499,0.973207579465988,0.718360637235196,0.912119180534333,0.981331688049531,0.954227852485463,0.971251292388804,0.874120541377799,0.982764790152111
"MYC",0.886078019109322,0.968874253915234,0.959021771390746,0.983774077572445,0.998319527308872,0.933439517082926,0.916118752971398,0.902416228576168,0.976930707452956,0.954512956367804,0.839058079730742,0.998551065984818,0.980506435770751,0.937052407878875,0.942958473993412,0.96215104919054,0.986067610147858,0.998639242440547,0.986752283231202,0.998421485275758,0.975482995507963,0.992646408147786,0.973559804881182,0.980786152383397,0.836191600437098,0.774127682690806,0.980834615795287,0.959808915301429,0.850413235997859,0.978110160887081,0.95179481040225,0.997096176803397,0.980562724064892,0.610615784950701,0.956757475206165,0.991237601716542,0.978094982276685,0.940680131873552,0.999887196381578,0.879583417739649,0.976666002259912,0.81475668807778,0.930997201865433,0.99119756297759,0.942409393576074,0.987177023041225,0.983900957848265,0.997478906605894,0.984255587624475,0.971839266754462,0.881060417792044,0.998663680293914,0.936377273220026,0.970894827344724,0.896428950591056,0.996085761719513,0.916822185470147,0.976685634216179,0.978555314132977,0.973653492830542,0.815119197561317,0.943583224818914,0.895226956021224,0.954739784191995,0.934718755752087,0.543880047713174,0.992109962493338,0.867516051212855,0.973563037192072,0.951672698870617,0.932413904783055,0.986806893068096,0.964532859212253,0.94148353720525,0.981825957397777,0.985173568784816,0.923941018121247,0.947167140020576,0.93078076212504,0.945105210972307,0.87799925377272,0.993970179336778,0.996299790263499,0.804012102592781,0.994142727085368,0.912119180534333,0.917711152532526,0.930468263337677,0.97606096869575,0.968339028414112,0.993967185775731
"MYF6",0.99757958929101,0.961065432207951,0.985919888765208,0.983774077572445,0.998319527308872,0.835600602057822,0.916118752971398,0.998292367356908,0.976930707452956,0.954512956367804,0.964401247496312,0.998551065984818,0.76729763584439,0.937052407878875,0.942389297290246,0.940439131737622,0.998668503022334,0.998639242440547,0.990301656281988,0.998421485275758,0.975482995507963,0.884075090573165,0.985881031261591,0.980786152383397,0.992250844993649,0.956359620732734,0.980834615795287,0.959808915301429,0.928887395826281,0.969592737093255,0.92054262672834,0.917864017200976,0.980562724064892,0.99615493334242,0.907907042578034,0.991237601716542,0.96820829935326,0.904045938776657,0.999887196381578,0.968978516324544,0.993588626105459,0.9535953201238,0.930997201865433,0.99119756297759,0.845100828963797,0.949062912132171,0.811581356649934,0.997478906605894,0.947212818415383,0.951923563100258,0.931260756269552,0.945582967028999,0.934307896829416,0.970894827344724,0.991358604564773,0.996085761719513,0.834749539705284,0.983458871596561,0.714720675359773,0.933177438619004,0.944958144001719,0.884195674394059,0.97724390306608,0.954739784191995,0.907998527540472,0.952496907739926,0.992109962493338,0.848433879162466,0.9025775988184,0.979938646229577,0.94402267472142,0.986806893068096,0.964532859212253,0.998393770093597,0.950688334393641,0.991158450956452,0.939632120182356,0.813960203722315,0.931545483290691,0.933259503902988,0.87799925377272,0.996376914085112,0.950644212013689,0.752865189997538,0.935785463534243,0.913474097726624,0.945483376041767,0.995399118195295,0.825164912129565,0.95802478183232,0.993967185775731
"MZF1",0.644160310102056,0.968874253915234,0.985919888765208,0.983774077572445,0.998319527308872,0.954749889671411,0.614520893452014,0.990047692600524,0.976930707452956,0.990812737192087,0.805381460655283,0.972276841464726,0.950965392777313,0.937052407878875,0.934838969707957,0.970550758762389,0.997272812818238,0.998639242440547,0.947561959330285,0.998421485275758,0.975482995507963,0.884075090573165,0.981838187256346,0.980786152383397,0.992250844993649,0.956359620732734,0.98801073195468,0.976620322437384,0.998368858530976,0.937621465124519,0.863799836595724,0.997096176803397,0.980562724064892,0.942629294217034,0.888178304564739,0.991237601716542,0.935962820726468,0.93009025639254,0.973637180868086,0.946635769445822,0.993588626105459,0.938332668296185,0.930997201865433,0.99119756297759,0.942409393576074,0.885201546869686,0.884394198790692,0.997478906605894,0.95592819418516,0.932147708730952,0.941557417121562,0.98708911041045,0.936377273220026,0.970894827344724,0.955335477942671,0.996085761719513,0.998683793282545,0.976685634216179,0.868318296304331,0.996506880785824,0.851226660350583,0.884195674394059,0.854438021603024,0.929731399552935,0.927586517391255,0.952496907739926,0.992109962493338,0.810431069706608,0.973563037192072,0.951672698870617,0.94402267472142,0.988254872945671,0.964532859212253,0.989909849484362,0.953904974423213,0.909254051793202,0.937912274323853,0.34225309831007,0.931545483290691,0.945105210972307,0.87799925377272,0.969533545304134,0.845703132133043,0.973207579465988,0.576369572664481,0.912119180534333,0.945483376041767,0.973058766890347,0.981388180516773,0.968339028414112,0.972483365649118
"NF2L1",0.775079360725198,0.962742996806811,0.971526457725809,0.951112408185512,0.998319527308872,0.933439517082926,0.840466688959446,0.990047692600524,0.976930707452956,0.954512956367804,0.938914919831167,0.998551065984818,0.980506435770751,0.680521783347761,0.975981680838733,0.58634289925562,0.998668503022334,0.998639242440547,0.998713094937798,0.998421485275758,0.99462397964399,0.954268720619474,0.997783194001173,0.980786152383397,0.836191600437098,0.990493080399305,0.906566053743698,0.959808915301429,0.97776711333703,0.808354188485136,0.992652476143648,0.639361208395553,0.980562724064892,0.986873650572747,0.956757475206165,0.991237601716542,0.973997699428872,0.940680131873552,0.999887196381578,0.758937823047737,0.993588626105459,0.938332668296185,0.993367280437115,0.99119756297759,0.996528888251098,0.954578131017561,0.811581356649934,0.997478906605894,0.686862993212297,0.300498443617406,0.931260756269552,0.985204644797683,0.968507015321155,0.960320336041811,0.988132227297289,0.996085761719513,0.834749539705284,0.976685634216179,0.978555314132977,0.938143696662328,0.716244265572571,0.884195674394059,0.846853026075025,0.954739784191995,0.895693152501458,0.952496907739926,0.992109962493338,0.5156364656478,0.973563037192072,0.951672698870617,0.94402267472142,0.986806893068096,0.964532859212253,0.989909849484362,0.949834151631593,0.985173568784816,0.51238746708504,0.930472217446233,0.931545483290691,0.945105210972307,0.87799925377272,0.993970179336778,0.970947448992603,0.973207579465988,0.935785463534243,0.912119180534333,0.917711152532526,0.930468263337677,0.97606096869575,0.874120541377799,0.993967185775731
"NFAC1",0.994012064540641,0.962742996806811,0.985919888765208,0.951112408185512,0.998319527308872,0.933439517082926,0.987204069944017,0.968231938663626,0.976930707452956,0.990812737192087,0.964401247496312,0.972276841464726,0.980506435770751,0.937052407878875,0.968999317483491,0.98874094138273,0.998668503022334,0.998639242440547,0.986752283231202,0.998421485275758,0.457158764769924,0.884075090573165,0.960662535624259,0.980786152383397,0.836191600437098,0.990493080399305,0.980834615795287,0.959808915301429,0.990103476844994,0.969592737093255,0.992652476143648,0.903349053816404,0.980562724064892,0.958246351490468,0.888178304564739,0.991237601716542,0.968988258545989,0.856539420485914,0.999887196381578,0.812792867966624,0.993588626105459,0.697327720739358,0.993367280437115,0.99119756297759,0.928813804706315,0.885201546869686,0.927277775744472,0.997478906605894,0.699483452715134,0.951923563100258,0.965804590634771,0.945582967028999,0.934307896829416,0.981489012351345,0.991358604564773,0.996085761719513,0.834749539705284,0.983458871596561,0.978555314132977,0.996506880785824,0.851226660350583,0.994628098046915,0.855007731964607,0.929731399552935,0.895693152501458,0.973919904699191,0.992109962493338,0.878980471000242,0.9025775988184,0.964263923495578,0.94402267472142,0.759694570606784,0.964532859212253,0.989909849484362,0.949834151631593,0.995220960631119,0.931674871278248,0.964396295913302,0.993561520345233,0.933259503902988,0.87799925377272,0.954494057990303,0.870499773154198,0.973207579465988,0.982706712880728,0.993968844467663,0.947571368460933,0.994190609828326,0.971251292388804,0.968339028414112,0.993967185775731
"NFAC2",0.99757958929101,0.968874253915234,0.880628559271367,0.983774077572445,0.998319527308872,0.933439517082926,0.529109309788818,0.902416228576168,0.976930707452956,0.954512956367804,0.784810657449294,0.975235355625904,0.756468486436773,0.907043073162676,0.968999317483491,0.970550758762389,0.750416652397929,0.998639242440547,0.986752283231202,0.998421485275758,0.975482995507963,0.992646408147786,0.992510270650842,0.980786152383397,0.96299621629117,0.990493080399305,0.906566053743698,0.959808915301429,0.928887395826281,0.978062690727052,0.756971417132723,0.917864017200976,0.980562724064892,0.986873650572747,0.932641740594952,0.991237601716542,0.935962820726468,0.904045938776657,0.999887196381578,0.820288490330804,0.993588626105459,0.989573935209556,0.930997201865433,0.99119756297759,0.777704431024139,0.954578131017561,0.999801279258508,0.997478906605894,0.928745525774239,0.96436603230237,0.994357167008356,0.923512213140624,0.936377273220026,0.960320336041811,0.991358604564773,0.996085761719513,0.998683793282545,0.976685634216179,0.868318296304331,0.996506880785824,0.851226660350583,0.963216250601429,0.980136065287699,0.954739784191995,0.927586517391255,0.959107354942467,0.992109962493338,0.848433879162466,0.9025775988184,0.951672698870617,0.94402267472142,0.989645442140378,0.964532859212253,0.928506892195057,0.949834151631593,0.985173568784816,0.944807957536706,0.947167140020576,0.894002163069403,0.910221685899967,0.87799925377272,0.954494057990303,0.870499773154198,0.666474844268908,0.840153218859902,0.912119180534333,0.945483376041767,0.948057566883921,0.981388180516773,0.95802478183232,0.993967185775731
"NFAC3",0.931996871726554,0.565768142462997,0.971526457725809,0.951112408185512,0.998319527308872,0.933439517082926,0.916118752971398,0.998292367356908,0.976930707452956,0.954512956367804,0.693970368796898,0.972276841464726,0.944048065860555,0.87137411459944,0.934838969707957,0.970550758762389,0.775503496081845,0.998639242440547,0.96996321251556,0.966938912987977,0.99462397964399,0.884802332712946,0.997783194001173,0.980786152383397,0.992250844993649,0.990493080399305,0.906566053743698,0.959808915301429,0.998368858530976,0.978145659799326,0.992652476143648,0.997096176803397,0.980562724064892,0.994066282272469,0.956757475206165,0.991237601716542,0.949237450024544,0.904045938776657,0.999887196381578,0.812373997858442,0.993588626105459,0.697327720739358,0.938682474591716,0.998597377777683,0.915332018199705,0.885201546869686,0.999801279258508,0.997478906605894,0.947212818415383,0.96436603230237,0.931260756269552,0.833187994901421,0.936377273220026,0.970894827344724,0.955335477942671,0.996085761719513,0.837110967916374,0.976685634216179,0.978555314132977,0.986451475014829,0.592313208128571,0.963216250601429,0.846853026075025,0.870818609874898,0.927586517391255,0.952496907739926,0.992109962493338,0.990650040209574,0.994061381770324,0.74907758693913,0.94402267472142,0.986806893068096,0.964532859212253,0.928506892195057,0.949834151631593,0.985173568784816,0.958318898280039,0.930472217446233,0.965497453598366,0.910221685899967,0.87799925377272,0.954494057990303,0.845703132133043,0.666474844268908,0.941320063051418,0.912119180534333,0.793853424280342,0.973058766890347,0.971251292388804,0.874120541377799,0.972483365649118
"NFAC4",0.917184045183252,0.982359400379498,0.971526457725809,0.983774077572445,0.998319527308872,0.933439517082926,0.916118752971398,0.902416228576168,0.976930707452956,0.990812737192087,0.493227276449102,0.945586382667035,0.966820444287316,0.937052407878875,0.811298803654731,0.940439131737622,0.937109986705951,0.998639242440547,0.986752283231202,0.892231314078346,0.975482995507963,0.884075090573165,0.981838187256346,0.980786152383397,0.992250844993649,0.990493080399305,0.954780002441992,0.983303738064335,0.970912282878284,0.969592737093255,0.992652476143648,0.917864017200976,0.980562724064892,0.994066282272469,0.465570350755771,0.991237601716542,0.935962820726468,0.940680131873552,0.999887196381578,0.758937823047737,0.993588626105459,0.963295601475685,0.969780524819695,0.99119756297759,0.942409393576074,0.885201546869686,0.884394198790692,0.997478906605894,0.778858297997223,0.940521476455706,0.931260756269552,0.945582967028999,0.934307896829416,0.970894827344724,0.991358604564773,0.996085761719513,0.806462524166835,0.983458871596561,0.990762487512851,0.938143696662328,0.851226660350583,0.962853765913956,0.846853026075025,0.954739784191995,0.854025656123047,0.952496907739926,0.992109962493338,0.990650040209574,0.973563037192072,0.888411176230151,0.932413904783055,0.986806893068096,0.964532859212253,0.998393770093597,0.949834151631593,0.985173568784816,0.80726302737791,0.813960203722315,0.974284932372043,0.933259503902988,0.905306666914241,0.993970179336778,0.68877743953635,0.973207579465988,0.935785463534243,0.875759940613656,0.945483376041767,0.970952655938109,0.971251292388804,0.95802478183232,0.982764790152111
"NFIA",0.931996871726554,0.968874253915234,0.975365362911486,0.98452104235146,0.998319527308872,0.962258547982242,0.955196282908229,0.968231938663626,0.976930707452956,0.990812737192087,0.964401247496312,0.998551065984818,0.980506435770751,0.934643703415075,0.975981680838733,0.940439131737622,0.998668503022334,0.998639242440547,0.986752283231202,0.998421485275758,0.99462397964399,0.884802332712946,0.985881031261591,0.953384707844143,0.836191600437098,0.990493080399305,0.980834615795287,0.959808915301429,0.979950663710674,0.969592737093255,0.992652476143648,0.997096176803397,0.980562724064892,0.942629294217034,0.869873999170536,0.991237601716542,0.935962820726468,0.904045938776657,0.999887196381578,0.968978516324544,0.993588626105459,0.963295601475685,0.843928208654408,0.99119756297759,0.811044656073672,0.949062912132171,0.811581356649934,0.997478906605894,0.928745525774239,0.900962762581555,0.994357167008356,0.962174064491194,0.934307896829416,0.970894827344724,0.991358604564773,0.996085761719513,0.998683793282545,0.988027463080552,0.978555314132977,0.996506880785824,0.851226660350583,0.994628098046915,0.632833905376847,0.938397169164629,0.934718755752087,0.952077270773308,0.992109962493338,0.734801215660642,0.973563037192072,0.951672698870617,0.94402267472142,0.766923691977969,0.964532859212253,0.989909849484362,0.981825957397777,0.985173568784816,0.931674871278248,0.859499205060375,0.993561520345233,0.933259503902988,0.954578142572804,0.954494057990303,0.950644212013689,0.752865189997538,0.941320063051418,0.993968844467663,0.917711152532526,0.901425209958275,0.971251292388804,0.99198129155291,0.788095956288215
"NFIC",0.99757958929101,0.968874253915234,0.973238807308357,0.999348367202855,0.998319527308872,0.933439517082926,0.979938594185208,0.987308621569904,0.976930707452956,0.971011250735235,0.938914919831167,0.972276841464726,0.980506435770751,0.683786376274176,0.934838969707957,0.965947230666248,0.937109986705951,0.998639242440547,0.986752283231202,0.962979662454316,0.975482995507963,0.884802332712946,0.787711089280136,0.980786152383397,0.992250844993649,0.990493080399305,0.980834615795287,0.959808915301429,0.958048219798031,0.969592737093255,0.772702740950634,0.935156673287513,0.980562724064892,0.994066282272469,0.937021382021245,0.991237601716542,0.968988258545989,0.904045938776657,0.999887196381578,0.999553452987994,0.993588626105459,0.970818707872194,0.930997201865433,0.99119756297759,0.815584913806409,0.949062912132171,0.811581356649934,0.997478906605894,0.984925236204313,0.951923563100258,0.931260756269552,0.482284597040152,0.936377273220026,0.970894827344724,0.955335477942671,0.996085761719513,0.932953817931914,0.983458871596561,0.978555314132977,0.914550534755389,0.59632975751478,0.943583224818914,0.632833905376847,0.954739784191995,0.927586517391255,0.952077270773308,0.899764153553913,0.92983810790821,0.944731418421284,0.951672698870617,0.932413904783055,0.759694570606784,0.964532859212253,0.989909849484362,0.933388292252203,0.985173568784816,0.931674871278248,0.950674111697099,0.993561520345233,0.945105210972307,0.87799925377272,0.954494057990303,0.996299790263499,0.973207579465988,0.941320063051418,0.912119180534333,0.945483376041767,0.901425209958275,0.971251292388804,0.968339028414112,0.993967185775731
"NKX21",0.729065346839458,0.961065432207951,0.880628559271367,0.915989013136221,0.998319527308872,0.933439517082926,0.987204069944017,0.902416228576168,0.976930707452956,0.954512956367804,0.882073523517884,0.972276841464726,0.871856696032602,0.953997925976775,0.959732207192937,0.965947230666248,0.998668503022334,0.998639242440547,0.731948884831929,0.998421485275758,0.975482995507963,0.999255709923347,0.973559804881182,0.883979953604186,0.964879405054553,0.774127682690806,0.980834615795287,0.978776439474938,0.958266784881081,0.969592737093255,0.992652476143648,0.560995277990951,0.981741716337808,0.709247310611014,0.956757475206165,0.52424905521525,0.935962820726468,0.968505614204731,0.999887196381578,0.946635769445822,0.993588626105459,0.916486375048868,0.938682474591716,0.99119756297759,0.889459791829527,0.949062912132171,0.999801279258508,0.997478906605894,0.932351173132548,0.96436603230237,0.931260756269552,0.758420544025449,0.936377273220026,0.970894827344724,0.982221080053203,0.996085761719513,0.998683793282545,0.983458871596561,0.978555314132977,0.996506880785824,0.59632975751478,0.884195674394059,0.846853026075025,0.954739784191995,0.96153864485256,0.952496907739926,0.219451412624009,0.596562232371554,0.973563037192072,0.951672698870617,0.94402267472142,0.986806893068096,0.990143410678442,0.989909849484362,0.953830430802175,0.985173568784816,0.664136892040088,0.997384131246742,0.993561520345233,0.946938876429472,0.87799925377272,0.954494057990303,0.845703132133043,0.973207579465988,0.935785463534243,0.912119180534333,0.945483376041767,0.901425209958275,0.971251292388804,0.874120541377799,0.993967185775731
"NKX25",0.762120669459485,0.968874253915234,0.975365362911486,0.915989013136221,0.841104150705699,0.933439517082926,0.614520893452014,0.968231938663626,0.976930707452956,0.990812737192087,0.716782608038997,0.977476029737674,0.871856696032602,0.937052407878875,0.975981680838733,0.990287875945372,0.998668503022334,0.998639242440547,0.986752283231202,0.998421485275758,0.975482995507963,0.884075090573165,0.997783194001173,0.99886213325648,0.836191600437098,0.990493080399305,0.980834615795287,0.998960719390326,0.850413235997859,0.808354188485136,0.95179481040225,0.917864017200976,0.980562724064892,0.32756283565119,0.817149147560506,0.991237601716542,0.943029149947453,0.904045938776657,0.999887196381578,0.758937823047737,0.993588626105459,0.963295601475685,0.989037605769107,0.99119756297759,0.996528888251098,0.954578131017561,0.884394198790692,0.997478906605894,0.947212818415383,0.966579497680105,0.994357167008356,0.954080617447691,0.97167863154391,0.963708419358755,0.969725533251749,0.996085761719513,0.966039267920963,0.976685634216179,0.978555314132977,0.942609001669104,0.851226660350583,0.963216250601429,0.854438021603024,0.927268756438434,0.927586517391255,0.981323321685051,0.992109962493338,0.990650040209574,0.907622327630644,0.74907758693913,0.932413904783055,0.99329343960086,0.964532859212253,0.998393770093597,0.919001732220981,0.985173568784816,0.923941018121247,0.886278059552644,0.993561520345233,0.946938876429472,0.87799925377272,0.954494057990303,0.870499773154198,0.830044752577471,0.968532164399237,0.912119180534333,0.945483376041767,0.973058766890347,0.981388180516773,0.880357036604249,0.993967185775731
"NKX28",0.729065346839458,0.968874253915234,0.959021771390746,0.999348367202855,0.998319527308872,0.995490210366539,0.942805108163855,0.902416228576168,0.976930707452956,0.980775633199882,0.863756033144992,0.975235355625904,0.966673966954228,0.989305123709551,0.855421604881279,0.940439131737622,0.884210394262451,0.998639242440547,0.986752283231202,0.984799722921205,0.975482995507963,0.884075090573165,0.960662535624259,0.980786152383397,0.836191600437098,0.990493080399305,0.98801073195468,0.994705485043894,0.998368858530976,0.808354188485136,0.772702740950634,0.997096176803397,0.980562724064892,0.942629294217034,0.95516430676492,0.991237601716542,0.604372510918692,0.865600233159813,0.999887196381578,0.995800416577107,0.993588626105459,0.947296954092724,0.969296896879889,0.99119756297759,0.777704431024139,0.972038383557356,0.983900957848265,0.997478906605894,0.984255587624475,0.940521476455706,0.965804590634771,0.954080617447691,0.995081391685826,0.941251789017937,0.957654796464089,0.996085761719513,0.806462524166835,0.976685634216179,0.895769915907818,0.938143696662328,0.960247030684646,0.963216250601429,0.632833905376847,0.847850658021187,0.992429189749328,0.952496907739926,0.992109962493338,0.990650040209574,0.9025775988184,0.961214170728836,0.990074596930791,0.986806893068096,0.964532859212253,0.996030975256255,0.949834151631593,0.985173568784816,0.923941018121247,0.996520561010078,0.993561520345233,0.950548451693481,0.903223664312184,0.954494057990303,0.950644212013689,0.666474844268908,0.935785463534243,0.912119180534333,0.945483376041767,0.901425209958275,0.981388180516773,0.968339028414112,0.993967185775731
"NKX31",0.981331964184958,0.979551520883083,0.971526457725809,0.983774077572445,0.998319527308872,0.933439517082926,0.853226735294977,0.987308621569904,0.976930707452956,0.954512956367804,0.983985913711431,0.972276841464726,0.950965392777313,0.683786376274176,0.975981680838733,0.96215104919054,0.998668503022334,0.998639242440547,0.948927440738968,0.998421485275758,0.975482995507963,0.931033080535841,0.973559804881182,0.883979953604186,0.907751143067425,0.956359620732734,0.906566053743698,0.959808915301429,0.945835021389558,0.936721596536018,0.772702740950634,0.560995277990951,0.980562724064892,0.942629294217034,0.523869900732358,0.991237601716542,0.968988258545989,0.99542599259708,0.999887196381578,0.906251903861299,0.993588626105459,0.697327720739358,0.930997201865433,0.99119756297759,0.781532282085539,0.949062912132171,0.927277775744472,0.997478906605894,0.778858297997223,0.900962762581555,0.931260756269552,0.954080617447691,0.934307896829416,0.934119311641609,0.991358604564773,0.996085761719513,0.884451582912626,0.988027463080552,0.978555314132977,0.938143696662328,0.851226660350583,0.893319964003525,0.846853026075025,0.967954803717563,0.934718755752087,0.971905595915366,0.992109962493338,0.734801215660642,0.41179768051241,0.886581238913373,0.94402267472142,0.988254872945671,0.964532859212253,0.989909849484362,0.949834151631593,0.909254051793202,0.923941018121247,0.930472217446233,0.886331307745237,0.946938876429472,0.955439947337942,0.954494057990303,0.950644212013689,0.858179994434758,0.935785463534243,0.9795996122326,0.945483376041767,0.954227852485463,0.971251292388804,0.874120541377799,0.993967185775731
"NKX32",0.762120669459485,0.970258259923038,0.975365362911486,0.983774077572445,0.998319527308872,0.933439517082926,0.368831764007133,0.902416228576168,0.976930707452956,0.954512956367804,0.938914919831167,0.945586382667035,0.980506435770751,0.937052407878875,0.934838969707957,0.970550758762389,0.997272812818238,0.998639242440547,0.96996321251556,0.991408966863247,0.975482995507963,0.992646408147786,0.973559804881182,0.980786152383397,0.836191600437098,0.990493080399305,0.981895726737833,0.959808915301429,0.928887395826281,0.808354188485136,0.772702740950634,0.997096176803397,0.980562724064892,0.994066282272469,0.869873999170536,0.991237601716542,0.935962820726468,0.998127576533532,0.999887196381578,0.946635769445822,0.993588626105459,0.993855656144344,0.938682474591716,0.99119756297759,0.817763922380347,0.885201546869686,0.983900957848265,0.997478906605894,0.95592819418516,0.966579497680105,0.931260756269552,0.98708911041045,0.97167863154391,0.970894827344724,0.671678894492197,0.996085761719513,0.806462524166835,0.976685634216179,0.868318296304331,0.996506880785824,0.851226660350583,0.884195674394059,0.904857321678533,0.847850658021187,0.945836644306249,0.952077270773308,0.992109962493338,0.554643826706007,0.302714061036095,0.74907758693913,0.94402267472142,0.986806893068096,0.964532859212253,0.94148353720525,0.983619908764593,0.990704672861759,0.923941018121247,0.996520561010078,0.953023358147415,0.910221685899967,0.905306666914241,0.954494057990303,0.950644212013689,0.666474844268908,0.840153218859902,0.912119180534333,0.945483376041767,0.995399118195295,0.981388180516773,0.874120541377799,0.688363062554859
"NKX61",0.762120669459485,0.968874253915234,0.971526457725809,0.915989013136221,0.998319527308872,0.933439517082926,0.955623782321246,0.660945520367711,0.976930707452956,0.954512956367804,0.964401247496312,0.972276841464726,0.980506435770751,0.907043073162676,0.942389297290246,0.980050534388973,0.805573307891966,0.998639242440547,0.948927440738968,0.998421485275758,0.975482995507963,0.884075090573165,0.985881031261591,0.980786152383397,0.96299621629117,0.990493080399305,0.990520067982925,0.959808915301429,0.950812377932423,0.969592737093255,0.992652476143648,0.838485487071082,0.980562724064892,0.958246351490468,0.956757475206165,0.991237601716542,0.943029149947453,0.93009025639254,0.999887196381578,0.758937823047737,0.748478716269524,0.963295601475685,0.969296896879889,0.99119756297759,0.996528888251098,0.885201546869686,0.811581356649934,0.997478906605894,0.847811893464945,0.981060716207347,0.931260756269552,0.65460565187159,0.995081391685826,0.812513839912733,0.957654796464089,0.996085761719513,0.834749539705284,0.988027463080552,0.978555314132977,0.75270152827408,0.851226660350583,0.963216250601429,0.895226956021224,0.954739784191995,0.947025445632405,0.952077270773308,0.992109962493338,0.554643826706007,0.9025775988184,0.951672698870617,0.932413904783055,0.99329343960086,0.964532859212253,0.989909849484362,0.949834151631593,0.985173568784816,0.923941018121247,0.930472217446233,0.995600786082253,0.9532138143531,0.87799925377272,0.993970179336778,0.950644212013689,0.973207579465988,0.935785463534243,0.912119180534333,0.945483376041767,0.970952655938109,0.981388180516773,0.874120541377799,0.914715753127811
"NOBOX",0.729065346839458,0.986503692918196,0.489719617752711,0.983774077572445,0.998319527308872,0.951075367689261,0.916118752971398,0.979122930710761,0.976930707452956,0.954512956367804,0.784810657449294,0.975235355625904,0.756468486436773,0.934643703415075,0.968999317483491,0.965947230666248,0.997272812818238,0.998639242440547,0.998713094937798,0.998421485275758,0.992343415762592,0.884075090573165,0.997783194001173,0.980786152383397,0.836191600437098,0.990493080399305,0.980834615795287,0.959808915301429,0.850413235997859,0.969592737093255,0.756971417132723,0.997096176803397,0.980562724064892,0.942629294217034,0.888178304564739,0.991237601716542,0.624837198273765,0.940680131873552,0.999887196381578,0.979758353724192,0.993588626105459,0.964382358759376,0.993367280437115,0.99119756297759,0.738722399407568,0.988176358628049,0.923486120417147,0.997478906605894,0.928745525774239,0.951923563100258,0.941557417121562,0.954080617447691,0.995081391685826,0.970894827344724,0.750687994214182,0.996085761719513,0.998683793282545,0.976685634216179,0.990762487512851,0.996506880785824,0.592313208128571,0.963216250601429,0.895226956021224,0.906035011000485,0.934718755752087,0.962598605266822,0.992109962493338,0.596562232371554,0.944731418421284,0.951672698870617,0.94402267472142,0.986806893068096,0.964532859212253,0.928506892195057,0.953904974423213,0.985173568784816,0.923941018121247,0.947167140020576,0.931545483290691,0.910221685899967,0.87799925377272,0.954494057990303,0.845703132133043,0.858179994434758,0.941982199160713,0.585432689922332,0.974610638522469,0.930468263337677,0.971251292388804,0.968339028414112,0.993967185775731
"NR1D1",0.729065346839458,0.968874253915234,0.959021771390746,0.983774077572445,0.998319527308872,0.933439517082926,0.810744104214257,0.998292367356908,0.976930707452956,0.990812737192087,0.99242724917693,0.579606401093602,0.871856696032602,0.937052407878875,0.975981680838733,0.940439131737622,0.775503496081845,0.998639242440547,0.999101832770982,0.998421485275758,0.975482995507963,0.884075090573165,0.985881031261591,0.883979953604186,0.992250844993649,0.990493080399305,0.906566053743698,0.959808915301429,0.928887395826281,0.985085776597969,0.772902497140839,0.917864017200976,0.980562724064892,0.958246351490468,0.937021382021245,0.991237601716542,0.968988258545989,0.99542599259708,0.999887196381578,0.958696583469084,0.993588626105459,0.963295601475685,0.931296066941613,0.99119756297759,0.88447801475694,0.839432915337967,0.983900957848265,0.997478906605894,0.279081501709826,0.903017259841818,0.931260756269552,0.758420544025449,0.995081391685826,0.834413693896078,0.674592231925545,0.996085761719513,0.834749539705284,0.983458871596561,0.990762487512851,0.50413570226731,0.851226660350583,0.935407672312325,0.846853026075025,0.968430211924096,0.934718755752087,0.952496907739926,0.992109962493338,0.990650040209574,0.907622327630644,0.951672698870617,0.731916956847748,0.986806893068096,0.964532859212253,0.94148353720525,0.953904974423213,0.985173568784816,0.931674871278248,0.996520561010078,0.953023358147415,0.875599343217204,0.87799925377272,0.954494057990303,0.870499773154198,0.973207579465988,0.941320063051418,0.585432689922332,0.793853424280342,0.930468263337677,0.981388180516773,0.954325875686045,0.993967185775731
"NR1H3",0.917184045183252,0.962742996806811,0.975365362911486,0.915989013136221,0.998319527308872,0.933439517082926,0.352863054129106,0.902416228576168,0.976930707452956,0.995687669087858,0.784810657449294,0.972276841464726,0.997127219120691,0.937052407878875,0.975981680838733,0.965947230666248,0.908252069601393,0.998639242440547,0.998713094937798,0.966938912987977,0.608742125307538,0.884075090573165,0.997783194001173,0.985712339935157,0.960811558696372,0.990493080399305,0.980834615795287,0.885845880133532,0.928887395826281,0.964287980851744,0.772702740950634,0.639361208395553,0.980562724064892,0.994066282272469,0.949003478119608,0.991237601716542,0.949237450024544,0.904045938776657,0.999887196381578,0.812373997858442,0.993588626105459,0.9535953201238,0.930997201865433,0.99119756297759,0.980866641048928,0.994095603899328,0.927277775744472,0.997478906605894,0.947212818415383,0.96436603230237,0.931260756269552,0.945582967028999,0.936377273220026,0.934119311641609,0.899021152357847,0.996085761719513,0.82833003455521,0.976685634216179,0.473127016397629,0.996506880785824,0.637975766386539,0.943583224818914,0.961833238464015,0.954739784191995,0.854025656123047,0.952496907739926,0.992109962493338,0.779374747941974,0.9025775988184,0.979938646229577,0.94402267472142,0.986806893068096,0.964532859212253,0.989909849484362,0.933388292252203,0.634804489397281,0.945013044261782,0.78416133089375,0.931545483290691,0.910221685899967,0.687723493674838,0.954494057990303,0.870499773154198,0.635748724316921,0.941320063051418,0.275663980870233,0.994913685511454,0.901425209958275,0.971251292388804,0.951843251607674,0.778758992638128
"NR1H4",0.762120669459485,0.996669959769871,0.959021771390746,0.951112408185512,0.998319527308872,0.933439517082926,0.916118752971398,0.998292367356908,0.997767893729878,0.987094733657715,0.964401247496312,0.998551065984818,0.756468486436773,0.93372211314438,0.959732207192937,0.940439131737622,0.998668503022334,0.998639242440547,0.948927440738968,0.892231314078346,0.975482995507963,0.992646408147786,0.681571838252761,0.980786152383397,0.836191600437098,0.990493080399305,0.987341380435126,0.994705485043894,0.928887395826281,0.969592737093255,0.788462681003768,0.906559204050146,0.980562724064892,0.99615493334242,0.894570629540887,0.991237601716542,0.788697339012748,0.958360031184101,0.999887196381578,0.812373997858442,0.993588626105459,0.963295601475685,0.930997201865433,0.99119756297759,0.542162486146348,0.94498242748169,0.850293074815783,0.997478906605894,0.947212818415383,0.951923563100258,0.994357167008356,0.956559056548814,0.968507015321155,0.834413693896078,0.955335477942671,0.996085761719513,0.998683793282545,0.976685634216179,0.868318296304331,0.50413570226731,0.973150494934168,0.884195674394059,0.97724390306608,0.968430211924096,0.927586517391255,0.952496907739926,0.992109962493338,0.975917363229893,0.562687198115845,0.74907758693913,0.94402267472142,0.989645442140378,0.964532859212253,0.886248022025853,0.984893196112051,0.985173568784816,0.994482350680991,0.996503742430662,0.951132606015325,0.933259503902988,0.935213679077026,0.993970179336778,0.950644212013689,0.973207579465988,0.941320063051418,0.927325233921989,0.945483376041767,0.930468263337677,0.971251292388804,0.993654354656766,0.993967185775731
"NR1I2",0.720643184314902,0.968874253915234,0.971526457725809,0.96789120097611,0.738241835037633,0.933439517082926,0.987204069944017,0.902416228576168,0.976930707452956,0.990812737192087,0.902646298813553,0.972276841464726,0.76729763584439,0.907043073162676,0.942389297290246,0.965947230666248,0.998668503022334,0.998639242440547,0.998713094937798,0.966938912987977,0.975482995507963,0.884075090573165,0.997783194001173,0.980786152383397,0.836191600437098,0.990493080399305,0.906566053743698,0.865284222942865,0.974516983700923,0.936721596536018,0.929866159429634,0.844585655020551,0.980562724064892,0.99615493334242,0.869873999170536,0.991237601716542,0.943029149947453,0.940680131873552,0.999887196381578,0.812373997858442,0.993588626105459,0.963295601475685,0.969296896879889,0.99119756297759,0.811044656073672,0.885201546869686,0.998040655695857,0.997478906605894,0.928745525774239,0.900962762581555,0.872055396180248,0.954080617447691,0.995081391685826,0.934119311641609,0.957654796464089,0.996085761719513,0.806462524166835,0.983458871596561,0.787671585457926,0.942609001669104,0.971571810751424,0.935407672312325,0.961833238464015,0.929731399552935,0.895693152501458,0.952496907739926,0.964766846350362,0.990650040209574,0.940606238967185,0.983916362490164,0.94402267472142,0.99329343960086,0.964532859212253,0.928506892195057,0.949834151631593,0.985173568784816,0.939632120182356,0.996503742430662,0.898262985096393,0.875599343217204,0.903223664312184,0.954494057990303,0.950644212013689,0.666474844268908,0.941320063051418,0.912119180534333,0.945483376041767,0.999763789658595,0.971251292388804,0.907338632009401,0.688363062554859
"NR1I3",0.981331964184958,0.986503692918196,0.973238807308357,0.983774077572445,0.998319527308872,0.954749889671411,0.916118752971398,0.902416228576168,0.976930707452956,0.990812737192087,0.938914919831167,0.998551065984818,0.980506435770751,0.934643703415075,0.942958473993412,0.96215104919054,0.885457464521756,0.998639242440547,0.999101832770982,0.998421485275758,0.975482995507963,0.96226779816822,0.973559804881182,0.99886213325648,0.907751143067425,0.990493080399305,0.906566053743698,0.959808915301429,0.998368858530976,0.936721596536018,0.756971417132723,0.903349053816404,0.980562724064892,0.942629294217034,0.956757475206165,0.991237601716542,0.998746593767264,0.921558538035746,0.999887196381578,0.946635769445822,0.993588626105459,0.963295601475685,0.843928208654408,0.99119756297759,0.811044656073672,0.954578131017561,0.927277775744472,0.997478906605894,0.95592819418516,0.921184236288952,0.931260756269552,0.98708911041045,0.995081391685826,0.970894827344724,0.991358604564773,0.996085761719513,0.998683793282545,0.976685634216179,0.868318296304331,0.914550534755389,0.65862484963555,0.943583224818914,0.918047232947937,0.954739784191995,0.895693152501458,0.952496907739926,0.992109962493338,0.990650040209574,0.9025775988184,0.849845062245802,0.932413904783055,0.988254872945671,0.964532859212253,0.989909849484362,0.981825957397777,0.895189339972544,0.931674871278248,0.996520561010078,0.931545483290691,0.910221685899967,0.935213679077026,0.954494057990303,0.996299790263499,0.816299573735685,0.935785463534243,0.904905589572621,0.945483376041767,0.970952655938109,0.971251292388804,0.880357036604249,0.993967185775731
"NR2C1",0.988262303342316,0.961065432207951,0.975365362911486,0.915989013136221,0.998319527308872,0.933439517082926,0.721228307194194,0.902416228576168,0.976930707452956,0.954512956367804,0.996891882588112,0.975235355625904,0.990374254631426,0.937052407878875,0.975981680838733,0.98874094138273,0.998668503022334,0.998639242440547,0.986752283231202,0.998421485275758,0.975482995507963,0.884802332712946,0.981838187256346,0.980786152383397,0.964879405054553,0.666540351877317,0.906566053743698,0.959808915301429,0.945835021389558,0.936721596536018,0.772702740950634,0.696842331476123,0.980562724064892,0.942629294217034,0.956757475206165,0.991237601716542,0.788697339012748,0.99542599259708,0.999887196381578,0.906180851759215,0.993588626105459,0.963295601475685,0.969780524819695,0.688331872550651,0.996528888251098,0.964631497808036,0.884394198790692,0.997478906605894,0.95592819418516,0.96436603230237,0.931260756269552,0.88712747389171,0.934307896829416,0.960320336041811,0.988132227297289,0.996085761719513,0.806462524166835,0.983458871596561,0.978555314132977,0.938143696662328,0.834698365559304,0.963216250601429,0.846853026075025,0.847850658021187,0.201386968366055,0.952077270773308,0.885582810564604,0.817841478270211,0.9025775988184,0.951672698870617,0.94402267472142,0.965683382068298,0.964532859212253,0.981642528071131,0.981825957397777,0.985173568784816,0.923941018121247,0.990665790042637,0.953023358147415,0.946938876429472,0.959858187226034,0.954494057990303,0.950644212013689,0.635748724316921,0.959546774264781,0.959842457684417,0.945483376041767,0.930468263337677,0.981388180516773,0.958896843275613,0.972483365649118
"NR2C2",0.994716814999872,0.962742996806811,0.975365362911486,0.951112408185512,0.998319527308872,0.951075367689261,0.916118752971398,0.902416228576168,0.976930707452956,0.987094733657715,0.980088060290621,0.972276841464726,0.982334157741316,0.937052407878875,0.975981680838733,0.966268724971274,0.998668503022334,0.998639242440547,0.998713094937798,0.998421485275758,0.975482995507963,0.884075090573165,0.997783194001173,0.980786152383397,0.96299621629117,0.666540351877317,0.906566053743698,0.959808915301429,0.990103476844994,0.969592737093255,0.756971417132723,0.639361208395553,0.980562724064892,0.942629294217034,0.956757475206165,0.991237601716542,0.935962820726468,0.869681779976815,0.999887196381578,0.879583417739649,0.993588626105459,0.963295601475685,0.843928208654408,0.99119756297759,0.930051131102215,0.930926102071836,0.884394198790692,0.997478906605894,0.928745525774239,0.951923563100258,0.965804590634771,0.871990272185192,0.995081391685826,0.960320336041811,0.718973627558631,0.996085761719513,0.998683793282545,0.988027463080552,0.868318296304331,0.914550534755389,0.794292333156533,0.954887585474691,0.895226956021224,0.847850658021187,0.895693152501458,0.952496907739926,0.992109962493338,0.990650040209574,0.960590432695525,0.951672698870617,0.964558495319385,0.986806893068096,0.964532859212253,0.989909849484362,0.949834151631593,0.358965928305989,0.931674871278248,0.990665790042637,0.895841737460695,0.910221685899967,0.955439947337942,0.954494057990303,0.853828905121167,0.816299573735685,0.935785463534243,0.960273486465977,0.793853424280342,0.973058766890347,0.981388180516773,0.968339028414112,0.982764790152111
"NR2E3",0.981331964184958,0.968874253915234,0.880628559271367,0.915989013136221,0.998319527308872,0.70571746385722,0.910919872314212,0.987308621569904,0.976930707452956,0.954512956367804,0.964401247496312,0.975235355625904,0.835808194137671,0.937052407878875,0.975981680838733,0.940439131737622,0.998668503022334,0.998639242440547,0.747756641066621,0.892231314078346,0.975482995507963,0.939582843178499,0.985881031261591,0.980786152383397,0.960811558696372,0.666540351877317,0.980834615795287,0.959808915301429,0.928887395826281,0.969592737093255,0.95179481040225,0.997096176803397,0.980562724064892,0.942629294217034,0.912418544958928,0.991237601716542,0.96820829935326,0.904045938776657,0.999887196381578,0.879583417739649,0.993588626105459,0.735878437803715,0.969780524819695,0.99119756297759,0.811044656073672,0.970567990704212,0.998040655695857,0.997478906605894,0.918022945345554,0.900962762581555,0.931260756269552,0.945582967028999,0.984130568887436,0.963708419358755,0.955335477942671,0.996085761719513,0.954499334942951,0.976685634216179,0.868318296304331,0.938143696662328,0.592313208128571,0.884195674394059,0.111524111265001,0.954739784191995,0.934718755752087,0.952496907739926,0.914161964448818,0.990650040209574,0.826118119207367,0.951672698870617,0.731916956847748,0.986806893068096,0.964532859212253,0.989909849484362,0.953904974423213,0.985173568784816,0.51238746708504,0.813960203722315,0.965497453598366,0.945105210972307,0.909797880808715,0.954494057990303,0.950644212013689,0.816299573735685,0.935785463534243,0.912119180534333,0.947571368460933,0.954227852485463,0.971251292388804,0.899654888132649,0.914715753127811
"NR4A1",0.99757958929101,0.968874253915234,0.880628559271367,0.983774077572445,0.998319527308872,0.933556368505438,0.916118752971398,0.990047692600524,0.976930707452956,0.990812737192087,0.946333579247946,0.998551065984818,0.756468486436773,0.937052407878875,0.934838969707957,0.940439131737622,0.997272812818238,0.998639242440547,0.986752283231202,0.356939996313265,0.608742125307538,0.992646408147786,0.973559804881182,0.980786152383397,0.907751143067425,0.956359620732734,0.906566053743698,0.959808915301429,0.850413235997859,0.808354188485136,0.858373504951771,0.560995277990951,0.980562724064892,0.986873650572747,0.949003478119608,0.991237601716542,0.968988258545989,0.99542599259708,0.999887196381578,0.812792867966624,0.993588626105459,0.938332668296185,0.969780524819695,0.99119756297759,0.811044656073672,0.949062912132171,0.983900957848265,0.997478906605894,0.977714899329289,0.900962762581555,0.881060417792044,0.98708911041045,0.968507015321155,0.934119311641609,0.991358604564773,0.996085761719513,0.998683793282545,0.983458871596561,0.978555314132977,0.973653492830542,0.889271199585738,0.943583224818914,0.961833238464015,0.954739784191995,0.934718755752087,0.952077270773308,0.992109962493338,0.990650040209574,0.907622327630644,0.951672698870617,0.989819211760037,0.986806893068096,0.964532859212253,0.989909849484362,0.981825957397777,0.985173568784816,0.939632120182356,0.996520561010078,0.950612349985752,0.875599343217204,0.935213679077026,0.944502334317525,0.919014291712795,0.973207579465988,0.840153218859902,0.904905589572621,0.945483376041767,0.995399118195295,0.825164912129565,0.708631002848184,0.993967185775731
"NR4A2",0.981331964184958,0.968874253915234,0.975365362911486,0.915989013136221,0.998319527308872,0.933439517082926,0.954306594236724,0.968231938663626,0.976930707452956,0.954512956367804,0.983985913711431,0.5512840415257,0.980506435770751,0.930540148795479,0.935646614506007,0.940439131737622,0.997272812818238,0.998639242440547,0.990301656281988,0.892231314078346,0.457158764769924,0.931033080535841,0.973559804881182,0.883979953604186,0.950026493483702,0.990493080399305,0.980834615795287,0.959808915301429,0.998368858530976,0.808354188485136,0.992652476143648,0.838485487071082,0.980562724064892,0.99615493334242,0.956757475206165,0.991237601716542,0.968988258545989,0.940680131873552,0.999887196381578,0.758937823047737,0.993588626105459,0.963295601475685,0.930997201865433,0.99119756297759,0.996528888251098,0.885201546869686,0.850046700469993,0.997478906605894,0.947212818415383,0.96436603230237,0.881060417792044,0.98708911041045,0.960077022768501,0.970894827344724,0.957654796464089,0.996085761719513,0.837110967916374,0.983458871596561,0.978555314132977,0.996506880785824,0.851226660350583,0.943583224818914,0.961833238464015,0.929731399552935,0.934718755752087,0.964340722684762,0.973059699885253,0.992672033567992,0.973563037192072,0.74907758693913,0.94402267472142,0.986806893068096,0.964532859212253,0.928506892195057,0.949834151631593,0.985173568784816,0.51238746708504,0.813960203722315,0.965497453598366,0.933259503902988,0.87799925377272,0.954494057990303,0.519295539818913,0.666474844268908,0.935785463534243,0.912119180534333,0.945483376041767,0.970952655938109,0.981388180516773,0.874120541377799,0.993967185775731
"NR5A2",0.644160310102056,0.961065432207951,0.971526457725809,0.951112408185512,0.998319527308872,0.954749889671411,0.847938648137326,0.987308621569904,0.976930707452956,0.954512956367804,0.839058079730742,0.998551065984818,0.980506435770751,0.937052407878875,0.811298803654731,0.940439131737622,0.997272812818238,0.998639242440547,0.986752283231202,0.966938912987977,0.975482995507963,0.931033080535841,0.985881031261591,0.883979953604186,0.960811558696372,0.990493080399305,0.906566053743698,0.994705485043894,0.958266784881081,0.969592737093255,0.992652476143648,0.903349053816404,0.980562724064892,0.729373813831876,0.869873999170536,0.991237601716542,0.96820829935326,0.94315767336683,0.999887196381578,0.812792867966624,0.993588626105459,0.993855656144344,0.969780524819695,0.99119756297759,0.996528888251098,0.949062912132171,0.811581356649934,0.997478906605894,0.918022945345554,0.900962762581555,0.931260756269552,0.998663680293914,0.995081391685826,0.834413693896078,0.955335477942671,0.996085761719513,0.998683793282545,0.976685634216179,0.978555314132977,0.996506880785824,0.89285991844299,0.963216250601429,0.632833905376847,0.954739784191995,0.898678410216416,0.952496907739926,0.992109962493338,0.554643826706007,0.951756251321793,0.951672698870617,0.94402267472142,0.986806893068096,0.964532859212253,0.990605355433856,0.518169816444635,0.985173568784816,0.834856346315623,0.893525398131156,0.993561520345233,0.910221685899967,0.903223664312184,0.954494057990303,0.990048225636844,0.973207579465988,0.840153218859902,0.954023069447702,0.945483376041767,0.930468263337677,0.971251292388804,0.968339028414112,0.993967185775731
"NR6A1",0.917184045183252,0.968874253915234,0.975365362911486,0.983774077572445,0.998319527308872,0.933439517082926,0.916118752971398,0.982657996212837,0.976930707452956,0.954512956367804,0.874402376643722,0.5512840415257,0.980506435770751,0.934643703415075,0.934838969707957,0.830107309143372,0.775503496081845,0.998639242440547,0.999101832770982,0.966938912987977,0.975482995507963,0.884075090573165,0.981838187256346,0.980786152383397,0.907751143067425,0.81781830353431,0.906566053743698,0.959808915301429,0.958048219798031,0.964287980851744,0.772702740950634,0.935156673287513,0.980562724064892,0.994066282272469,0.956757475206165,0.991237601716542,0.968988258545989,0.99542599259708,0.999887196381578,0.879583417739649,0.993588626105459,0.963295601475685,0.930997201865433,0.99119756297759,0.777704431024139,0.949062912132171,0.811581356649934,0.997478906605894,0.928745525774239,0.940521476455706,0.931260756269552,0.205572595646057,0.960077022768501,0.914671572213112,0.674592231925545,0.996085761719513,0.837110967916374,0.983458871596561,0.978828738837673,0.996428597172252,0.941777984419025,0.963216250601429,0.980136065287699,0.847850658021187,0.934718755752087,0.952077270773308,0.992109962493338,0.734801215660642,0.907622327630644,0.904856422218149,0.731916956847748,0.986806893068096,0.964532859212253,0.989909849484362,0.933388292252203,0.985173568784816,0.923941018121247,0.996520561010078,0.953023358147415,0.946938876429472,0.87799925377272,0.954494057990303,0.870499773154198,0.998437848910136,0.935785463534243,0.697480991114831,0.945483376041767,0.973058766890347,0.971251292388804,0.874120541377799,0.993967185775731
"NRF1",0.994716814999872,0.999195719312349,0.985919888765208,0.983774077572445,0.998319527308872,0.933439517082926,0.840466688959446,0.998292367356908,0.976930707452956,0.990812737192087,0.964401247496312,0.972276841464726,0.997127219120691,0.937052407878875,0.975981680838733,0.970550758762389,0.997272812818238,0.998639242440547,0.990301656281988,0.998421485275758,0.975482995507963,0.89041791414215,0.997783194001173,0.980786152383397,0.992250844993649,0.956359620732734,0.906566053743698,0.959808915301429,0.979950663710674,0.964287980851744,0.897373080602053,0.928832029380294,0.980562724064892,0.958246351490468,0.956757475206165,0.991237601716542,0.943029149947453,0.983265640590897,0.999887196381578,0.946635769445822,0.993588626105459,0.963295601475685,0.989037605769107,0.99119756297759,0.996528888251098,0.987177023041225,0.983900957848265,0.997478906605894,0.947212818415383,0.951923563100258,0.941557417121562,0.985204644797683,0.955691350893422,0.970894827344724,0.960200038499924,0.996085761719513,0.998683793282545,0.988027463080552,0.978555314132977,0.938143696662328,0.960247030684646,0.943583224818914,0.961833238464015,0.847850658021187,0.934718755752087,0.952077270773308,0.992109962493338,0.990650040209574,0.9025775988184,0.948071868339027,0.94402267472142,0.986806893068096,0.964532859212253,0.981642528071131,0.981825957397777,0.985173568784816,0.945013044261782,0.996520561010078,0.993561520345233,0.995556396090703,0.87799925377272,0.967092451436153,0.950644212013689,0.973207579465988,0.935785463534243,0.912119180534333,0.945483376041767,0.930468263337677,0.971251292388804,0.968339028414112,0.993967185775731
"OLIG2",0.888514497470443,0.968874253915234,0.985919888765208,0.983774077572445,0.998319527308872,0.954749889671411,0.852042486877388,0.902416228576168,0.976930707452956,0.96971992584554,0.996891882588112,0.975235355625904,0.76729763584439,0.937052407878875,0.942958473993412,0.970550758762389,0.775503496081845,0.759098059538343,0.999101832770982,0.966938912987977,0.975482995507963,0.992646408147786,0.973559804881182,0.980786152383397,0.964879405054553,0.956359620732734,0.906566053743698,0.959808915301429,0.990103476844994,0.808354188485136,0.992652476143648,0.997096176803397,0.980562724064892,0.942629294217034,0.956757475206165,0.991237601716542,0.624837198273765,0.93009025639254,0.999887196381578,0.758937823047737,0.993588626105459,0.963295601475685,0.969296896879889,0.99119756297759,0.980866641048928,0.949062912132171,0.811581356649934,0.997478906605894,0.928745525774239,0.951923563100258,0.881060417792044,0.98708911041045,0.936377273220026,0.970894827344724,0.955335477942671,0.996085761719513,0.999741324954937,0.976685634216179,0.990762487512851,0.996428597172252,0.815119197561317,0.954887585474691,0.980136065287699,0.954739784191995,0.927586517391255,0.952496907739926,0.992109962493338,0.990650040209574,0.9025775988184,0.951672698870617,0.989819211760037,0.986806893068096,0.964532859212253,0.989909849484362,0.983619908764593,0.985173568784816,0.664136892040088,0.859499205060375,0.993561520345233,0.933259503902988,0.935126867680775,0.954494057990303,0.880155497374221,0.752865189997538,0.935785463534243,0.912119180534333,0.945483376041767,0.994190609828326,0.971251292388804,0.968339028414112,0.993967185775731
"OSR2",0.762120669459485,0.986503692918196,0.959021771390746,0.983774077572445,0.998319527308872,0.979402282181203,0.916118752971398,0.987308621569904,0.976930707452956,0.995687669087858,0.784810657449294,0.972276841464726,0.980506435770751,0.683786376274176,0.97173177790309,0.96215104919054,0.998668503022334,0.998639242440547,0.999101832770982,0.998421485275758,0.975482995507963,0.992646408147786,0.985881031261591,0.980786152383397,0.992250844993649,0.666540351877317,0.981895726737833,0.959808915301429,0.990103476844994,0.808354188485136,0.756971417132723,0.560995277990951,0.980562724064892,0.986873650572747,0.924325751136324,0.991237601716542,0.96820829935326,0.956659263865522,0.999887196381578,0.948048598487354,0.993588626105459,0.993855656144344,0.930997201865433,0.99119756297759,0.817763922380347,0.949062912132171,0.811581356649934,0.997478906605894,0.984255587624475,0.951923563100258,0.931260756269552,0.758420544025449,0.995081391685826,0.834413693896078,0.991358604564773,0.996085761719513,0.998683793282545,0.976685634216179,0.978555314132977,0.973653492830542,0.954865606625044,0.950474526408072,0.895226956021224,0.954739784191995,0.927586517391255,0.952077270773308,0.992109962493338,0.990650040209574,0.503109024968789,0.951672698870617,0.958996553046271,0.879191598416081,0.964532859212253,0.989909849484362,0.949834151631593,0.909254051793202,0.923941018121247,0.996520561010078,0.995600786082253,0.933259503902988,0.87799925377272,0.954494057990303,0.950644212013689,0.816299573735685,0.840153218859902,0.912119180534333,0.945483376041767,0.901425209958275,0.981388180516773,0.880357036604249,0.993967185775731
"OTX2",0.729065346839458,0.968874253915234,0.959021771390746,0.983774077572445,0.998319527308872,0.999892596519578,0.86441045969593,0.902416228576168,0.98703274958181,0.987094733657715,0.964401247496312,0.972276841464726,0.980506435770751,0.937052407878875,0.975981680838733,0.940439131737622,0.775503496081845,0.998639242440547,0.96996321251556,0.966938912987977,0.975482995507963,0.96768493304421,0.985881031261591,0.883979953604186,0.950026493483702,0.956359620732734,0.906566053743698,0.803764406248369,0.945835021389558,0.936721596536018,0.577723106106328,0.838485487071082,0.980562724064892,0.942629294217034,0.956757475206165,0.991237601716542,0.998746593767264,0.904045938776657,0.999887196381578,0.912183223663501,0.993588626105459,0.963295601475685,0.993367280437115,0.99119756297759,0.817763922380347,0.949062912132171,0.983900957848265,0.997478906605894,0.947212818415383,0.971827423573346,0.931260756269552,0.811464423730902,0.936377273220026,0.934119311641609,0.991358604564773,0.996085761719513,0.998683793282545,0.976685634216179,0.857376287771275,0.75270152827408,0.642699907590328,0.956394373428211,0.961833238464015,0.967954803717563,0.927586517391255,0.959331443641097,0.992109962493338,0.849568116184266,0.905215218295615,0.427457196157014,0.94402267472142,0.986806893068096,0.964532859212253,0.981642528071131,0.982368685188292,0.985173568784816,0.923941018121247,0.996520561010078,0.886331307745237,0.945907029707586,0.92626691182654,0.954494057990303,0.990048225636844,0.752865189997538,0.840153218859902,0.912119180534333,0.945483376041767,0.973058766890347,0.971251292388804,0.874120541377799,0.993967185775731
"OVOL1",0.729065346839458,0.961065432207951,0.994874808914894,0.983774077572445,0.998319527308872,0.933439517082926,0.916118752971398,0.902416228576168,0.976930707452956,0.954512956367804,0.964401247496312,0.998551065984818,0.980506435770751,0.937052407878875,0.942958473993412,0.940439131737622,0.998668503022334,0.998639242440547,0.948927440738968,0.966938912987977,0.975482995507963,0.90535994333782,0.713061418022409,0.980786152383397,0.998158268590712,0.956359620732734,0.906566053743698,0.959808915301429,0.950812377932423,0.964287980851744,0.992652476143648,0.997096176803397,0.980562724064892,0.994066282272469,0.937021382021245,0.991237601716542,0.949237450024544,0.940680131873552,0.999887196381578,0.812373997858442,0.993588626105459,0.938332668296185,0.969780524819695,0.99119756297759,0.738722399407568,0.97793223012856,0.99582258355195,0.997478906605894,0.847811893464945,0.951923563100258,0.931260756269552,0.945582967028999,0.968507015321155,0.970894827344724,0.991358604564773,0.996085761719513,0.806462524166835,0.976685634216179,0.978555314132977,0.996428597172252,0.592313208128571,0.884195674394059,0.846853026075025,0.954739784191995,0.927586517391255,0.952496907739926,0.992109962493338,0.622825042241891,0.973563037192072,0.967865757863813,0.93557953139589,0.989645442140378,0.964532859212253,0.989909849484362,0.933388292252203,0.985173568784816,0.939632120182356,0.78416133089375,0.696056620692179,0.933259503902988,0.87799925377272,0.954494057990303,0.870499773154198,0.853538493292037,0.982706712880728,0.912119180534333,0.945483376041767,0.555466781889952,0.971251292388804,0.874120541377799,0.982764790152111
"OZF",0.917184045183252,0.961065432207951,0.975365362911486,0.951112408185512,0.998319527308872,0.58659935480661,0.840466688959446,0.998292367356908,0.976930707452956,0.990812737192087,0.784810657449294,0.972276841464726,0.980506435770751,0.937052407878875,0.975981680838733,0.58634289925562,0.997272812818238,0.998639242440547,0.998713094937798,0.977337366614943,0.589748198488981,0.884075090573165,0.985881031261591,0.980786152383397,0.950026493483702,0.990493080399305,0.906566053743698,0.959808915301429,0.998368858530976,0.934585336899252,0.375718667261245,0.560995277990951,0.980562724064892,0.994066282272469,0.956757475206165,0.991237601716542,0.978758431520317,0.904045938776657,0.999887196381578,0.906180851759215,0.993588626105459,0.938332668296185,0.930997201865433,0.99119756297759,0.879510031944359,0.970567990704212,0.811581356649934,0.997478906605894,0.947212818415383,0.966579497680105,0.931260756269552,0.98708911041045,0.936377273220026,0.970894827344724,0.991358604564773,0.996085761719513,0.834749539705284,0.976685634216179,0.978555314132977,0.603528722938117,0.960247030684646,0.963216250601429,0.895226956021224,0.968430211924096,0.934718755752087,0.952496907739926,0.992109962493338,0.849568116184266,0.973563037192072,0.951672698870617,0.94402267472142,0.909834643957749,0.964532859212253,0.989909849484362,0.981825957397777,0.985173568784816,0.923941018121247,0.813960203722315,0.886331307745237,0.945105210972307,0.959858187226034,0.954494057990303,0.845703132133043,0.956087797770036,0.825313888659804,0.912119180534333,0.71297121388396,0.973058766890347,0.885750154794123,0.954325875686045,0.993967185775731
"P53",0.762120669459485,0.968874253915234,0.971526457725809,0.983774077572445,0.998319527308872,0.933439517082926,0.987204069944017,0.968231938663626,0.976930707452956,0.954512956367804,0.964401247496312,0.997198736398498,0.980506435770751,0.907043073162676,0.934838969707957,0.991817054789786,0.775503496081845,0.998639242440547,0.986752283231202,0.998421485275758,0.975482995507963,0.96768493304421,0.997783194001173,0.980786152383397,0.992250844993649,0.990493080399305,0.980834615795287,0.959808915301429,0.990103476844994,0.808354188485136,0.946192051525054,0.949164167323516,0.980562724064892,0.942629294217034,0.932641740594952,0.991237601716542,0.96820829935326,0.904045938776657,0.999887196381578,0.995800416577107,0.993588626105459,0.735878437803715,0.969296896879889,0.99119756297759,0.683602366037871,0.885201546869686,0.927277775744472,0.997478906605894,0.984255587624475,0.923752674665238,0.985275996677766,0.985204644797683,0.934307896829416,0.960320336041811,0.982221080053203,0.996085761719513,0.879355766616205,0.976685634216179,0.978555314132977,0.996428597172252,0.851226660350583,0.893319964003525,0.918942491592456,0.954739784191995,0.854025656123047,0.952496907739926,0.992109962493338,0.990650040209574,0.92487678925373,0.979938646229577,0.94402267472142,0.986806893068096,0.990143410678442,0.981642528071131,0.949834151631593,0.985173568784816,0.942018462474705,0.859499205060375,0.696056620692179,0.875599343217204,0.87799925377272,0.993970179336778,0.950644212013689,0.973207579465988,0.935785463534243,0.913474097726624,0.945483376041767,0.930468263337677,0.961631718091298,0.965401044780934,0.993967185775731
"P63",0.99757958929101,0.968874253915234,0.971526457725809,0.983774077572445,0.998319527308872,0.933439517082926,0.987204069944017,0.902416228576168,0.976930707452956,0.954512956367804,0.493227276449102,0.975235355625904,0.871856696032602,0.934643703415075,0.811298803654731,0.990287875945372,0.937109986705951,0.998639242440547,0.986752283231202,0.966938912987977,0.975482995507963,0.884075090573165,0.973559804881182,0.980786152383397,0.836191600437098,0.990493080399305,0.906566053743698,0.959808915301429,0.945835021389558,0.884433284414482,0.992652476143648,0.997096176803397,0.987086932384167,0.994066282272469,0.956757475206165,0.991237601716542,0.968988258545989,0.904045938776657,0.999887196381578,0.812373997858442,0.993588626105459,0.916486375048868,0.969780524819695,0.99119756297759,0.835393173865048,0.885201546869686,0.983900957848265,0.997478906605894,0.947212818415383,0.900962762581555,0.994357167008356,0.511892681123024,0.936377273220026,0.970894827344724,0.991358604564773,0.996085761719513,0.998683793282545,0.976685634216179,0.990762487512851,0.954653914809332,0.851226660350583,0.954887585474691,0.961833238464015,0.972654802187784,0.934718755752087,0.952496907739926,0.992109962493338,0.990650040209574,0.9025775988184,0.979938646229577,0.94402267472142,0.986806893068096,0.964532859212253,0.928506892195057,0.953904974423213,0.634804489397281,0.983077827666737,0.996520561010078,0.931545483290691,0.875599343217204,0.87799925377272,0.954494057990303,0.919052334754677,0.973207579465988,0.941320063051418,0.912119180534333,0.945483376041767,0.901425209958275,0.971251292388804,0.95802478183232,0.995522569814556
"P73",0.99757958929101,0.968874253915234,0.971526457725809,0.98452104235146,0.998319527308872,0.933439517082926,0.916118752971398,0.998292367356908,0.976930707452956,0.954512956367804,0.784810657449294,0.998551065984818,0.835808194137671,0.937052407878875,0.96127931742199,0.970550758762389,0.998668503022334,0.998639242440547,0.998818373015888,0.998421485275758,0.975482995507963,0.885095364671604,0.973559804881182,0.980786152383397,0.836191600437098,0.990493080399305,0.981895726737833,0.803764406248369,0.928887395826281,0.808354188485136,0.992652476143648,0.560995277990951,0.980562724064892,0.942629294217034,0.941457567423335,0.991237601716542,0.949237450024544,0.940680131873552,0.999887196381578,0.758937823047737,0.993588626105459,0.735878437803715,0.969780524819695,0.99119756297759,0.811044656073672,0.839432915337967,0.927277775744472,0.997478906605894,0.999040364571754,0.921184236288952,0.994357167008356,0.758420544025449,0.936377273220026,0.970894827344724,0.991358604564773,0.996085761719513,0.814118446347268,0.976685634216179,0.978555314132977,0.938143696662328,0.592313208128571,0.961722145511491,0.977601272730375,0.929731399552935,0.898678410216416,0.952077270773308,0.992109962493338,0.990650040209574,0.9025775988184,0.951672698870617,0.94402267472142,0.986806893068096,0.964532859212253,0.989909849484362,0.949834151631593,0.834397904545146,0.923941018121247,0.78416133089375,0.953023358147415,0.875599343217204,0.905306666914241,0.954494057990303,0.89217515129195,0.816299573735685,0.935785463534243,0.995112497096044,0.945483376041767,0.930468263337677,0.981388180516773,0.880357036604249,0.993967185775731
"PAX5",0.917184045183252,0.968874253915234,0.975365362911486,0.983774077572445,0.998319527308872,0.933439517082926,0.840466688959446,0.902416228576168,0.976930707452956,0.954512956367804,0.863756033144992,0.975235355625904,0.980506435770751,0.937052407878875,0.811298803654731,0.980050534388973,0.997272812818238,0.998639242440547,0.998713094937798,0.998421485275758,0.975482995507963,0.931033080535841,0.985881031261591,0.883979953604186,0.992250844993649,0.990493080399305,0.954780002441992,0.959808915301429,0.979950663710674,0.964287980851744,0.756971417132723,0.997096176803397,0.980562724064892,0.942629294217034,0.977181637406844,0.991237601716542,0.943029149947453,0.956659263865522,0.999887196381578,0.979758353724192,0.993588626105459,0.873751368704164,0.969780524819695,0.99119756297759,0.811044656073672,0.949062912132171,0.983900957848265,0.997478906605894,0.928745525774239,0.966579497680105,0.881060417792044,0.686354291395804,0.936377273220026,0.970894827344724,0.750687994214182,0.996085761719513,0.814118446347268,0.976685634216179,0.55237418937102,0.709859463090088,0.910614582436036,0.943583224818914,0.895226956021224,0.954739784191995,0.927586517391255,0.920569247905653,0.992109962493338,0.990650040209574,0.994061381770324,0.951672698870617,0.94402267472142,0.986806893068096,0.964532859212253,0.989909849484362,0.981825957397777,0.985173568784816,0.742753519357112,0.947167140020576,0.667106555113693,0.910221685899967,0.905306666914241,0.993970179336778,0.950644212013689,0.959083382291386,0.941320063051418,0.904905589572621,0.945483376041767,0.930468263337677,0.971251292388804,0.968339028414112,0.993967185775731
"PAX6",0.931996871726554,0.986503692918196,0.975365362911486,0.983774077572445,0.998319527308872,0.933439517082926,0.368831764007133,0.902416228576168,0.976930707452956,0.954512956367804,0.863756033144992,0.972276841464726,0.835808194137671,0.937052407878875,0.942389297290246,0.940439131737622,0.998668503022334,0.998639242440547,0.948927440738968,0.998421485275758,0.975482995507963,0.939582843178499,0.997783194001173,0.980786152383397,0.953243155559968,0.990493080399305,0.980834615795287,0.959808915301429,0.979950663710674,0.969592737093255,0.756971417132723,0.838485487071082,0.980562724064892,0.942629294217034,0.956757475206165,0.991237601716542,0.935962820726468,0.940680131873552,0.999887196381578,0.841892108295245,0.993588626105459,0.697327720739358,0.969296896879889,0.99119756297759,0.811044656073672,0.949062912132171,0.953831735255726,0.997478906605894,0.637694524190435,0.900962762581555,0.881060417792044,0.98708911041045,0.966490979244639,0.934119311641609,0.859270901905978,0.996085761719513,0.99808991209232,0.983458871596561,0.832063037711754,0.996506880785824,0.889271199585738,0.893319964003525,0.961833238464015,0.954739784191995,0.854025656123047,0.952496907739926,0.992109962493338,0.990650040209574,0.907622327630644,0.951672698870617,0.94402267472142,0.99329343960086,0.964532859212253,0.998393770093597,0.949834151631593,0.985173568784816,0.931674871278248,0.930472217446233,0.953023358147415,0.910221685899967,0.87799925377272,0.477642625605349,0.939001450188375,0.752865189997538,0.576369572664481,0.912119180534333,0.945483376041767,0.884620634239911,0.54915971887844,0.880357036604249,0.993967185775731
"PBX1",0.644160310102056,0.968874253915234,0.959021771390746,0.983774077572445,0.998319527308872,0.933439517082926,0.916118752971398,0.998292367356908,0.976930707452956,0.954512956367804,0.902646298813553,0.998551065984818,0.88372809631247,0.989305123709551,0.934838969707957,0.991817054789786,0.998668503022334,0.998639242440547,0.986752283231202,0.998421485275758,0.975482995507963,0.992646408147786,0.997783194001173,0.980786152383397,0.992250844993649,0.990493080399305,0.980834615795287,0.803764406248369,0.850413235997859,0.969592737093255,0.858373504951771,0.903349053816404,0.980562724064892,0.942629294217034,0.975880980123592,0.991237601716542,0.968988258545989,0.904045938776657,0.999887196381578,0.865935773414651,0.993588626105459,0.963295601475685,0.843928208654408,0.99119756297759,0.993534997412952,0.970567990704212,0.884394198790692,0.997478906605894,0.982257243328578,0.923752674665238,0.965804590634771,0.872779133948471,0.995081391685826,0.834413693896078,0.904886442949547,0.996085761719513,0.998683793282545,0.992124206022383,0.978555314132977,0.986451475014829,0.851226660350583,0.887276791805844,0.895226956021224,0.954739784191995,0.954022906671542,0.952496907739926,0.992109962493338,0.763461055918384,0.907622327630644,0.951672698870617,0.93557953139589,0.986806893068096,0.964532859212253,0.928506892195057,0.953904974423213,0.985173568784816,0.923941018121247,0.859499205060375,0.953023358147415,0.967911909226334,0.905306666914241,0.993970179336778,0.886732677507547,0.858179994434758,0.935785463534243,0.993968844467663,0.945483376041767,0.930468263337677,0.981388180516773,0.958896843275613,0.914715753127811
"PBX2",0.729065346839458,0.961065432207951,0.975365362911486,0.951112408185512,0.998319527308872,0.933439517082926,0.987204069944017,0.902416228576168,0.976930707452956,0.990812737192087,0.964401247496312,0.975235355625904,0.980506435770751,0.937052407878875,0.973715288990971,0.965947230666248,0.997272812818238,0.998639242440547,0.986752283231202,0.998421485275758,0.975482995507963,0.992646408147786,0.973559804881182,0.980786152383397,0.992250844993649,0.990493080399305,0.906566053743698,0.885845880133532,0.990103476844994,0.969592737093255,0.929282442331597,0.560995277990951,0.980562724064892,0.942629294217034,0.912418544958928,0.991237601716542,0.949237450024544,0.940680131873552,0.999887196381578,0.906251903861299,0.993588626105459,0.963295601475685,0.931296066941613,0.99119756297759,0.738722399407568,0.970567990704212,0.923486120417147,0.997478906605894,0.984925236204313,0.921184236288952,0.931260756269552,0.594493946299182,0.936377273220026,0.970894827344724,0.955335477942671,0.996085761719513,0.998683793282545,0.983458871596561,0.714720675359773,0.938143696662328,0.7934775747221,0.954887585474691,0.846853026075025,0.954739784191995,0.927586517391255,0.952077270773308,0.992109962493338,0.849568116184266,0.562687198115845,0.951672698870617,0.989819211760037,0.879191598416081,0.964532859212253,0.976934644072689,0.949834151631593,0.985173568784816,0.923941018121247,0.996520561010078,0.89505597481783,0.910221685899967,0.362450080400403,0.967092451436153,0.845703132133043,0.871911150006749,0.935785463534243,0.912119180534333,0.997158279932824,0.260806812458155,0.885750154794123,0.993654354656766,0.993967185775731
"PDX1",0.644160310102056,0.307397186229042,0.985919888765208,0.999348367202855,0.998319527308872,0.58659935480661,0.86441045969593,0.902416228576168,0.976930707452956,0.990812737192087,0.884669907144705,0.972276841464726,0.966673966954228,0.989305123709551,0.934838969707957,0.965947230666248,0.805573307891966,0.998639242440547,0.96996321251556,0.79624689535652,0.975482995507963,0.884075090573165,0.787711089280136,0.980786152383397,0.964879405054553,0.990493080399305,0.906566053743698,0.983303738064335,0.998368858530976,0.969592737093255,0.992652476143648,0.618642344378519,0.987086932384167,0.986873650572747,0.869873999170536,0.991237601716542,0.935962820726468,0.904045938776657,0.999887196381578,0.758937823047737,0.993588626105459,0.938332668296185,0.930997201865433,0.439242491714547,0.879510031944359,0.970567990704212,0.985725724901634,0.997478906605894,0.947212818415383,0.900962762581555,0.931260756269552,0.758420544025449,0.953134538185427,0.960320336041811,0.969725533251749,0.996085761719513,0.998683793282545,0.976685634216179,0.680554444218391,0.996428597172252,0.851226660350583,0.978738918222021,0.961833238464015,0.954739784191995,0.927586517391255,0.952496907739926,0.932394017455497,0.554643826706007,0.973563037192072,0.966719330750891,0.932413904783055,0.986806893068096,0.964532859212253,0.989909849484362,0.98272425444956,0.985173568784816,0.923941018121247,0.990665790042637,0.993561520345233,0.933259503902988,0.905306666914241,0.954494057990303,0.950644212013689,0.973207579465988,0.840153218859902,0.912119180534333,0.945483376041767,0.973058766890347,0.97606096869575,0.993654354656766,0.914715753127811
"PEBB",0.729065346839458,0.968874253915234,0.959021771390746,0.983774077572445,0.998319527308872,0.933439517082926,0.954020671542733,0.950755872314931,0.976930707452956,0.990812737192087,0.863756033144992,0.972276841464726,0.944048065860555,0.683786376274176,0.811298803654731,0.830107309143372,0.805573307891966,0.998639242440547,0.96996321251556,0.998421485275758,0.975482995507963,0.884075090573165,0.787711089280136,0.980786152383397,0.836191600437098,0.990493080399305,0.980834615795287,0.803764406248369,0.928887395826281,0.964287980851744,0.772702740950634,0.917864017200976,0.980562724064892,0.99615493334242,0.894570629540887,0.933213897767663,0.968988258545989,0.904045938776657,0.999887196381578,0.8458487388311,0.993588626105459,0.938332668296185,0.938682474591716,0.99119756297759,0.777704431024139,0.885201546869686,0.884394198790692,0.997478906605894,0.928745525774239,0.951923563100258,0.965804590634771,0.945582967028999,0.968507015321155,0.970894827344724,0.80139624572743,0.996085761719513,0.806462524166835,0.983458871596561,0.982331748734736,0.938143696662328,0.851226660350583,0.884195674394059,0.173558321444613,0.954739784191995,0.854025656123047,0.952077270773308,0.992109962493338,0.990650040209574,0.9025775988184,0.886581238913373,0.94402267472142,0.986806893068096,0.964532859212253,0.94148353720525,0.998776731251642,0.985173568784816,0.923941018121247,0.859499205060375,0.886331307745237,0.910221685899967,0.943917272045495,0.954494057990303,0.990048225636844,0.973207579465988,0.840153218859902,0.912119180534333,0.917711152532526,0.930468263337677,0.717030152540133,0.995043170608359,0.993967185775731
"PIT1",0.964563139397794,0.982359400379498,0.959021771390746,0.999348367202855,0.998319527308872,0.954749889671411,0.987204069944017,0.902416228576168,0.976930707452956,0.995687669087858,0.983985913711431,0.972276841464726,0.838146386195392,0.937052407878875,0.942389297290246,0.940439131737622,0.967454862896924,0.998639242440547,0.999101832770982,0.966938912987977,0.992343415762592,0.884075090573165,0.713061418022409,0.901704687457951,0.960811558696372,0.990493080399305,0.981895726737833,0.857029646460062,0.945835021389558,0.969592737093255,0.992652476143648,0.906559204050146,0.980562724064892,0.99615493334242,0.888178304564739,0.991237601716542,0.96820829935326,0.940680131873552,0.999887196381578,0.758937823047737,0.993588626105459,0.916486375048868,0.930997201865433,0.99119756297759,0.835393173865048,0.949062912132171,0.999801279258508,0.997478906605894,0.984255587624475,0.951923563100258,0.954571158917288,0.923512213140624,0.936377273220026,0.859714908553723,0.899021152357847,0.996085761719513,0.998683793282545,0.983458871596561,0.978555314132977,0.942609001669104,0.592313208128571,0.994628098046915,0.961833238464015,0.954739784191995,0.895693152501458,0.952077270773308,0.964766846350362,0.990650040209574,0.9025775988184,0.74907758693913,0.94402267472142,0.766923691977969,0.964532859212253,0.928506892195057,0.953904974423213,0.985173568784816,0.923941018121247,0.996520561010078,0.895841737460695,0.945105210972307,0.87799925377272,0.954494057990303,0.950644212013689,0.816299573735685,0.840153218859902,0.931539966828353,0.945483376041767,0.930468263337677,0.971251292388804,0.967786251029881,0.993967185775731
"PO2F1",0.917184045183252,0.968874253915234,0.971526457725809,0.951112408185512,0.998319527308872,0.933439517082926,0.566410404001207,0.968231938663626,0.976930707452956,0.954512956367804,0.784810657449294,0.975235355625904,0.980506435770751,0.937052407878875,0.975981680838733,0.940439131737622,0.805573307891966,0.998639242440547,0.948927440738968,0.998421485275758,0.975482995507963,0.884075090573165,0.985881031261591,0.980786152383397,0.836191600437098,0.990493080399305,0.990520067982925,0.959808915301429,0.958048219798031,0.808354188485136,0.992652476143648,0.903349053816404,0.980562724064892,0.942629294217034,0.956757475206165,0.991237601716542,0.968988258545989,0.94315767336683,0.999887196381578,0.758937823047737,0.993588626105459,0.938332668296185,0.938682474591716,0.99119756297759,0.970629734366041,0.987177023041225,0.927277775744472,0.997478906605894,0.984255587624475,0.951923563100258,0.840160027436915,0.923512213140624,0.995081391685826,0.970894827344724,0.674592231925545,0.996085761719513,0.998683793282545,0.983458871596561,0.978555314132977,0.973653492830542,0.71017319099762,0.994628098046915,0.111524111265001,0.954739784191995,0.998970264596742,0.981323321685051,0.992109962493338,0.990650040209574,0.9025775988184,0.74907758693913,0.94402267472142,0.804617335158109,0.964532859212253,0.94148353720525,0.950688334393641,0.985173568784816,0.923941018121247,0.859499205060375,0.953023358147415,0.910221685899967,0.87799925377272,0.954494057990303,0.950644212013689,0.687864750554234,0.825313888659804,0.9795996122326,0.945483376041767,0.901425209958275,0.971490868201985,0.881877801884245,0.993967185775731
"PO2F2",0.894882127398475,0.967085412141188,0.975365362911486,0.951112408185512,0.31595516917385,0.954749889671411,0.987204069944017,0.902416228576168,0.976930707452956,0.954512956367804,0.946333579247946,0.972276841464726,0.835808194137671,0.934643703415075,0.975981680838733,0.965947230666248,0.998668503022334,0.998639242440547,0.998713094937798,0.966938912987977,0.975482995507963,0.931033080535841,0.981838187256346,0.883979953604186,0.836191600437098,0.956359620732734,0.990520067982925,0.959808915301429,0.928887395826281,0.808354188485136,0.863799836595724,0.838485487071082,0.980562724064892,0.986873650572747,0.869873999170536,0.991237601716542,0.998602018750547,0.93009025639254,0.999887196381578,0.979758353724192,0.993588626105459,0.963295601475685,0.843928208654408,0.99119756297759,0.980866641048928,0.970567990704212,0.850046700469993,0.997478906605894,0.929405113403908,0.96436603230237,0.965804590634771,0.909937673274329,0.960077022768501,0.633198092989043,0.955335477942671,0.996085761719513,0.998683793282545,0.983458871596561,0.978555314132977,0.933177438619004,0.851226660350583,0.943583224818914,0.632833905376847,0.911289416559826,0.519105149839105,0.981323321685051,0.992109962493338,0.980019811552253,0.996027537255703,0.966719330750891,0.971288054727788,0.986806893068096,0.964532859212253,0.928506892195057,0.949834151631593,0.985173568784816,0.931674871278248,0.922902570414541,0.965497453598366,0.945105210972307,0.87799925377272,0.954494057990303,0.950644212013689,0.73008969009499,0.840153218859902,0.959842457684417,0.945483376041767,0.930468263337677,0.974363072624159,0.967786251029881,0.972483365649118
"PO3F1",0.894882127398475,0.961065432207951,0.975365362911486,0.983774077572445,0.998319527308872,0.954749889671411,0.721228307194194,0.987308621569904,0.976930707452956,0.954512956367804,0.938914919831167,0.972276841464726,0.835808194137671,0.683786376274176,0.975981680838733,0.940439131737622,0.998668503022334,0.998639242440547,0.999101832770982,0.998421485275758,0.975482995507963,0.884075090573165,0.973559804881182,0.980786152383397,0.96299621629117,0.990493080399305,0.906566053743698,0.950814573779598,0.945835021389558,0.808354188485136,0.946192051525054,0.838485487071082,0.980562724064892,0.958246351490468,0.869873999170536,0.991237601716542,0.968988258545989,0.940680131873552,0.999887196381578,0.841892108295245,0.993588626105459,0.976698159027504,0.993367280437115,0.99119756297759,0.980866641048928,0.949062912132171,0.850046700469993,0.997478906605894,0.928745525774239,0.921184236288952,0.965804590634771,0.758420544025449,0.934307896829416,0.960320336041811,0.991358604564773,0.996085761719513,0.188556880021102,0.683403834482325,0.978555314132977,0.954653914809332,0.971571810751424,0.950474526408072,0.961833238464015,0.929731399552935,0.895693152501458,0.981323321685051,0.914161964448818,0.746803250269898,0.973563037192072,0.951672698870617,0.94402267472142,0.879191598416081,0.964532859212253,0.989909849484362,0.949834151631593,0.985173568784816,0.931674871278248,0.859499205060375,0.886331307745237,0.967911909226334,0.87799925377272,0.993970179336778,0.939001450188375,0.858179994434758,0.840153218859902,0.912119180534333,0.945483376041767,0.973058766890347,0.971251292388804,0.95802478183232,0.972483365649118
"PO3F2",0.99757958929101,0.982359400379498,0.971526457725809,0.983774077572445,0.998319527308872,0.960326599726992,0.840466688959446,0.987308621569904,0.976930707452956,0.954512956367804,0.946333579247946,0.975235355625904,0.980506435770751,0.907043073162676,0.975981680838733,0.940439131737622,0.775503496081845,0.998639242440547,0.999101832770982,0.962979662454316,0.975482995507963,0.939582843178499,0.992510270650842,0.919119682369833,0.907751143067425,0.990493080399305,0.906566053743698,0.959808915301429,0.98989425493011,0.969592737093255,0.756971417132723,0.838485487071082,0.980562724064892,0.994066282272469,0.888178304564739,0.991237601716542,0.935962820726468,0.856539420485914,0.999887196381578,0.955657347978303,0.993588626105459,0.938332668296185,0.969780524819695,0.99119756297759,0.811044656073672,0.972038383557356,0.884394198790692,0.997478906605894,0.95592819418516,0.969186124250406,0.994357167008356,0.758420544025449,0.955691350893422,0.981489012351345,0.991358604564773,0.996085761719513,0.998683793282545,0.988027463080552,0.982331748734736,0.996506880785824,0.851226660350583,0.950474526408072,0.632833905376847,0.917542653420734,0.934718755752087,0.952496907739926,0.899764153553913,0.990650040209574,0.973563037192072,0.951672698870617,0.94402267472142,0.986806893068096,0.964532859212253,0.981642528071131,0.981825957397777,0.985173568784816,0.923941018121247,0.922902570414541,0.965497453598366,0.875599343217204,0.87799925377272,0.954494057990303,0.950644212013689,0.666474844268908,0.576369572664481,0.912119180534333,0.947571368460933,0.901425209958275,0.840752190427797,0.880357036604249,0.923526521719664
"PRD14",0.917184045183252,0.968874253915234,0.971526457725809,0.915989013136221,0.998319527308872,0.933439517082926,0.551299462552412,0.979122930710761,0.976930707452956,0.990812737192087,0.946333579247946,0.975235355625904,0.756468486436773,0.943384353572907,0.934838969707957,0.940439131737622,0.998668503022334,0.998639242440547,0.96996321251556,0.966938912987977,0.987782832815521,0.884075090573165,0.973559804881182,0.980786152383397,0.836191600437098,0.990493080399305,0.980834615795287,0.885845880133532,0.945835021389558,0.978145659799326,0.772902497140839,0.997096176803397,0.980562724064892,0.994066282272469,0.523869900732358,0.991237601716542,0.968988258545989,0.944136785015464,0.999887196381578,0.78267057937189,0.993588626105459,0.947296954092724,0.993367280437115,0.99119756297759,0.907242817235579,0.949062912132171,0.927277775744472,0.997478906605894,0.778858297997223,0.921184236288952,0.931260756269552,0.985204644797683,0.936377273220026,0.691563971141473,0.859270901905978,0.996085761719513,0.96253654682886,0.976685634216179,0.944109962990209,0.869326281106968,0.851226660350583,0.943583224818914,0.961833238464015,0.968430211924096,0.934718755752087,0.952496907739926,0.992109962493338,0.849568116184266,0.9025775988184,0.886581238913373,0.964558495319385,0.986806893068096,0.964532859212253,0.989909849484362,0.981825957397777,0.985173568784816,0.939632120182356,0.996520561010078,0.89505597481783,0.933259503902988,0.932399257922921,0.00465237804053809,0.950644212013689,0.973207579465988,0.959546774264781,0.923085043444374,0.917711152532526,0.995399118195295,0.54915971887844,0.993654354656766,0.993967185775731
"PRDM1",0.994716814999872,0.968874253915234,0.959021771390746,0.915989013136221,0.998319527308872,0.933439517082926,0.916118752971398,0.998292367356908,0.976930707452956,0.987094733657715,0.996891882588112,0.998551065984818,0.997127219120691,0.937052407878875,0.811298803654731,0.940439131737622,0.805573307891966,0.998639242440547,0.999101832770982,0.998421485275758,0.975482995507963,0.931033080535841,0.973559804881182,0.985712339935157,0.994411924660433,0.990493080399305,0.980834615795287,0.959808915301429,0.950812377932423,0.881880444284564,0.756971417132723,0.997096176803397,0.980562724064892,0.99615493334242,0.937021382021245,0.991237601716542,0.943029149947453,0.940292057191878,0.999887196381578,0.906180851759215,0.993588626105459,0.697327720739358,0.930997201865433,0.99119756297759,0.907242817235579,0.994095603899328,0.811581356649934,0.997478906605894,0.972659475218937,0.880780933826257,0.931260756269552,0.98708911041045,0.995081391685826,0.970894827344724,0.991358604564773,0.996085761719513,0.834749539705284,0.976685634216179,0.868318296304331,0.742250141814026,0.996056409445083,0.884195674394059,0.895226956021224,0.847850658021187,0.998970264596742,0.952496907739926,0.992109962493338,0.990650040209574,0.973563037192072,0.961214170728836,0.958996553046271,0.986806893068096,0.973782149638582,0.989909849484362,0.950688334393641,0.985173568784816,0.664136892040088,0.859499205060375,0.995600786082253,0.910221685899967,0.943917272045495,0.954494057990303,0.870499773154198,0.760405057024489,0.935785463534243,0.912119180534333,0.945483376041767,0.930468263337677,0.971251292388804,0.874120541377799,0.993967185775731
"PRDM6",0.894882127398475,0.968874253915234,0.971526457725809,0.983774077572445,0.998319527308872,0.933439517082926,0.987204069944017,0.959116938828324,0.976930707452956,0.995687669087858,0.964401247496312,0.998551065984818,0.980506435770751,0.937052407878875,0.959732207192937,0.406236510102371,0.998668503022334,0.998639242440547,0.951577150393294,0.998421485275758,0.975482995507963,0.992646408147786,0.973559804881182,0.980786152383397,0.907751143067425,0.990493080399305,0.980834615795287,0.994705485043894,0.945835021389558,0.979152037514351,0.992652476143648,0.917864017200976,0.980562724064892,0.942629294217034,0.869873999170536,0.991237601716542,0.968988258545989,0.904045938776657,0.999887196381578,0.995800416577107,0.993588626105459,0.989573935209556,0.930997201865433,0.99119756297759,0.777704431024139,0.954578131017561,0.811581356649934,0.997478906605894,0.982762229285785,0.966579497680105,0.99174285822263,0.96132386589249,0.934307896829416,0.970894827344724,0.701476386270834,0.996085761719513,0.806462524166835,0.983458871596561,0.978555314132977,0.996506880785824,0.929285673042452,0.870688930717109,0.983987331849436,0.954739784191995,0.927586517391255,0.952496907739926,0.992109962493338,0.980019811552253,0.307148638600573,0.74907758693913,0.94402267472142,0.986806893068096,0.964532859212253,0.981642528071131,0.981825957397777,0.985173568784816,0.923941018121247,0.947167140020576,0.995600786082253,0.945105210972307,0.905306666914241,0.954494057990303,0.950644212013689,0.752865189997538,0.935785463534243,0.912119180534333,0.945483376041767,0.930468263337677,0.97606096869575,0.708631002848184,0.993967185775731
"PGR",0.917184045183252,0.968874253915234,0.975365362911486,0.970853509675189,0.998319527308872,0.725233259377775,0.352863054129106,0.998292367356908,0.976930707452956,0.995687669087858,0.964401247496312,0.975235355625904,0.980506435770751,0.934643703415075,0.975981680838733,0.940439131737622,0.998668503022334,0.998639242440547,0.986752283231202,0.966938912987977,0.975482995507963,0.884075090573165,0.985881031261591,0.980786152383397,0.907751143067425,0.990493080399305,0.784054508219379,0.959808915301429,0.850413235997859,0.808354188485136,0.772702740950634,0.917864017200976,0.980562724064892,0.709247310611014,0.937021382021245,0.991237601716542,0.968988258545989,0.865600233159813,0.999887196381578,0.758937823047737,0.993588626105459,0.963295601475685,0.969780524819695,0.99119756297759,0.968934423366259,0.873429419972295,0.884394198790692,0.997478906605894,0.932351173132548,0.900962762581555,0.943913638065764,0.98708911041045,0.936377273220026,0.970894827344724,0.969725533251749,0.996085761719513,0.998683793282545,0.983458871596561,0.978555314132977,0.639955709438376,0.592313208128571,0.884195674394059,0.0787820348742334,0.954739784191995,0.854025656123047,0.952496907739926,0.992109962493338,0.510872007787668,0.973563037192072,0.74907758693913,0.947667336414932,0.986806893068096,0.964532859212253,0.928506892195057,0.981825957397777,0.909254051793202,0.923941018121247,0.996520561010078,0.894002163069403,0.9532138143531,0.891379438159289,0.993970179336778,0.950644212013689,0.830044752577471,0.96302215154779,0.875759940613656,0.917711152532526,0.80567255255522,0.840752190427797,0.88234162568865,0.993967185775731
"PRRX2",0.917184045183252,0.968874253915234,0.959021771390746,0.999348367202855,0.738241835037633,0.933439517082926,0.987204069944017,0.998292367356908,0.976930707452956,0.990812737192087,0.938914919831167,0.949737130928421,0.756468486436773,0.683786376274176,0.959732207192937,0.965947230666248,0.998668503022334,0.998639242440547,0.731948884831929,0.984799722921205,0.975482995507963,0.992646408147786,0.985881031261591,0.980786152383397,0.964879405054553,0.956359620732734,0.991534059560159,0.959808915301429,0.998368858530976,0.978110160887081,0.95179481040225,0.917864017200976,0.980562724064892,0.958246351490468,0.892293427552525,0.991237601716542,0.973997699428872,0.758093463110401,0.999887196381578,0.946635769445822,0.993588626105459,0.963295601475685,0.969780524819695,0.99119756297759,0.811044656073672,0.949062912132171,0.929182929309688,0.997478906605894,0.947212818415383,0.951923563100258,0.937461968311877,0.945582967028999,0.95479462404059,0.970894827344724,0.798540912585567,0.996085761719513,0.806462524166835,0.983458871596561,0.990762487512851,0.91032043500339,0.7934775747221,0.884195674394059,0.632833905376847,0.954739784191995,0.898678410216416,0.952077270773308,0.914161964448818,0.282866270291819,0.9025775988184,0.951672698870617,0.94402267472142,0.986806893068096,0.964532859212253,0.981642528071131,0.949834151631593,0.985173568784816,0.76967815920013,0.986871266164964,0.953023358147415,0.945105210972307,0.959858187226034,0.990997059463523,0.519295539818913,0.635748724316921,0.941320063051418,0.912119180534333,0.945483376041767,0.973058766890347,0.981388180516773,0.958896843275613,0.993967185775731
"PTF1A",0.99757958929101,0.961065432207951,0.971526457725809,0.915989013136221,0.710011305518795,0.933439517082926,0.987204069944017,0.931736287128759,0.976930707452956,0.954512956367804,0.784810657449294,0.972276841464726,0.980506435770751,0.87137411459944,0.959732207192937,0.940439131737622,0.997272812818238,0.998639242440547,0.986752283231202,0.984799722921205,0.975482995507963,0.992646408147786,0.981838187256346,0.933091110976459,0.992250844993649,0.990493080399305,0.98411203584723,0.959808915301429,0.958048219798031,0.985085776597969,0.992652476143648,0.997096176803397,0.980562724064892,0.942629294217034,0.937021382021245,0.991237601716542,0.998602018750547,0.99542599259708,0.999887196381578,0.941210202335707,0.993588626105459,0.9535953201238,0.969296896879889,0.99119756297759,0.996528888251098,0.972038383557356,0.884394198790692,0.997478906605894,0.947212818415383,0.951923563100258,0.994357167008356,0.86559270987963,0.934307896829416,0.970894827344724,0.955335477942671,0.996085761719513,0.916822185470147,0.988027463080552,0.857376287771275,0.996506880785824,0.910614582436036,0.994628098046915,0.846853026075025,0.954739784191995,0.895693152501458,0.952077270773308,0.159389059163015,0.510872007787668,0.994061381770324,0.951672698870617,0.947667336414932,0.986806893068096,0.964532859212253,0.928506892195057,0.981825957397777,0.985173568784816,0.51238746708504,0.996520561010078,0.993561520345233,0.933259503902988,0.974353354183977,0.961368159486388,0.89217515129195,0.666474844268908,0.935785463534243,0.875759940613656,0.945483376041767,0.973058766890347,0.54915971887844,0.880357036604249,0.827981587867116
"RARA",0.964563139397794,0.961065432207951,0.959021771390746,0.983774077572445,0.998319527308872,0.58659935480661,0.76308120512323,0.902416228576168,0.976930707452956,0.990812737192087,0.784810657449294,0.972276841464726,0.980506435770751,0.661990400137998,0.934838969707957,0.940439131737622,0.997272812818238,0.998639242440547,0.986752283231202,0.998421485275758,0.975482995507963,0.931033080535841,0.681571838252761,0.980786152383397,0.992250844993649,0.990493080399305,0.980834615795287,0.959808915301429,0.928887395826281,0.969592737093255,0.964796629355359,0.919935812981096,0.980562724064892,0.994066282272469,0.912418544958928,0.991237601716542,0.968988258545989,0.904045938776657,0.999887196381578,0.812373997858442,0.993588626105459,0.963295601475685,0.930997201865433,0.99119756297759,0.817763922380347,0.994095603899328,0.811581356649934,0.997478906605894,0.972659475218937,0.966579497680105,0.965804590634771,0.821068223839944,0.936377273220026,0.934119311641609,0.991358604564773,0.996085761719513,0.834749539705284,0.976685634216179,0.989754709913387,0.973653492830542,0.954865606625044,0.884195674394059,0.361436696135196,0.847850658021187,0.898678410216416,0.952496907739926,0.992109962493338,0.779374747941974,0.9025775988184,0.983916362490164,0.932413904783055,0.986806893068096,0.964532859212253,0.989909849484362,0.949834151631593,0.985173568784816,0.851967016648928,0.930472217446233,0.953023358147415,0.967911909226334,0.933447531530865,0.954494057990303,0.870499773154198,0.98263469230802,0.840153218859902,0.974484699536959,0.734012360066605,0.930468263337677,0.971251292388804,0.958896843275613,0.993967185775731
"RARG",0.762120669459485,0.986503692918196,0.985919888765208,0.983774077572445,0.998319527308872,0.950580553281844,0.987204069944017,0.902416228576168,0.976930707452956,0.990812737192087,0.784810657449294,0.972276841464726,0.756468486436773,0.942385568236112,0.934838969707957,0.940439131737622,0.998668503022334,0.998639242440547,0.986752283231202,0.966938912987977,0.782469067885848,0.96226779816822,0.973559804881182,0.980786152383397,0.992250844993649,0.990493080399305,0.906566053743698,0.959808915301429,0.928887395826281,0.918033166339772,0.784005081725696,0.560995277990951,0.980562724064892,0.942629294217034,0.860673511895787,0.991237601716542,0.998602018750547,0.904045938776657,0.923082727228667,0.967833867611546,0.993588626105459,0.9535953201238,0.931296066941613,0.99119756297759,0.817763922380347,0.970567990704212,0.811581356649934,0.997478906605894,0.984255587624475,0.951923563100258,0.931260756269552,0.985204644797683,0.934307896829416,0.960320336041811,0.955335477942671,0.996085761719513,0.806462524166835,0.976685634216179,0.978555314132977,0.996428597172252,0.954865606625044,0.963216250601429,0.961833238464015,0.976541448576279,0.854025656123047,0.952496907739926,0.992109962493338,0.746803250269898,0.973563037192072,0.951672698870617,0.932413904783055,0.986806893068096,0.964532859212253,0.998393770093597,0.950688334393641,0.985173568784816,0.931674871278248,0.947167140020576,0.993561520345233,0.946938876429472,0.903223664312184,0.954494057990303,0.950644212013689,0.959083382291386,0.941320063051418,0.912119180534333,0.945483376041767,0.901425209958275,0.971251292388804,0.95802478183232,0.993967185775731
"RELB",0.994716814999872,0.968874253915234,0.975365362911486,0.994697482161095,0.998319527308872,0.954749889671411,0.916118752971398,0.990047692600524,0.976930707452956,0.954512956367804,0.938914919831167,0.998551065984818,0.980506435770751,0.87137411459944,0.975981680838733,0.830107309143372,0.997272812818238,0.998639242440547,0.986752283231202,0.998421485275758,0.975482995507963,0.884802332712946,0.981838187256346,0.901704687457951,0.992250844993649,0.990493080399305,0.980834615795287,0.959808915301429,0.990103476844994,0.936721596536018,0.92054262672834,0.844585655020551,0.980562724064892,0.942629294217034,0.937021382021245,0.991237601716542,0.973997699428872,0.904045938776657,0.999887196381578,0.906180851759215,0.993588626105459,0.973967311880287,0.843928208654408,0.99119756297759,0.777704431024139,0.994095603899328,0.884394198790692,0.997478906605894,0.778858297997223,0.96436603230237,0.809366973071738,0.985204644797683,0.97834530851075,0.934119311641609,0.701476386270834,0.996085761719513,0.806462524166835,0.976685634216179,0.978555314132977,0.709859463090088,0.851226660350583,0.943583224818914,0.895226956021224,0.847850658021187,0.935291176240326,0.971905595915366,0.343939215872222,0.990650040209574,0.9025775988184,0.951672698870617,0.989819211760037,0.986806893068096,0.964532859212253,0.928506892195057,0.949834151631593,0.885251272287915,0.923941018121247,0.859499205060375,0.993561520345233,0.965382337497893,0.87799925377272,0.954494057990303,0.996299790263499,0.973207579465988,0.955273181399184,0.912119180534333,0.945483376041767,0.999763789658595,0.971251292388804,0.874120541377799,0.993967185775731
"REL",0.894882127398475,0.968874253915234,0.975365362911486,0.915989013136221,0.998319527308872,0.933439517082926,0.847938648137326,0.987308621569904,0.976930707452956,0.990812737192087,0.938914919831167,0.972276841464726,0.872374224232796,0.937052407878875,0.975981680838733,0.965947230666248,0.997272812818238,0.998639242440547,0.986752283231202,0.966938912987977,0.975482995507963,0.931033080535841,0.74232184563471,0.980786152383397,0.907751143067425,0.990493080399305,0.906566053743698,0.959808915301429,0.974516983700923,0.808354188485136,0.788421795003741,0.932585192923616,0.980562724064892,0.986873650572747,0.937021382021245,0.991237601716542,0.968988258545989,0.865600233159813,0.999887196381578,0.812373997858442,0.993588626105459,0.963295601475685,0.938682474591716,0.99119756297759,0.867517222177027,0.987177023041225,0.850046700469993,0.997478906605894,0.984925236204313,0.951923563100258,0.931260756269552,0.88712747389171,0.955691350893422,0.970894827344724,0.955335477942671,0.996085761719513,0.998683793282545,0.976685634216179,0.978555314132977,0.933177438619004,0.889271199585738,0.870688930717109,0.632833905376847,0.847850658021187,0.934718755752087,0.952496907739926,0.219451412624009,0.746803250269898,0.944731418421284,0.951672698870617,0.932413904783055,0.986806893068096,0.964532859212253,0.576550381391269,0.949834151631593,0.985173568784816,0.939632120182356,0.964396295913302,0.953023358147415,0.967911909226334,0.985516667807387,0.954494057990303,0.870499773154198,0.973207579465988,0.941320063051418,0.993968844467663,0.945483376041767,0.973058766890347,0.971251292388804,0.874120541377799,0.993967185775731
"REST",0.757024889603706,0.968874253915234,0.971526457725809,0.983774077572445,0.998319527308872,0.835600602057822,0.979938594185208,0.990047692600524,0.976930707452956,0.954512956367804,0.805381460655283,0.998551065984818,0.871856696032602,0.87137411459944,0.935646614506007,0.940439131737622,0.775503496081845,0.998639242440547,0.999101832770982,0.998421485275758,0.975482995507963,0.992646408147786,0.985881031261591,0.980786152383397,0.992250844993649,0.969319692081826,0.98411203584723,0.959808915301429,0.98989425493011,0.964287980851744,0.936656006661229,0.917864017200976,0.980562724064892,0.984509687981359,0.932641740594952,0.991237601716542,0.968988258545989,0.940680131873552,0.999887196381578,0.946635769445822,0.993588626105459,0.963295601475685,0.969780524819695,0.99119756297759,0.811044656073672,0.97793223012856,0.811581356649934,0.997478906605894,0.95592819418516,0.966579497680105,0.881060417792044,0.985204644797683,0.97834530851075,0.941251789017937,0.729528281152949,0.996085761719513,0.998683793282545,0.983458871596561,0.990762487512851,0.818934794761603,0.851226660350583,0.961722145511491,0.999687651453745,0.847850658021187,0.934718755752087,0.952496907739926,0.992109962493338,0.975136635969425,0.973563037192072,0.951672698870617,0.964558495319385,0.986806893068096,0.964532859212253,0.989909849484362,0.933388292252203,0.985173568784816,0.923941018121247,0.95502009139071,0.931545483290691,0.945105210972307,0.87799925377272,0.990997059463523,0.870499773154198,0.973207579465988,0.941320063051418,0.904905589572621,0.917711152532526,0.954227852485463,0.97606096869575,0.954325875686045,0.993967185775731
"RFX1",0.917184045183252,0.968874253915234,0.975365362911486,0.983774077572445,0.998319527308872,0.933439517082926,0.955623782321246,0.902416228576168,0.976930707452956,0.995687669087858,0.784810657449294,0.998551065984818,0.997127219120691,0.937052407878875,0.961191130889897,0.940439131737622,0.775503496081845,0.998639242440547,0.986752283231202,0.998421485275758,0.997255681781692,0.986202306948001,0.997783194001173,0.980786152383397,0.992250844993649,0.990493080399305,0.980834615795287,0.803764406248369,0.945835021389558,0.985085776597969,0.946582418345737,0.755641805140999,0.999632365144888,0.942629294217034,0.956757475206165,0.991237601716542,0.788697339012748,0.961276891212245,0.999887196381578,0.812792867966624,0.993588626105459,0.963295601475685,0.930997201865433,0.99119756297759,0.825397628640628,0.949062912132171,0.983900957848265,0.997478906605894,0.961045981101821,0.921184236288952,0.809366973071738,0.98708911041045,0.95479462404059,0.970894827344724,0.957654796464089,0.996085761719513,0.998683793282545,0.976685634216179,0.857376287771275,0.996506880785824,0.851226660350583,0.870688930717109,0.961833238464015,0.847850658021187,0.854025656123047,0.952496907739926,0.992212279046306,0.990650040209574,0.907622327630644,0.951672698870617,0.958996553046271,0.986806893068096,0.964532859212253,0.981642528071131,0.949834151631593,0.985173568784816,0.945013044261782,0.996520561010078,0.953023358147415,0.910221685899967,0.87799925377272,0.962475680536054,0.950644212013689,0.973207579465988,0.95670381614162,0.912119180534333,0.994913685511454,0.884620634239911,0.971251292388804,0.967786251029881,0.993967185775731
"RFX2",0.981902475136251,0.819023641879523,0.959021771390746,0.983774077572445,0.998319527308872,0.933439517082926,0.987204069944017,0.902416228576168,0.976930707452956,0.954512956367804,0.938914919831167,0.972276841464726,0.980506435770751,0.985687098988149,0.959732207192937,0.970550758762389,0.775503496081845,0.998639242440547,0.986752283231202,0.96769992549932,0.975482995507963,0.992646408147786,0.985881031261591,0.980786152383397,0.964879405054553,0.990493080399305,0.980834615795287,0.885845880133532,0.979950663710674,0.974970307146651,0.756971417132723,0.838485487071082,0.980562724064892,0.942629294217034,0.937021382021245,0.991237601716542,0.949237450024544,0.958360031184101,0.999887196381578,0.906180851759215,0.993588626105459,0.697327720739358,0.969780524819695,0.99119756297759,0.77927076669138,0.949062912132171,0.850046700469993,0.997478906605894,0.529170353913029,0.951923563100258,0.881060417792044,0.945582967028999,0.936377273220026,0.934119311641609,0.991358604564773,0.996085761719513,0.916822185470147,0.976685634216179,0.978555314132977,0.996428597172252,0.889271199585738,0.950474526408072,0.904857321678533,0.954739784191995,0.506179111210534,0.952496907739926,0.964766846350362,0.554643826706007,0.907622327630644,0.983916362490164,0.94402267472142,0.986806893068096,0.964532859212253,0.989909849484362,0.949834151631593,0.985173568784816,0.851967016648928,0.996520561010078,0.953023358147415,0.933259503902988,0.87799925377272,0.954494057990303,0.950644212013689,0.973207579465988,0.935785463534243,0.875759940613656,0.945483376041767,0.768671648034774,0.981388180516773,0.874120541377799,0.993967185775731
"RFX3",0.942476802862045,0.971094076651122,0.994874808914894,0.983774077572445,0.839677451711469,0.954749889671411,0.706049970375086,0.998292367356908,0.976930707452956,0.954512956367804,0.784810657449294,0.998551065984818,0.950965392777313,0.937052407878875,0.934838969707957,0.970550758762389,0.998668503022334,0.998639242440547,0.986752283231202,0.966938912987977,0.992343415762592,0.96768493304421,0.997783194001173,0.989096243794987,0.992250844993649,0.990493080399305,0.906566053743698,0.959808915301429,0.990103476844994,0.969592737093255,0.992652476143648,0.780739722445817,0.980562724064892,0.942629294217034,0.956757475206165,0.991237601716542,0.96820829935326,0.956659263865522,0.999887196381578,0.812373997858442,0.993588626105459,0.697327720739358,0.993367280437115,0.99119756297759,0.915332018199705,0.949062912132171,0.936025647344085,0.997478906605894,0.637694524190435,0.951923563100258,0.840160027436915,0.948463830377905,0.995081391685826,0.960320336041811,0.965592353888052,0.996085761719513,0.916822185470147,0.983458871596561,0.978555314132977,0.938143696662328,0.971571810751424,0.884195674394059,0.895226956021224,0.954739784191995,0.506179111210534,0.952077270773308,0.497254529282097,0.990650040209574,0.907622327630644,0.888411176230151,0.932413904783055,0.986806893068096,0.964532859212253,0.985718543468161,0.949834151631593,0.985173568784816,0.923941018121247,0.947167140020576,0.89505597481783,0.933259503902988,0.905306666914241,0.954494057990303,0.950644212013689,0.973207579465988,0.935785463534243,0.912119180534333,0.945483376041767,0.930468263337677,0.902084936988587,0.916461015091697,0.993967185775731
"RFX5",0.981331964184958,0.307397186229042,0.975365362911486,0.999348367202855,0.998319527308872,0.933439517082926,0.916118752971398,0.998292367356908,0.976930707452956,0.954512956367804,0.983985913711431,0.972276841464726,0.980506435770751,0.937052407878875,0.975981680838733,0.940439131737622,0.997272812818238,0.998639242440547,0.986752283231202,0.962979662454316,0.975482995507963,0.96768493304421,0.981838187256346,0.980786152383397,0.992250844993649,0.956359620732734,0.980834615795287,0.971040850466088,0.970912282878284,0.936721596536018,0.992652476143648,0.917864017200976,0.980562724064892,0.942629294217034,0.937021382021245,0.991237601716542,0.968988258545989,0.869681779976815,0.999887196381578,0.879583417739649,0.993588626105459,0.963295601475685,0.930997201865433,0.99119756297759,0.838431477721617,0.97793223012856,0.884394198790692,0.997478906605894,0.984925236204313,0.95827925337159,0.965804590634771,0.525779557197564,0.995081391685826,0.960320336041811,0.957654796464089,0.996085761719513,0.998683793282545,0.976685634216179,0.978555314132977,0.954653914809332,0.7934775747221,0.943583224818914,0.695644701900294,0.968430211924096,0.713548741627785,0.952496907739926,0.992109962493338,0.842800838256176,0.981169507521763,0.951672698870617,0.94402267472142,0.986806893068096,0.964532859212253,0.94148353720525,0.949834151631593,0.985173568784816,0.996601247221028,0.996520561010078,0.993561520345233,0.946938876429472,0.891379438159289,0.954494057990303,0.950644212013689,0.816299573735685,0.941320063051418,0.954023069447702,0.945483376041767,0.995399118195295,0.971251292388804,0.874120541377799,0.988149616922204
"RORA",0.911642915278279,0.996669959769871,0.880628559271367,0.983774077572445,0.998319527308872,0.954749889671411,0.86441045969593,0.990047692600524,0.976930707452956,0.990812737192087,0.839058079730742,0.972276841464726,0.756468486436773,0.937052407878875,0.934838969707957,0.940539465089027,0.997272812818238,0.998639242440547,0.998713094937798,0.998421485275758,0.737871311118093,0.992646408147786,0.997783194001173,0.980786152383397,0.836191600437098,0.990493080399305,0.980834615795287,0.959808915301429,0.928887395826281,0.884433284414482,0.756971417132723,0.997096176803397,0.980562724064892,0.942629294217034,0.68592901663148,0.991237601716542,0.943029149947453,0.956659263865522,0.999887196381578,0.758937823047737,0.993588626105459,0.963295601475685,0.969780524819695,0.99119756297759,0.980866641048928,0.972038383557356,0.984878160750563,0.997478906605894,0.847811893464945,0.96436603230237,0.954571158917288,0.98708911041045,0.934307896829416,0.960320336041811,0.991358604564773,0.996085761719513,0.998683793282545,0.983458871596561,0.980144761422724,0.914550534755389,0.954865606625044,0.961722145511491,0.961833238464015,0.847850658021187,0.895693152501458,0.952496907739926,0.99660892948496,0.990650040209574,0.973563037192072,0.74907758693913,0.932413904783055,0.759694570606784,0.964532859212253,0.886248022025853,0.950688334393641,0.69890090770132,0.923941018121247,0.859499205060375,0.953023358147415,0.945105210972307,0.905306666914241,0.993970179336778,0.870499773154198,0.635748724316921,0.840153218859902,0.931539966828353,0.917711152532526,0.970952655938109,0.981388180516773,0.874120541377799,0.941836824746676
"RORG",0.790900467592716,0.968874253915234,0.971526457725809,0.98452104235146,0.663229445653607,0.999892596519578,0.940318433635484,0.987308621569904,0.976930707452956,0.987094733657715,0.784810657449294,0.972276841464726,0.944048065860555,0.937052407878875,0.959732207192937,0.96066382936919,0.937109986705951,0.998639242440547,0.948927440738968,0.966938912987977,0.608742125307538,0.931033080535841,0.981838187256346,0.883979953604186,0.992250844993649,0.990493080399305,0.981895726737833,0.959808915301429,0.990103476844994,0.884433284414482,0.756971417132723,0.844585655020551,0.980562724064892,0.942629294217034,0.956757475206165,0.991237601716542,0.943029149947453,0.94315767336683,0.999887196381578,0.946635769445822,0.993588626105459,0.963295601475685,0.928422581338403,0.99119756297759,0.777704431024139,0.988176358628049,0.984878160750563,0.997478906605894,0.529170353913029,0.900962762581555,0.809366973071738,0.954080617447691,0.936377273220026,0.970894827344724,0.827382050952877,0.996085761719513,0.998683793282545,0.983458871596561,0.990762487512851,0.938143696662328,0.960247030684646,0.937520894241449,0.961833238464015,0.847850658021187,0.934718755752087,0.952496907739926,0.992109962493338,0.92983810790821,0.9025775988184,0.832028116644435,0.93557953139589,0.986806893068096,0.964532859212253,0.968990298349576,0.981825957397777,0.985173568784816,0.994482350680991,0.884678853257269,0.953023358147415,0.967911909226334,0.87799925377272,0.954494057990303,0.939001450188375,0.990104711913105,0.935785463534243,0.993968844467663,0.945483376041767,0.988916845479174,0.971251292388804,0.968339028414112,0.778758992638128
"RUNX2",0.981331964184958,0.968874253915234,0.959021771390746,0.983774077572445,0.998319527308872,0.933439517082926,0.987204069944017,0.902416228576168,0.976930707452956,0.990812737192087,0.996891882588112,0.975235355625904,0.980506435770751,0.937052407878875,0.934838969707957,0.940439131737622,0.884210394262451,0.998639242440547,0.999101832770982,0.966938912987977,0.975482995507963,0.884075090573165,0.985881031261591,0.980786152383397,0.964112795407043,0.990493080399305,0.906566053743698,0.959808915301429,0.928887395826281,0.94977876286358,0.962985444102706,0.919935812981096,0.980562724064892,0.942629294217034,0.892293427552525,0.991237601716542,0.998746593767264,0.940680131873552,0.999887196381578,0.983991568147343,0.993588626105459,0.964382358759376,0.969296896879889,0.99119756297759,0.907242817235579,0.885201546869686,0.999801279258508,0.997478906605894,0.984255587624475,0.900962762581555,0.931260756269552,0.98708911041045,0.995081391685826,0.960320336041811,0.674592231925545,0.996085761719513,0.96253654682886,0.988027463080552,0.978555314132977,0.996506880785824,0.861955164586386,0.963216250601429,0.632833905376847,0.968430211924096,0.934718755752087,0.952496907739926,0.99660892948496,0.596562232371554,0.9025775988184,0.951672698870617,0.950504694231085,0.986806893068096,0.964532859212253,0.928506892195057,0.981825957397777,0.985173568784816,0.923941018121247,0.930472217446233,0.965497453598366,0.965691381786751,0.909797880808715,0.954494057990303,0.870499773154198,0.973207579465988,0.941320063051418,0.954023069447702,0.945483376041767,0.999763789658595,0.971251292388804,0.874120541377799,0.993967185775731
"RXRA",0.79317297037277,0.968874253915234,0.971526457725809,0.915989013136221,0.998319527308872,0.933439517082926,0.987204069944017,0.998292367356908,0.976930707452956,0.990812737192087,0.834967755879572,0.975235355625904,0.980506435770751,0.661990400137998,0.959732207192937,0.970550758762389,0.997272812818238,0.998639242440547,0.986752283231202,0.998421485275758,0.782469067885848,0.884075090573165,0.992510270650842,0.980786152383397,0.992250844993649,0.81781830353431,0.926165565955347,0.857029646460062,0.850413235997859,0.936721596536018,0.992652476143648,0.838485487071082,0.980562724064892,0.942629294217034,0.975880980123592,0.991237601716542,0.935962820726468,0.904045938776657,0.999887196381578,0.758937823047737,0.993588626105459,0.947296954092724,0.969296896879889,0.99119756297759,0.815584913806409,0.949062912132171,0.998040655695857,0.997478906605894,0.932303113969105,0.951923563100258,0.965804590634771,0.833187994901421,0.968507015321155,0.963708419358755,0.798540912585567,0.996085761719513,0.806462524166835,0.976685634216179,0.868318296304331,0.938143696662328,0.889271199585738,0.980847865230257,0.980136065287699,0.847850658021187,0.854025656123047,0.952496907739926,0.992109962493338,0.989419664869723,0.973563037192072,0.951672698870617,0.731916956847748,0.986806893068096,0.790694163660635,0.928506892195057,0.949834151631593,0.127341298645149,0.939632120182356,0.78416133089375,0.931545483290691,0.933259503902988,0.87799925377272,0.954494057990303,0.950644212013689,0.973207579465988,0.955273181399184,0.959842457684417,0.945483376041767,0.970952655938109,0.971251292388804,0.874120541377799,0.993967185775731
"RXRB",0.917184045183252,0.982359400379498,0.959021771390746,0.983774077572445,0.998319527308872,0.835600602057822,0.916118752971398,0.998292367356908,0.976930707452956,0.990812737192087,0.938914919831167,0.975235355625904,0.756468486436773,0.963486968602792,0.811298803654731,0.830107309143372,0.937109986705951,0.998639242440547,0.998713094937798,0.977337366614943,0.975482995507963,0.992646408147786,0.985881031261591,0.980786152383397,0.992250844993649,0.990493080399305,0.980834615795287,0.959808915301429,0.928887395826281,0.808354188485136,0.992652476143648,0.954570034906144,0.980562724064892,0.942629294217034,0.869873999170536,0.991237601716542,0.943029149947453,0.99542599259708,0.999887196381578,0.812373997858442,0.993588626105459,0.963295601475685,0.969780524819695,0.99119756297759,0.980866641048928,0.97793223012856,0.811581356649934,0.997478906605894,0.928745525774239,0.96436603230237,0.820830452914312,0.945582967028999,0.934307896829416,0.834413693896078,0.904886442949547,0.996085761719513,0.834749539705284,0.983458871596561,0.978555314132977,0.996428597172252,0.794292333156533,0.943583224818914,0.632833905376847,0.917542653420734,0.934718755752087,0.952496907739926,0.992109962493338,0.779374747941974,0.826118119207367,0.979938646229577,0.94402267472142,0.879191598416081,0.964532859212253,0.989909849484362,0.998776731251642,0.985173568784816,0.958318898280039,0.996520561010078,0.898262985096393,0.910221685899967,0.891379438159289,0.954494057990303,0.636483518243861,0.973207579465988,0.993501054379702,0.912119180534333,0.945483376041767,0.930468263337677,0.971251292388804,0.874120541377799,0.993967185775731
"RXRG",0.917184045183252,0.968874253915234,0.959021771390746,0.98452104235146,0.998319527308872,0.933439517082926,0.955623782321246,0.902416228576168,0.976930707452956,0.995687669087858,0.938914919831167,0.998551065984818,0.756468486436773,0.934643703415075,0.968560723634674,0.796674123642984,0.998668503022334,0.998639242440547,0.948927440738968,0.96769992549932,0.992343415762592,0.96768493304421,0.998301843574047,0.980786152383397,0.933580771438664,0.990493080399305,0.980834615795287,0.959808915301429,0.928887395826281,0.969592737093255,0.992652476143648,0.639361208395553,0.980562724064892,0.942629294217034,0.975880980123592,0.991237601716542,0.604372510918692,0.904045938776657,0.999887196381578,0.844901866446838,0.993588626105459,0.963295601475685,0.882451664633732,0.99119756297759,0.942409393576074,0.885201546869686,0.850046700469993,0.997478906605894,0.947212818415383,0.951923563100258,0.931260756269552,0.871760988363659,0.960077022768501,0.981489012351345,0.955335477942671,0.996085761719513,0.998683793282545,0.976685634216179,0.787671585457926,0.942609001669104,0.874592906533343,0.954887585474691,0.980136065287699,0.847850658021187,0.898678410216416,0.952496907739926,0.992109962493338,0.848433879162466,0.907622327630644,0.951672698870617,0.94402267472142,0.804617335158109,0.964532859212253,0.928506892195057,0.949834151631593,0.985173568784816,0.923941018121247,0.947167140020576,0.993561520345233,0.910221685899967,0.92626691182654,0.962475680536054,0.845703132133043,0.666474844268908,0.974177304150324,0.995648612929476,0.975845039588719,0.994190609828326,0.981388180516773,0.880357036604249,0.993967185775731
"SALL4",0.729065346839458,0.968874253915234,0.975365362911486,0.915989013136221,0.998319527308872,0.933439517082926,0.910919872314212,0.660945520367711,0.976930707452956,0.995687669087858,0.784810657449294,0.998551065984818,0.980506435770751,0.937052407878875,0.811298803654731,0.940439131737622,0.805573307891966,0.998639242440547,0.998713094937798,0.998421485275758,0.975482995507963,0.992646408147786,0.981838187256346,0.980786152383397,0.992250844993649,0.990493080399305,0.906566053743698,0.959808915301429,0.945835021389558,0.964287980851744,0.992652476143648,0.917864017200976,0.980562724064892,0.994066282272469,0.888178304564739,0.991237601716542,0.943029149947453,0.940680131873552,0.999887196381578,0.946635769445822,0.993588626105459,0.873751368704164,0.969780524819695,0.99119756297759,0.896029777940666,0.987177023041225,0.811581356649934,0.997478906605894,0.947212818415383,0.921184236288952,0.881060417792044,0.96132386589249,0.995081391685826,0.970894827344724,0.969725533251749,0.996085761719513,0.96253654682886,0.983458871596561,0.714720675359773,0.996506880785824,0.996056409445083,0.893319964003525,0.97724390306608,0.847850658021187,0.927586517391255,0.952496907739926,0.992109962493338,0.990650040209574,0.9025775988184,0.966719330750891,0.94402267472142,0.986806893068096,0.973782149638582,0.989909849484362,0.981825957397777,0.985173568784816,0.923941018121247,0.996520561010078,0.965497453598366,0.910221685899967,0.905306666914241,0.954494057990303,0.870499773154198,0.87138219936482,0.941320063051418,0.993968844467663,0.945718664909129,0.901425209958275,0.971251292388804,0.899654888132649,0.993967185775731
"SMAD2",0.994716814999872,0.961065432207951,0.971526457725809,0.915989013136221,0.998319527308872,0.933439517082926,0.987204069944017,0.902416228576168,0.976930707452956,0.990812737192087,0.964401247496312,0.975235355625904,0.76729763584439,0.683786376274176,0.968999317483491,0.970550758762389,0.998668503022334,0.998639242440547,0.948927440738968,0.995852954510214,0.975482995507963,0.992646408147786,0.681571838252761,0.980786152383397,0.992250844993649,0.774127682690806,0.906566053743698,0.959808915301429,0.928887395826281,0.936721596536018,0.992652476143648,0.560995277990951,0.980562724064892,0.942629294217034,0.937021382021245,0.991237601716542,0.788697339012748,0.856539420485914,0.999887196381578,0.758937823047737,0.993588626105459,0.938332668296185,0.938682474591716,0.923226158269343,0.942409393576074,0.994095603899328,0.884394198790692,0.997478906605894,0.95592819418516,0.921184236288952,0.881060417792044,0.956559056548814,0.934307896829416,0.914671572213112,0.955335477942671,0.996085761719513,0.806462524166835,0.988027463080552,0.978555314132977,0.91032043500339,0.59632975751478,0.954887585474691,0.961833238464015,0.847850658021187,0.992429189749328,0.959331443641097,0.992109962493338,0.990650040209574,0.973563037192072,0.951672698870617,0.932413904783055,0.986806893068096,0.360022090238499,0.928506892195057,0.949834151631593,0.985173568784816,0.664136892040088,0.859499205060375,0.356695340425688,0.910221685899967,0.87799925377272,0.993970179336778,0.996299790263499,0.98263469230802,0.941320063051418,0.912119180534333,0.945483376041767,0.999763789658595,0.971251292388804,0.958896843275613,0.914715753127811
"SMAD3",0.762120669459485,0.517681311395931,0.98132615369246,0.983774077572445,0.998319527308872,0.981295231202446,0.852042486877388,0.803170584281761,0.976930707452956,0.995687669087858,0.938914919831167,0.975235355625904,0.835808194137671,0.937052407878875,0.973715288990971,0.940439131737622,0.937109986705951,0.998639242440547,0.986752283231202,0.966938912987977,0.975482995507963,0.992646408147786,0.985881031261591,0.953384707844143,0.836191600437098,0.990493080399305,0.980834615795287,0.994705485043894,0.97776711333703,0.964287980851744,0.991802455653632,0.917864017200976,0.980562724064892,0.709247310611014,0.937021382021245,0.991237601716542,0.968988258545989,0.865600233159813,0.999887196381578,0.971935077551486,0.993588626105459,0.963295601475685,0.969780524819695,0.99119756297759,0.996528888251098,0.949062912132171,0.927277775744472,0.997478906605894,0.984255587624475,0.979140057169766,0.965804590634771,0.954080617447691,0.968507015321155,0.970894827344724,0.955335477942671,0.996085761719513,0.998683793282545,0.983458871596561,0.618431716459578,0.938143696662328,0.65862484963555,0.884195674394059,0.913059842040808,0.954739784191995,0.907998527540472,0.952077270773308,0.992109962493338,0.554643826706007,0.994061381770324,0.74907758693913,0.94402267472142,0.986806893068096,0.964532859212253,0.981642528071131,0.949834151631593,0.985173568784816,0.952367567226723,0.893525398131156,0.965497453598366,0.949791581459001,0.87799925377272,0.993970179336778,0.845703132133043,0.816299573735685,0.840153218859902,0.960273486465977,0.945483376041767,0.930468263337677,0.971251292388804,0.968339028414112,0.993967185775731
"SMAD4",0.917184045183252,0.968874253915234,0.959021771390746,0.915989013136221,0.998319527308872,0.835600602057822,0.987204069944017,0.968231938663626,0.976930707452956,0.966180215661387,0.996891882588112,0.975235355625904,0.964444813827772,0.683786376274176,0.934838969707957,0.965947230666248,0.998668503022334,0.998639242440547,0.986752283231202,0.998421485275758,0.975482995507963,0.884075090573165,0.973559804881182,0.980786152383397,0.950026493483702,0.666540351877317,0.926165565955347,0.978084278138943,0.990103476844994,0.839828651498444,0.946192051525054,0.917864017200976,0.980562724064892,0.942629294217034,0.888178304564739,0.991237601716542,0.998602018750547,0.869681779976815,0.999887196381578,0.758937823047737,0.993588626105459,0.963295601475685,0.969296896879889,0.99119756297759,0.811044656073672,0.987177023041225,0.811581356649934,0.997478906605894,0.932351173132548,0.903017259841818,0.881060417792044,0.833187994901421,0.995081391685826,0.934119311641609,0.991358604564773,0.996085761719513,0.998683793282545,0.976685634216179,0.978828738837673,0.996428597172252,0.592313208128571,0.884195674394059,0.97724390306608,0.929731399552935,0.907998527540472,0.952496907739926,0.702995825771261,0.990650040209574,0.9025775988184,0.832028116644435,0.958996553046271,0.965683382068298,0.527396774453431,0.94148353720525,0.949834151631593,0.985173568784816,0.664136892040088,0.813960203722315,0.356695340425688,0.933259503902988,0.905306666914241,0.954494057990303,0.996299790263499,0.973207579465988,0.840153218859902,0.912119180534333,0.945483376041767,0.994190609828326,0.983436914994034,0.874120541377799,0.993967185775731
"SMCA1",0.874753084963779,0.968874253915234,0.985919888765208,0.951112408185512,0.738241835037633,0.954749889671411,0.614520893452014,0.968231938663626,0.976930707452956,0.954512956367804,0.938914919831167,0.972276841464726,0.980506435770751,0.937052407878875,0.975981680838733,0.508593898300176,0.998668503022334,0.998639242440547,0.999101832770982,0.966938912987977,0.975482995507963,0.931033080535841,0.981838187256346,0.883979953604186,0.836191600437098,0.990493080399305,0.980834615795287,0.959808915301429,0.958048219798031,0.936721596536018,0.756971417132723,0.838485487071082,0.980562724064892,0.986873650572747,0.956757475206165,0.991237601716542,0.935962820726468,0.904045938776657,0.999887196381578,0.906180851759215,0.993588626105459,0.963295601475685,0.969780524819695,0.99119756297759,0.542162486146348,0.885201546869686,0.999801279258508,0.997478906605894,0.928745525774239,0.900962762581555,0.881060417792044,0.923512213140624,0.936377273220026,0.941251789017937,0.955335477942671,0.996085761719513,0.998683793282545,0.976685634216179,0.982331748734736,0.996506880785824,0.91487165948463,0.884195674394059,0.961833238464015,0.847850658021187,0.96153864485256,0.952077270773308,0.992109962493338,0.888589243373389,0.9025775988184,0.904856422218149,0.94402267472142,0.986806893068096,0.964532859212253,0.998393770093597,0.953904974423213,0.985173568784816,0.923941018121247,0.996520561010078,0.971056594155608,0.967911909226334,0.891379438159289,0.954494057990303,0.89217515129195,0.957155946133893,0.840153218859902,0.912119180534333,0.910180084575684,0.930468263337677,0.990054729436787,0.874120541377799,0.993967185775731
"SMCA5",0.911642915278279,0.778912140470065,0.880628559271367,0.915989013136221,0.998319527308872,0.96060089613708,0.987204069944017,0.998292367356908,0.976930707452956,0.954512956367804,0.964401247496312,0.972276841464726,0.871856696032602,0.937052407878875,0.959732207192937,0.965947230666248,0.775503496081845,0.998639242440547,0.986752283231202,0.967147327087416,0.975482995507963,0.884075090573165,0.973559804881182,0.980786152383397,0.992250844993649,0.990493080399305,0.906566053743698,0.959808915301429,0.990103476844994,0.936721596536018,0.772702740950634,0.616160980824395,0.980562724064892,0.942629294217034,0.956757475206165,0.991237601716542,0.935962820726468,0.99542599259708,0.999887196381578,0.758937823047737,0.993588626105459,0.9535953201238,0.987497835283087,0.99119756297759,0.879510031944359,0.975494223969618,0.983900957848265,0.997478906605894,0.918022945345554,0.951923563100258,0.931260756269552,0.945582967028999,0.936377273220026,0.970894827344724,0.955335477942671,0.996085761719513,0.806462524166835,0.983458871596561,0.978555314132977,0.996506880785824,0.929285673042452,0.963216250601429,0.97724390306608,0.972654802187784,0.854025656123047,0.952496907739926,0.992109962493338,0.572452739878912,0.944731418421284,0.951672698870617,0.94402267472142,0.986806893068096,0.964532859212253,0.989909849484362,0.953904974423213,0.985173568784816,0.939632120182356,0.996520561010078,0.931545483290691,0.875599343217204,0.87799925377272,0.993970179336778,0.977271961484274,0.973207579465988,0.955273181399184,0.913474097726624,0.917711152532526,0.995399118195295,0.971251292388804,0.708631002848184,0.972483365649118
"SNAI1",0.729065346839458,0.968874253915234,0.971526457725809,0.951112408185512,0.998319527308872,0.933439517082926,0.916118752971398,0.968231938663626,0.976930707452956,0.954512956367804,0.784810657449294,0.975235355625904,0.966673966954228,0.937052407878875,0.811298803654731,0.830107309143372,0.997272812818238,0.998639242440547,0.999101832770982,0.892231314078346,0.975482995507963,0.884075090573165,0.973559804881182,0.883979953604186,0.836191600437098,0.990493080399305,0.906566053743698,0.803764406248369,0.947290531937916,0.964287980851744,0.992652476143648,0.917864017200976,0.980562724064892,0.942629294217034,0.465570350755771,0.991237601716542,0.949237450024544,0.904045938776657,0.999887196381578,0.758937823047737,0.993588626105459,0.721984693650729,0.938682474591716,0.99119756297759,0.915332018199705,0.885201546869686,0.927277775744472,0.997478906605894,0.928745525774239,0.951923563100258,0.965804590634771,0.923512213140624,0.995081391685826,0.960320336041811,0.859270901905978,0.996085761719513,0.837110967916374,0.976685634216179,0.982331748734736,0.973653492830542,0.851226660350583,0.994628098046915,0.97724390306608,0.847850658021187,0.927586517391255,0.981323321685051,0.640587746098184,0.525396017840157,0.973563037192072,0.951672698870617,0.932413904783055,0.986806893068096,0.964532859212253,0.981642528071131,0.949834151631593,0.985173568784816,0.851967016648928,0.996520561010078,0.886331307745237,0.875599343217204,0.935213679077026,0.954494057990303,0.229471500354733,0.853538493292037,0.935785463534243,0.9795996122326,0.945483376041767,0.930468263337677,0.971251292388804,0.880357036604249,0.993967185775731
"SNAI2",0.917184045183252,0.518797638437034,0.971526457725809,0.999348367202855,0.998319527308872,0.933439517082926,0.987204069944017,0.803170584281761,0.976930707452956,0.954512956367804,0.938914919831167,0.998551065984818,0.835808194137671,0.937052407878875,0.959732207192937,0.940439131737622,0.967454862896924,0.998639242440547,0.999101832770982,0.966938912987977,0.975482995507963,0.931033080535841,0.998301843574047,0.901704687457951,0.907751143067425,0.990493080399305,0.980834615795287,0.959808915301429,0.928887395826281,0.881880444284564,0.772702740950634,0.976076492859083,0.980562724064892,0.942629294217034,0.937021382021245,0.991237601716542,0.96820829935326,0.856539420485914,0.999887196381578,0.812373997858442,0.993588626105459,0.735878437803715,0.843928208654408,0.99119756297759,0.468336351472605,0.885201546869686,0.884394198790692,0.997478906605894,0.928745525774239,0.951923563100258,0.809366973071738,0.923512213140624,0.936377273220026,0.960320336041811,0.991358604564773,0.996085761719513,0.998683793282545,0.983458871596561,0.978555314132977,0.942609001669104,0.910614582436036,0.94471350701499,0.632833905376847,0.93101790964193,0.854025656123047,0.952077270773308,0.992109962493338,0.133359910642401,0.907622327630644,0.979938646229577,0.932413904783055,0.986806893068096,0.964532859212253,0.576550381391269,0.949834151631593,0.991158450956452,0.923941018121247,0.78416133089375,0.696056620692179,0.933259503902988,0.87799925377272,0.954494057990303,0.990048225636844,0.752865189997538,0.840153218859902,0.912119180534333,0.945483376041767,0.901425209958275,0.971251292388804,0.958896843275613,0.993967185775731
"SOX10",0.79317297037277,0.968874253915234,0.971526457725809,0.983774077572445,0.998319527308872,0.933439517082926,0.916118752971398,0.998292367356908,0.976930707452956,0.995687669087858,0.938914919831167,0.998551065984818,0.980506435770751,0.907043073162676,0.975981680838733,0.940439131737622,0.998668503022334,0.998639242440547,0.999101832770982,0.966938912987977,0.99462397964399,0.884075090573165,0.981838187256346,0.953384707844143,0.992250844993649,0.990493080399305,0.990520067982925,0.959808915301429,0.990103476844994,0.964287980851744,0.772702740950634,0.917864017200976,0.980562724064892,0.99615493334242,0.68592901663148,0.991237601716542,0.604372510918692,0.904045938776657,0.999887196381578,0.906180851759215,0.993588626105459,0.963295601475685,0.930997201865433,0.99119756297759,0.845100828963797,0.949062912132171,0.811581356649934,0.997478906605894,0.95592819418516,0.951923563100258,0.931260756269552,0.98708911041045,0.971594700154441,0.963708419358755,0.991358604564773,0.996085761719513,0.837110967916374,0.983458871596561,0.978555314132977,0.954653914809332,0.954865606625044,0.963216250601429,0.895226956021224,0.847850658021187,0.506179111210534,0.952077270773308,0.992109962493338,0.990650040209574,0.973563037192072,0.951672698870617,0.932413904783055,0.986806893068096,0.964532859212253,0.989909849484362,0.981825957397777,0.69890090770132,0.939632120182356,0.930472217446233,0.928760176396717,0.910221685899967,0.903223664312184,0.954494057990303,0.950644212013689,0.816299573735685,0.935785463534243,0.875759940613656,0.945483376041767,0.973058766890347,0.971251292388804,0.968339028414112,0.988149616922204
"SOX17",0.911642915278279,0.968874253915234,0.983567156354273,0.983774077572445,0.839677451711469,0.956216802813047,0.916118752971398,0.998292367356908,0.976930707452956,0.954512956367804,0.964401247496312,0.972276841464726,0.756468486436773,0.943428473270716,0.970480105850806,0.96215104919054,0.976152417641109,0.998639242440547,0.747756641066621,0.892231314078346,0.975482995507963,0.96768493304421,0.981838187256346,0.980786152383397,0.992250844993649,0.774127682690806,0.980834615795287,0.959808915301429,0.945835021389558,0.969592737093255,0.992652476143648,0.997096176803397,0.984518106563695,0.942629294217034,0.894570629540887,0.991237601716542,0.943838921286326,0.856539420485914,0.999887196381578,0.865935773414651,0.993588626105459,0.963295601475685,0.993367280437115,0.99119756297759,0.542162486146348,0.949062912132171,0.811581356649934,0.997478906605894,0.984255587624475,0.981060716207347,0.931260756269552,0.686354291395804,0.95479462404059,0.960320336041811,0.902597105341651,0.996085761719513,0.834749539705284,0.988027463080552,0.978555314132977,0.996506880785824,0.889271199585738,0.980847865230257,0.918942491592456,0.954739784191995,0.934718755752087,0.973919904699191,0.992109962493338,0.990650040209574,0.973563037192072,0.951672698870617,0.958996553046271,0.99329343960086,0.964532859212253,0.928506892195057,0.981825957397777,0.985173568784816,0.923941018121247,0.996520561010078,0.993561520345233,0.933259503902988,0.87799925377272,0.985881327585849,0.907361602563083,0.973207579465988,0.935785463534243,0.931539966828353,0.945483376041767,0.854434204644851,0.971251292388804,0.935549697471419,0.993967185775731
"SOX3",0.917184045183252,0.968874253915234,0.985919888765208,0.983774077572445,0.998319527308872,0.959647331343263,0.987204069944017,0.998292367356908,0.976930707452956,0.954512956367804,0.964401247496312,0.975235355625904,0.756468486436773,0.907043073162676,0.934838969707957,0.940439131737622,0.775503496081845,0.998639242440547,0.986752283231202,0.998421485275758,0.99462397964399,0.884075090573165,0.981838187256346,0.980786152383397,0.992250844993649,0.990493080399305,0.980834615795287,0.803764406248369,0.979950663710674,0.808354188485136,0.946582418345737,0.560995277990951,0.980562724064892,0.709247310611014,0.937021382021245,0.991237601716542,0.978758431520317,0.93009025639254,0.999887196381578,0.879583417739649,0.993588626105459,0.697327720739358,0.993367280437115,0.99119756297759,0.738722399407568,0.942027340351786,0.825877875034546,0.997478906605894,0.928745525774239,0.921184236288952,0.881060417792044,0.997697066933271,0.995081391685826,0.960320336041811,0.955335477942671,0.996085761719513,0.834749539705284,0.983458871596561,0.978555314132977,0.934902982095301,0.674806452057838,0.994628098046915,0.961833238464015,0.954739784191995,0.998970264596742,0.952496907739926,0.992109962493338,0.554643826706007,0.907622327630644,0.951672698870617,0.94402267472142,0.909834643957749,0.964532859212253,0.989909849484362,0.981825957397777,0.985173568784816,0.9979591136976,0.930472217446233,0.993561520345233,0.933259503902988,0.959858187226034,0.954494057990303,0.89217515129195,0.973207579465988,0.840153218859902,0.904905589572621,0.917711152532526,0.970952655938109,0.981388180516773,0.968339028414112,0.993967185775731
"SOX5",0.917184045183252,0.961065432207951,0.971526457725809,0.983774077572445,0.998319527308872,0.954749889671411,0.348839416024507,0.968231938663626,0.976930707452956,0.990812737192087,0.938914919831167,0.972276841464726,0.980506435770751,0.790846234561073,0.975981680838733,0.940439131737622,0.805573307891966,0.998639242440547,0.999101832770982,0.991408966863247,0.975482995507963,0.992646408147786,0.985881031261591,0.980786152383397,0.907751143067425,0.990493080399305,0.980834615795287,0.959808915301429,0.928887395826281,0.979152037514351,0.992652476143648,0.838485487071082,0.980562724064892,0.942629294217034,0.869873999170536,0.991237601716542,0.96820829935326,0.869681779976815,0.999887196381578,0.865935773414651,0.993588626105459,0.697327720739358,0.930997201865433,0.99119756297759,0.817763922380347,0.614707913606779,0.850293074815783,0.997478906605894,0.984255587624475,0.900962762581555,0.994357167008356,0.623800853593217,0.936377273220026,0.934119311641609,0.701476386270834,0.996085761719513,0.806462524166835,0.976685634216179,0.978555314132977,0.869326281106968,0.987788411973144,0.884195674394059,0.895226956021224,0.847850658021187,0.854025656123047,0.952496907739926,0.992109962493338,0.990650040209574,0.9025775988184,0.951672698870617,0.932413904783055,0.766923691977969,0.964532859212253,0.989909849484362,0.949834151631593,0.985173568784816,0.923941018121247,0.78416133089375,0.89505597481783,0.875599343217204,0.87799925377272,0.954494057990303,0.519295539818913,0.916334620344847,0.941320063051418,0.993968844467663,0.945483376041767,0.555466781889952,0.971251292388804,0.967786251029881,0.914715753127811
"SOX9",0.729065346839458,0.667953776108982,0.971526457725809,0.983774077572445,0.998319527308872,0.933439517082926,0.916118752971398,0.902416228576168,0.976930707452956,0.954512956367804,0.946333579247946,0.972276841464726,0.990374254631426,0.907043073162676,0.975981680838733,0.940439131737622,0.997272812818238,0.998639242440547,0.948927440738968,0.998421485275758,0.737871311118093,0.884075090573165,0.713061418022409,0.980786152383397,0.907751143067425,0.990493080399305,0.906566053743698,0.959808915301429,0.928887395826281,0.978110160887081,0.772702740950634,0.917864017200976,0.980562724064892,0.942629294217034,0.888178304564739,0.991237601716542,0.943029149947453,0.904045938776657,0.999887196381578,0.945405732890972,0.993588626105459,0.963295601475685,0.969780524819695,0.99119756297759,0.824479137316858,0.994095603899328,0.811581356649934,0.997478906605894,0.947212818415383,0.940521476455706,0.881060417792044,0.98708911041045,0.984130568887436,0.970894827344724,0.991358604564773,0.996085761719513,0.806462524166835,0.983458871596561,0.978555314132977,0.938143696662328,0.851226660350583,0.884195674394059,0.97724390306608,0.847850658021187,0.819133395093113,0.952496907739926,0.914161964448818,0.341330761101777,0.973563037192072,0.74907758693913,0.932413904783055,0.986806893068096,0.964532859212253,0.989909849484362,0.949834151631593,0.990704672861759,0.923941018121247,0.930472217446233,0.995600786082253,0.945105210972307,0.87799925377272,0.993970179336778,0.950644212013689,0.816299573735685,0.955273181399184,0.912119180534333,0.945483376041767,0.930468263337677,0.971251292388804,0.993654354656766,0.993967185775731
"SRBP1",0.729065346839458,0.968874253915234,0.971526457725809,0.970853509675189,0.998319527308872,0.933439517082926,0.916118752971398,0.998292367356908,0.976930707452956,0.954512956367804,0.946333579247946,0.998551065984818,0.756468486436773,0.937052407878875,0.975981680838733,0.965947230666248,0.83944339651732,0.998639242440547,0.998713094937798,0.998421485275758,0.975482995507963,0.992646408147786,0.973559804881182,0.980786152383397,0.992250844993649,0.987412558515461,0.980834615795287,0.959808915301429,0.998368858530976,0.969592737093255,0.772702740950634,0.906559204050146,0.987086932384167,0.994066282272469,0.888178304564739,0.991237601716542,0.968988258545989,0.99542599259708,0.999887196381578,0.906180851759215,0.993588626105459,0.873751368704164,0.969296896879889,0.99119756297759,0.942409393576074,0.94498242748169,0.983900957848265,0.997478906605894,0.778858297997223,0.981060716207347,0.881060417792044,0.945582967028999,0.995081391685826,0.979037940299832,0.969725533251749,0.996085761719513,0.916822185470147,0.976685634216179,0.714720675359773,0.975024883193664,0.867166763763213,0.884195674394059,0.97724390306608,0.929731399552935,0.934718755752087,0.981323321685051,0.702995825771261,0.664427501391547,0.973563037192072,0.832028116644435,0.932413904783055,0.986806893068096,0.964532859212253,0.886248022025853,0.949834151631593,0.985173568784816,0.958318898280039,0.996520561010078,0.954202782626039,0.875599343217204,0.87799925377272,0.969533545304134,0.845703132133043,0.973207579465988,0.941320063051418,0.904905589572621,0.945483376041767,0.954227852485463,0.971251292388804,0.916461015091697,0.993967185775731
"SRBP2",0.729065346839458,0.968874253915234,0.975365362911486,0.915989013136221,0.998319527308872,0.933439517082926,0.955623782321246,0.902416228576168,0.976930707452956,0.954512956367804,0.938914919831167,0.945586382667035,0.990374254631426,0.937052407878875,0.975981680838733,0.940439131737622,0.775503496081845,0.998639242440547,0.998713094937798,0.991408966863247,0.975482995507963,0.884802332712946,0.997783194001173,0.980786152383397,0.950026493483702,0.990493080399305,0.906566053743698,0.994705485043894,0.958048219798031,0.936721596536018,0.992652476143648,0.844585655020551,0.980562724064892,0.896736779935587,0.956757475206165,0.991237601716542,0.949237450024544,0.904045938776657,0.999887196381578,0.812373997858442,0.748478716269524,0.938332668296185,0.930997201865433,0.99119756297759,0.978801787728146,0.954578131017561,0.983900957848265,0.997478906605894,0.947212818415383,0.961553216801195,0.965804590634771,0.833187994901421,0.995081391685826,0.970894827344724,0.991358604564773,0.996085761719513,0.916822185470147,0.976685634216179,0.978555314132977,0.996428597172252,0.851226660350583,0.943583224818914,0.97724390306608,0.968430211924096,0.895693152501458,0.952496907739926,0.992109962493338,0.990650040209574,0.907622327630644,0.966719330750891,0.94402267472142,0.99329343960086,0.964532859212253,0.94148353720525,0.953904974423213,0.985173568784816,0.931674871278248,0.922902570414541,0.895841737460695,0.910221685899967,0.938694520675604,0.954494057990303,0.89217515129195,0.973207579465988,0.941982199160713,0.912119180534333,0.945483376041767,0.901425209958275,0.961631718091298,0.967786251029881,0.993967185775731
"SRF",0.917184045183252,0.961065432207951,0.983567156354273,0.98452104235146,0.998319527308872,0.933439517082926,0.825434919540814,0.998292367356908,0.997767893729878,0.954512956367804,0.784810657449294,0.972276841464726,0.990374254631426,0.963667465831709,0.959732207192937,0.986461508570032,0.805573307891966,0.998639242440547,0.986752283231202,0.966938912987977,0.975482995507963,0.96768493304421,0.973559804881182,0.994633603680708,0.907751143067425,0.990493080399305,0.980834615795287,0.959808915301429,0.98989425493011,0.969592737093255,0.863799836595724,0.838485487071082,0.980562724064892,0.948666671369858,0.68592901663148,0.991237601716542,0.980962816791243,0.99542599259708,0.999887196381578,0.812792867966624,0.993588626105459,0.963295601475685,0.931296066941613,0.99119756297759,0.867517222177027,0.94498242748169,0.811581356649934,0.997478906605894,0.279081501709826,0.903017259841818,0.954571158917288,0.923512213140624,0.936377273220026,0.981489012351345,0.957654796464089,0.996085761719513,0.998683793282545,0.988027463080552,0.984963442948473,0.996506880785824,0.960247030684646,0.943583224818914,0.97724390306608,0.954739784191995,0.927586517391255,0.963608530690725,0.992109962493338,0.849568116184266,0.9025775988184,0.987543862509699,0.94270870366062,0.986806893068096,0.964532859212253,0.989909849484362,0.981825957397777,0.985173568784816,0.939632120182356,0.964396295913302,0.993561520345233,0.933259503902988,0.362450080400403,0.954494057990303,0.950644212013689,0.973207579465988,0.935785463534243,0.954023069447702,0.977122737107189,0.918121756892384,0.90304969527606,0.708631002848184,0.972483365649118
"SRY",0.790900467592716,0.982359400379498,0.98919151948828,0.915989013136221,0.998319527308872,0.933439517082926,0.987204069944017,0.998292367356908,0.976930707452956,0.995687669087858,0.784810657449294,0.972276841464726,0.992012165457103,0.683786376274176,0.811298803654731,0.940439131737622,0.997272812818238,0.998639242440547,0.999101832770982,0.998421485275758,0.975482995507963,0.884802332712946,0.985881031261591,0.980786152383397,0.992250844993649,0.990493080399305,0.906566053743698,0.857029646460062,0.947290531937916,0.978771454926475,0.992652476143648,0.639361208395553,0.980562724064892,0.994066282272469,0.956757475206165,0.845059843521528,0.958988563249271,0.904045938776657,0.999887196381578,0.906251903861299,0.993588626105459,0.697327720739358,0.931296066941613,0.99119756297759,0.996528888251098,0.949062912132171,0.850046700469993,0.997478906605894,0.778858297997223,0.97517439999094,0.954571158917288,0.871760988363659,0.936377273220026,0.970894827344724,0.701476386270834,0.996085761719513,0.998683793282545,0.976685634216179,0.978555314132977,0.91032043500339,0.960247030684646,0.884195674394059,0.961833238464015,0.954739784191995,0.927586517391255,0.952077270773308,0.992109962493338,0.810431069706608,0.973563037192072,0.961214170728836,0.947383821219024,0.986806893068096,0.99198188908632,0.928506892195057,0.949834151631593,0.991158450956452,0.923941018121247,0.986871266164964,0.895841737460695,0.933259503902988,0.87799925377272,0.944502334317525,0.950644212013689,0.858179994434758,0.935785463534243,0.931479379113109,0.945483376041767,0.999763789658595,0.983436914994034,0.99198129155291,0.743279342221898
"STAT1",0.917184045183252,0.961065432207951,0.975365362911486,0.983774077572445,0.998319527308872,0.933439517082926,0.910919872314212,0.968231938663626,0.976930707452956,0.987094733657715,0.938914919831167,0.975235355625904,0.980506435770751,0.907043073162676,0.959732207192937,0.830107309143372,0.997272812818238,0.998639242440547,0.999101832770982,0.998421485275758,0.975482995507963,0.884075090573165,0.973559804881182,0.980786152383397,0.992250844993649,0.990493080399305,0.906566053743698,0.959808915301429,0.973264019504306,0.936721596536018,0.992652476143648,0.838485487071082,0.980562724064892,0.994066282272469,0.869873999170536,0.991237601716542,0.968988258545989,0.94315767336683,0.999887196381578,0.906180851759215,0.993588626105459,0.963295601475685,0.930997201865433,0.99119756297759,0.996528888251098,0.873429419972295,0.999801279258508,0.997478906605894,0.778858297997223,0.900962762581555,0.931260756269552,0.945582967028999,0.995081391685826,0.970894827344724,0.899021152357847,0.996085761719513,0.806462524166835,0.988027463080552,0.978555314132977,0.914550534755389,0.954865606625044,0.943583224818914,0.961833238464015,0.847850658021187,0.927586517391255,0.952496907739926,0.992109962493338,0.990650040209574,0.905215218295615,0.961214170728836,0.93557953139589,0.986806893068096,0.987656196385291,0.928506892195057,0.949834151631593,0.909254051793202,0.931674871278248,0.859499205060375,0.993561520345233,0.995556396090703,0.891379438159289,0.990997059463523,0.996299790263499,0.816299573735685,0.941320063051418,0.986510793991887,0.961475892707432,0.973058766890347,0.981388180516773,0.993654354656766,0.788095956288215
"STAT3",0.762120669459485,0.968874253915234,0.959021771390746,0.951112408185512,0.67603988146254,0.933439517082926,0.741576009607815,0.979122930710761,0.976930707452956,0.990812737192087,0.964401247496312,0.972276841464726,0.950965392777313,0.683786376274176,0.968999317483491,0.830107309143372,0.836089658508681,0.998639242440547,0.986752283231202,0.998421485275758,0.975482995507963,0.992646408147786,0.681571838252761,0.980786152383397,0.960811558696372,0.990493080399305,0.990520067982925,0.803764406248369,0.945835021389558,0.978771454926475,0.946582418345737,0.875534991861417,0.980562724064892,0.942629294217034,0.956757475206165,0.933213897767663,0.935962820726468,0.904045938776657,0.999887196381578,0.946635769445822,0.993588626105459,0.963295601475685,0.993367280437115,0.99119756297759,0.996528888251098,0.885201546869686,0.983900957848265,0.997478906605894,0.928745525774239,0.97517439999094,0.965804590634771,0.923512213140624,0.995081391685826,0.960320336041811,0.982221080053203,0.996085761719513,0.998683793282545,0.976685634216179,0.978555314132977,0.938143696662328,0.996056409445083,0.963216250601429,0.97724390306608,0.954739784191995,0.998970264596742,0.952077270773308,0.992109962493338,0.975917363229893,0.9025775988184,0.951672698870617,0.94402267472142,0.986806893068096,0.964532859212253,0.94148353720525,0.949834151631593,0.985173568784816,0.931674871278248,0.964396295913302,0.886331307745237,0.933259503902988,0.970614502841745,0.993970179336778,0.870499773154198,0.973207579465988,0.840153218859902,0.954023069447702,0.945483376041767,0.954227852485463,0.971251292388804,0.95802478183232,0.914715753127811
"STAT4",0.762120669459485,0.968874253915234,0.971526457725809,0.983774077572445,0.998319527308872,0.933439517082926,0.810744104214257,0.998292367356908,0.976930707452956,0.954512956367804,0.938914919831167,0.975235355625904,0.980506435770751,0.934643703415075,0.942389297290246,0.96215104919054,0.997272812818238,0.998639242440547,0.948927440738968,0.998421485275758,0.975482995507963,0.931033080535841,0.973559804881182,0.980786152383397,0.836191600437098,0.990493080399305,0.980834615795287,0.959808915301429,0.928887395826281,0.841205302403252,0.772702740950634,0.838485487071082,0.980562724064892,0.99615493334242,0.888178304564739,0.991237601716542,0.935962820726468,0.998127576533532,0.999887196381578,0.758937823047737,0.993588626105459,0.970818707872194,0.993367280437115,0.99119756297759,0.738722399407568,0.949062912132171,0.811581356649934,0.997478906605894,0.947212818415383,0.96436603230237,0.994357167008356,0.945582967028999,0.95479462404059,0.970894827344724,0.991358604564773,0.996085761719513,0.916822185470147,0.976685634216179,0.978555314132977,0.996428597172252,0.971571810751424,0.889970959038161,0.966210075217479,0.954739784191995,0.854025656123047,0.952496907739926,0.992109962493338,0.848433879162466,0.9025775988184,0.645193732401178,0.94402267472142,0.986806893068096,0.964532859212253,0.928506892195057,0.518169816444635,0.985173568784816,0.931674871278248,0.990665790042637,0.931545483290691,0.933259503902988,0.935213679077026,0.990997059463523,0.950644212013689,0.959083382291386,0.935785463534243,0.912119180534333,0.945483376041767,0.973058766890347,0.971251292388804,0.874120541377799,0.778758992638128
"STAT6",0.931996871726554,0.961065432207951,0.985919888765208,0.983774077572445,0.998319527308872,0.954749889671411,0.955623782321246,0.987308621569904,0.976930707452956,0.954512956367804,0.964401247496312,0.975235355625904,0.756468486436773,0.683786376274176,0.959732207192937,0.940539465089027,0.998668503022334,0.998639242440547,0.975434050686408,0.991408966863247,0.975482995507963,0.884802332712946,0.981838187256346,0.901704687457951,0.964879405054553,0.956359620732734,0.990520067982925,0.885845880133532,0.945835021389558,0.936721596536018,0.756971417132723,0.573635554793363,0.980562724064892,0.709247310611014,0.956757475206165,0.991237601716542,0.943029149947453,0.904045938776657,0.999887196381578,0.758937823047737,0.993588626105459,0.9535953201238,0.843928208654408,0.99119756297759,0.884750497022849,0.994095603899328,0.884394198790692,0.997478906605894,0.999040364571754,0.96436603230237,0.809366973071738,0.668651689250152,0.936377273220026,0.970265834397943,0.955335477942671,0.996085761719513,0.834749539705284,0.988027463080552,0.680554444218391,0.986451475014829,0.851226660350583,0.963216250601429,0.97724390306608,0.954739784191995,0.898678410216416,0.952077270773308,0.992109962493338,0.990650040209574,0.973563037192072,0.74907758693913,0.970138467285565,0.989645442140378,0.964532859212253,0.998393770093597,0.949834151631593,0.991158450956452,0.923941018121247,0.34225309831007,0.993561520345233,0.967911909226334,0.87799925377272,0.993970179336778,0.870499773154198,0.98263469230802,0.941320063051418,0.904905589572621,0.945483376041767,0.999763789658595,0.971251292388804,0.880357036604249,0.993967185775731
"STF1",0.729065346839458,0.961065432207951,0.975365362911486,0.915989013136221,0.998319527308872,0.992532663422087,0.916118752971398,0.902416228576168,0.976930707452956,0.954512956367804,0.863756033144992,0.972276841464726,0.980506435770751,0.907043073162676,0.942389297290246,0.970550758762389,0.998668503022334,0.998639242440547,0.975434050686408,0.998421485275758,0.975482995507963,0.884075090573165,0.997783194001173,0.980786152383397,0.992250844993649,0.990493080399305,0.906566053743698,0.959808915301429,0.990103476844994,0.979152037514351,0.992652476143648,0.838485487071082,0.980562724064892,0.942629294217034,0.937021382021245,0.991237601716542,0.943029149947453,0.94315767336683,0.999887196381578,0.958696583469084,0.993588626105459,0.963295601475685,0.989037605769107,0.99119756297759,0.996528888251098,0.885201546869686,0.811581356649934,0.997478906605894,0.95592819418516,0.951923563100258,0.48924747854521,0.98708911041045,0.95479462404059,0.960320336041811,0.674592231925545,0.996085761719513,0.998683793282545,0.983458871596561,0.978555314132977,0.942609001669104,0.7934775747221,0.963216250601429,0.97724390306608,0.954739784191995,0.907998527540472,0.952077270773308,0.909867377144015,0.990650040209574,0.9025775988184,0.74907758693913,0.94402267472142,0.986806893068096,0.964532859212253,0.928506892195057,0.949834151631593,0.634804489397281,0.939632120182356,0.893525398131156,0.96558499862482,0.933259503902988,0.891379438159289,0.954494057990303,0.885545739646578,0.816299573735685,0.840153218859902,0.912119180534333,0.945483376041767,0.901425209958275,0.981388180516773,0.874120541377799,0.993967185775731
"SUH",0.917184045183252,0.962742996806811,0.99382490519614,0.983774077572445,0.998319527308872,0.954749889671411,0.847938648137326,0.902416228576168,0.9855508281129,0.995687669087858,0.874402376643722,0.972276841464726,0.980506435770751,0.907043073162676,0.959732207192937,0.940439131737622,0.998668503022334,0.998639242440547,0.986752283231202,0.96769992549932,0.975482995507963,0.884075090573165,0.960662535624259,0.981652966317047,0.964879405054553,0.990493080399305,0.980834615795287,0.959808915301429,0.928887395826281,0.969592737093255,0.772702740950634,0.560995277990951,0.980562724064892,0.958246351490468,0.937021382021245,0.991237601716542,0.978094982276685,0.956659263865522,0.999887196381578,0.906180851759215,0.993588626105459,0.9535953201238,0.930997201865433,0.99119756297759,0.915332018199705,0.97793223012856,0.927277775744472,0.997478906605894,0.928745525774239,0.940521476455706,0.931260756269552,0.98708911041045,0.936377273220026,0.834413693896078,0.991358604564773,0.996085761719513,0.998683793282545,0.976685634216179,0.868318296304331,0.938143696662328,0.851226660350583,0.884195674394059,0.961833238464015,0.929731399552935,0.854025656123047,0.952077270773308,0.995933846518657,0.842800838256176,0.9025775988184,0.951672698870617,0.989819211760037,0.879191598416081,0.964532859212253,0.981642528071131,0.981825957397777,0.985173568784816,0.923941018121247,0.996520561010078,0.89505597481783,0.945105210972307,0.87799925377272,0.954494057990303,0.870499773154198,0.973207579465988,0.935785463534243,0.912119180534333,0.945483376041767,0.973058766890347,0.971251292388804,0.874120541377799,0.993967185775731
"TAF1",0.729065346839458,0.968874253915234,0.959021771390746,0.951112408185512,0.998319527308872,0.954749889671411,0.916118752971398,0.998292367356908,0.976930707452956,0.995687669087858,0.863756033144992,0.998551065984818,0.997127219120691,0.969070205119988,0.968999317483491,0.965947230666248,0.997272812818238,0.998639242440547,0.999125409875023,0.998421485275758,0.975482995507963,0.992646408147786,0.997783194001173,0.980786152383397,0.964879405054553,0.990493080399305,0.98801073195468,0.803764406248369,0.990103476844994,0.969592737093255,0.992652476143648,0.919935812981096,0.980562724064892,0.99615493334242,0.956757475206165,0.991237601716542,0.968988258545989,0.869681779976815,0.999887196381578,0.906180851759215,0.993588626105459,0.964382358759376,0.938682474591716,0.99119756297759,0.996528888251098,0.949062912132171,0.929182929309688,0.997478906605894,0.928745525774239,0.969186124250406,0.941557417121562,0.923512213140624,0.968507015321155,0.960320336041811,0.988132227297289,0.996085761719513,0.954499334942951,0.976685634216179,0.978555314132977,0.996506880785824,0.861955164586386,0.893319964003525,0.895226956021224,0.847850658021187,0.854025656123047,0.952077270773308,0.992109962493338,0.990650040209574,0.9025775988184,0.951672698870617,0.932413904783055,0.986806893068096,0.990143410678442,0.981642528071131,0.968709977104107,0.985173568784816,0.931674871278248,0.996520561010078,0.995600786082253,0.933259503902988,0.87799925377272,0.993970179336778,0.919085221824179,0.973207579465988,0.935785463534243,0.993968844467663,0.945483376041767,0.973058766890347,0.961631718091298,0.874120541377799,0.993967185775731
"TBP",0.874688989440283,0.968874253915234,0.975365362911486,0.915989013136221,0.998319527308872,0.954749889671411,0.910919872314212,0.998292367356908,0.976930707452956,0.954512956367804,0.964401247496312,0.972276841464726,0.756468486436773,0.937052407878875,0.811298803654731,0.99456690688389,0.967454862896924,0.998639242440547,0.948927440738968,0.998421485275758,0.457158764769924,0.99559573285601,0.981838187256346,0.883979953604186,0.960811558696372,0.990493080399305,0.990520067982925,0.959808915301429,0.928887395826281,0.969592737093255,0.992652476143648,0.997096176803397,0.980562724064892,0.99615493334242,0.623011108987173,0.991237601716542,0.935962820726468,0.904045938776657,0.999887196381578,0.982000920405465,0.993588626105459,0.963295601475685,0.969780524819695,0.99119756297759,0.996528888251098,0.949062912132171,0.884394198790692,0.997478906605894,0.95592819418516,0.880780933826257,0.881060417792044,0.954080617447691,0.936377273220026,0.934119311641609,0.991358604564773,0.996085761719513,0.916822185470147,0.683403834482325,0.798770615195351,0.643575904737912,0.851226660350583,0.950474526408072,0.846853026075025,0.954739784191995,0.895693152501458,0.981323321685051,0.992109962493338,0.525396017840157,0.45027299019347,0.979938646229577,0.964558495319385,0.986806893068096,0.964532859212253,0.989909849484362,0.950688334393641,0.995220960631119,0.913355074788847,0.964396295913302,0.965497453598366,0.933259503902988,0.905306666914241,0.990997059463523,0.229471500354733,0.973207579465988,0.941320063051418,0.912119180534333,0.917711152532526,0.973058766890347,0.974342515378431,0.986374246522999,0.993967185775731
"TBX21",0.923480529281357,0.962742996806811,0.999131895216249,0.994697482161095,0.998319527308872,0.954749889671411,0.910919872314212,0.902416228576168,0.976930707452956,0.96971992584554,0.784810657449294,0.972276841464726,0.966673966954228,0.937052407878875,0.942958473993412,0.965947230666248,0.805573307891966,0.998639242440547,0.999101832770982,0.998421485275758,0.975482995507963,0.884075090573165,0.997783194001173,0.994633603680708,0.836191600437098,0.990493080399305,0.906566053743698,0.959808915301429,0.945835021389558,0.808354188485136,0.992652476143648,0.919935812981096,0.980562724064892,0.709247310611014,0.888178304564739,0.991237601716542,0.935962820726468,0.904045938776657,0.999887196381578,0.758937823047737,0.993588626105459,0.963295601475685,0.938682474591716,0.923226158269343,0.978801787728146,0.885201546869686,0.884394198790692,0.997478906605894,0.984255587624475,0.951923563100258,0.985275996677766,0.98708911041045,0.936377273220026,0.970894827344724,0.969725533251749,0.996085761719513,0.96253654682886,0.977889426055397,0.978555314132977,0.938143696662328,0.794292333156533,0.994628098046915,0.895226956021224,0.847850658021187,0.934718755752087,0.952496907739926,0.779603595410566,0.990650040209574,0.973563037192072,0.971923764934727,0.94402267472142,0.965683382068298,0.964532859212253,0.998393770093597,0.981825957397777,0.885251272287915,0.923941018121247,0.930472217446233,0.953023358147415,0.881950231424541,0.891379438159289,0.993970179336778,0.845703132133043,0.973207579465988,0.935785463534243,0.912119180534333,0.945483376041767,0.901425209958275,0.971251292388804,0.874120541377799,0.993967185775731
"TBX3",0.894882127398475,0.944647110433393,0.971526457725809,0.915989013136221,0.998319527308872,0.933439517082926,0.910919872314212,0.990047692600524,0.976930707452956,0.971011250735235,0.983985913711431,0.997198736398498,0.756468486436773,0.661990400137998,0.949625871439466,0.940439131737622,0.998668503022334,0.998639242440547,0.986752283231202,0.892231314078346,0.975482995507963,0.992646408147786,0.973559804881182,0.980786152383397,0.992250844993649,0.990493080399305,0.981895726737833,0.959808915301429,0.928887395826281,0.936721596536018,0.992652476143648,0.838485487071082,0.987086932384167,0.942629294217034,0.956757475206165,0.845059843521528,0.973625341825074,0.940680131873552,0.999887196381578,0.812373997858442,0.993588626105459,0.970818707872194,0.930997201865433,0.99119756297759,0.996528888251098,0.97793223012856,0.811581356649934,0.997478906605894,0.984255587624475,0.981060716207347,0.965804590634771,0.98708911041045,0.934307896829416,0.981489012351345,0.899021152357847,0.996085761719513,0.806462524166835,0.988027463080552,0.982331748734736,0.709859463090088,0.879781621866749,0.870688930717109,0.97724390306608,0.954739784191995,0.854025656123047,0.952496907739926,0.992109962493338,0.990650040209574,0.973563037192072,0.74907758693913,0.985214390686999,0.99329343960086,0.973782149638582,0.886248022025853,0.949834151631593,0.517783750001203,0.945013044261782,0.859499205060375,0.953023358147415,0.949791581459001,0.935213679077026,0.954494057990303,0.950644212013689,0.666474844268908,0.941320063051418,0.9795996122326,0.945483376041767,0.935852422099588,0.971251292388804,0.993654354656766,0.972483365649118
"TCF7",0.99757958929101,0.986503692918196,0.975365362911486,0.983774077572445,0.998319527308872,0.999892596519578,0.942805108163855,0.902416228576168,0.976930707452956,0.990812737192087,0.996891882588112,0.998551065984818,0.980506435770751,0.937052407878875,0.935646614506007,0.970550758762389,0.976152417641109,0.998639242440547,0.998713094937798,0.998421485275758,0.457158764769924,0.884075090573165,0.997783194001173,0.980786152383397,0.992250844993649,0.990493080399305,0.981895726737833,0.959808915301429,0.998368858530976,0.969592737093255,0.95179481040225,0.917864017200976,0.980562724064892,0.99615493334242,0.68592901663148,0.991237601716542,0.968988258545989,0.956659263865522,0.999887196381578,0.841892108295245,0.993588626105459,0.918987086601581,0.969780524819695,0.99119756297759,0.811044656073672,0.942027340351786,0.983900957848265,0.997478906605894,0.947212818415383,0.966579497680105,0.994357167008356,0.962174064491194,0.934307896829416,0.812513839912733,0.701476386270834,0.996085761719513,0.910750783292486,0.976685634216179,0.612323973245608,0.996506880785824,0.763327025765215,0.884195674394059,0.97724390306608,0.954739784191995,0.907998527540472,0.965546458424752,0.992109962493338,0.810431069706608,0.9025775988184,0.951672698870617,0.94402267472142,0.986806893068096,0.964532859212253,0.576550381391269,0.949834151631593,0.985173568784816,0.923941018121247,0.986871266164964,0.953023358147415,0.945105210972307,0.903223664312184,0.954494057990303,0.950644212013689,0.973207579465988,0.941320063051418,0.954023069447702,0.945483376041767,0.930468263337677,0.825164912129565,0.968339028414112,0.998751846106129
"TF65",0.729065346839458,0.961065432207951,0.959021771390746,0.983774077572445,0.998319527308872,0.933439517082926,0.721228307194194,0.902416228576168,0.976930707452956,0.954512956367804,0.964401247496312,0.972276841464726,0.950965392777313,0.937052407878875,0.949625871439466,0.970550758762389,0.997272812818238,0.998639242440547,0.673610838640325,0.998421485275758,0.975482995507963,0.998173823810797,0.973559804881182,0.980786152383397,0.907751143067425,0.990493080399305,0.906566053743698,0.959808915301429,0.950812377932423,0.936721596536018,0.92054262672834,0.838485487071082,0.980562724064892,0.994066282272469,0.937021382021245,0.991237601716542,0.973997699428872,0.940680131873552,0.999887196381578,0.946635769445822,0.993588626105459,0.963295601475685,0.931296066941613,0.99119756297759,0.838431477721617,0.994095603899328,0.983900957848265,0.997478906605894,0.808697527771283,0.96436603230237,0.931260756269552,0.482284597040152,0.995081391685826,0.913495090189095,0.991358604564773,0.996085761719513,0.998683793282545,0.988027463080552,0.868318296304331,0.996506880785824,0.794292333156533,0.994628098046915,0.97724390306608,0.968430211924096,0.934718755752087,0.952496907739926,0.992109962493338,0.983355785384161,0.940606238967185,0.74907758693913,0.94402267472142,0.986806893068096,0.964532859212253,0.989909849484362,0.949834151631593,0.985173568784816,0.664136892040088,0.859499205060375,0.993561520345233,0.933259503902988,0.362450080400403,0.954494057990303,0.996299790263499,0.990104711913105,0.943883536706066,0.954023069447702,0.947571368460933,0.973058766890347,0.971251292388804,0.967786251029881,0.993967185775731
"TFAP4",0.644160310102056,0.996669959769871,0.985919888765208,0.983774077572445,0.998319527308872,0.933439517082926,0.990118225555041,0.998292367356908,0.976930707452956,0.995687669087858,0.964401247496312,0.972276841464726,0.756468486436773,0.937052407878875,0.959732207192937,0.992737884967967,0.884210394262451,0.998639242440547,0.998713094937798,0.998421485275758,0.975482995507963,0.884075090573165,0.997783194001173,0.883979953604186,0.992250844993649,0.990493080399305,0.981895726737833,0.959808915301429,0.990103476844994,0.937621465124519,0.992652476143648,0.949164167323516,0.980562724064892,0.942629294217034,0.907907042578034,0.991237601716542,0.943029149947453,0.940680131873552,0.999887196381578,0.758937823047737,0.993588626105459,0.963295601475685,0.938682474591716,0.99119756297759,0.781532282085539,0.886819398259701,0.983900957848265,0.997478906605894,0.631890792105359,0.880780933826257,0.881060417792044,0.945582967028999,0.995081391685826,0.960320336041811,0.988132227297289,0.996085761719513,0.806462524166835,0.983458871596561,0.980153584045909,0.709859463090088,0.851226660350583,0.954887585474691,0.422359824212993,0.929731399552935,0.998970264596742,0.952496907739926,0.992109962493338,0.990650040209574,0.401916958444848,0.966719330750891,0.94402267472142,0.986806893068096,0.964532859212253,0.998393770093597,0.949834151631593,0.653408681768911,0.923941018121247,0.990665790042637,0.931545483290691,0.875599343217204,0.905306666914241,0.962475680536054,0.68877743953635,0.990104711913105,0.941320063051418,0.993968844467663,0.947571368460933,0.901425209958275,0.971251292388804,0.880357036604249,0.993967185775731
"TFEB",0.729065346839458,0.962742996806811,0.975365362911486,0.915989013136221,0.998319527308872,0.933439517082926,0.987204069944017,0.902416228576168,0.976930707452956,0.990812737192087,0.874402376643722,0.975235355625904,0.990374254631426,0.937052407878875,0.949625871439466,0.965947230666248,0.997272812818238,0.998639242440547,0.986752283231202,0.998421485275758,0.831446971267063,0.884075090573165,0.787711089280136,0.980786152383397,0.836191600437098,0.990493080399305,0.990520067982925,0.998960719390326,0.950812377932423,0.839828651498444,0.992652476143648,0.667459036309898,0.980562724064892,0.986873650572747,0.956757475206165,0.991237601716542,0.96820829935326,0.904045938776657,0.999887196381578,0.946635769445822,0.993588626105459,0.963295601475685,0.969296896879889,0.99119756297759,0.930051131102215,0.949062912132171,0.999801279258508,0.997478906605894,0.972659475218937,0.951923563100258,0.931260756269552,0.98708911041045,0.995081391685826,0.976624533056894,0.991358604564773,0.996085761719513,0.954499334942951,0.983458871596561,0.868318296304331,0.938143696662328,0.960247030684646,0.950474526408072,0.961833238464015,0.917542653420734,0.854025656123047,0.952496907739926,0.992109962493338,0.990650040209574,0.973563037192072,0.74907758693913,0.989819211760037,0.879191598416081,0.964532859212253,0.928506892195057,0.949834151631593,0.985173568784816,0.939632120182356,0.930472217446233,0.89505597481783,0.933259503902988,0.935213679077026,0.954494057990303,0.845703132133043,0.73008969009499,0.935785463534243,0.275663980870233,0.945483376041767,0.901425209958275,0.981388180516773,0.968339028414112,0.914715753127811
"TGIF1",0.919513496782568,0.968874253915234,0.971526457725809,0.983774077572445,0.998319527308872,0.933439517082926,0.916118752971398,0.998292367356908,0.976930707452956,0.990812737192087,0.839058079730742,0.972276841464726,0.990374254631426,0.937052407878875,0.959732207192937,0.970550758762389,0.997272812818238,0.998639242440547,0.986752283231202,0.966938912987977,0.457158764769924,0.884075090573165,0.973559804881182,0.901704687457951,0.964879405054553,0.990493080399305,0.98801073195468,0.959808915301429,0.928887395826281,0.808354188485136,0.992652476143648,0.774072052150048,0.980562724064892,0.994066282272469,0.956757475206165,0.991237601716542,0.968988258545989,0.904045938776657,0.999887196381578,0.889533348486002,0.993588626105459,0.989573935209556,0.969780524819695,0.99119756297759,0.811044656073672,0.972038383557356,0.983900957848265,0.997478906605894,0.932351173132548,0.951923563100258,0.881060417792044,0.98708911041045,0.936377273220026,0.960320336041811,0.991358604564773,0.996085761719513,0.806462524166835,0.983458871596561,0.978555314132977,0.996506880785824,0.65862484963555,0.963216250601429,0.961833238464015,0.847850658021187,0.96153864485256,0.952496907739926,0.992109962493338,0.554643826706007,0.907622327630644,0.951672698870617,0.94402267472142,0.986806893068096,0.964532859212253,0.989909849484362,0.981825957397777,0.985173568784816,0.664136892040088,0.922902570414541,0.965497453598366,0.967911909226334,0.87799925377272,0.954494057990303,0.950644212013689,0.73008969009499,0.959546774264781,0.912119180534333,0.945483376041767,0.901425209958275,0.971251292388804,0.958896843275613,0.993967185775731
"THAP1",0.964563139397794,0.986503692918196,0.98132615369246,0.951112408185512,0.998319527308872,0.933439517082926,0.916118752971398,0.902416228576168,0.976930707452956,0.954512956367804,0.839058079730742,0.972276841464726,0.756468486436773,0.937052407878875,0.934838969707957,0.96215104919054,0.998668503022334,0.998639242440547,0.986752283231202,0.998421485275758,0.975482995507963,0.884075090573165,0.998301843574047,0.980786152383397,0.960811558696372,0.990493080399305,0.980834615795287,0.959808915301429,0.958266784881081,0.969592737093255,0.772702740950634,0.723950322395886,0.980562724064892,0.958246351490468,0.95516430676492,0.991237601716542,0.935962820726468,0.93009025639254,0.999887196381578,0.946635769445822,0.993588626105459,0.81475668807778,0.930997201865433,0.99119756297759,0.777704431024139,0.949062912132171,0.850293074815783,0.997478906605894,0.947212818415383,0.979140057169766,0.931260756269552,0.945582967028999,0.936377273220026,0.960320336041811,0.991358604564773,0.996085761719513,0.932953817931914,0.976685634216179,0.978555314132977,0.938143696662328,0.851226660350583,0.884195674394059,0.980136065287699,0.954739784191995,0.998970264596742,0.952077270773308,0.992109962493338,0.983355785384161,0.973563037192072,0.951672698870617,0.932413904783055,0.986806893068096,0.964532859212253,0.989909849484362,0.953904974423213,0.985173568784816,0.923941018121247,0.859499205060375,0.954202782626039,0.945105210972307,0.687723493674838,0.990997059463523,0.519295539818913,0.853538493292037,0.993501054379702,0.912119180534333,0.945483376041767,0.973058766890347,0.981388180516773,0.874120541377799,0.993967185775731
"THRA",0.946865866806518,0.307397186229042,0.959021771390746,0.983774077572445,0.998319527308872,0.933439517082926,0.942805108163855,0.979122930710761,0.976930707452956,0.971011250735235,0.784810657449294,0.975235355625904,0.756468486436773,0.937052407878875,0.975981680838733,0.965947230666248,0.775503496081845,0.998639242440547,0.747756641066621,0.966938912987977,0.975482995507963,0.884802332712946,0.997783194001173,0.980786152383397,0.992250844993649,0.990493080399305,0.906566053743698,0.959808915301429,0.990103476844994,0.969592737093255,0.992652476143648,0.917864017200976,0.980562724064892,0.942629294217034,0.949003478119608,0.909483095087532,0.604372510918692,0.865600233159813,0.999887196381578,0.946635769445822,0.993588626105459,0.890361241897803,0.969296896879889,0.99119756297759,0.811044656073672,0.885201546869686,0.983900957848265,0.997478906605894,0.808697527771283,0.951923563100258,0.965804590634771,0.758420544025449,0.934307896829416,0.970894827344724,0.955335477942671,0.996085761719513,0.998683793282545,0.976685634216179,0.787671585457926,0.954653914809332,0.592313208128571,0.884195674394059,0.895226956021224,0.873565434890899,0.895693152501458,0.952077270773308,0.992109962493338,0.990650040209574,0.973563037192072,0.951672698870617,0.958996553046271,0.986806893068096,0.964532859212253,0.576550381391269,0.953904974423213,0.657887911154676,0.939632120182356,0.928536496937766,0.993561520345233,0.881950231424541,0.87799925377272,0.993970179336778,0.974758762903785,0.752865189997538,0.941320063051418,0.970254967035973,0.945483376041767,0.930468263337677,0.983436914994034,0.968339028414112,0.993967185775731
"THRB",0.762120669459485,0.961065432207951,0.977846130737812,0.983774077572445,0.998319527308872,0.954749889671411,0.916118752971398,0.998292367356908,0.976930707452956,0.990812737192087,0.938914919831167,0.972276841464726,0.980506435770751,0.937052407878875,0.942958473993412,0.965947230666248,0.83944339651732,0.998639242440547,0.948927440738968,0.998421485275758,0.975482995507963,0.884075090573165,0.985881031261591,0.980786152383397,0.907751143067425,0.990493080399305,0.990520067982925,0.959808915301429,0.973264019504306,0.936721596536018,0.841922519564032,0.997096176803397,0.980562724064892,0.994066282272469,0.937021382021245,0.991237601716542,0.935962820726468,0.904045938776657,0.999887196381578,0.906180851759215,0.993588626105459,0.964382358759376,0.882451664633732,0.99119756297759,0.817763922380347,0.949062912132171,0.983900957848265,0.997478906605894,0.778858297997223,0.900962762581555,0.931260756269552,0.511892681123024,0.934307896829416,0.970894827344724,0.982221080053203,0.996085761719513,0.998683793282545,0.988027463080552,0.978555314132977,0.996506880785824,0.851226660350583,0.943583224818914,0.961833238464015,0.929731399552935,0.927586517391255,0.952077270773308,0.992109962493338,0.92983810790821,0.9025775988184,0.979938646229577,0.94402267472142,0.759694570606784,0.964532859212253,0.928506892195057,0.981825957397777,0.985173568784816,0.931674871278248,0.952906430332378,0.931545483290691,0.875599343217204,0.87799925377272,0.954494057990303,0.996299790263499,0.973207579465988,0.987224588501312,0.993968844467663,0.945718664909129,0.999763789658595,0.971251292388804,0.951843251607674,0.907279388773847
"TWIST1",0.720643184314902,0.986503692918196,0.971526457725809,0.915989013136221,0.998319527308872,0.954749889671411,0.987204069944017,0.998292367356908,0.976930707452956,0.96971992584554,0.964401247496312,0.972276841464726,0.756468486436773,0.845934366513384,0.942958473993412,0.940439131737622,0.997272812818238,0.998639242440547,0.948927440738968,0.520387546683587,0.831446971267063,0.999255709923347,0.997783194001173,0.980786152383397,0.836191600437098,0.990493080399305,0.980834615795287,0.959808915301429,0.990103476844994,0.978145659799326,0.946192051525054,0.917864017200976,0.980562724064892,0.942629294217034,0.888178304564739,0.991237601716542,0.96820829935326,0.998127576533532,0.999887196381578,0.948048598487354,0.993588626105459,0.963295601475685,0.970088821124958,0.99119756297759,0.930051131102215,0.885201546869686,0.999801279258508,0.997478906605894,0.928745525774239,0.951923563100258,0.881060417792044,0.0659875426904025,0.934307896829416,0.834413693896078,0.982221080053203,0.996085761719513,0.920511202938377,0.976685634216179,0.714720675359773,0.958331996735858,0.7934775747221,0.884195674394059,0.980136065287699,0.847850658021187,0.927586517391255,0.959331443641097,0.992109962493338,0.980019811552253,0.973563037192072,0.74907758693913,0.94402267472142,0.986806893068096,0.964532859212253,0.576550381391269,0.949834151631593,0.709975600942608,0.51238746708504,0.983079461020787,0.931545483290691,0.875599343217204,0.87799925377272,0.962475680536054,0.996299790263499,0.973207579465988,0.935785463534243,0.986510793991887,0.949499324576348,0.260806812458155,0.981388180516773,0.874120541377799,0.982764790152111
"TYY1",0.99757958929101,0.968874253915234,0.985919888765208,0.948321839378279,0.998319527308872,0.933439517082926,0.954020671542733,0.902416228576168,0.976930707452956,0.954512956367804,0.983104370120465,0.975235355625904,0.964444813827772,0.907043073162676,0.934838969707957,0.970550758762389,0.805573307891966,0.998639242440547,0.986752283231202,0.966938912987977,0.975482995507963,0.992646408147786,0.998301843574047,0.980786152383397,0.96299621629117,0.990493080399305,0.906566053743698,0.998960719390326,0.98989425493011,0.969592737093255,0.772702740950634,0.560995277990951,0.980562724064892,0.994066282272469,0.68592901663148,0.991237601716542,0.968988258545989,0.605197085558218,0.999887196381578,0.963292592353542,0.993588626105459,0.873751368704164,0.993367280437115,0.99119756297759,0.811044656073672,0.949062912132171,0.811581356649934,0.997478906605894,0.637694524190435,0.951923563100258,0.931260756269552,0.96132386589249,0.995081391685826,0.979037940299832,0.674592231925545,0.996085761719513,0.806462524166835,0.976685634216179,0.857376287771275,0.996506880785824,0.971571810751424,0.943583224818914,0.961833238464015,0.929731399552935,0.927586517391255,0.959331443641097,0.992109962493338,0.510872007787668,0.994061381770324,0.979938646229577,0.932413904783055,0.986806893068096,0.964532859212253,0.989909849484362,0.981825957397777,0.985173568784816,0.9979591136976,0.859499205060375,0.967896330212715,0.933259503902988,0.87799925377272,0.954494057990303,0.919052334754677,0.946390303965391,0.840153218859902,0.912119180534333,0.945483376041767,0.901425209958275,0.971251292388804,0.963682549054992,0.982764790152111
"VDR",0.917184045183252,0.962742996806811,0.959021771390746,0.983774077572445,0.998319527308872,0.933439517082926,0.987204069944017,0.998292367356908,0.9855508281129,0.990812737192087,0.839058079730742,0.972276841464726,0.872374224232796,0.87137411459944,0.942389297290246,0.965947230666248,0.967454862896924,0.998639242440547,0.986752283231202,0.998421485275758,0.975482995507963,0.884075090573165,0.998301843574047,0.980786152383397,0.992250844993649,0.990493080399305,0.906566053743698,0.959808915301429,0.928887395826281,0.808354188485136,0.962985444102706,0.917864017200976,0.980562724064892,0.99615493334242,0.888178304564739,0.991237601716542,0.935962820726468,0.940680131873552,0.999887196381578,0.812373997858442,0.993588626105459,0.697327720739358,0.930997201865433,0.99119756297759,0.811044656073672,0.94498242748169,0.983900957848265,0.997478906605894,0.984925236204313,0.951923563100258,0.99174285822263,0.758420544025449,0.936377273220026,0.934119311641609,0.955335477942671,0.996085761719513,0.998683793282545,0.983458871596561,0.714720675359773,0.996506880785824,0.592313208128571,0.994628098046915,0.980519998366297,0.967954803717563,0.898678410216416,0.952496907739926,0.992109962493338,0.746803250269898,0.907622327630644,0.979938646229577,0.932413904783055,0.986806893068096,0.964532859212253,0.989909849484362,0.975951070065929,0.985173568784816,0.944631995523093,0.950674111697099,0.993561520345233,0.910221685899967,0.909797880808715,0.477642625605349,0.919014291712795,0.959083382291386,0.935785463534243,0.9795996122326,0.945483376041767,0.954227852485463,0.974363072624159,0.95802478183232,0.993967185775731
"Z324A",0.99757958929101,0.968874253915234,0.971526457725809,0.915989013136221,0.998319527308872,0.933439517082926,0.68419245288876,0.902416228576168,0.976930707452956,0.995687669087858,0.834967755879572,0.972276841464726,0.756468486436773,0.937052407878875,0.975981680838733,0.990287875945372,0.804199631329807,0.998639242440547,0.986752283231202,0.962979662454316,0.975482995507963,0.884075090573165,0.960662535624259,0.980786152383397,0.992250844993649,0.990493080399305,0.906566053743698,0.998960719390326,0.928887395826281,0.979152037514351,0.946582418345737,0.911569158645666,0.980562724064892,0.942629294217034,0.888178304564739,0.991237601716542,0.968988258545989,0.758093463110401,0.999887196381578,0.758937823047737,0.993588626105459,0.963295601475685,0.969296896879889,0.99119756297759,0.824479137316858,0.949062912132171,0.998040655695857,0.997478906605894,0.95592819418516,0.900962762581555,0.931260756269552,0.545693487662378,0.936377273220026,0.970894827344724,0.969725533251749,0.996085761719513,0.932953817931914,0.976685634216179,0.798770615195351,0.942609001669104,0.874592906533343,0.943583224818914,0.850021814703896,0.968430211924096,0.934718755752087,0.981323321685051,0.992109962493338,0.990650040209574,0.9025775988184,0.961214170728836,0.94402267472142,0.986806893068096,0.964532859212253,0.989909849484362,0.981825957397777,0.985173568784816,0.664136892040088,0.996520561010078,0.974284932372043,0.954695623715969,0.87799925377272,0.954494057990303,0.845703132133043,0.973207579465988,0.935785463534243,0.912119180534333,0.945483376041767,0.930468263337677,0.981388180516773,0.95802478183232,0.914715753127811
"Z354A",0.946512061638281,0.961065432207951,0.971526457725809,0.983774077572445,0.998319527308872,0.933439517082926,0.942805108163855,0.990047692600524,0.976930707452956,0.990812737192087,0.784810657449294,0.975235355625904,0.997127219120691,0.953997925976775,0.934838969707957,0.992944210626672,0.998668503022334,0.998639242440547,0.96996321251556,0.998421485275758,0.975482995507963,0.884802332712946,0.973559804881182,0.980786152383397,0.960811558696372,0.990493080399305,0.906566053743698,0.959808915301429,0.973264019504306,0.808354188485136,0.946192051525054,0.906559204050146,0.980562724064892,0.942629294217034,0.894570629540887,0.991237601716542,0.96820829935326,0.940680131873552,0.999887196381578,0.91840511177067,0.993588626105459,0.916486375048868,0.969780524819695,0.99119756297759,0.811044656073672,0.949062912132171,0.983900957848265,0.997478906605894,0.947212818415383,0.966579497680105,0.965804590634771,0.0999022713619223,0.936377273220026,0.970894827344724,0.969725533251749,0.996085761719513,0.884451582912626,0.976685634216179,0.473127016397629,0.996506880785824,0.954865606625044,0.893319964003525,0.854438021603024,0.954739784191995,0.934718755752087,0.543880047713174,0.992109962493338,0.92983810790821,0.973563037192072,0.951672698870617,0.94402267472142,0.986806893068096,0.964532859212253,0.989909849484362,0.953904974423213,0.985173568784816,0.931674871278248,0.859499205060375,0.953023358147415,0.965382337497893,0.974353354183977,0.954494057990303,0.950644212013689,0.973207579465988,0.982706712880728,0.993968844467663,0.945483376041767,0.970952655938109,0.971251292388804,0.874120541377799,0.993967185775731
"ZBT14",0.805539691236952,0.982359400379498,0.975365362911486,0.915989013136221,0.998319527308872,0.933439517082926,0.987204069944017,0.968231938663626,0.976930707452956,0.990812737192087,0.996891882588112,0.972276841464726,0.871856696032602,0.974783513003162,0.811298803654731,0.970550758762389,0.967454862896924,0.998639242440547,0.986752283231202,0.998421485275758,0.975482995507963,0.884075090573165,0.997783194001173,0.980786152383397,0.950026493483702,0.990493080399305,0.980834615795287,0.959808915301429,0.990103476844994,0.979152037514351,0.992652476143648,0.928832029380294,0.980562724064892,0.994066282272469,0.95516430676492,0.991237601716542,0.949237450024544,0.99542599259708,0.999887196381578,0.950434686052302,0.993588626105459,0.963295601475685,0.969296896879889,0.99119756297759,0.980866641048928,0.949062912132171,0.884394198790692,0.997478906605894,0.972659475218937,0.951923563100258,0.881060417792044,0.923512213140624,0.995081391685826,0.970894827344724,0.955335477942671,0.996085761719513,0.834749539705284,0.983458871596561,0.990762487512851,0.996428597172252,0.889271199585738,0.963216250601429,0.97724390306608,0.929731399552935,0.96153864485256,0.952077270773308,0.992109962493338,0.746803250269898,0.9025775988184,0.951672698870617,0.990074596930791,0.99329343960086,0.964532859212253,0.998393770093597,0.953904974423213,0.985173568784816,0.923941018121247,0.996520561010078,0.995600786082253,0.910221685899967,0.87799925377272,0.993970179336778,0.89217515129195,0.816299573735685,0.941320063051418,0.986510793991887,0.945483376041767,0.973058766890347,0.971490868201985,0.880357036604249,0.993967185775731
"ZBT18",0.729065346839458,0.986503692918196,0.975365362911486,0.983774077572445,0.998319527308872,0.933439517082926,0.916118752971398,0.987308621569904,0.976930707452956,0.954512956367804,0.938914919831167,0.975235355625904,0.964444813827772,0.937052407878875,0.959732207192937,0.940439131737622,0.775503496081845,0.998639242440547,0.999101832770982,0.966938912987977,0.975482995507963,0.884075090573165,0.985881031261591,0.989840176260475,0.907751143067425,0.990493080399305,0.906566053743698,0.959808915301429,0.928887395826281,0.969592737093255,0.946582418345737,0.997096176803397,0.980562724064892,0.984509687981359,0.937021382021245,0.991237601716542,0.96820829935326,0.904045938776657,0.999887196381578,0.758937823047737,0.993588626105459,0.963295601475685,0.993367280437115,0.99119756297759,0.950704690913783,0.987177023041225,0.811581356649934,0.997478906605894,0.947212818415383,0.96436603230237,0.931260756269552,0.511892681123024,0.936377273220026,0.941251789017937,0.899021152357847,0.996085761719513,0.998683793282545,0.683403834482325,0.978555314132977,0.938143696662328,0.971571810751424,0.884195674394059,0.97724390306608,0.917542653420734,0.998970264596742,0.952496907739926,0.964766846350362,0.975136635969425,0.986792056278787,0.966719330750891,0.94402267472142,0.986806893068096,0.964532859212253,0.989909849484362,0.949834151631593,0.358965928305989,0.693735969782382,0.930472217446233,0.886331307745237,0.910221685899967,0.87799925377272,0.993970179336778,0.98103416513006,0.635748724316921,0.935785463534243,0.585432689922332,0.945483376041767,0.995399118195295,0.971251292388804,0.880357036604249,0.993967185775731
"ZBT48",0.644160310102056,0.968874253915234,0.975365362911486,0.915989013136221,0.998319527308872,0.934554604286021,0.352863054129106,0.998292367356908,0.976930707452956,0.954512956367804,0.839058079730742,0.983058915432107,0.997127219120691,0.907043073162676,0.975981680838733,0.940439131737622,0.83944339651732,0.998639242440547,0.999101832770982,0.96769992549932,0.975482995507963,0.884075090573165,0.992510270650842,0.980786152383397,0.96299621629117,0.990493080399305,0.914807981798671,0.959808915301429,0.945835021389558,0.978771454926475,0.756971417132723,0.917864017200976,0.980562724064892,0.942629294217034,0.959722050352972,0.991237601716542,0.949237450024544,0.869681779976815,0.999887196381578,0.948048598487354,0.993588626105459,0.938332668296185,0.931296066941613,0.99119756297759,0.811044656073672,0.987177023041225,0.929182929309688,0.997478906605894,0.984255587624475,0.921184236288952,0.965804590634771,0.98708911041045,0.936377273220026,0.960320336041811,0.955335477942671,0.996085761719513,0.884451582912626,0.988027463080552,0.982331748734736,0.981888531979626,0.637975766386539,0.963216250601429,0.895226956021224,0.954739784191995,0.927586517391255,0.952077270773308,0.992109962493338,0.990650040209574,0.826118119207367,0.951672698870617,0.93557953139589,0.965683382068298,0.964532859212253,0.928506892195057,0.981825957397777,0.985173568784816,0.923941018121247,0.962161593444317,0.931545483290691,0.955240826098089,0.891379438159289,0.993970179336778,0.950644212013689,0.666474844268908,0.935785463534243,0.912119180534333,0.945483376041767,0.973058766890347,0.971251292388804,0.874120541377799,0.993967185775731
"ZBT7A",0.729065346839458,0.961065432207951,0.971526457725809,0.999348367202855,0.663229445653607,0.933439517082926,0.368831764007133,0.998292367356908,0.976930707452956,0.954512956367804,0.784810657449294,0.975235355625904,0.980506435770751,0.937052407878875,0.959732207192937,0.970550758762389,0.682424604774545,0.998639242440547,0.948927440738968,0.998421485275758,0.975482995507963,0.931033080535841,0.960662535624259,0.883979953604186,0.907751143067425,0.990493080399305,0.980834615795287,0.857029646460062,0.928887395826281,0.969592737093255,0.962985444102706,0.838485487071082,0.980562724064892,0.958246351490468,0.956757475206165,0.991237601716542,0.973139223642444,0.940680131873552,0.999887196381578,0.963650738659163,0.993588626105459,0.963295601475685,0.993367280437115,0.99119756297759,0.996528888251098,0.972038383557356,0.983900957848265,0.997478906605894,0.947212818415383,0.951923563100258,0.881060417792044,0.945582967028999,0.934307896829416,0.834413693896078,0.991358604564773,0.996085761719513,0.998683793282545,0.983458871596561,0.857376287771275,0.996428597172252,0.851226660350583,0.943583224818914,0.926044961178862,0.968430211924096,0.934718755752087,0.952496907739926,0.992109962493338,0.975917363229893,0.997041073702549,0.629999156731234,0.94402267472142,0.986806893068096,0.964532859212253,0.989909849484362,0.981825957397777,0.985173568784816,0.931674871278248,0.962161593444317,0.931545483290691,0.881950231424541,0.87799925377272,0.954494057990303,0.939001450188375,0.816299573735685,0.935785463534243,0.954023069447702,0.945483376041767,0.901425209958275,0.971251292388804,0.874120541377799,0.993967185775731
"ZBTB6",0.644160310102056,0.961065432207951,0.971526457725809,0.999348367202855,0.998319527308872,0.933439517082926,0.916118752971398,0.923222364455622,0.9855508281129,0.954512956367804,0.834967755879572,0.637888807117312,0.835808194137671,0.989922227102859,0.935646614506007,0.940439131737622,0.998668503022334,0.998639242440547,0.990301656281988,0.998421485275758,0.975482995507963,0.884802332712946,0.997783194001173,0.980786152383397,0.907751143067425,0.990493080399305,0.906566053743698,0.959808915301429,0.945835021389558,0.969592737093255,0.992652476143648,0.838485487071082,0.980562724064892,0.942629294217034,0.979691422775627,0.991237601716542,0.943029149947453,0.904045938776657,0.999887196381578,0.844901866446838,0.993588626105459,0.916486375048868,0.938682474591716,0.99119756297759,0.811044656073672,0.949062912132171,0.999801279258508,0.997478906605894,0.984925236204313,0.96436603230237,0.965804590634771,0.923512213140624,0.953134538185427,0.941251789017937,0.991358604564773,0.996085761719513,0.934843186390242,0.983458871596561,0.978555314132977,0.938143696662328,0.929285673042452,0.870688930717109,0.891327738325411,0.954739784191995,0.934718755752087,0.952496907739926,0.992109962493338,0.990650040209574,0.907622327630644,0.951672698870617,0.958996553046271,0.986806893068096,0.964532859212253,0.989909849484362,0.998776731251642,0.985173568784816,0.923941018121247,0.996520561010078,0.953023358147415,0.945105210972307,0.87799925377272,0.954494057990303,0.870499773154198,0.973207579465988,0.935785463534243,0.912119180534333,0.945483376041767,0.995399118195295,0.981388180516773,0.88234162568865,0.788095956288215
"ZEB1",0.917184045183252,0.982359400379498,0.971526457725809,0.915989013136221,0.998319527308872,0.954749889671411,0.919545459483905,0.803170584281761,0.985479827326087,0.990812737192087,0.938914919831167,0.5512840415257,0.980506435770751,0.680521783347761,0.811298803654731,0.965947230666248,0.998668503022334,0.998639242440547,0.951577150393294,0.998421485275758,0.608742125307538,0.884802332712946,0.985881031261591,0.883979953604186,0.907751143067425,0.666540351877317,0.980834615795287,0.994705485043894,0.115721890955181,0.808354188485136,0.992652476143648,0.917864017200976,0.980562724064892,0.958246351490468,0.912418544958928,0.845059843521528,0.935962820726468,0.758093463110401,0.999887196381578,0.879583417739649,0.486025847378123,0.12413189854819,0.867587863073635,0.99119756297759,0.996528888251098,0.949062912132171,0.811581356649934,0.997478906605894,0.778858297997223,0.951923563100258,0.809366973071738,0.98708911041045,0.936377273220026,0.834413693896078,0.736122774787799,0.996085761719513,0.806462524166835,0.976685634216179,0.978555314132977,0.996506880785824,0.65862484963555,0.884195674394059,0.961833238464015,0.873565434890899,0.927586517391255,0.981323321685051,0.992109962493338,0.554643826706007,0.973563037192072,0.74907758693913,0.932413904783055,0.989645442140378,0.964532859212253,0.94148353720525,0.949834151631593,0.991158450956452,0.923941018121247,0.986557902798424,0.953023358147415,0.946938876429472,0.909797880808715,0.954494057990303,0.845703132133043,0.990104711913105,0.943883536706066,0.912119180534333,0.977122737107189,0.901425209958275,0.971251292388804,0.908327206912508,0.993967185775731
"ZFP28",0.946734202581235,0.971094076651122,0.959021771390746,0.915989013136221,0.998319527308872,0.933439517082926,0.987204069944017,0.973172358067355,0.976930707452956,0.990812737192087,0.964401247496312,0.998551065984818,0.835808194137671,0.934643703415075,0.975981680838733,0.965947230666248,0.928988996321704,0.998639242440547,0.999101832770982,0.998421485275758,0.608742125307538,0.992646408147786,0.985881031261591,0.980786152383397,0.836191600437098,0.956359620732734,0.906566053743698,0.959808915301429,0.945835021389558,0.94977876286358,0.784005081725696,0.997096176803397,0.980562724064892,0.994066282272469,0.912418544958928,0.991237601716542,0.96820829935326,0.940680131873552,0.999887196381578,0.906251903861299,0.993588626105459,0.963295601475685,0.993367280437115,0.99119756297759,0.811044656073672,0.885201546869686,0.850046700469993,0.997478906605894,0.932351173132548,0.900962762581555,0.881060417792044,0.98708911041045,0.936377273220026,0.970894827344724,0.991358604564773,0.996085761719513,0.998683793282545,0.683403834482325,0.990762487512851,0.50413570226731,0.929285673042452,0.884195674394059,0.918942491592456,0.847850658021187,0.898678410216416,0.952496907739926,0.992109962493338,0.990650040209574,0.916857960716312,0.961214170728836,0.94402267472142,0.986806893068096,0.964532859212253,0.989909849484362,0.953904974423213,0.909254051793202,0.931674871278248,0.930472217446233,0.931545483290691,0.942339708603577,0.87799925377272,0.993970179336778,0.990048225636844,0.983806531665259,0.935785463534243,0.912119180534333,0.945483376041767,0.930468263337677,0.981388180516773,0.899654888132649,0.993967185775731
"ZFP42",0.994716814999872,0.968874253915234,0.971526457725809,0.999348367202855,0.998319527308872,0.981295231202446,0.916118752971398,0.968231938663626,0.976930707452956,0.954512956367804,0.874402376643722,0.5512840415257,0.756468486436773,0.683786376274176,0.934838969707957,0.991817054789786,0.997272812818238,0.998639242440547,0.986752283231202,0.998421485275758,0.975482995507963,0.884075090573165,0.997783194001173,0.980786152383397,0.992250844993649,0.956359620732734,0.980834615795287,0.959808915301429,0.928887395826281,0.969592737093255,0.946192051525054,0.917864017200976,0.995414564163139,0.942629294217034,0.892293427552525,0.991237601716542,0.949237450024544,0.904045938776657,0.999887196381578,0.879583417739649,0.993588626105459,0.938332668296185,0.969780524819695,0.99119756297759,0.915332018199705,0.885201546869686,0.884394198790692,0.997478906605894,0.932351173132548,0.951923563100258,0.931260756269552,0.872779133948471,0.984130568887436,0.970894827344724,0.904886442949547,0.996085761719513,0.806462524166835,0.983458871596561,0.59764578605562,0.973653492830542,0.955370316150339,0.950474526408072,0.97724390306608,0.954739784191995,0.927586517391255,0.981323321685051,0.992109962493338,0.990650040209574,0.994061381770324,0.961214170728836,0.94402267472142,0.986806893068096,0.964532859212253,0.998393770093597,0.949834151631593,0.985173568784816,0.931674871278248,0.990665790042637,0.886331307745237,0.945105210972307,0.937783183210176,0.954494057990303,0.950644212013689,0.74697641006071,0.840153218859902,0.875759940613656,0.945483376041767,0.918121756892384,0.885750154794123,0.968339028414112,0.972483365649118
"ZFP82",0.917184045183252,0.962742996806811,0.971526457725809,0.915989013136221,0.998319527308872,0.979402282181203,0.987204069944017,0.998292367356908,0.976930707452956,0.954512956367804,0.938914919831167,0.852504429509641,0.835808194137671,0.937052407878875,0.975981680838733,0.940439131737622,0.998668503022334,0.998639242440547,0.986752283231202,0.998421485275758,0.975482995507963,0.99559573285601,0.973559804881182,0.901704687457951,0.907751143067425,0.956359620732734,0.906566053743698,0.885845880133532,0.998368858530976,0.808354188485136,0.991802455653632,0.560995277990951,0.980562724064892,0.994066282272469,0.956757475206165,0.991237601716542,0.96820829935326,0.904045938776657,0.999887196381578,0.879583417739649,0.993588626105459,0.989621417391613,0.969780524819695,0.99119756297759,0.817763922380347,0.885201546869686,0.811581356649934,0.997478906605894,0.947212818415383,0.966579497680105,0.994357167008356,0.98708911041045,0.934307896829416,0.659702590536762,0.991358604564773,0.996085761719513,0.916822185470147,0.976685634216179,0.978555314132977,0.914550534755389,0.960247030684646,0.963216250601429,0.895226956021224,0.968430211924096,0.954022906671542,0.981323321685051,0.992109962493338,0.990650040209574,0.991672797514388,0.951672698870617,0.94402267472142,0.986806893068096,0.964532859212253,0.989909849484362,0.949834151631593,0.991158450956452,0.9979591136976,0.859499205060375,0.971056594155608,0.875599343217204,0.87799925377272,0.954494057990303,0.845703132133043,0.973207579465988,0.935785463534243,0.931539966828353,0.945483376041767,0.930468263337677,0.971251292388804,0.907338632009401,0.998751846106129
"ZFX",0.729065346839458,0.968874253915234,0.959021771390746,0.951112408185512,0.998319527308872,0.954749889671411,0.987204069944017,0.998292367356908,0.98703274958181,0.990812737192087,0.964401247496312,0.975235355625904,0.980506435770751,0.937052407878875,0.942958473993412,0.940539465089027,0.805573307891966,0.998639242440547,0.986752283231202,0.998421485275758,0.975482995507963,0.949479925279993,0.998301843574047,0.980786152383397,0.992250844993649,0.990493080399305,0.980834615795287,0.959808915301429,0.945835021389558,0.808354188485136,0.992652476143648,0.844585655020551,0.980562724064892,0.942629294217034,0.888178304564739,0.991237601716542,0.97836561600451,0.904045938776657,0.999887196381578,0.983991568147343,0.486025847378123,0.963295601475685,0.931296066941613,0.99119756297759,0.811044656073672,0.885201546869686,0.828617853556294,0.997478906605894,0.947212818415383,0.951923563100258,0.881060417792044,0.511892681123024,0.934307896829416,0.966344212173938,0.957654796464089,0.996085761719513,0.954499334942951,0.976685634216179,0.978555314132977,0.996506880785824,0.910614582436036,0.94471350701499,0.895226956021224,0.847850658021187,0.895693152501458,0.952077270773308,0.992109962493338,0.92983810790821,0.907622327630644,0.74907758693913,0.94402267472142,0.99329343960086,0.964532859212253,0.998393770093597,0.981825957397777,0.985173568784816,0.939632120182356,0.930472217446233,0.953023358147415,0.955240826098089,0.905306666914241,0.993970179336778,0.950644212013689,0.973207579465988,0.993501054379702,0.912119180534333,0.917711152532526,0.93576963616222,0.981388180516773,0.874120541377799,0.993967185775731
"ZIC1",0.729065346839458,0.996669959769871,0.975365362911486,0.983774077572445,0.998319527308872,0.954749889671411,0.916118752971398,0.902416228576168,0.976930707452956,0.954512956367804,0.938914919831167,0.998551065984818,0.756468486436773,0.937052407878875,0.934838969707957,0.96215104919054,0.997272812818238,0.998639242440547,0.948927440738968,0.966938912987977,0.975482995507963,0.90535994333782,0.973559804881182,0.883979953604186,0.992250844993649,0.990493080399305,0.980834615795287,0.959808915301429,0.950812377932423,0.969592737093255,0.983525243064487,0.917864017200976,0.980562724064892,0.942629294217034,0.975880980123592,0.991237601716542,0.968988258545989,0.904045938776657,0.999887196381578,0.758937823047737,0.993588626105459,0.976698159027504,0.843928208654408,0.99119756297759,0.811044656073672,0.954578131017561,0.811581356649934,0.997478906605894,0.947212818415383,0.966579497680105,0.809366973071738,0.96132386589249,0.968507015321155,0.970894827344724,0.960200038499924,0.996085761719513,0.806462524166835,0.976685634216179,0.868318296304331,0.818934794761603,0.721857238513824,0.884195674394059,0.961833238464015,0.968430211924096,0.992429189749328,0.952496907739926,0.992109962493338,0.842800838256176,0.973563037192072,0.832028116644435,0.94402267472142,0.986806893068096,0.964532859212253,0.989909849484362,0.953904974423213,0.985173568784816,0.931674871278248,0.996520561010078,0.953023358147415,0.933259503902988,0.87799925377272,0.954494057990303,0.950644212013689,0.973207579465988,0.941320063051418,0.954023069447702,0.945483376041767,0.901425209958275,0.971251292388804,0.874120541377799,0.788095956288215
"ZIC3",0.762120669459485,0.961065432207951,0.999131895216249,0.983774077572445,0.998319527308872,0.933439517082926,0.938491994613687,0.902416228576168,0.976930707452956,0.995687669087858,0.784810657449294,0.997198736398498,0.835808194137671,0.907043073162676,0.975981680838733,0.970550758762389,0.682424604774545,0.998639242440547,0.999101832770982,0.998421485275758,0.457158764769924,0.931033080535841,0.985881031261591,0.980786152383397,0.964879405054553,0.990493080399305,0.980834615795287,0.959808915301429,0.958048219798031,0.884433284414482,0.946192051525054,0.560995277990951,0.980562724064892,0.942629294217034,0.956757475206165,0.991237601716542,0.998746593767264,0.865600233159813,0.999887196381578,0.906180851759215,0.993588626105459,0.9535953201238,0.993367280437115,0.99119756297759,0.817763922380347,0.987177023041225,0.884394198790692,0.997478906605894,0.883587658616606,0.900962762581555,0.931260756269552,0.98708911041045,0.995081391685826,0.934119311641609,0.991358604564773,0.996085761719513,0.998683793282545,0.983458871596561,0.978555314132977,0.603528722938117,0.925236907953938,0.884195674394059,0.961833238464015,0.954739784191995,0.934718755752087,0.952077270773308,0.788429231888216,0.975917363229893,0.9025775988184,0.832028116644435,0.932413904783055,0.931393736280347,0.964532859212253,0.989909849484362,0.949834151631593,0.985173568784816,0.923941018121247,0.78416133089375,0.696056620692179,0.933259503902988,0.905306666914241,0.993970179336778,0.229471500354733,0.973207579465988,0.576369572664481,0.904905589572621,0.945483376041767,0.954227852485463,0.974363072624159,0.968339028414112,0.993967185775731
"ZIM3",0.729065346839458,0.961065432207951,0.98132615369246,0.983774077572445,0.998319527308872,0.954749889671411,0.916118752971398,0.902416228576168,0.976930707452956,0.995687669087858,0.95076663071225,0.972276841464726,0.966673966954228,0.974783513003162,0.942389297290246,0.940539465089027,0.805573307891966,0.998639242440547,0.986752283231202,0.966938912987977,0.975482995507963,0.884802332712946,0.985881031261591,0.980786152383397,0.836191600437098,0.990493080399305,0.98801073195468,0.959808915301429,0.945835021389558,0.939384263273603,0.992652476143648,0.838485487071082,0.980562724064892,0.709247310611014,0.937021382021245,0.991237601716542,0.943029149947453,0.958360031184101,0.999887196381578,0.812373997858442,0.993588626105459,0.9535953201238,0.931296066941613,0.998597377777683,0.996528888251098,0.975234442021613,0.923486120417147,0.997478906605894,0.928745525774239,0.966579497680105,0.931260756269552,0.98708911041045,0.995081391685826,0.966344212173938,0.955335477942671,0.996085761719513,0.886045796006169,0.983458871596561,0.997961481535891,0.50413570226731,0.851226660350583,0.943583224818914,0.895226956021224,0.954739784191995,0.907998527540472,0.952077270773308,0.992109962493338,0.842800838256176,0.9025775988184,0.966719330750891,0.94402267472142,0.99329343960086,0.964532859212253,0.998393770093597,0.949834151631593,0.985173568784816,0.939632120182356,0.859499205060375,0.954202782626039,0.933259503902988,0.87799925377272,0.990997059463523,0.845703132133043,0.729695971564517,0.935785463534243,0.912119180534333,0.945483376041767,0.973058766890347,0.971251292388804,0.874120541377799,0.778758992638128
"ZKSC1",0.894882127398475,0.986503692918196,0.880628559271367,0.915989013136221,0.998319527308872,0.954749889671411,0.695882393961051,0.998292367356908,0.976930707452956,0.954512956367804,0.938914919831167,0.998551065984818,0.980506435770751,0.937052407878875,0.975981680838733,0.965947230666248,0.998668503022334,0.998639242440547,0.999101832770982,0.966938912987977,0.975482995507963,0.992646408147786,0.713061418022409,0.980786152383397,0.907751143067425,0.990493080399305,0.990520067982925,0.959808915301429,0.979950663710674,0.998904551354791,0.756971417132723,0.906559204050146,0.980562724064892,0.994066282272469,0.937021382021245,0.991237601716542,0.998602018750547,0.99542599259708,0.999887196381578,0.946635769445822,0.993588626105459,0.989573935209556,0.969296896879889,0.99119756297759,0.777704431024139,0.839432915337967,0.884394198790692,0.997478906605894,0.778858297997223,0.880780933826257,0.994357167008356,0.945582967028999,0.934307896829416,0.966344212173938,0.957654796464089,0.996085761719513,0.916822185470147,0.988027463080552,0.0865095379069106,0.50413570226731,0.851226660350583,0.963216250601429,0.961833238464015,0.954739784191995,0.895693152501458,0.952496907739926,0.992109962493338,0.554643826706007,0.9025775988184,0.961214170728836,0.932413904783055,0.986806893068096,0.964532859212253,0.989909849484362,0.933388292252203,0.985173568784816,0.982435746887914,0.930472217446233,0.993561520345233,0.946938876429472,0.955908278278805,0.993970179336778,0.894563330976443,0.853538493292037,0.935785463534243,0.904905589572621,0.945483376041767,0.901425209958275,0.981388180516773,0.874120541377799,0.993967185775731
"ZN121",0.729065346839458,0.968874253915234,0.975365362911486,0.983774077572445,0.998319527308872,0.951075367689261,0.954020671542733,0.803170584281761,0.976930707452956,0.995687669087858,0.938914919831167,0.998551065984818,0.871856696032602,0.87137411459944,0.968999317483491,0.980050534388973,0.997272812818238,0.998639242440547,0.999101832770982,0.966938912987977,0.975482995507963,0.894610378166909,0.985881031261591,0.980786152383397,0.880520868722305,0.990493080399305,0.981895726737833,0.959808915301429,0.928887395826281,0.978771454926475,0.991802455653632,0.906559204050146,0.980562724064892,0.992144010158271,0.894570629540887,0.991237601716542,0.788697339012748,0.865600233159813,0.999887196381578,0.945405732890972,0.993588626105459,0.9535953201238,0.993367280437115,0.99119756297759,0.907242817235579,0.949062912132171,0.983900957848265,0.997478906605894,0.918022945345554,0.96436603230237,0.994357167008356,0.945582967028999,0.95479462404059,0.970894827344724,0.982221080053203,0.996085761719513,0.916822185470147,0.976685634216179,0.978555314132977,0.958331996735858,0.851226660350583,0.884195674394059,0.895226956021224,0.847850658021187,0.954022906671542,0.952496907739926,0.992109962493338,0.990650040209574,0.940606238967185,0.961214170728836,0.94402267472142,0.965683382068298,0.964532859212253,0.94148353720525,0.949834151631593,0.989525824215937,0.664136892040088,0.952906430332378,0.931545483290691,0.933259503902988,0.87799925377272,0.993970179336778,0.876519268630598,0.752865189997538,0.935785463534243,0.875759940613656,0.945483376041767,0.930468263337677,0.971251292388804,0.993654354656766,0.993967185775731
"ZN134",0.79317297037277,0.986503692918196,0.971526457725809,0.994697482161095,0.998319527308872,0.933439517082926,0.969749913714059,0.902416228576168,0.976930707452956,0.96971992584554,0.839058079730742,0.949737130928421,0.980506435770751,0.908554259655426,0.942389297290246,0.98874094138273,0.998668503022334,0.998639242440547,0.999101832770982,0.998421485275758,0.858255879780373,0.884802332712946,0.985881031261591,0.980786152383397,0.992250844993649,0.990493080399305,0.906566053743698,0.959808915301429,0.928887395826281,0.936721596536018,0.863799836595724,0.997096176803397,0.980562724064892,0.958246351490468,0.956757475206165,0.991237601716542,0.96820829935326,0.998127576533532,0.999887196381578,0.967833867611546,0.993588626105459,0.9535953201238,0.993367280437115,0.99119756297759,0.912339543538359,0.994095603899328,0.983900957848265,0.997478906605894,0.946101914255408,0.951923563100258,0.881060417792044,0.945582967028999,0.95479462404059,0.970894827344724,0.674592231925545,0.996085761719513,0.834749539705284,0.983458871596561,0.798770615195351,0.996428597172252,0.851226660350583,0.943583224818914,0.846853026075025,0.917542653420734,0.895693152501458,0.952496907739926,0.992109962493338,0.990650040209574,0.973563037192072,0.951672698870617,0.94402267472142,0.986806893068096,0.852799986172214,0.989909849484362,0.998776731251642,0.991158450956452,0.923941018121247,0.947167140020576,0.974284932372043,0.945105210972307,0.891379438159289,0.993970179336778,0.979287398120438,0.990104711913105,0.935785463534243,0.993968844467663,0.945483376041767,0.973058766890347,0.981388180516773,0.968339028414112,0.993967185775731
"ZN136",0.947597278375225,0.984754747596107,0.959021771390746,0.946661595633016,0.998319527308872,0.951075367689261,0.916118752971398,0.998292367356908,0.976930707452956,0.954512956367804,0.996891882588112,0.975235355625904,0.756468486436773,0.934643703415075,0.975981680838733,0.940439131737622,0.997272812818238,0.998639242440547,0.999101832770982,0.96769992549932,0.457158764769924,0.992646408147786,0.985881031261591,0.980786152383397,0.992250844993649,0.990493080399305,0.980834615795287,0.959808915301429,0.850413235997859,0.978062690727052,0.756971417132723,0.844585655020551,0.980562724064892,0.994066282272469,0.932641740594952,0.991237601716542,0.943029149947453,0.956659263865522,0.999887196381578,0.982000920405465,0.993588626105459,0.938332668296185,0.993367280437115,0.99119756297759,0.811044656073672,0.885201546869686,0.929182929309688,0.997478906605894,0.947212818415383,0.971839266754462,0.941557417121562,0.511892681123024,0.936377273220026,0.963708419358755,0.982221080053203,0.996085761719513,0.998683793282545,0.983458871596561,0.868318296304331,0.973653492830542,0.592313208128571,0.978738918222021,0.918942491592456,0.847850658021187,0.934718755752087,0.959331443641097,0.992109962493338,0.990650040209574,0.973563037192072,0.74907758693913,0.94402267472142,0.986806893068096,0.964532859212253,0.989909849484362,0.949834151631593,0.985173568784816,0.923941018121247,0.996520561010078,0.974284932372043,0.946938876429472,0.87799925377272,0.954494057990303,0.990048225636844,0.666474844268908,0.767662530996931,0.993968844467663,0.977122737107189,0.260806812458155,0.54915971887844,0.874120541377799,0.993967185775731
"ZN140",0.762120669459485,0.307397186229042,0.959021771390746,0.983774077572445,0.998319527308872,0.96060089613708,0.916118752971398,0.998292367356908,0.976930707452956,0.980775633199882,0.784810657449294,0.957363483631543,0.980506435770751,0.953053963264505,0.811298803654731,0.965947230666248,0.998668503022334,0.998639242440547,0.999101832770982,0.998421485275758,0.975482995507963,0.884075090573165,0.973559804881182,0.980786152383397,0.907751143067425,0.990493080399305,0.902558267132085,0.959808915301429,0.945835021389558,0.969592737093255,0.784005081725696,0.917864017200976,0.980562724064892,0.942629294217034,0.937021382021245,0.991237601716542,0.935962820726468,0.956774229704215,0.999887196381578,0.929978523386859,0.993588626105459,0.938332668296185,0.930997201865433,0.99119756297759,0.817763922380347,0.885201546869686,0.850046700469993,0.997478906605894,0.928745525774239,0.880780933826257,0.965804590634771,0.98708911041045,0.95479462404059,0.970894827344724,0.955335477942671,0.996085761719513,0.998683793282545,0.983458871596561,0.978555314132977,0.709859463090088,0.910614582436036,0.987248186554454,0.846853026075025,0.847850658021187,0.927586517391255,0.952077270773308,0.420608613272948,0.990650040209574,0.9025775988184,0.951672698870617,0.94402267472142,0.986806893068096,0.964532859212253,0.928506892195057,0.949834151631593,0.634804489397281,0.942018462474705,0.859499205060375,0.940287303909484,0.881950231424541,0.87799925377272,0.954494057990303,0.950644212013689,0.973207579465988,0.943883536706066,0.986510793991887,0.917711152532526,0.901425209958275,0.971251292388804,0.880357036604249,0.993967185775731
"ZN214",0.807175333697244,0.968874253915234,0.975365362911486,0.983774077572445,0.998319527308872,0.954749889671411,0.418627791770772,0.95156780699466,0.976930707452956,0.966180215661387,0.938914919831167,0.975235355625904,0.980506435770751,0.738993216541769,0.975981680838733,0.14315171081097,0.998668503022334,0.998639242440547,0.948927440738968,0.991408966863247,0.608742125307538,0.884802332712946,0.982121111709832,0.0127265896663951,0.907751143067425,0.990493080399305,0.980834615795287,0.803764406248369,0.928887395826281,0.808354188485136,0.951775664383929,0.844585655020551,0.980562724064892,0.610615784950701,0.869873999170536,0.991237601716542,0.968988258545989,0.940680131873552,0.999887196381578,0.812373997858442,0.993588626105459,0.9535953201238,0.969549379608917,0.99119756297759,0.980866641048928,0.614707913606779,0.811581356649934,0.997478906605894,0.918022945345554,0.900962762581555,0.931260756269552,0.945582967028999,0.934307896829416,0.970894827344724,0.955335477942671,0.996085761719513,0.998683793282545,0.977889426055397,0.978555314132977,0.996506880785824,0.960247030684646,0.870688930717109,0.97724390306608,0.929731399552935,0.934718755752087,0.952496907739926,0.992109962493338,0.990650040209574,0.9025775988184,0.951672698870617,0.932413904783055,0.986806893068096,0.964532859212253,0.998393770093597,0.949834151631593,0.985173568784816,0.923941018121247,0.996520561010078,0.995600786082253,0.946938876429472,0.87799925377272,0.993970179336778,0.996299790263499,0.853538493292037,0.941320063051418,0.904905589572621,0.983148588500011,0.954227852485463,0.97606096869575,0.874120541377799,0.993967185775731
"ZN250",0.411073314161251,0.968874253915234,0.975365362911486,0.983774077572445,0.998319527308872,0.992532663422087,0.916118752971398,0.998292367356908,0.976930707452956,0.990812737192087,0.834967755879572,0.975235355625904,0.588956899560776,0.907043073162676,0.942389297290246,0.970550758762389,0.997272812818238,0.998639242440547,0.998713094937798,0.892231314078346,0.961146032545276,0.931033080535841,0.997783194001173,0.980786152383397,0.964879405054553,0.990493080399305,0.906566053743698,0.992582977373924,0.945835021389558,0.969592737093255,0.992652476143648,0.997096176803397,0.980562724064892,0.942629294217034,0.937021382021245,0.991237601716542,0.935962820726468,0.856539420485914,0.999887196381578,0.906180851759215,0.993588626105459,0.971838799759041,0.969780524819695,0.99119756297759,0.996528888251098,0.949062912132171,0.929182929309688,0.997478906605894,0.977714899329289,0.97517439999094,0.965804590634771,0.677444317250106,0.995081391685826,0.834413693896078,0.955335477942671,0.996085761719513,0.998683793282545,0.976685634216179,0.991772488531783,0.639955709438376,0.592313208128571,0.994628098046915,0.695644701900294,0.968430211924096,0.935291176240326,0.952077270773308,0.992109962493338,0.664427501391547,0.9025775988184,0.951672698870617,0.947667336414932,0.986806893068096,0.964532859212253,0.928506892195057,0.953904974423213,0.779896377039403,0.923941018121247,0.996520561010078,0.898262985096393,0.711554216360406,0.222364079795163,0.954494057990303,0.845703132133043,0.973207579465988,0.935785463534243,0.912119180534333,0.945483376041767,0.918121756892384,0.97606096869575,0.967786251029881,0.972483365649118
"ZN257",0.917184045183252,0.982359400379498,0.975365362911486,0.951112408185512,0.998319527308872,0.954749889671411,0.352863054129106,0.998292367356908,0.976930707452956,0.990812737192087,0.938914919831167,0.5512840415257,0.756468486436773,0.953053963264505,0.959732207192937,0.940439131737622,0.998668503022334,0.998639242440547,0.948927440738968,0.962979662454316,0.975482995507963,0.884802332712946,0.997783194001173,0.980786152383397,0.960811558696372,0.990493080399305,0.906566053743698,0.959808915301429,0.945835021389558,0.964287980851744,0.897373080602053,0.917864017200976,0.980562724064892,0.709247310611014,0.949003478119608,0.991237601716542,0.935962820726468,0.958360031184101,0.999887196381578,0.758937823047737,0.993588626105459,0.697327720739358,0.969780524819695,0.99119756297759,0.996528888251098,0.949062912132171,0.936172017266262,0.997478906605894,0.947212818415383,0.96436603230237,0.994357167008356,0.954080617447691,0.936377273220026,0.934119311641609,0.988132227297289,0.996085761719513,0.998683793282545,0.983458871596561,0.93248271411294,0.742250141814026,0.851226660350583,0.925823619001624,0.895226956021224,0.954739784191995,0.854025656123047,0.981323321685051,0.899764153553913,0.817841478270211,0.9025775988184,0.961214170728836,0.94402267472142,0.909834643957749,0.99198188908632,0.928506892195057,0.949834151631593,0.985173568784816,0.939632120182356,0.996520561010078,0.995600786082253,0.946938876429472,0.87799925377272,0.990997059463523,0.950644212013689,0.973207579465988,0.941320063051418,0.697480991114831,0.945483376041767,0.973058766890347,0.981388180516773,0.967786251029881,0.993967185775731
"ZN260",0.894882127398475,0.968874253915234,0.971526457725809,0.988268474739809,0.998319527308872,0.981295231202446,0.721228307194194,0.660945520367711,0.976930707452956,0.984567878423196,0.964401247496312,0.503839441238414,0.835808194137671,0.937052407878875,0.975981680838733,0.940439131737622,0.917526267369316,0.998639242440547,0.986752283231202,0.998421485275758,0.975482995507963,0.884075090573165,0.973559804881182,0.883979953604186,0.964112795407043,0.990493080399305,0.98411203584723,0.959808915301429,0.945835021389558,0.964287980851744,0.756971417132723,0.560995277990951,0.980562724064892,0.958246351490468,0.888178304564739,0.991237601716542,0.978094982276685,0.99542599259708,0.999887196381578,0.812373997858442,0.993588626105459,0.9535953201238,0.938682474591716,0.99119756297759,0.930051131102215,0.949062912132171,0.811581356649934,0.997478906605894,0.972659475218937,0.932244155134005,0.994357167008356,0.98708911041045,0.934307896829416,0.970894827344724,0.991358604564773,0.996085761719513,0.901847784564963,0.683403834482325,0.944109962990209,0.933177438619004,0.894274844974488,0.884195674394059,0.97724390306608,0.954739784191995,0.927586517391255,0.952496907739926,0.932394017455497,0.990650040209574,0.994061381770324,0.74907758693913,0.94402267472142,0.986806893068096,0.964532859212253,0.989909849484362,0.933388292252203,0.985173568784816,0.931674871278248,0.562844409492364,0.953023358147415,0.875599343217204,0.87799925377272,0.954494057990303,0.68877743953635,0.973207579465988,0.935785463534243,0.912119180534333,0.945483376041767,0.970952655938109,0.648799701474552,0.874120541377799,0.993967185775731
"ZN264",0.762120669459485,0.968874253915234,0.959021771390746,0.983774077572445,0.998319527308872,0.954749889671411,0.916118752971398,0.998292367356908,0.976930707452956,0.987094733657715,0.957055346350116,0.998551065984818,0.990374254631426,0.907043073162676,0.975981680838733,0.970550758762389,0.932951458247621,0.998639242440547,0.990301656281988,0.892231314078346,0.975482995507963,0.992646408147786,0.985881031261591,0.980786152383397,0.836191600437098,0.990493080399305,0.906566053743698,0.959808915301429,0.990103476844994,0.969592737093255,0.657622883337479,0.780739722445817,0.980562724064892,0.994066282272469,0.937021382021245,0.941264369608649,0.949237450024544,0.935870942629958,0.999887196381578,0.758937823047737,0.993588626105459,0.963295601475685,0.938682474591716,0.99119756297759,0.980866641048928,0.885201546869686,0.884394198790692,0.997478906605894,0.928745525774239,0.966579497680105,0.994357167008356,0.945582967028999,0.995081391685826,0.914671572213112,0.957654796464089,0.996085761719513,0.998683793282545,0.983458871596561,0.857376287771275,0.933177438619004,0.954865606625044,0.925823619001624,0.895226956021224,0.954739784191995,0.998970264596742,0.952496907739926,0.964766846350362,0.763461055918384,0.907622327630644,0.951672698870617,0.94402267472142,0.879191598416081,0.964532859212253,0.989909849484362,0.949834151631593,0.985173568784816,0.964833398165569,0.78416133089375,0.89505597481783,0.875599343217204,0.87799925377272,0.962475680536054,0.870499773154198,0.990104711913105,0.941320063051418,0.993968844467663,0.945718664909129,0.954227852485463,0.971251292388804,0.95802478183232,0.993967185775731
"ZN274",0.729065346839458,0.986503692918196,0.960129263025184,0.951112408185512,0.998319527308872,0.954749889671411,0.803213419421763,0.95156780699466,0.976930707452956,0.954512956367804,0.964401247496312,0.972276841464726,0.980506435770751,0.683786376274176,0.934838969707957,0.965947230666248,0.805573307891966,0.998639242440547,0.999101832770982,0.998421485275758,0.975482995507963,0.884075090573165,0.985881031261591,0.953384707844143,0.978578243484275,0.956359620732734,0.990520067982925,0.998960719390326,0.958048219798031,0.969592737093255,0.756971417132723,0.935156673287513,0.980562724064892,0.994066282272469,0.888178304564739,0.991237601716542,0.788697339012748,0.904045938776657,0.999887196381578,0.758937823047737,0.867351877232161,0.697327720739358,0.930997201865433,0.99119756297759,0.874404123253516,0.987177023041225,0.811581356649934,0.997478906605894,0.778858297997223,0.951923563100258,0.931260756269552,0.88712747389171,0.966490979244639,0.934119311641609,0.982221080053203,0.996085761719513,0.932953817931914,0.976685634216179,0.942528728743052,0.996428597172252,0.851226660350583,0.943583224818914,0.961833238464015,0.954739784191995,0.935291176240326,0.952077270773308,0.992109962493338,0.990650040209574,0.907622327630644,0.74907758693913,0.94402267472142,0.986806893068096,0.964532859212253,0.989909849484362,0.949834151631593,0.494664655196802,0.939632120182356,0.964396295913302,0.993561520345233,0.881950231424541,0.903223664312184,0.954494057990303,0.950644212013689,0.635748724316921,0.941320063051418,0.912119180534333,0.945483376041767,0.995399118195295,0.825164912129565,0.993654354656766,0.874458424484343
"ZN317",0.762120669459485,0.968874253915234,0.985919888765208,0.983774077572445,0.998319527308872,0.933439517082926,0.987204069944017,0.902416228576168,0.976930707452956,0.995687669087858,0.910757527228296,0.5512840415257,0.980506435770751,0.907043073162676,0.959732207192937,0.830107309143372,0.998668503022334,0.998639242440547,0.999101832770982,0.966938912987977,0.975482995507963,0.884802332712946,0.998301843574047,0.980786152383397,0.992250844993649,0.990493080399305,0.982296901759435,0.803764406248369,0.990103476844994,0.969592737093255,0.756971417132723,0.572291562461569,0.980562724064892,0.958246351490468,0.956757475206165,0.991237601716542,0.96820829935326,0.9294116227073,0.999887196381578,0.982000920405465,0.993588626105459,0.839438848862514,0.993367280437115,0.99119756297759,0.777704431024139,0.970567990704212,0.884394198790692,0.997478906605894,0.928745525774239,0.951923563100258,0.965804590634771,0.90207556362115,0.995081391685826,0.99993230569539,0.701476386270834,0.996085761719513,0.916822185470147,0.976685634216179,0.978555314132977,0.996428597172252,0.929285673042452,0.893319964003525,0.961833238464015,0.917542653420734,0.992429189749328,0.952496907739926,0.992109962493338,0.990650040209574,0.907622327630644,0.74907758693913,0.94402267472142,0.986806893068096,0.964532859212253,0.989909849484362,0.518169816444635,0.48424751214644,0.939632120182356,0.859499205060375,0.856538411313932,0.9532138143531,0.87799925377272,0.954494057990303,0.996299790263499,0.666474844268908,0.941320063051418,0.986685677177464,0.945483376041767,0.765399373480213,0.971251292388804,0.874120541377799,0.743279342221898
"ZN320",0.729065346839458,0.986503692918196,0.971526457725809,0.983774077572445,0.998319527308872,0.933439517082926,0.954020671542733,0.979122930710761,0.976930707452956,0.96971992584554,0.839058079730742,0.975235355625904,0.980506435770751,0.937052407878875,0.96127931742199,0.940439131737622,0.775503496081845,0.856574703322325,0.948927440738968,0.966938912987977,0.457158764769924,0.96768493304421,0.973559804881182,0.980786152383397,0.992250844993649,0.997681887372152,0.980834615795287,0.959808915301429,0.950812377932423,0.964287980851744,0.992652476143648,0.560995277990951,0.980562724064892,0.942629294217034,0.956757475206165,0.991237601716542,0.968988258545989,0.99542599259708,0.999887196381578,0.983991568147343,0.993588626105459,0.963295601475685,0.930997201865433,0.99119756297759,0.996528888251098,0.885201546869686,0.983900957848265,0.997478906605894,0.928745525774239,0.965435643528009,0.809366973071738,0.511892681123024,0.936377273220026,0.812513839912733,0.955335477942671,0.996085761719513,0.806462524166835,0.988027463080552,0.990762487512851,0.938143696662328,0.929285673042452,0.884195674394059,0.850021814703896,0.954739784191995,0.935291176240326,0.952077270773308,0.964766846350362,0.842301718953811,0.973563037192072,0.966719330750891,0.958667799484893,0.986806893068096,0.973782149638582,0.968990298349576,0.998776731251642,0.909254051793202,0.923941018121247,0.859499205060375,0.993561520345233,0.910221685899967,0.87799925377272,0.995289585425376,0.950644212013689,0.973207579465988,0.941320063051418,0.912119180534333,0.910180084575684,0.973058766890347,0.971251292388804,0.874120541377799,0.993967185775731
"ZN322",0.99757958929101,0.961065432207951,0.959021771390746,0.999348367202855,0.998319527308872,0.954749889671411,0.916118752971398,0.987308621569904,0.976930707452956,0.954512956367804,0.938914919831167,0.5512840415257,0.835808194137671,0.989305123709551,0.934838969707957,0.940439131737622,0.775503496081845,0.998639242440547,0.998713094937798,0.991408966863247,0.975482995507963,0.884802332712946,0.998301843574047,0.980786152383397,0.992250844993649,0.990629798669609,0.990520067982925,0.959808915301429,0.928887395826281,0.808354188485136,0.772902497140839,0.906559204050146,0.980562724064892,0.99615493334242,0.937021382021245,0.991237601716542,0.968988258545989,0.856539420485914,0.999887196381578,0.948231316692645,0.993588626105459,0.963295601475685,0.843928208654408,0.99119756297759,0.738722399407568,0.949062912132171,0.983900957848265,0.997478906605894,0.928745525774239,0.900962762581555,0.994357167008356,0.88712747389171,0.995081391685826,0.970894827344724,0.987809453027512,0.996085761719513,0.806462524166835,0.988027463080552,0.978555314132977,0.996428597172252,0.592313208128571,0.884195674394059,0.944212634584934,0.954739784191995,0.854025656123047,0.952077270773308,0.992109962493338,0.990650040209574,0.916857960716312,0.74907758693913,0.94402267472142,0.986806893068096,0.964532859212253,0.981642528071131,0.949834151631593,0.985173568784816,0.851967016648928,0.996520561010078,0.356695340425688,0.933259503902988,0.935213679077026,0.993970179336778,0.870499773154198,0.973207579465988,0.935785463534243,0.912119180534333,0.961901865713952,0.901425209958275,0.971251292388804,0.968339028414112,0.982764790152111
"ZN329",0.99757958929101,0.968874253915234,0.959021771390746,0.999348367202855,0.998319527308872,0.933439517082926,0.987204069944017,0.923222364455622,0.976930707452956,0.995687669087858,0.784810657449294,0.972276841464726,0.966673966954228,0.90687033556932,0.975981680838733,0.830107309143372,0.998668503022334,0.998639242440547,0.986752283231202,0.966938912987977,0.975482995507963,0.931033080535841,0.997783194001173,0.980786152383397,0.964879405054553,0.956359620732734,0.906566053743698,0.959808915301429,0.950812377932423,0.936721596536018,0.918296448526894,0.906559204050146,0.980562724064892,0.942629294217034,0.956757475206165,0.991237601716542,0.998746593767264,0.958360031184101,0.999887196381578,0.812373997858442,0.993588626105459,0.993855656144344,0.969780524819695,0.99119756297759,0.811044656073672,0.949062912132171,0.884394198790692,0.997478906605894,0.984925236204313,0.966579497680105,0.881060417792044,0.985204644797683,0.995081391685826,0.960320336041811,0.955335477942671,0.996085761719513,0.998683793282545,0.976685634216179,0.978555314132977,0.996506880785824,0.637975766386539,0.884195674394059,0.846853026075025,0.929731399552935,0.934718755752087,0.952496907739926,0.737819557950271,0.917446792297921,0.826118119207367,0.951672698870617,0.93557953139589,0.99329343960086,0.964532859212253,0.94148353720525,0.786968967081685,0.985173568784816,0.939632120182356,0.996520561010078,0.931545483290691,0.910221685899967,0.922846638847331,0.954494057990303,0.950644212013689,0.858179994434758,0.941320063051418,0.931539966828353,0.945483376041767,0.901425209958275,0.981388180516773,0.907338632009401,0.993967185775731
"ZN331",0.917184045183252,0.982359400379498,0.971526457725809,0.983774077572445,0.998319527308872,0.933439517082926,0.721228307194194,0.803170584281761,0.976930707452956,0.96971992584554,0.983985913711431,0.972276841464726,0.756468486436773,0.907043073162676,0.934838969707957,0.965947230666248,0.885457464521756,0.998639242440547,0.999101832770982,0.96769992549932,0.99462397964399,0.931033080535841,0.994991880804151,0.883979953604186,0.950026493483702,0.990493080399305,0.926549294972519,0.959808915301429,0.998368858530976,0.964287980851744,0.992652476143648,0.838485487071082,0.980562724064892,0.942629294217034,0.956757475206165,0.991237601716542,0.935962820726468,0.970177839086133,0.999887196381578,0.758937823047737,0.993588626105459,0.963295601475685,0.993367280437115,0.99119756297759,0.996528888251098,0.972038383557356,0.811581356649934,0.997478906605894,0.95592819418516,0.951923563100258,0.931260756269552,0.758420544025449,0.995081391685826,0.934187124594849,0.969725533251749,0.996085761719513,0.998683793282545,0.683403834482325,0.978555314132977,0.938143696662328,0.954865606625044,0.994628098046915,0.913059842040808,0.954739784191995,0.960041202004447,0.952496907739926,0.992109962493338,0.990650040209574,0.941556874586951,0.951672698870617,0.94402267472142,0.986806893068096,0.964532859212253,0.94148353720525,0.949834151631593,0.985173568784816,0.923941018121247,0.996520561010078,0.898262985096393,0.933259503902988,0.938763806312532,0.954494057990303,0.870499773154198,0.830044752577471,0.750107654842916,0.959842457684417,0.945483376041767,0.999763789658595,0.971251292388804,0.968339028414112,0.993967185775731
"ZN335",0.729065346839458,0.996669959769871,0.973238807308357,0.983774077572445,0.998319527308872,0.933439517082926,0.969749913714059,0.902416228576168,0.976930707452956,0.958494968892858,0.938914919831167,0.975235355625904,0.980506435770751,0.87137411459944,0.811298803654731,0.940439131737622,0.917526267369316,0.998639242440547,0.999101832770982,0.966938912987977,0.975482995507963,0.962838572239213,0.973559804881182,0.980786152383397,0.978578243484275,0.990493080399305,0.906566053743698,0.959808915301429,0.850413235997859,0.923026338468669,0.756971417132723,0.838485487071082,0.980562724064892,0.942629294217034,0.956757475206165,0.991237601716542,0.935962820726468,0.904045938776657,0.999887196381578,0.982000920405465,0.993588626105459,0.938332668296185,0.969296896879889,0.99119756297759,0.811044656073672,0.94498242748169,0.987714631658896,0.997478906605894,0.947212818415383,0.966579497680105,0.971371387931445,0.98708911041045,0.995081391685826,0.970894827344724,0.955335477942671,0.996085761719513,0.998683793282545,0.983458871596561,0.984963442948473,0.996506880785824,0.851226660350583,0.994628098046915,0.895226956021224,0.954739784191995,0.934718755752087,0.952077270773308,0.992109962493338,0.990650040209574,0.986792056278787,0.967865757863813,0.94402267472142,0.986806893068096,0.964532859212253,0.94148353720525,0.953904974423213,0.985173568784816,0.923941018121247,0.964396295913302,0.965497453598366,0.933259503902988,0.87799925377272,0.993970179336778,0.870499773154198,0.687864750554234,0.935785463534243,0.931539966828353,0.917711152532526,0.970952655938109,0.90304969527606,0.881877801884245,0.993967185775731
"ZN350",0.917184045183252,0.968874253915234,0.959021771390746,0.983774077572445,0.998319527308872,0.974236406396493,0.969749913714059,0.998292367356908,0.976930707452956,0.990812737192087,0.784810657449294,0.975235355625904,0.964444813827772,0.937052407878875,0.811298803654731,0.940439131737622,0.998668503022334,0.998639242440547,0.986752283231202,0.998421485275758,0.975482995507963,0.884075090573165,0.973559804881182,0.989026981305022,0.978578243484275,0.990493080399305,0.980834615795287,0.950814573779598,0.850413235997859,0.936721596536018,0.992652476143648,0.997096176803397,0.998618836534108,0.942629294217034,0.956757475206165,0.991237601716542,0.968988258545989,0.958360031184101,0.999887196381578,0.812373997858442,0.993588626105459,0.963295601475685,0.969780524819695,0.99119756297759,0.811044656073672,0.949062912132171,0.999801279258508,0.997478906605894,0.631890792105359,0.97517439999094,0.996183835750115,0.98708911041045,0.995081391685826,0.691563971141473,0.955335477942671,0.996085761719513,0.916822185470147,0.983458871596561,0.978555314132977,0.938143696662328,0.851226660350583,0.943583224818914,0.361436696135196,0.954739784191995,0.927586517391255,0.952077270773308,0.992109962493338,0.990650040209574,0.907622327630644,0.832028116644435,0.94402267472142,0.965683382068298,0.964532859212253,0.989909849484362,0.998776731251642,0.985173568784816,0.923941018121247,0.859499205060375,0.953023358147415,0.945105210972307,0.87799925377272,0.993970179336778,0.950644212013689,0.804012102592781,0.982706712880728,0.912119180534333,0.945483376041767,0.441728273415303,0.981388180516773,0.997392414203862,0.993967185775731
"ZN382",0.644160310102056,0.991096582254297,0.975365362911486,0.951112408185512,0.998319527308872,0.933439517082926,0.721228307194194,0.902416228576168,0.976930707452956,0.990812737192087,0.964401247496312,0.972276841464726,0.966673966954228,0.907043073162676,0.975981680838733,0.940539465089027,0.997272812818238,0.998639242440547,0.975434050686408,0.977337366614943,0.975482995507963,0.884075090573165,0.997783194001173,0.980786152383397,0.992250844993649,0.99271091455741,0.980834615795287,0.959808915301429,0.945835021389558,0.808354188485136,0.897373080602053,0.783228283704654,0.980562724064892,0.942629294217034,0.644326473444189,0.991237601716542,0.96820829935326,0.856539420485914,0.999887196381578,0.758937823047737,0.993588626105459,0.963295601475685,0.993367280437115,0.99119756297759,0.980866641048928,0.885201546869686,0.850046700469993,0.997478906605894,0.999040364571754,0.900962762581555,0.931260756269552,0.96132386589249,0.934307896829416,0.960320336041811,0.896428950591056,0.996085761719513,0.954499334942951,0.976685634216179,0.787671585457926,0.996506880785824,0.794292333156533,0.884195674394059,0.961833238464015,0.849931892753799,0.927586517391255,0.952496907739926,0.992109962493338,0.990650040209574,0.9025775988184,0.886581238913373,0.932413904783055,0.879191598416081,0.990143410678442,0.928506892195057,0.949834151631593,0.985173568784816,0.664136892040088,0.8642723938552,0.953023358147415,0.881950231424541,0.87799925377272,0.993970179336778,0.950644212013689,0.973207579465988,0.941320063051418,0.920922775735166,0.977122737107189,0.995399118195295,0.971251292388804,0.874120541377799,0.993967185775731
"ZN384",0.917184045183252,0.968874253915234,0.975365362911486,0.96789120097611,0.998319527308872,0.933556368505438,0.810744104214257,0.968231938663626,0.976930707452956,0.990812737192087,0.938914919831167,0.897058322263419,0.871856696032602,0.963486968602792,0.959732207192937,0.965947230666248,0.997272812818238,0.998639242440547,0.986752283231202,0.998421485275758,0.589748198488981,0.884075090573165,0.973559804881182,0.980786152383397,0.836191600437098,0.990493080399305,0.990520067982925,0.992582977373924,0.990103476844994,0.936721596536018,0.756971417132723,0.917864017200976,0.980562724064892,0.99615493334242,0.956757475206165,0.991237601716542,0.968988258545989,0.99542599259708,0.923082727228667,0.812373997858442,0.993588626105459,0.873751368704164,0.930997201865433,0.99119756297759,0.972144049329503,0.885201546869686,0.999801279258508,0.997478906605894,0.932351173132548,0.900962762581555,0.809366973071738,0.923512213140624,0.934307896829416,0.970894827344724,0.991358604564773,0.996085761719513,0.916822185470147,0.988027463080552,0.868318296304331,0.869326281106968,0.874503480958027,0.994628098046915,0.846853026075025,0.954739784191995,0.927586517391255,0.952496907739926,0.992109962493338,0.746803250269898,0.907622327630644,0.987543862509699,0.94402267472142,0.879191598416081,0.964532859212253,0.993130119453283,0.981825957397777,0.985173568784816,0.851967016648928,0.997384131246742,0.993561520345233,0.933259503902988,0.87799925377272,0.990997059463523,0.845703132133043,0.687864750554234,0.825313888659804,0.912119180534333,0.945483376041767,0.954227852485463,0.971251292388804,0.874120541377799,0.993967185775731
"ZN394",0.917184045183252,0.986503692918196,0.975365362911486,0.983774077572445,0.998319527308872,0.933439517082926,0.916118752971398,0.987308621569904,0.976930707452956,0.954512956367804,0.784810657449294,0.998551065984818,0.756468486436773,0.683786376274176,0.975981680838733,0.970550758762389,0.805573307891966,0.998639242440547,0.999101832770982,0.966938912987977,0.975482995507963,0.96768493304421,0.997783194001173,0.980786152383397,0.96299621629117,0.990493080399305,0.906566053743698,0.959808915301429,0.850413235997859,0.978110160887081,0.946582418345737,0.958933793617316,0.980562724064892,0.942629294217034,0.937021382021245,0.991237601716542,0.968988258545989,0.99542599259708,0.999887196381578,0.78267057937189,0.993588626105459,0.963295601475685,0.969780524819695,0.99119756297759,0.811044656073672,0.885201546869686,0.850046700469993,0.997478906605894,0.947212818415383,0.966579497680105,0.931260756269552,0.923512213140624,0.995081391685826,0.934119311641609,0.674592231925545,0.996085761719513,0.998683793282545,0.976685634216179,0.978555314132977,0.996428597172252,0.960247030684646,0.893319964003525,0.999687651453745,0.954739784191995,0.854025656123047,0.960937953000503,0.992109962493338,0.658348071433746,0.973563037192072,0.983916362490164,0.94402267472142,0.986806893068096,0.964532859212253,0.998393770093597,0.949834151631593,0.985173568784816,0.931674871278248,0.950674111697099,0.953023358147415,0.933259503902988,0.905306666914241,0.954494057990303,0.845703132133043,0.973207579465988,0.96302215154779,0.923085043444374,0.793853424280342,0.954227852485463,0.981388180516773,0.874120541377799,0.993967185775731
"ZN418",0.980648780110001,0.968874253915234,0.971526457725809,0.951112408185512,0.998319527308872,0.933439517082926,0.916118752971398,0.803170584281761,0.976930707452956,0.954512956367804,0.839058079730742,0.972276841464726,0.980506435770751,0.87137411459944,0.975981680838733,0.940439131737622,0.775503496081845,0.998639242440547,0.990301656281988,0.998421485275758,0.975482995507963,0.884802332712946,0.997783194001173,0.980786152383397,0.907751143067425,0.987412558515461,0.906566053743698,0.992582977373924,0.928887395826281,0.808354188485136,0.992652476143648,0.997096176803397,0.980562724064892,0.994066282272469,0.937021382021245,0.991237601716542,0.96820829935326,0.865600233159813,0.999887196381578,0.906180851759215,0.993588626105459,0.963295601475685,0.969780524819695,0.99119756297759,0.811044656073672,0.949062912132171,0.923486120417147,0.997478906605894,0.984255587624475,0.940521476455706,0.881060417792044,0.962174064491194,0.973210982391583,0.970894827344724,0.955335477942671,0.996085761719513,0.998683793282545,0.983458871596561,0.978555314132977,0.954653914809332,0.851226660350583,0.963216250601429,0.846853026075025,0.954739784191995,0.927586517391255,0.98817018564636,0.992109962493338,0.990650040209574,0.907622327630644,0.961214170728836,0.932413904783055,0.986806893068096,0.964532859212253,0.989909849484362,0.949834151631593,0.985173568784816,0.939632120182356,0.986871266164964,0.965497453598366,0.875599343217204,0.87799925377272,0.954494057990303,0.919014291712795,0.816299573735685,0.935785463534243,0.912119180534333,0.945483376041767,0.930468263337677,0.983436914994034,0.95802478183232,0.819700796250397
"ZN436",0.931996871726554,0.968874253915234,0.98132615369246,0.983774077572445,0.998319527308872,0.933439517082926,0.916118752971398,0.968231938663626,0.976930707452956,0.990812737192087,0.983985913711431,0.972276841464726,0.997127219120691,0.934643703415075,0.959732207192937,0.940439131737622,0.997272812818238,0.998639242440547,0.986752283231202,0.998421485275758,0.975482995507963,0.884802332712946,0.985881031261591,0.980786152383397,0.907751143067425,0.990493080399305,0.906566053743698,0.994035066186339,0.97776711333703,0.964287980851744,0.992652476143648,0.917864017200976,0.980562724064892,0.964203106469877,0.869873999170536,0.845059843521528,0.973997699428872,0.904045938776657,0.999887196381578,0.948048598487354,0.993588626105459,0.989573935209556,0.938682474591716,0.99119756297759,0.879510031944359,0.885201546869686,0.811581356649934,0.997478906605894,0.778858297997223,0.97517439999094,0.994357167008356,0.758420544025449,0.934307896829416,0.970894827344724,0.957654796464089,0.996085761719513,0.834749539705284,0.976685634216179,0.895769915907818,0.942609001669104,0.925236907953938,0.963216250601429,0.961833238464015,0.847850658021187,0.934718755752087,0.952496907739926,0.992109962493338,0.990650040209574,0.994061381770324,0.961214170728836,0.94402267472142,0.986806893068096,0.964532859212253,0.981642528071131,0.953904974423213,0.985173568784816,0.923941018121247,0.922902570414541,0.898262985096393,0.946938876429472,0.87799925377272,0.990997059463523,0.950644212013689,0.957155946133893,0.935785463534243,0.729947200322292,0.945483376041767,0.901425209958275,0.971251292388804,0.874120541377799,0.993967185775731
"ZN449",0.729065346839458,0.986503692918196,0.971526457725809,0.983774077572445,0.998319527308872,0.933439517082926,0.916118752971398,0.998292367356908,0.976930707452956,0.954512956367804,0.834967755879572,0.972276841464726,0.980506435770751,0.907043073162676,0.959732207192937,0.940439131737622,0.997272812818238,0.998639242440547,0.986752283231202,0.968129350571368,0.975482995507963,0.958921686278887,0.973559804881182,0.980786152383397,0.907751143067425,0.774127682690806,0.906566053743698,0.857029646460062,0.928887395826281,0.964287980851744,0.992652476143648,0.919935812981096,0.980562724064892,0.942629294217034,0.956757475206165,0.991237601716542,0.968988258545989,0.940680131873552,0.999887196381578,0.941210202335707,0.993588626105459,0.697327720739358,0.969296896879889,0.99119756297759,0.811044656073672,0.887603746556762,0.87351713855183,0.997478906605894,0.928745525774239,0.921184236288952,0.994357167008356,0.98708911041045,0.968507015321155,0.941251789017937,0.991358604564773,0.996085761719513,0.998683793282545,0.976685634216179,0.978555314132977,0.996506880785824,0.889271199585738,0.963216250601429,0.895226956021224,0.954739784191995,0.506179111210534,0.952496907739926,0.992109962493338,0.92983810790821,0.9025775988184,0.74907758693913,0.958996553046271,0.909834643957749,0.964532859212253,0.989909849484362,0.953904974423213,0.985173568784816,0.931674871278248,0.893525398131156,0.667106555113693,0.945105210972307,0.87799925377272,0.954494057990303,0.950644212013689,0.973207579465988,0.935785463534243,0.912119180534333,0.945483376041767,0.930468263337677,0.971251292388804,0.979171805444997,0.914715753127811
"ZN490",0.998542322631196,0.986503692918196,0.959021771390746,0.983774077572445,0.998319527308872,0.954749889671411,0.916118752971398,0.902416228576168,0.976930707452956,0.954512956367804,0.964401247496312,0.972276841464726,0.964444813827772,0.930540148795479,0.975981680838733,0.940439131737622,0.937109986705951,0.998639242440547,0.986752283231202,0.998421485275758,0.975482995507963,0.884075090573165,0.985881031261591,0.980786152383397,0.992250844993649,0.956359620732734,0.906566053743698,0.959808915301429,0.221310050819408,0.978062690727052,0.995390634376792,0.844585655020551,0.980562724064892,0.942629294217034,0.949003478119608,0.991237601716542,0.943029149947453,0.940680131873552,0.999887196381578,0.906180851759215,0.993588626105459,0.853772959965773,0.969780524819695,0.99119756297759,0.993534997412952,0.970567990704212,0.811581356649934,0.997478906605894,0.928745525774239,0.971827423573346,0.881060417792044,0.18277206645191,0.995081391685826,0.970894827344724,0.701476386270834,0.996085761719513,0.96253654682886,0.976685634216179,0.714720675359773,0.973653492830542,0.929285673042452,0.884195674394059,0.895226956021224,0.954739784191995,0.934718755752087,0.952077270773308,0.992109962493338,0.849568116184266,0.940606238967185,0.951672698870617,0.932413904783055,0.986806893068096,0.964532859212253,0.928506892195057,0.949834151631593,0.985173568784816,0.664136892040088,0.964396295913302,0.974284932372043,0.9532138143531,0.92626691182654,0.575408211048715,0.990048225636844,0.973207579465988,0.941320063051418,0.912119180534333,0.945483376041767,0.973058766890347,0.902084936988587,0.880357036604249,0.993967185775731
"ZN502",0.762120669459485,0.968874253915234,0.880628559271367,0.983774077572445,0.998319527308872,0.954749889671411,0.954020671542733,0.998292367356908,0.976930707452956,0.954512956367804,0.938914919831167,0.972276841464726,0.872374224232796,0.989305123709551,0.970480105850806,0.970550758762389,0.987106228901396,0.998639242440547,0.998713094937798,0.966938912987977,0.992343415762592,0.992646408147786,0.973559804881182,0.994633603680708,0.992250844993649,0.990493080399305,0.906566053743698,0.959808915301429,0.945835021389558,0.808354188485136,0.991802455653632,0.917864017200976,0.980562724064892,0.107022218855057,0.956757475206165,0.991237601716542,0.943029149947453,0.961276891212245,0.999887196381578,0.812373997858442,0.993588626105459,0.963295601475685,0.969780524819695,0.99119756297759,0.930051131102215,0.885201546869686,0.983900957848265,0.997478906605894,0.947212818415383,0.966579497680105,0.994357167008356,0.945582967028999,0.936377273220026,0.970894827344724,0.671678894492197,0.996085761719513,0.837110967916374,0.988027463080552,0.895769915907818,0.996506880785824,0.954865606625044,0.950474526408072,0.895226956021224,0.929731399552935,0.854025656123047,0.952496907739926,0.992109962493338,0.990650040209574,0.907622327630644,0.951672698870617,0.94402267472142,0.986806893068096,0.964532859212253,0.94148353720525,0.950688334393641,0.985173568784816,0.931674871278248,0.996520561010078,0.931545483290691,0.967911909226334,0.87799925377272,0.990997059463523,0.950644212013689,0.973207579465988,0.941320063051418,0.904905589572621,0.945483376041767,0.970952655938109,0.54915971887844,0.968339028414112,0.827981587867116
"ZN528",0.729065346839458,0.986503692918196,0.975365362911486,0.983774077572445,0.485287568135098,0.933439517082926,0.721228307194194,0.979122930710761,0.976930707452956,0.954512956367804,0.784810657449294,0.972276841464726,0.980506435770751,0.937052407878875,0.942389297290246,0.970550758762389,0.986067610147858,0.998639242440547,0.948927440738968,0.998421485275758,0.975482995507963,0.992646408147786,0.787711089280136,0.994633603680708,0.998158268590712,0.956359620732734,0.980834615795287,0.959808915301429,0.990103476844994,0.936721596536018,0.95179481040225,0.560995277990951,0.948365163170161,0.942629294217034,0.949003478119608,0.991237601716542,0.968988258545989,0.94315767336683,0.999887196381578,0.983991568147343,0.993588626105459,0.963295601475685,0.938682474591716,0.99119756297759,0.996528888251098,0.949062912132171,0.984879876628249,0.997478906605894,0.95592819418516,0.96436603230237,0.931260756269552,0.511892681123024,0.995081391685826,0.970894827344724,0.701476386270834,0.996085761719513,0.998683793282545,0.988027463080552,0.997961481535891,0.942609001669104,0.925236907953938,0.943583224818914,0.854438021603024,0.847850658021187,0.934718755752087,0.543880047713174,0.992109962493338,0.695025144884031,0.907622327630644,0.983916362490164,0.94402267472142,0.804617335158109,0.964532859212253,0.989909849484362,0.981825957397777,0.985173568784816,0.931674871278248,0.996520561010078,0.696056620692179,0.875599343217204,0.87799925377272,0.954494057990303,0.950644212013689,0.973207579465988,0.935785463534243,0.912119180534333,0.917711152532526,0.930468263337677,0.54915971887844,0.874120541377799,0.993967185775731
"ZN547",0.994716814999872,0.968874253915234,0.98132615369246,0.951112408185512,0.998319527308872,0.954749889671411,0.916118752971398,0.902416228576168,0.976930707452956,0.990812737192087,0.784810657449294,0.975235355625904,0.997127219120691,0.934643703415075,0.942389297290246,0.940439131737622,0.937109986705951,0.998639242440547,0.986752283231202,0.998421485275758,0.975482995507963,0.939582843178499,0.985881031261591,0.980786152383397,0.836191600437098,0.990493080399305,0.906566053743698,0.803764406248369,0.958048219798031,0.969592737093255,0.772702740950634,0.560995277990951,0.980562724064892,0.994066282272469,0.956757475206165,0.991237601716542,0.788697339012748,0.904045938776657,0.999887196381578,0.983991568147343,0.486025847378123,0.9535953201238,0.987497835283087,0.99119756297759,0.930051131102215,0.94498242748169,0.850293074815783,0.997478906605894,0.928745525774239,0.951923563100258,0.881060417792044,0.945582967028999,0.934307896829416,0.960320336041811,0.991358604564773,0.996085761719513,0.998683793282545,0.988027463080552,0.96272456025695,0.996506880785824,0.851226660350583,0.963216250601429,0.740214444177654,0.954739784191995,0.927586517391255,0.952496907739926,0.992109962493338,0.842800838256176,0.973563037192072,0.967865757863813,0.731916956847748,0.986806893068096,0.964532859212253,0.989909849484362,0.981825957397777,0.634804489397281,0.931674871278248,0.996520561010078,0.995600786082253,0.933259503902988,0.87799925377272,0.477642625605349,0.950644212013689,0.973207579465988,0.959546774264781,0.993968844467663,0.945483376041767,0.930468263337677,0.971251292388804,0.968339028414112,0.993967185775731
"ZN549",0.894882127398475,0.968874253915234,0.959021771390746,0.915989013136221,0.998319527308872,0.933439517082926,0.916118752971398,0.660945520367711,0.976930707452956,0.985965820526345,0.983985913711431,0.972276841464726,0.966673966954228,0.907043073162676,0.975981680838733,0.96215104919054,0.945169334828407,0.998639242440547,0.986752283231202,0.998421485275758,0.975482995507963,0.939582843178499,0.973559804881182,0.980786152383397,0.992250844993649,0.990493080399305,0.906566053743698,0.959808915301429,0.928887395826281,0.969592737093255,0.992652476143648,0.917864017200976,0.980562724064892,0.986873650572747,0.975880980123592,0.991237601716542,0.943029149947453,0.904045938776657,0.999887196381578,0.906180851759215,0.993588626105459,0.721984693650729,0.930997201865433,0.99119756297759,0.874404123253516,0.987177023041225,0.927277775744472,0.997478906605894,0.962281429111302,0.966579497680105,0.931260756269552,0.962174064491194,0.984130568887436,0.970894827344724,0.957654796464089,0.996085761719513,0.96253654682886,0.976685634216179,0.978555314132977,0.603528722938117,0.996056409445083,0.950474526408072,0.846853026075025,0.847850658021187,0.927586517391255,0.952077270773308,0.992109962493338,0.811597112116372,0.907622327630644,0.849845062245802,0.989819211760037,0.986806893068096,0.964532859212253,0.989909849484362,0.949834151631593,0.89788400586292,0.723850109176398,0.990665790042637,0.965497453598366,0.933259503902988,0.87799925377272,0.954494057990303,0.996299790263499,0.973207579465988,0.941320063051418,0.904905589572621,0.945483376041767,0.901425209958275,0.971251292388804,0.993654354656766,0.998751846106129
"ZN554",0.917184045183252,0.778912140470065,0.985919888765208,0.951112408185512,0.998319527308872,0.954749889671411,0.979938594185208,0.902416228576168,0.976930707452956,0.985058944860285,0.863756033144992,0.998551065984818,0.822869557345694,0.907043073162676,0.934838969707957,0.964001779084603,0.775503496081845,0.998639242440547,0.986752283231202,0.962979662454316,0.975482995507963,0.998173823810797,0.997783194001173,0.883979953604186,0.992250844993649,0.990493080399305,0.954780002441992,0.959808915301429,0.945835021389558,0.964287980851744,0.921873075422779,0.838485487071082,0.980562724064892,0.994066282272469,0.956757475206165,0.991237601716542,0.935962820726468,0.93009025639254,0.999887196381578,0.979758353724192,0.998023002031972,0.845710133720909,0.989037605769107,0.99119756297759,0.845100828963797,0.885201546869686,0.811581356649934,0.997478906605894,0.974233486635269,0.900962762581555,0.985275996677766,0.954080617447691,0.966490979244639,0.970894827344724,0.761099200793964,0.996085761719513,0.982231754075601,0.976685634216179,0.868318296304331,0.942609001669104,0.851226660350583,0.994628098046915,0.895226956021224,0.917542653420734,0.927586517391255,0.952496907739926,0.992109962493338,0.92983810790821,0.907622327630644,0.74907758693913,0.94402267472142,0.99329343960086,0.964532859212253,0.989909849484362,0.981825957397777,0.985173568784816,0.923941018121247,0.947167140020576,0.993561520345233,0.946938876429472,0.905306666914241,0.477642625605349,0.939001450188375,0.752865189997538,0.935785463534243,0.0943960153910568,0.945483376041767,0.260806812458155,0.54915971887844,0.907338632009401,0.993967185775731
"ZN563",0.729065346839458,0.961065432207951,0.971526457725809,0.915989013136221,0.998319527308872,0.954749889671411,0.803213419421763,0.968231938663626,0.976930707452956,0.990812737192087,0.964401247496312,0.972276841464726,0.980506435770751,0.937052407878875,0.811298803654731,0.965947230666248,0.997272812818238,0.998639242440547,0.998713094937798,0.966938912987977,0.975482995507963,0.931033080535841,0.985881031261591,0.980786152383397,0.836191600437098,0.990493080399305,0.906566053743698,0.992582977373924,0.928887395826281,0.969592737093255,0.992652476143648,0.997096176803397,0.980562724064892,0.942629294217034,0.888178304564739,0.991237601716542,0.96820829935326,0.904045938776657,0.999887196381578,0.879583417739649,0.993588626105459,0.721984693650729,0.867587863073635,0.99119756297759,0.942409393576074,0.885201546869686,0.884394198790692,0.997478906605894,0.947212818415383,0.951923563100258,0.994357167008356,0.819524101522322,0.936377273220026,0.970894827344724,0.987809453027512,0.996085761719513,0.998683793282545,0.976685634216179,0.978555314132977,0.996428597172252,0.954865606625044,0.950474526408072,0.846853026075025,0.954739784191995,0.934718755752087,0.981323321685051,0.992109962493338,0.990650040209574,0.973563037192072,0.951672698870617,0.94402267472142,0.986806893068096,0.964532859212253,0.928506892195057,0.953904974423213,0.985173568784816,0.923941018121247,0.859499205060375,0.953023358147415,0.945105210972307,0.87799925377272,0.954494057990303,0.950644212013689,0.635748724316921,0.941320063051418,0.912119180534333,0.945483376041767,0.930468263337677,0.971251292388804,0.95802478183232,0.914715753127811
"ZN582",0.917184045183252,0.968874253915234,0.971526457725809,0.946661595633016,0.710011305518795,0.974236406396493,0.954020671542733,0.902416228576168,0.976930707452956,0.985965820526345,0.839058079730742,0.972276841464726,0.964444813827772,0.937052407878875,0.78431163884808,0.940539465089027,0.998668503022334,0.998639242440547,0.998713094937798,0.966938912987977,0.975482995507963,0.931033080535841,0.998301843574047,0.980786152383397,0.964879405054553,0.990493080399305,0.906566053743698,0.959808915301429,0.945835021389558,0.964287980851744,0.992652476143648,0.997096176803397,0.980562724064892,0.942629294217034,0.465570350755771,0.991237601716542,0.949237450024544,0.99542599259708,0.999887196381578,0.758937823047737,0.993588626105459,0.938332668296185,0.930997201865433,0.99119756297759,0.970629734366041,0.94498242748169,0.884394198790692,0.997478906605894,0.984255587624475,0.951923563100258,0.994357167008356,0.945582967028999,0.995081391685826,0.981489012351345,0.991358604564773,0.996085761719513,0.998683793282545,0.983458871596561,0.794322114561478,0.91032043500339,0.637975766386539,0.884195674394059,0.97724390306608,0.968430211924096,0.927586517391255,0.981323321685051,0.779603595410566,0.842800838256176,0.994061381770324,0.948071868339027,0.989819211760037,0.99329343960086,0.964532859212253,0.928506892195057,0.953904974423213,0.985173568784816,0.931674871278248,0.859499205060375,0.89505597481783,0.950980845576565,0.87799925377272,0.968173060376992,0.950644212013689,0.853538493292037,0.840153218859902,0.912119180534333,0.945483376041767,0.973058766890347,0.971251292388804,0.968339028414112,0.993967185775731
"ZN586",0.894882127398475,0.968874253915234,0.975365362911486,0.999348367202855,0.998319527308872,0.954749889671411,0.916118752971398,0.998292367356908,0.976930707452956,0.954512956367804,0.553893630244965,0.998551065984818,0.980506435770751,0.90687033556932,0.942389297290246,0.940439131737622,0.937109986705951,0.998639242440547,0.986752283231202,0.998421485275758,0.992343415762592,0.884802332712946,0.985881031261591,0.980786152383397,0.992250844993649,0.990493080399305,0.906566053743698,0.959808915301429,0.945835021389558,0.978110160887081,0.772702740950634,0.997096176803397,0.980562724064892,0.994066282272469,0.907907042578034,0.991237601716542,0.935962820726468,0.869681779976815,0.999887196381578,0.906180851759215,0.993588626105459,0.697327720739358,0.930997201865433,0.99119756297759,0.993534997412952,0.949062912132171,0.927277775744472,0.997478906605894,0.928745525774239,0.946564100430424,0.931260756269552,0.923512213140624,0.934307896829416,0.941251789017937,0.991358604564773,0.996085761719513,0.932953817931914,0.976685634216179,0.984963442948473,0.869326281106968,0.851226660350583,0.963216250601429,0.961833238464015,0.938397169164629,0.992429189749328,0.952496907739926,0.992109962493338,0.554643826706007,0.907622327630644,0.987543862509699,0.958996553046271,0.986806893068096,0.964532859212253,0.928506892195057,0.981825957397777,0.909254051793202,0.664136892040088,0.859499205060375,0.953023358147415,0.881950231424541,0.638048249725654,0.993970179336778,0.950644212013689,0.687864750554234,0.935785463534243,0.912119180534333,0.945483376041767,0.954227852485463,0.971251292388804,0.880357036604249,0.972483365649118
"ZN667",0.99757958929101,0.962742996806811,0.959021771390746,0.999348367202855,0.998319527308872,0.933439517082926,0.919545459483905,0.902416228576168,0.976930707452956,0.954512956367804,0.938914919831167,0.972276841464726,0.964444813827772,0.90687033556932,0.975981680838733,0.940439131737622,0.998668503022334,0.998639242440547,0.986752283231202,0.998421485275758,0.975482995507963,0.931033080535841,0.973559804881182,0.980786152383397,0.907751143067425,0.990493080399305,0.954780002441992,0.959808915301429,0.928887395826281,0.808354188485136,0.756971417132723,0.838485487071082,0.980562724064892,0.994066282272469,0.907907042578034,0.991237601716542,0.968988258545989,0.904045938776657,0.999887196381578,0.758937823047737,0.993588626105459,0.697327720739358,0.987497835283087,0.99119756297759,0.52408274895089,0.954578131017561,0.923486120417147,0.997478906605894,0.778858297997223,0.900962762581555,0.931260756269552,0.98708911041045,0.995081391685826,0.970894827344724,0.991358604564773,0.996085761719513,0.998683793282545,0.683403834482325,0.978555314132977,0.996506880785824,0.960247030684646,0.980847865230257,0.895226956021224,0.954739784191995,0.927586517391255,0.952077270773308,0.992109962493338,0.817841478270211,0.973563037192072,0.951672698870617,0.932413904783055,0.879191598416081,0.964532859212253,0.928506892195057,0.949834151631593,0.985173568784816,0.939632120182356,0.996520561010078,0.930722233965406,0.945105210972307,0.87799925377272,0.954494057990303,0.870499773154198,0.973207579465988,0.941320063051418,0.875759940613656,0.945483376041767,0.575005599156509,0.971251292388804,0.880357036604249,0.993967185775731
"ZN680",0.917184045183252,0.968874253915234,0.975365362911486,0.983774077572445,0.998319527308872,0.954749889671411,0.840466688959446,0.998292367356908,0.976930707452956,0.985058944860285,0.964401247496312,0.972276841464726,0.980506435770751,0.87137411459944,0.934838969707957,0.940439131737622,0.805573307891966,0.998639242440547,0.975434050686408,0.966938912987977,0.975482995507963,0.992646408147786,0.998301843574047,0.99886213325648,0.992250844993649,0.990493080399305,0.980834615795287,0.983303738064335,0.850413235997859,0.969592737093255,0.95179481040225,0.906559204050146,0.980562724064892,0.942629294217034,0.937021382021245,0.991237601716542,0.943029149947453,0.904045938776657,0.999887196381578,0.973754504318133,0.993588626105459,0.963295601475685,0.969780524819695,0.99119756297759,0.468336351472605,0.954578131017561,0.984878160750563,0.997478906605894,0.778858297997223,0.97517439999094,0.931260756269552,0.775306560556563,0.936377273220026,0.960320336041811,0.982221080053203,0.996085761719513,0.96253654682886,0.988027463080552,0.978555314132977,0.91032043500339,0.889271199585738,0.884195674394059,0.846853026075025,0.874310847267604,0.934718755752087,0.981323321685051,0.992109962493338,0.849568116184266,0.9025775988184,0.951672698870617,0.94402267472142,0.322454147139515,0.964532859212253,0.989909849484362,0.949834151631593,0.985173568784816,0.923941018121247,0.996520561010078,0.886331307745237,0.933259503902988,0.87799925377272,0.954494057990303,0.870499773154198,0.990104711913105,0.941320063051418,0.875759940613656,0.945483376041767,0.930468263337677,0.971251292388804,0.968339028414112,0.993967185775731
"ZN708",0.917184045183252,0.968874253915234,0.975365362911486,0.999348367202855,0.998319527308872,0.933439517082926,0.916118752971398,0.923222364455622,0.976930707452956,0.990812737192087,0.938914919831167,0.998551065984818,0.980506435770751,0.683786376274176,0.975981680838733,0.830107309143372,0.937109986705951,0.998639242440547,0.948927440738968,0.977337366614943,0.975482995507963,0.999255709923347,0.985881031261591,0.980786152383397,0.992250844993649,0.990493080399305,0.906566053743698,0.959808915301429,0.979950663710674,0.978771454926475,0.992652476143648,0.997096176803397,0.980562724064892,0.99615493334242,0.975880980123592,0.991237601716542,0.968988258545989,0.904045938776657,0.999887196381578,0.906251903861299,0.993588626105459,0.963295601475685,0.969780524819695,0.99119756297759,0.907242817235579,0.949062912132171,0.850046700469993,0.997478906605894,0.947212818415383,0.903017259841818,0.931260756269552,0.985204644797683,0.984130568887436,0.960320336041811,0.991358604564773,0.996085761719513,0.998683793282545,0.977889426055397,0.978555314132977,0.996506880785824,0.987788411973144,0.943583224818914,0.904857321678533,0.873565434890899,0.907998527540472,0.952077270773308,0.992109962493338,0.990650040209574,0.9025775988184,0.886581238913373,0.94402267472142,0.986806893068096,0.964532859212253,0.965542099919179,0.949834151631593,0.909254051793202,0.931674871278248,0.990665790042637,0.993561520345233,0.933259503902988,0.905306666914241,0.990997059463523,0.996299790263499,0.782220161802895,0.941320063051418,0.912119180534333,0.945483376041767,0.510349172400072,0.825164912129565,0.874120541377799,0.788095956288215
"ZN768",0.981331964184958,0.986503692918196,0.983567156354273,0.983774077572445,0.998319527308872,0.954749889671411,0.955623782321246,0.803170584281761,0.976930707452956,0.954512956367804,0.805381460655283,0.975235355625904,0.980506435770751,0.934643703415075,0.942389297290246,0.940539465089027,0.997272812818238,0.998639242440547,0.999101832770982,0.966938912987977,0.975482995507963,0.973862204416673,0.985881031261591,0.980786152383397,0.907751143067425,0.734266808574662,0.981895726737833,0.959808915301429,0.974516983700923,0.808354188485136,0.992652476143648,0.997096176803397,0.980562724064892,0.942629294217034,0.962088731406191,0.991237601716542,0.96820829935326,0.93009025639254,0.999887196381578,0.758937823047737,0.993588626105459,0.963295601475685,0.969296896879889,0.178360121586562,0.950704690913783,0.954578131017561,0.983900957848265,0.997478906605894,0.928745525774239,0.951923563100258,0.950136931193923,0.88712747389171,0.995081391685826,0.834413693896078,0.955335477942671,0.996085761719513,0.806462524166835,0.983458871596561,0.978555314132977,0.942609001669104,0.929285673042452,0.884195674394059,0.961833238464015,0.954739784191995,0.927586517391255,0.952496907739926,0.992109962493338,0.990650040209574,0.991672797514388,0.961214170728836,0.932413904783055,0.986806893068096,0.964532859212253,0.94148353720525,0.949834151631593,0.985173568784816,0.923941018121247,0.859499205060375,0.974284932372043,0.946938876429472,0.87799925377272,0.954494057990303,0.950644212013689,0.973207579465988,0.935785463534243,0.912119180534333,0.945483376041767,0.901425209958275,0.981388180516773,0.880357036604249,0.914715753127811
"ZN770",0.644160310102056,0.962742996806811,0.975365362911486,0.915989013136221,0.998319527308872,0.933439517082926,0.954020671542733,0.980838956744516,0.976930707452956,0.984567878423196,0.874402376643722,0.972276841464726,0.980506435770751,0.937052407878875,0.934838969707957,0.965947230666248,0.932951458247621,0.998639242440547,0.999101832770982,0.998421485275758,0.975482995507963,0.884075090573165,0.985881031261591,0.980786152383397,0.96299621629117,0.990493080399305,0.981895726737833,0.959808915301429,0.990103476844994,0.82655785087285,0.92054262672834,0.639361208395553,0.980562724064892,0.987378253446849,0.977181637406844,0.991237601716542,0.998746593767264,0.99542599259708,0.999887196381578,0.948048598487354,0.993588626105459,0.697327720739358,0.938682474591716,0.99119756297759,0.811044656073672,0.970567990704212,0.884394198790692,0.997478906605894,0.932351173132548,0.900962762581555,0.809366973071738,0.945582967028999,0.97153081375466,0.963708419358755,0.969725533251749,0.996085761719513,0.834749539705284,0.976685634216179,0.978555314132977,0.996506880785824,0.910614582436036,0.954887585474691,0.97724390306608,0.929731399552935,0.927586517391255,0.952496907739926,0.992109962493338,0.990650040209574,0.9025775988184,0.951672698870617,0.989819211760037,0.986806893068096,0.964532859212253,0.989909849484362,0.981825957397777,0.985173568784816,0.931674871278248,0.996520561010078,0.993561520345233,0.910221685899967,0.87799925377272,0.969533545304134,0.950644212013689,0.973207579465988,0.935785463534243,0.912119180534333,0.945483376041767,0.930468263337677,0.97606096869575,0.967786251029881,0.993967185775731
"ZN816",0.981331964184958,0.961065432207951,0.975365362911486,0.970853509675189,0.710011305518795,0.999892596519578,0.614520893452014,0.902416228576168,0.976930707452956,0.990812737192087,0.964401247496312,0.972276841464726,0.980506435770751,0.937052407878875,0.975981680838733,0.998448960059738,0.937109986705951,0.998639242440547,0.990301656281988,0.998421485275758,0.975482995507963,0.931033080535841,0.985881031261591,0.980786152383397,0.992250844993649,0.990493080399305,0.906566053743698,0.959808915301429,0.928887395826281,0.923026338468669,0.756971417132723,0.838485487071082,0.980562724064892,0.958246351490468,0.956757475206165,0.991237601716542,0.968988258545989,0.911738123346483,0.999887196381578,0.758937823047737,0.993588626105459,0.9535953201238,0.969296896879889,0.99119756297759,0.950704690913783,0.885201546869686,0.884394198790692,0.997478906605894,0.778858297997223,0.903017259841818,0.973949106192289,0.98708911041045,0.995081391685826,0.812513839912733,0.991358604564773,0.996085761719513,0.834749539705284,0.983458871596561,0.978555314132977,0.914550534755389,0.910614582436036,0.954887585474691,0.97724390306608,0.968430211924096,0.998970264596742,0.959331443641097,0.992109962493338,0.746803250269898,0.914355576146143,0.951672698870617,0.932413904783055,0.99329343960086,0.964532859212253,0.993130119453283,0.953904974423213,0.985173568784816,0.923941018121247,0.922902570414541,0.993561520345233,0.945105210972307,0.87799925377272,0.954494057990303,0.990048225636844,0.816299573735685,0.935785463534243,0.993968844467663,0.945483376041767,0.930468263337677,0.971251292388804,0.953544094060026,0.993967185775731
"ZNF18",0.998542322631196,0.961065432207951,0.985919888765208,0.951112408185512,0.998319527308872,0.933439517082926,0.916118752971398,0.959116938828324,0.976930707452956,0.990812737192087,0.996891882588112,0.972276841464726,0.997127219120691,0.930540148795479,0.934838969707957,0.980050534388973,0.937109986705951,0.998639242440547,0.999101832770982,0.998421485275758,0.975482995507963,0.992646408147786,0.681571838252761,0.980786152383397,0.836191600437098,0.99271091455741,0.906566053743698,0.959808915301429,0.945835021389558,0.978062690727052,0.946582418345737,0.917864017200976,0.980562724064892,0.99615493334242,0.956757475206165,0.991237601716542,0.968988258545989,0.904045938776657,0.999887196381578,0.758937823047737,0.993588626105459,0.963295601475685,0.938682474591716,0.99119756297759,0.811044656073672,0.885201546869686,0.923486120417147,0.997478906605894,0.928745525774239,0.900962762581555,0.931260756269552,0.945582967028999,0.995081391685826,0.963708419358755,0.955335477942671,0.996085761719513,0.998683793282545,0.983458871596561,0.978555314132977,0.996428597172252,0.851226660350583,0.884195674394059,0.632833905376847,0.954739784191995,0.927586517391255,0.952077270773308,0.992109962493338,0.763461055918384,0.263668221890365,0.74907758693913,0.94402267472142,0.986806893068096,0.990143410678442,0.989909849484362,0.981825957397777,0.634804489397281,0.939632120182356,0.990665790042637,0.953023358147415,0.933259503902988,0.230024561311023,0.993970179336778,0.950644212013689,0.666474844268908,0.935785463534243,0.875759940613656,0.977122737107189,0.901425209958275,0.971251292388804,0.874120541377799,0.972483365649118
"ZNF41",0.729065346839458,0.962742996806811,0.880628559271367,0.983774077572445,0.998319527308872,0.933439517082926,0.954020671542733,0.998292367356908,0.976930707452956,0.954512956367804,0.974451244947191,0.913028938130169,0.980506435770751,0.937052407878875,0.975981680838733,0.970550758762389,0.998668503022334,0.998639242440547,0.999101832770982,0.966938912987977,0.975482995507963,0.939582843178499,0.997783194001173,0.953384707844143,0.992250844993649,0.990493080399305,0.906566053743698,0.959808915301429,0.979950663710674,0.969592737093255,0.772702740950634,0.906559204050146,0.980562724064892,0.994066282272469,0.869873999170536,0.991237601716542,0.968988258545989,0.935870942629958,0.999887196381578,0.995800416577107,0.993588626105459,0.963295601475685,0.930997201865433,0.99119756297759,0.879510031944359,0.970567990704212,0.811581356649934,0.997478906605894,0.928745525774239,0.951923563100258,0.994357167008356,0.96132386589249,0.995081391685826,0.970894827344724,0.991358604564773,0.996085761719513,0.915804105753625,0.976685634216179,0.868318296304331,0.973653492830542,0.954865606625044,0.943583224818914,0.961833238464015,0.929731399552935,0.934718755752087,0.952496907739926,0.992109962493338,0.810431069706608,0.973563037192072,0.966719330750891,0.947122549743748,0.986806893068096,0.964532859212253,0.928506892195057,0.949834151631593,0.985173568784816,0.923941018121247,0.996520561010078,0.89505597481783,0.933259503902988,0.87799925377272,0.990997059463523,0.950644212013689,0.973207579465988,0.941320063051418,0.959842457684417,0.945483376041767,0.954227852485463,0.54915971887844,0.874120541377799,0.907597953662142
"ZNF76",0.852693136959275,0.986503692918196,0.975365362911486,0.915989013136221,0.998319527308872,0.933439517082926,0.954020671542733,0.803170584281761,0.9855508281129,0.990812737192087,0.839058079730742,0.998551065984818,0.980506435770751,0.683786376274176,0.959732207192937,0.940439131737622,0.805573307891966,0.998639242440547,0.96996321251556,0.998421485275758,0.975482995507963,0.931033080535841,0.998301843574047,0.953384707844143,0.992250844993649,0.990493080399305,0.980834615795287,0.959808915301429,0.850413235997859,0.969592737093255,0.992652476143648,0.949164167323516,0.992053839149271,0.992144010158271,0.949003478119608,0.991237601716542,0.973997699428872,0.904045938776657,0.999887196381578,0.946635769445822,0.993588626105459,0.976698159027504,0.993367280437115,0.99119756297759,0.978801787728146,0.949062912132171,0.983900957848265,0.997478906605894,0.984255587624475,0.96436603230237,0.881060417792044,0.98708911041045,0.95479462404059,0.970894827344724,0.701476386270834,0.996085761719513,0.998683793282545,0.976685634216179,0.990762487512851,0.91032043500339,0.794292333156533,0.943583224818914,0.97724390306608,0.954739784191995,0.934718755752087,0.952496907739926,0.992109962493338,0.990650040209574,0.916857960716312,0.951672698870617,0.990074596930791,0.986806893068096,0.964532859212253,0.985718543468161,0.949834151631593,0.985173568784816,0.931674871278248,0.996520561010078,0.96558499862482,0.946938876429472,0.905306666914241,0.954494057990303,0.950644212013689,0.973207579465988,0.941320063051418,0.904905589572621,0.945483376041767,0.918121756892384,0.971251292388804,0.967786251029881,0.993967185775731
"ZNF85",0.729065346839458,0.968874253915234,0.959021771390746,0.96789120097611,0.998319527308872,0.954749889671411,0.910919872314212,0.968231938663626,0.976930707452956,0.954512956367804,0.863756033144992,0.975235355625904,0.980506435770751,0.87137411459944,0.811298803654731,0.965947230666248,0.836089658508681,0.998639242440547,0.948927440738968,0.991408966863247,0.457158764769924,0.884075090573165,0.973559804881182,0.953384707844143,0.836191600437098,0.990493080399305,0.906566053743698,0.959808915301429,0.958266784881081,0.978145659799326,0.756971417132723,0.639361208395553,0.980562724064892,0.942629294217034,0.975880980123592,0.845059843521528,0.949237450024544,0.856539420485914,0.999887196381578,0.983991568147343,0.993588626105459,0.963295601475685,0.969780524819695,0.99119756297759,0.907242817235579,0.970567990704212,0.884394198790692,0.997478906605894,0.928745525774239,0.96436603230237,0.931260756269552,0.96132386589249,0.966490979244639,0.659702590536762,0.916623199200481,0.996085761719513,0.932953817931914,0.976685634216179,0.944109962990209,0.639955709438376,0.910614582436036,0.943583224818914,0.895226956021224,0.954739784191995,0.713548741627785,0.952077270773308,0.992109962493338,0.734801215660642,0.907622327630644,0.951672698870617,0.551731536652634,0.931393736280347,0.964532859212253,0.928506892195057,0.919001732220981,0.985173568784816,0.939632120182356,0.952906430332378,0.993561520345233,0.875599343217204,0.87799925377272,0.954494057990303,0.996299790263499,0.853538493292037,0.955273181399184,0.912119180534333,0.975845039588719,0.930468263337677,0.981388180516773,0.874120541377799,0.993967185775731
"ZNF8",0.729065346839458,0.968874253915234,0.959021771390746,0.915989013136221,0.998319527308872,0.951075367689261,0.916118752971398,0.998292367356908,0.976930707452956,0.954512956367804,0.784810657449294,0.972276841464726,0.756468486436773,0.683786376274176,0.811298803654731,0.970550758762389,0.750416652397929,0.998639242440547,0.998713094937798,0.998421485275758,0.975482995507963,0.884075090573165,0.973559804881182,0.980786152383397,0.836191600437098,0.990493080399305,0.906566053743698,0.885845880133532,0.945835021389558,0.969592737093255,0.897373080602053,0.997096176803397,0.980562724064892,0.709247310611014,0.869873999170536,0.845059843521528,0.96820829935326,0.958360031184101,0.999887196381578,0.879583417739649,0.993588626105459,0.970818707872194,0.938682474591716,0.99119756297759,0.980866641048928,0.885201546869686,0.96067092855346,0.997478906605894,0.984255587624475,0.903017259841818,0.99174285822263,0.945582967028999,0.963455427758829,0.934119311641609,0.990715956504884,0.996085761719513,0.998683793282545,0.976685634216179,0.978555314132977,0.996428597172252,0.889271199585738,0.994628098046915,0.97724390306608,0.954739784191995,0.934718755752087,0.962598605266822,0.992109962493338,0.990650040209574,0.9025775988184,0.951672698870617,0.94402267472142,0.986806893068096,0.420457496456821,0.928506892195057,0.984893196112051,0.985173568784816,0.996601247221028,0.78416133089375,0.993561520345233,0.875599343217204,0.87799925377272,0.993970179336778,0.736878313808374,0.973207579465988,0.941320063051418,0.993543224740938,0.945483376041767,0.901425209958275,0.981388180516773,0.95802478183232,0.993967185775731
"ZSC22",0.964563139397794,0.982359400379498,0.971526457725809,0.98452104235146,0.998319527308872,0.933439517082926,0.987204069944017,0.998292367356908,0.976930707452956,0.954512956367804,0.964401247496312,0.998551065984818,0.980506435770751,0.907043073162676,0.963723313625184,0.965947230666248,0.997272812818238,0.998639242440547,0.96996321251556,0.977337366614943,0.975482995507963,0.884075090573165,0.997783194001173,0.933091110976459,0.960811558696372,0.990493080399305,0.980834615795287,0.959808915301429,0.928887395826281,0.978062690727052,0.918296448526894,0.917864017200976,0.980562724064892,0.942629294217034,0.888178304564739,0.991237601716542,0.935962820726468,0.958360031184101,0.999887196381578,0.758937823047737,0.993588626105459,0.873751368704164,0.930997201865433,0.99119756297759,0.777704431024139,0.987177023041225,0.811581356649934,0.997478906605894,0.946101914255408,0.97517439999094,0.931260756269552,0.945582967028999,0.966490979244639,0.970894827344724,0.991358604564773,0.996085761719513,0.998683793282545,0.983458871596561,0.978555314132977,0.996506880785824,0.851226660350583,0.884195674394059,0.961833238464015,0.929731399552935,0.895693152501458,0.952077270773308,0.992109962493338,0.990650040209574,0.9025775988184,0.987543862509699,0.94402267472142,0.986806893068096,0.964532859212253,0.989909849484362,0.949834151631593,0.985173568784816,0.923941018121247,0.996520561010078,0.953023358147415,0.933259503902988,0.87799925377272,0.954494057990303,0.89217515129195,0.858179994434758,0.935785463534243,0.912119180534333,0.945483376041767,0.901425209958275,0.971251292388804,0.967786251029881,0.993967185775731
"ZSC31",0.994716814999872,0.968874253915234,0.971526457725809,0.915989013136221,0.998319527308872,0.933439517082926,0.916118752971398,0.998292367356908,0.976930707452956,0.990812737192087,0.996891882588112,0.972276841464726,0.980506435770751,0.953997925976775,0.968999317483491,0.940439131737622,0.997272812818238,0.998639242440547,0.96996321251556,0.998421485275758,0.975482995507963,0.884075090573165,0.985881031261591,0.980786152383397,0.907751143067425,0.990493080399305,0.906566053743698,0.998263647115424,0.958048219798031,0.978110160887081,0.946192051525054,0.997096176803397,0.980562724064892,0.99615493334242,0.956757475206165,0.845059843521528,0.96820829935326,0.758093463110401,0.999887196381578,0.812373997858442,0.993588626105459,0.963295601475685,0.993367280437115,0.99119756297759,0.817763922380347,0.994095603899328,0.884394198790692,0.997478906605894,0.947212818415383,0.966579497680105,0.931260756269552,0.923512213140624,0.995081391685826,0.834413693896078,0.960200038499924,0.996085761719513,0.998683793282545,0.976685634216179,0.978555314132977,0.818934794761603,0.637975766386539,0.954887585474691,0.961833238464015,0.954739784191995,0.935291176240326,0.952077270773308,0.992109962493338,0.990650040209574,0.562687198115845,0.951672698870617,0.94402267472142,0.986806893068096,0.990143410678442,0.989909849484362,0.949834151631593,0.985173568784816,0.939632120182356,0.930472217446233,0.667106555113693,0.933259503902988,0.87799925377272,0.993970179336778,0.950644212013689,0.956087797770036,0.935785463534243,0.912119180534333,0.945483376041767,0.973058766890347,0.981388180516773,0.880357036604249,0.993967185775731
"TFGroup_1",0.894882127398475,0.307397186229042,0.880628559271367,0.983774077572445,0.998319527308872,0.933439517082926,0.840466688959446,0.902416228576168,0.976930707452956,0.995687669087858,0.964401247496312,0.972276841464726,0.980506435770751,0.937052407878875,0.78431163884808,0.965947230666248,0.998668503022334,0.998639242440547,0.975434050686408,0.998421485275758,0.975482995507963,0.884802332712946,0.985881031261591,0.980786152383397,0.836191600437098,0.990493080399305,0.980834615795287,0.959808915301429,0.990103476844994,0.936721596536018,0.788421795003741,0.917864017200976,0.980562724064892,0.992144010158271,0.888178304564739,0.991237601716542,0.935962820726468,0.865600233159813,0.999887196381578,0.758937823047737,0.993588626105459,0.989573935209556,0.969780524819695,0.99119756297759,0.777704431024139,0.885201546869686,0.811581356649934,0.997478906605894,0.947212818415383,0.951923563100258,0.931260756269552,0.758420544025449,0.995081391685826,0.934119311641609,0.231784925854323,0.996085761719513,0.998683793282545,0.976685634216179,0.978555314132977,0.938143696662328,0.851226660350583,0.884195674394059,0.895226956021224,0.954739784191995,0.927586517391255,0.962813902874277,0.381954854768564,0.779374747941974,0.503109024968789,0.983916362490164,0.958996553046271,0.965683382068298,0.964532859212253,0.928506892195057,0.953904974423213,0.991158450956452,0.923941018121247,0.859499205060375,0.940287303909484,0.945105210972307,0.905306666914241,0.993970179336778,0.919014291712795,0.973207579465988,0.935785463534243,0.993968844467663,0.978676326730868,0.954227852485463,0.97606096869575,0.893793479845938,0.993967185775731
"TFGroup_2",0.946865866806518,0.968874253915234,0.975365362911486,0.951112408185512,0.998319527308872,0.994248293212834,0.916118752971398,0.990047692600524,0.976930707452956,0.954512956367804,0.834967755879572,0.5512840415257,0.966673966954228,0.989305123709551,0.968999317483491,0.970550758762389,0.937109986705951,0.998639242440547,0.986752283231202,0.998421485275758,0.975482995507963,0.884075090573165,0.973559804881182,0.980786152383397,0.950026493483702,0.990493080399305,0.906566053743698,0.959808915301429,0.958266784881081,0.808354188485136,0.772702740950634,0.744382025767867,0.980562724064892,0.942629294217034,0.956757475206165,0.991237601716542,0.980962816791243,0.99542599259708,0.999887196381578,0.946635769445822,0.976666002259912,0.963295601475685,0.930997201865433,0.99119756297759,0.942409393576074,0.949062912132171,0.999801279258508,0.997478906605894,0.982257243328578,0.900962762581555,0.99174285822263,0.945582967028999,0.936377273220026,0.970894827344724,0.991358604564773,0.996085761719513,0.998683793282545,0.983458871596561,0.978555314132977,0.869326281106968,0.851226660350583,0.950474526408072,0.961833238464015,0.954739784191995,0.947025445632405,0.952496907739926,0.992109962493338,0.849568116184266,0.907622327630644,0.904856422218149,0.977069174512587,0.986806893068096,0.964532859212253,0.989909849484362,0.949834151631593,0.985173568784816,0.939632120182356,0.996520561010078,0.886331307745237,0.933259503902988,0.87799925377272,0.954494057990303,0.950644212013689,0.973207579465988,0.935785463534243,0.912119180534333,0.945483376041767,0.901425209958275,0.981388180516773,0.993654354656766,0.972483365649118
"TFGroup_3",0.0187901506044204,0.986503692918196,0.959021771390746,0.915989013136221,0.998319527308872,0.933439517082926,0.971701764326017,0.998292367356908,0.976930707452956,0.995687669087858,0.996135848479378,0.972276841464726,0.835808194137671,0.937052407878875,0.968999317483491,0.990287875945372,0.998668503022334,0.998639242440547,0.96996321251556,0.998421485275758,0.975482995507963,0.96226779816822,0.998301843574047,0.883979953604186,0.907751143067425,0.990493080399305,0.906566053743698,0.959808915301429,0.990103476844994,0.808354188485136,0.772702740950634,0.560995277990951,0.980562724064892,0.942629294217034,0.937021382021245,0.991237601716542,0.943029149947453,0.865600233159813,0.999887196381578,0.879583417739649,0.993588626105459,0.697327720739358,0.969780524819695,0.99119756297759,0.811044656073672,0.975494223969618,0.999801279258508,0.997478906605894,0.932351173132548,0.921184236288952,0.965804590634771,0.98708911041045,0.995081391685826,0.970894827344724,0.955335477942671,0.996085761719513,0.834749539705284,0.988027463080552,0.714720675359773,0.996506880785824,0.894274844974488,0.994628098046915,0.961833238464015,0.847850658021187,0.927586517391255,0.952496907739926,0.779603595410566,0.990650040209574,0.996027537255703,0.951672698870617,0.94402267472142,0.986806893068096,0.990143410678442,0.928506892195057,0.949834151631593,0.985173568784816,0.931674871278248,0.947167140020576,0.965497453598366,0.9532138143531,0.936659646737038,0.954494057990303,0.870499773154198,0.816299573735685,0.935785463534243,0.931539966828353,0.945718664909129,0.918121756892384,0.97606096869575,0.880357036604249,0.982764790152111
"TFGroup_4",0.99757958929101,0.961065432207951,0.999131895216249,0.983774077572445,0.998319527308872,0.933439517082926,0.987204069944017,0.902416228576168,0.976930707452956,0.990812737192087,0.938914919831167,0.972276841464726,0.980506435770751,0.845934366513384,0.959732207192937,0.98874094138273,0.998668503022334,0.998639242440547,0.747756641066621,0.96769992549932,0.975482995507963,0.884075090573165,0.981838187256346,0.980786152383397,0.992250844993649,0.987412558515461,0.906566053743698,0.959808915301429,0.945835021389558,0.974760145439018,0.992652476143648,0.997096176803397,0.980562724064892,0.994066282272469,0.975880980123592,0.991237601716542,0.968988258545989,0.940680131873552,0.923082727228667,0.865935773414651,0.993588626105459,0.963295601475685,0.969780524819695,0.99119756297759,0.811044656073672,0.949062912132171,0.983900957848265,0.997478906605894,0.819473795449904,0.999340566852036,0.931260756269552,0.954080617447691,0.95479462404059,0.970894827344724,0.988132227297289,0.996085761719513,0.837110967916374,0.976685634216179,0.978555314132977,0.996506880785824,0.954865606625044,0.884195674394059,0.846853026075025,0.847850658021187,0.844821930326754,0.952077270773308,0.992109962493338,0.554643826706007,0.907622327630644,0.979938646229577,0.94402267472142,0.986806893068096,0.964532859212253,0.928506892195057,0.949834151631593,0.985173568784816,0.939632120182356,0.859499205060375,0.898262985096393,0.946938876429472,0.87799925377272,0.741865454788961,0.89217515129195,0.990104711913105,0.824522816763652,0.912119180534333,0.945483376041767,0.994190609828326,0.97606096869575,0.968339028414112,0.743279342221898
"TFGroup_5",0.917184045183252,0.962742996806811,0.971526457725809,0.992314561486391,0.738241835037633,0.933439517082926,0.987204069944017,0.660945520367711,0.997767893729878,0.990812737192087,0.938914919831167,0.972276841464726,0.966673966954228,0.916964802779582,0.975981680838733,0.940439131737622,0.937109986705951,0.998639242440547,0.986752283231202,0.998421485275758,0.608742125307538,0.992646408147786,0.973559804881182,0.980786152383397,0.953243155559968,0.956359620732734,0.980834615795287,0.994705485043894,0.945835021389558,0.936721596536018,0.756971417132723,0.917864017200976,0.980562724064892,0.942629294217034,0.465570350755771,0.991237601716542,0.968988258545989,0.99542599259708,0.999887196381578,0.758937823047737,0.993588626105459,0.916486375048868,0.930997201865433,0.99119756297759,0.817763922380347,0.949062912132171,0.983900957848265,0.997478906605894,0.965353985796163,0.900962762581555,0.965804590634771,0.545693487662378,0.934307896829416,0.945166071304389,0.991358604564773,0.996085761719513,0.806462524166835,0.983458871596561,0.978555314132977,0.938143696662328,0.851226660350583,0.950474526408072,0.961833238464015,0.968430211924096,0.292048846196921,0.952496907739926,0.420608613272948,0.810431069706608,0.9025775988184,0.951672698870617,0.958996553046271,0.986806893068096,0.964532859212253,0.928506892195057,0.949834151631593,0.985173568784816,0.942018462474705,0.996520561010078,0.965497453598366,0.949791581459001,0.905306666914241,0.954494057990303,0.994497032506185,0.973207579465988,0.825313888659804,0.912119180534333,0.917711152532526,0.57168551347312,0.825164912129565,0.874120541377799,0.788095956288215
"TFGroup_6",0.994716814999872,0.961065432207951,0.975365362911486,0.915989013136221,0.998319527308872,0.933439517082926,0.840466688959446,0.902416228576168,0.976930707452956,0.980775633199882,0.874402376643722,0.975235355625904,0.756468486436773,0.943384353572907,0.811298803654731,0.406236510102371,0.997272812818238,0.998639242440547,0.948927440738968,0.892231314078346,0.975482995507963,0.884075090573165,0.985881031261591,0.980786152383397,0.960811558696372,0.990493080399305,0.980834615795287,0.959808915301429,0.998368858530976,0.936721596536018,0.756971417132723,0.838485487071082,0.980562724064892,0.994066282272469,0.956757475206165,0.991237601716542,0.411742266723811,0.865600233159813,0.999887196381578,0.758937823047737,0.993588626105459,0.9535953201238,0.930997201865433,0.99119756297759,0.879510031944359,0.949062912132171,0.811581356649934,0.997478906605894,0.928745525774239,0.951923563100258,0.931260756269552,0.98708911041045,0.936377273220026,0.970894827344724,0.991358604564773,0.996085761719513,0.998683793282545,0.983458871596561,0.978555314132977,0.938143696662328,0.851226660350583,0.915735166097324,0.632833905376847,0.954739784191995,0.934718755752087,0.962813902874277,0.992109962493338,0.763814711785151,0.9025775988184,0.961214170728836,0.94402267472142,0.99329343960086,0.964532859212253,0.989909849484362,0.981825957397777,0.985173568784816,0.958318898280039,0.930472217446233,0.356695340425688,0.933259503902988,0.891379438159289,0.954494057990303,0.950644212013689,0.73008969009499,0.935785463534243,0.986510793991887,0.910180084575684,0.930468263337677,0.971251292388804,0.874120541377799,0.993967185775731
"TFGroup_7",0.762120669459485,0.968874253915234,0.975365362911486,0.983774077572445,0.738241835037633,0.933439517082926,0.987204069944017,0.998292367356908,0.976930707452956,0.976781107768946,0.964401247496312,0.972276841464726,0.872374224232796,0.680521783347761,0.949625871439466,0.970550758762389,0.997272812818238,0.998639242440547,0.986752283231202,0.998421485275758,0.608742125307538,0.939582843178499,0.997783194001173,0.980786152383397,0.992250844993649,0.990493080399305,0.906566053743698,0.994705485043894,0.928887395826281,0.808354188485136,0.946192051525054,0.997096176803397,0.980562724064892,0.986873650572747,0.956757475206165,0.991237601716542,0.998746593767264,0.94315767336683,0.999887196381578,0.879583417739649,0.993588626105459,0.814136292469954,0.969296896879889,0.99119756297759,0.996528888251098,0.949062912132171,0.850046700469993,0.997478906605894,0.529170353913029,0.921184236288952,0.931260756269552,0.758420544025449,0.995081391685826,0.834413693896078,0.991358604564773,0.996085761719513,0.837110967916374,0.983458871596561,0.798770615195351,0.938143696662328,0.592313208128571,0.943583224818914,0.961833238464015,0.847850658021187,0.935291176240326,0.952077270773308,0.992109962493338,0.990650040209574,0.907622327630644,0.74907758693913,0.932413904783055,0.986806893068096,0.964532859212253,0.989909849484362,0.949834151631593,0.991158450956452,0.996601247221028,0.859499205060375,0.995600786082253,0.9532138143531,0.966907071765831,0.954494057990303,0.996299790263499,0.990104711913105,0.840153218859902,0.986510793991887,0.945718664909129,0.930468263337677,0.961631718091298,0.874120541377799,0.993967185775731
"TFGroup_8",0.644160310102056,0.961065432207951,0.994874808914894,0.915989013136221,0.998319527308872,0.999892596519578,0.989409378932537,0.902416228576168,0.976930707452956,0.954512956367804,0.964401247496312,0.972276841464726,0.76729763584439,0.830865786439703,0.975981680838733,0.990287875945372,0.997272812818238,0.998639242440547,0.986752283231202,0.966938912987977,0.457158764769924,0.884075090573165,0.985881031261591,0.883979953604186,0.992250844993649,0.990493080399305,0.906566053743698,0.998960719390326,0.850413235997859,0.964287980851744,0.946582418345737,0.997096176803397,0.980562724064892,0.942629294217034,0.956757475206165,0.991237601716542,0.624837198273765,0.758093463110401,0.999887196381578,0.949803434571317,0.993588626105459,0.697327720739358,0.969780524819695,0.923226158269343,0.996528888251098,0.886819398259701,0.983900957848265,0.997478906605894,0.308352392457343,0.951923563100258,0.809366973071738,0.98708911041045,0.934307896829416,0.970894827344724,0.718973627558631,0.996085761719513,0.932953817931914,0.683403834482325,0.680554444218391,0.996506880785824,0.954865606625044,0.870688930717109,0.961833238464015,0.954739784191995,0.898678410216416,0.960937953000503,0.992109962493338,0.810431069706608,0.973563037192072,0.427457196157014,0.94402267472142,0.759694570606784,0.964532859212253,0.989909849484362,0.949834151631593,0.989814325817891,0.923941018121247,0.813960203722315,0.696056620692179,0.910221685899967,0.87799925377272,0.962475680536054,0.885545739646578,0.816299573735685,0.890432632602669,0.9795996122326,0.945483376041767,0.930468263337677,0.961631718091298,0.880357036604249,0.993967185775731
"TFGroup_9",0.762120669459485,0.968874253915234,0.971526457725809,0.983774077572445,0.998319527308872,0.999892596519578,0.810744104214257,0.998292367356908,0.976930707452956,0.954512956367804,0.938914919831167,0.998551065984818,0.980506435770751,0.683786376274176,0.934838969707957,0.992284119012845,0.997272812818238,0.998639242440547,0.999101832770982,0.966938912987977,0.975482995507963,0.894610378166909,0.992510270650842,0.980786152383397,0.836191600437098,0.990493080399305,0.981895726737833,0.959808915301429,0.990103476844994,0.969592737093255,0.95179481040225,0.997096176803397,0.992053839149271,0.942629294217034,0.941457567423335,0.991237601716542,0.943029149947453,0.939601408199619,0.999887196381578,0.989438812712599,0.993588626105459,0.963295601475685,0.938682474591716,0.99119756297759,0.996528888251098,0.949062912132171,0.966229151846222,0.997478906605894,0.928745525774239,0.965765134339034,0.931260756269552,0.923512213140624,0.934307896829416,0.934119311641609,0.947341703454957,0.996085761719513,0.806462524166835,0.976685634216179,0.978555314132977,0.942609001669104,0.996056409445083,0.978738918222021,0.895226956021224,0.917542653420734,0.927586517391255,0.952496907739926,0.914161964448818,0.92983810790821,0.907622327630644,0.74907758693913,0.989819211760037,0.99329343960086,0.964532859212253,0.94148353720525,0.949834151631593,0.528839925293648,0.937912274323853,0.859499205060375,0.993561520345233,0.910221685899967,0.905306666914241,0.954494057990303,0.845703132133043,0.89557408151848,0.955273181399184,0.920922775735166,0.994424460619489,0.901425209958275,0.971490868201985,0.874120541377799,0.993967185775731
"TFGroup_10",0.644160310102056,0.961065432207951,0.880628559271367,0.915989013136221,0.998319527308872,0.951075367689261,0.348839416024507,0.902416228576168,0.976930707452956,0.990812737192087,0.983985913711431,0.972276841464726,0.756468486436773,0.907043073162676,0.975981680838733,0.970550758762389,0.750416652397929,0.998639242440547,0.990301656281988,0.998421485275758,0.975482995507963,0.884075090573165,0.992510270650842,0.980786152383397,0.836191600437098,0.990493080399305,0.906566053743698,0.959808915301429,0.947290531937916,0.808354188485136,0.952462009570536,0.997096176803397,0.948365163170161,0.942629294217034,0.937021382021245,0.991237601716542,0.973997699428872,0.94315767336683,0.999887196381578,0.865935773414651,0.993588626105459,0.938332668296185,0.021911422507692,0.99119756297759,0.468336351472605,0.885201546869686,0.811581356649934,0.997478906605894,0.95592819418516,0.96436603230237,0.931260756269552,0.0750001115305986,0.95479462404059,0.970894827344724,0.701476386270834,0.996085761719513,0.998683793282545,0.983458871596561,0.989754709913387,0.996506880785824,0.592313208128571,0.950474526408072,0.961833238464015,0.968430211924096,0.992429189749328,0.952077270773308,0.420608613272948,0.990650040209574,0.9025775988184,0.951672698870617,0.932413904783055,0.986806893068096,0.964532859212253,0.989909849484362,0.953904974423213,0.985173568784816,0.939632120182356,0.996520561010078,0.953023358147415,0.933259503902988,0.87799925377272,0.954494057990303,0.870499773154198,0.666474844268908,0.935785463534243,0.912119180534333,0.945483376041767,0.993735148923376,0.971251292388804,0.968339028414112,0.993967185775731
"TFGroup_11",0.762120669459485,0.954822952047382,0.971526457725809,0.915989013136221,0.998319527308872,0.933556368505438,0.987204069944017,0.968231938663626,0.976930707452956,0.990812737192087,0.553893630244965,0.975235355625904,0.990374254631426,0.907043073162676,0.934838969707957,0.940439131737622,0.998668503022334,0.998639242440547,0.990301656281988,0.998421485275758,0.975482995507963,0.884075090573165,0.973559804881182,0.980786152383397,0.992250844993649,0.990493080399305,0.980834615795287,0.959808915301429,0.928887395826281,0.808354188485136,0.992652476143648,0.844585655020551,0.980562724064892,0.986873650572747,0.869873999170536,0.991237601716542,0.943029149947453,0.940680131873552,0.999887196381578,0.958696583469084,0.993588626105459,0.845710133720909,0.969780524819695,0.99119756297759,0.867517222177027,0.885201546869686,0.884394198790692,0.997478906605894,0.947212818415383,0.921184236288952,0.881060417792044,0.758420544025449,0.968507015321155,0.960320336041811,0.991358604564773,0.996085761719513,0.954499334942951,0.983458871596561,0.978555314132977,0.996506880785824,0.954865606625044,0.884195674394059,0.895226956021224,0.954739784191995,0.927586517391255,0.952077270773308,0.992109962493338,0.990650040209574,0.9025775988184,0.948194955815038,0.94402267472142,0.99329343960086,0.990143410678442,0.989909849484362,0.981825957397777,0.985173568784816,0.931674871278248,0.996520561010078,0.953023358147415,0.933259503902988,0.87799925377272,0.993970179336778,0.870499773154198,0.973207579465988,0.840153218859902,0.945883346872804,0.945483376041767,0.901425209958275,0.54915971887844,0.874120541377799,0.993967185775731
"TFGroup_12",0.99757958929101,0.996669959769871,0.975365362911486,0.915989013136221,0.998319527308872,0.999892596519578,0.955623782321246,0.902416228576168,0.976930707452956,0.990812737192087,0.839058079730742,0.972276841464726,0.980506435770751,0.907043073162676,0.975981680838733,0.940439131737622,0.937109986705951,0.998639242440547,0.986752283231202,0.998421485275758,0.975482995507963,0.90535994333782,0.997783194001173,0.980786152383397,0.907751143067425,0.990493080399305,0.906566053743698,0.998960719390326,0.928887395826281,0.808354188485136,0.772702740950634,0.997096176803397,0.980562724064892,0.994066282272469,0.937021382021245,0.991237601716542,0.949237450024544,0.99542599259708,0.999887196381578,0.879583417739649,0.993588626105459,0.697327720739358,0.969780524819695,0.99119756297759,0.777704431024139,0.987177023041225,0.927277775744472,0.997478906605894,0.962281429111302,0.921184236288952,0.931260756269552,0.758420544025449,0.936377273220026,0.970894827344724,0.988132227297289,0.996085761719513,0.915804105753625,0.988027463080552,0.978555314132977,0.938143696662328,0.794292333156533,0.943583224818914,0.870034752333445,0.954739784191995,0.927586517391255,0.952077270773308,0.992109962493338,0.554643826706007,0.907622327630644,0.979938646229577,0.94402267472142,0.986806893068096,0.964532859212253,0.981642528071131,0.953904974423213,0.985173568784816,0.923941018121247,0.996520561010078,0.89505597481783,0.949791581459001,0.905306666914241,0.954494057990303,0.950644212013689,0.990104711913105,0.941320063051418,0.993968844467663,0.945483376041767,0.930468263337677,0.971251292388804,0.880357036604249,0.993967185775731
"TFGroup_13",0.729065346839458,0.968874253915234,0.971526457725809,0.951112408185512,0.998319527308872,0.933439517082926,0.971701764326017,0.902416228576168,0.976930707452956,0.990812737192087,0.964401247496312,0.972276841464726,0.980506435770751,0.937052407878875,0.975981680838733,0.940439131737622,0.937109986705951,0.998639242440547,0.986752283231202,0.96769992549932,0.975482995507963,0.884075090573165,0.985881031261591,0.980786152383397,0.978578243484275,0.956359620732734,0.980834615795287,0.959808915301429,0.947290531937916,0.969592737093255,0.992652476143648,0.997096176803397,0.980562724064892,0.994066282272469,0.956757475206165,0.991237601716542,0.998746593767264,0.904045938776657,0.999887196381578,0.946635769445822,0.993588626105459,0.853772959965773,0.969780524819695,0.99119756297759,0.542162486146348,0.94498242748169,0.811581356649934,0.997478906605894,0.990978136822894,0.312950733478895,0.809366973071738,0.96132386589249,0.95479462404059,0.960320336041811,0.955335477942671,0.996085761719513,0.998683793282545,0.976685634216179,0.729271758981689,0.996506880785824,0.954865606625044,0.954887585474691,0.8440906298052,0.954739784191995,0.895693152501458,0.952496907739926,0.899764153553913,0.990650040209574,0.940606238967185,0.74907758693913,0.958996553046271,0.986806893068096,0.964532859212253,0.989909849484362,0.953904974423213,0.985173568784816,0.931674871278248,0.859499205060375,0.953023358147415,0.910221685899967,0.87799925377272,0.954494057990303,0.870499773154198,0.973207579465988,0.935785463534243,0.912119180534333,0.945483376041767,0.765399373480213,0.981388180516773,0.958896843275613,0.993967185775731
"TFGroup_14",0.978919544108048,0.961065432207951,0.959021771390746,0.915989013136221,0.998319527308872,0.933439517082926,0.910919872314212,0.998292367356908,0.976930707452956,0.954512956367804,0.946333579247946,0.998551065984818,0.756468486436773,0.907043073162676,0.811298803654731,0.830107309143372,0.805573307891966,0.998639242440547,0.747756641066621,0.966938912987977,0.975482995507963,0.884075090573165,0.997783194001173,0.980786152383397,0.964879405054553,0.990493080399305,0.990520067982925,0.803764406248369,0.945835021389558,0.985085776597969,0.772702740950634,0.11350022676978,0.980562724064892,0.994066282272469,0.644326473444189,0.991237601716542,0.160676871227218,0.998127576533532,0.999887196381578,0.946635769445822,0.993588626105459,0.697327720739358,0.952967530067884,0.99119756297759,0.970629734366041,0.949062912132171,0.884394198790692,0.997478906605894,0.928745525774239,0.900962762581555,0.994357167008356,0.0501033416375291,0.936377273220026,0.633198092989043,0.902597105341651,0.996085761719513,0.998683793282545,0.976685634216179,0.978555314132977,0.942609001669104,0.967598113736232,0.965496424539297,0.632833905376847,0.847850658021187,0.947025445632405,0.952496907739926,0.992109962493338,0.852603836679092,0.9025775988184,0.951672698870617,0.932413904783055,0.986806893068096,0.964532859212253,0.989909849484362,0.982368685188292,0.358965928305989,0.664136892040088,0.859499205060375,0.993561520345233,0.875599343217204,0.920812753807012,0.575408211048715,0.845703132133043,0.73008969009499,0.941320063051418,0.912119180534333,0.945483376041767,0.930468263337677,0.54915971887844,0.967786251029881,0.874458424484343
"TFGroup_15",0.894882127398475,0.962742996806811,0.971526457725809,0.915989013136221,0.998319527308872,0.954749889671411,0.695882393961051,0.902416228576168,0.976930707452956,0.990812737192087,0.938914919831167,0.972276841464726,0.835808194137671,0.937052407878875,0.975981680838733,0.965947230666248,0.998668503022334,0.998639242440547,0.998713094937798,0.998421485275758,0.975482995507963,0.884802332712946,0.998301843574047,0.980786152383397,0.992250844993649,0.990493080399305,0.906566053743698,0.959808915301429,0.850413235997859,0.969592737093255,0.992652476143648,0.560995277990951,0.980562724064892,0.942629294217034,0.888178304564739,0.991237601716542,0.949237450024544,0.904045938776657,0.999887196381578,0.889533348486002,0.993588626105459,0.916486375048868,0.969296896879889,0.99119756297759,0.874404123253516,0.839432915337967,0.811581356649934,0.997478906605894,0.962281429111302,0.951923563100258,0.931260756269552,0.758420544025449,0.934307896829416,0.913495090189095,0.991358604564773,0.996085761719513,0.806462524166835,0.976685634216179,0.982331748734736,0.709859463090088,0.592313208128571,0.884195674394059,0.745642443849635,0.870818609874898,0.927586517391255,0.543880047713174,0.779603595410566,0.779374747941974,0.907622327630644,0.961214170728836,0.94402267472142,0.986806893068096,0.527396774453431,0.928506892195057,0.953830430802175,0.985173568784816,0.664136892040088,0.859499205060375,0.931545483290691,0.945105210972307,0.222364079795163,0.954494057990303,0.965756920320532,0.973207579465988,0.935785463534243,0.904905589572621,0.945483376041767,0.901425209958275,0.981388180516773,0.954325875686045,0.993967185775731
"TFGroup_16",0.917184045183252,0.307397186229042,0.959021771390746,0.951112408185512,0.998319527308872,0.933439517082926,0.910919872314212,0.998292367356908,0.976930707452956,0.995687669087858,0.938914919831167,0.975235355625904,0.964444813827772,0.963667465831709,0.997651535596449,0.965947230666248,0.998668503022334,0.998639242440547,0.948927440738968,0.892231314078346,0.975482995507963,0.931033080535841,0.973559804881182,0.980786152383397,0.992250844993649,0.990493080399305,0.981895726737833,0.959808915301429,0.850413235997859,0.969592737093255,0.992652476143648,0.838485487071082,0.980562724064892,0.709247310611014,0.984586903772377,0.991237601716542,0.943029149947453,0.940680131873552,0.999887196381578,0.812373997858442,0.993588626105459,0.697327720739358,0.987497835283087,0.99119756297759,0.811044656073672,0.970567990704212,0.884394198790692,0.997478906605894,0.947212818415383,0.951923563100258,0.941557417121562,0.758420544025449,0.995081391685826,0.970894827344724,0.827382050952877,0.996085761719513,0.834749539705284,0.988027463080552,0.990762487512851,0.914550534755389,0.996056409445083,0.994628098046915,0.632833905376847,0.954739784191995,0.934718755752087,0.952077270773308,0.914161964448818,0.903428868127645,0.907622327630644,0.951672698870617,0.93557953139589,0.986806893068096,0.964532859212253,0.989909849484362,0.983619908764593,0.985173568784816,0.664136892040088,0.990665790042637,0.953023358147415,0.910221685899967,0.905306666914241,0.954494057990303,0.950644212013689,0.98263469230802,0.982706712880728,0.954023069447702,0.945483376041767,0.918121756892384,0.971251292388804,0.874120541377799,0.993967185775731
"TFGroup_17",0.99757958929101,0.968874253915234,0.971526457725809,0.915989013136221,0.998319527308872,0.933439517082926,0.368831764007133,0.987308621569904,0.976930707452956,0.990812737192087,0.938914919831167,0.975235355625904,0.964444813827772,0.934643703415075,0.975981680838733,0.96215104919054,0.805573307891966,0.998639242440547,0.986752283231202,0.966938912987977,0.975482995507963,0.939582843178499,0.882371501283514,0.980786152383397,0.992250844993649,0.990493080399305,0.906566053743698,0.983303738064335,0.945835021389558,0.964287980851744,0.756971417132723,0.986301013305341,0.980562724064892,0.942629294217034,0.869873999170536,0.991237601716542,0.604372510918692,0.99542599259708,0.999887196381578,0.995800416577107,0.993588626105459,0.938332668296185,0.969780524819695,0.99119756297759,0.915332018199705,0.949062912132171,0.811581356649934,0.997478906605894,0.808697527771283,0.951923563100258,0.931260756269552,0.871990272185192,0.934307896829416,0.934119311641609,0.955335477942671,0.996085761719513,0.998683793282545,0.976685634216179,0.868318296304331,0.996506880785824,0.851226660350583,0.884195674394059,0.961833238464015,0.954739784191995,0.927586517391255,0.952077270773308,0.992109962493338,0.990650040209574,0.973563037192072,0.951672698870617,0.932413904783055,0.986806893068096,0.964532859212253,0.989909849484362,0.953904974423213,0.634804489397281,0.923941018121247,0.996538246321367,0.993561520345233,0.910221685899967,0.87799925377272,0.954494057990303,0.870499773154198,0.973207579465988,0.935785463534243,0.912119180534333,0.974804294356101,0.994190609828326,0.971251292388804,0.874120541377799,0.993967185775731
"TFGroup_18",0.994716814999872,0.968874253915234,0.971526457725809,0.970853509675189,0.998319527308872,0.933439517082926,0.352863054129106,0.660945520367711,0.976930707452956,0.987094733657715,0.874402376643722,0.975235355625904,0.964444813827772,0.907043073162676,0.949625871439466,0.940439131737622,0.998668503022334,0.998639242440547,0.987295369274316,0.966938912987977,0.942083326843364,0.884075090573165,0.973559804881182,0.980786152383397,0.992250844993649,0.990493080399305,0.990520067982925,0.959808915301429,0.990103476844994,0.936721596536018,0.756971417132723,0.997096176803397,0.980562724064892,0.986873650572747,0.644326473444189,0.991237601716542,0.96820829935326,0.605197085558218,0.999887196381578,0.948048598487354,0.993588626105459,0.873751368704164,0.987497835283087,0.99119756297759,0.879510031944359,0.994095603899328,0.927277775744472,0.997478906605894,0.279081501709826,0.951923563100258,0.965804590634771,0.96132386589249,0.936377273220026,0.970894827344724,0.991358604564773,0.996085761719513,0.998683793282545,0.983458871596561,0.978555314132977,0.973653492830542,0.851226660350583,0.994628098046915,0.632833905376847,0.954739784191995,0.927586517391255,0.952496907739926,0.992109962493338,0.779374747941974,0.9025775988184,0.951672698870617,0.94402267472142,0.759694570606784,0.964532859212253,0.94148353720525,0.981825957397777,0.985173568784816,0.664136892040088,0.996520561010078,0.974284932372043,0.875599343217204,0.87799925377272,0.993970179336778,0.870499773154198,0.666474844268908,0.935785463534243,0.913474097726624,0.71297121388396,0.901425209958275,0.971251292388804,0.874120541377799,0.988149616922204
"TFGroup_19",0.917184045183252,0.990603888754872,0.975365362911486,0.946661595633016,0.663229445653607,0.933439517082926,0.916118752971398,0.979122930710761,0.976930707452956,0.995687669087858,0.964401247496312,0.972276841464726,0.871856696032602,0.937052407878875,0.934838969707957,0.970550758762389,0.805573307891966,0.998639242440547,0.986752283231202,0.991408966863247,0.975482995507963,0.89041791414215,0.681571838252761,0.980786152383397,0.907751143067425,0.990493080399305,0.980834615795287,0.950814573779598,0.958048219798031,0.964287980851744,0.992652476143648,0.844585655020551,0.980562724064892,0.986873650572747,0.956757475206165,0.845059843521528,0.935962820726468,0.926993622213325,0.999887196381578,0.758937823047737,0.993588626105459,0.697327720739358,0.969780524819695,0.99119756297759,0.811044656073672,0.949062912132171,0.884394198790692,0.997478906605894,0.95592819418516,0.96436603230237,0.881060417792044,0.923512213140624,0.995081391685826,0.970894827344724,0.899021152357847,0.996085761719513,0.834749539705284,0.976685634216179,0.978555314132977,0.938143696662328,0.851226660350583,0.950474526408072,0.695644701900294,0.954739784191995,0.992429189749328,0.952077270773308,0.647568041534569,0.990650040209574,0.973563037192072,0.951672698870617,0.932413904783055,0.986806893068096,0.964532859212253,0.989909849484362,0.984749120710042,0.985173568784816,0.945013044261782,0.964396295913302,0.931545483290691,0.933259503902988,0.87799925377272,0.954494057990303,0.950644212013689,0.973207579465988,0.935785463534243,0.875759940613656,0.945483376041767,0.980801569982875,0.981388180516773,0.95802478183232,0.914715753127811
"TFGroup_20",0.729065346839458,0.961065432207951,0.959021771390746,0.970853509675189,0.998319527308872,0.933439517082926,0.261869242872027,0.968231938663626,0.976930707452956,0.987094733657715,0.957406240986772,0.975235355625904,0.966673966954228,0.937052407878875,0.934838969707957,0.940439131737622,0.997272812818238,0.998639242440547,0.999101832770982,0.966938912987977,0.975482995507963,0.884075090573165,0.973559804881182,0.980786152383397,0.992250844993649,0.990493080399305,0.906566053743698,0.990060624744862,0.850413235997859,0.978110160887081,0.657622883337479,0.997096176803397,0.980562724064892,0.99615493334242,0.949003478119608,0.991237601716542,0.935962820726468,0.605197085558218,0.999887196381578,0.812373997858442,0.993588626105459,0.963295601475685,0.930997201865433,0.99119756297759,0.811044656073672,0.987177023041225,0.811581356649934,0.997478906605894,0.962281429111302,0.971827423573346,0.881060417792044,0.98708911041045,0.95479462404059,0.970894827344724,0.969725533251749,0.996085761719513,0.837110967916374,0.983458871596561,0.978555314132977,0.938143696662328,0.954865606625044,0.870688930717109,0.97724390306608,0.847850658021187,0.934718755752087,0.952077270773308,0.219451412624009,0.990650040209574,0.9025775988184,0.979938646229577,0.990074596930791,0.986806893068096,0.964532859212253,0.981642528071131,0.986617111065718,0.985173568784816,0.939632120182356,0.964396295913302,0.886331307745237,0.910221685899967,0.922846638847331,0.954494057990303,0.870499773154198,0.973207579465988,0.840153218859902,0.959842457684417,0.945483376041767,0.901425209958275,0.981388180516773,0.993654354656766,0.993967185775731
"TFGroup_21",0.762120669459485,0.995406404632104,0.959021771390746,0.999348367202855,0.998319527308872,0.933439517082926,0.987204069944017,0.987308621569904,0.98703274958181,0.96971992584554,0.964401247496312,0.998551065984818,0.980506435770751,0.934643703415075,0.968999317483491,0.940439131737622,0.997272812818238,0.998639242440547,0.96996321251556,0.892231314078346,0.975482995507963,0.884075090573165,0.973559804881182,0.980786152383397,0.907751143067425,0.990493080399305,0.906566053743698,0.959808915301429,0.928887395826281,0.978145659799326,0.992652476143648,0.844585655020551,0.980562724064892,0.942629294217034,0.956757475206165,0.991237601716542,0.96820829935326,0.99542599259708,0.999887196381578,0.758937823047737,0.993588626105459,0.963295601475685,0.969296896879889,0.998597377777683,0.52408274895089,0.949062912132171,0.983900957848265,0.997478906605894,0.928745525774239,0.96436603230237,0.994357167008356,0.758420544025449,0.95479462404059,0.934119311641609,0.988132227297289,0.996085761719513,0.806462524166835,0.976685634216179,0.978555314132977,0.996506880785824,0.851226660350583,0.950474526408072,0.951859647010992,0.929731399552935,0.854025656123047,0.952496907739926,0.426481716230957,0.867516051212855,0.9025775988184,0.966719330750891,0.94402267472142,0.986806893068096,0.964532859212253,0.928506892195057,0.949834151631593,0.985173568784816,0.664136892040088,0.930472217446233,0.953023358147415,0.933259503902988,0.909797880808715,0.990997059463523,0.996299790263499,0.990104711913105,0.941320063051418,0.993968844467663,0.917711152532526,0.901425209958275,0.971251292388804,0.993654354656766,0.993967185775731
"TFGroup_22",0.994716814999872,0.968874253915234,0.975365362911486,0.983774077572445,0.998319527308872,0.933439517082926,0.987204069944017,0.987308621569904,0.976930707452956,0.954512956367804,0.874402376643722,0.975235355625904,0.964444813827772,0.937052407878875,0.942958473993412,0.940439131737622,0.775503496081845,0.998639242440547,0.999101832770982,0.998421485275758,0.975482995507963,0.931033080535841,0.985881031261591,0.980786152383397,0.992250844993649,0.990493080399305,0.980834615795287,0.959808915301429,0.928887395826281,0.936721596536018,0.772702740950634,0.917864017200976,0.980562724064892,0.986873650572747,0.956757475206165,0.991237601716542,0.973300696626623,0.904045938776657,0.923082727228667,0.946635769445822,0.993588626105459,0.963295601475685,0.843928208654408,0.99119756297759,0.811044656073672,0.942027340351786,0.999801279258508,0.997478906605894,0.932351173132548,0.921184236288952,0.931260756269552,0.945582967028999,0.936377273220026,0.960320336041811,0.674592231925545,0.996085761719513,0.915804105753625,0.988027463080552,0.978555314132977,0.91032043500339,0.7934775747221,0.963216250601429,0.980136065287699,0.998733071019555,0.927586517391255,0.952496907739926,0.992212279046306,0.664427501391547,0.9025775988184,0.888411176230151,0.94402267472142,0.986806893068096,0.964532859212253,0.989909849484362,0.981825957397777,0.985173568784816,0.9979591136976,0.996520561010078,0.93078076212504,0.9532138143531,0.922846638847331,0.993970179336778,0.977271961484274,0.973207579465988,0.935785463534243,0.913474097726624,0.917711152532526,0.930468263337677,0.981388180516773,0.958896843275613,0.993967185775731
"TFGroup_23",0.805539691236952,0.968874253915234,0.98132615369246,0.983774077572445,0.998319527308872,0.933439517082926,0.352863054129106,0.902416228576168,0.976930707452956,0.990812737192087,0.938914919831167,0.98592620860071,0.76729763584439,0.683786376274176,0.959732207192937,0.940439131737622,0.937109986705951,0.998639242440547,0.986752283231202,0.962979662454316,0.975482995507963,0.884075090573165,0.787711089280136,0.980786152383397,0.964879405054553,0.990493080399305,0.906566053743698,0.959808915301429,0.998368858530976,0.969592737093255,0.756971417132723,0.982968301452781,0.980562724064892,0.942629294217034,0.937021382021245,0.991237601716542,0.943029149947453,0.958360031184101,0.999887196381578,0.758937823047737,0.993588626105459,0.963295601475685,0.969780524819695,0.99119756297759,0.92049674962489,0.987177023041225,0.983900957848265,0.997478906605894,0.279081501709826,0.921184236288952,0.809366973071738,0.954080617447691,0.934307896829416,0.970894827344724,0.991358604564773,0.996085761719513,0.834749539705284,0.988027463080552,0.978555314132977,0.996506880785824,0.89891318432153,0.884195674394059,0.961833238464015,0.847850658021187,0.998970264596742,0.952496907739926,0.992109962493338,0.990650040209574,0.994061381770324,0.951672698870617,0.94402267472142,0.986806893068096,0.964532859212253,0.94148353720525,0.949834151631593,0.985173568784816,0.923941018121247,0.859499205060375,0.931545483290691,0.881950231424541,0.905306666914241,0.954494057990303,0.950644212013689,0.990104711913105,0.935785463534243,0.912119180534333,0.945483376041767,0.930468263337677,0.971251292388804,0.968339028414112,0.993967185775731
"TFGroup_24",0.762120669459485,0.982359400379498,0.959021771390746,0.951112408185512,0.998319527308872,0.951075367689261,0.987204069944017,0.998292367356908,0.976930707452956,0.995687669087858,0.957406240986772,0.998551065984818,0.756468486436773,0.937052407878875,0.934838969707957,0.830107309143372,0.805573307891966,0.998639242440547,0.986752283231202,0.966938912987977,0.975482995507963,0.884075090573165,0.973559804881182,0.980786152383397,0.992250844993649,0.990493080399305,0.980834615795287,0.959808915301429,0.928887395826281,0.969592737093255,0.92054262672834,0.903349053816404,0.980562724064892,0.948666671369858,0.956757475206165,0.991237601716542,0.968988258545989,0.99542599259708,0.999887196381578,0.946635769445822,0.993588626105459,0.697327720739358,0.843928208654408,0.99119756297759,0.777704431024139,0.970567990704212,0.983900957848265,0.997478906605894,0.99752280682515,0.951923563100258,0.941557417121562,0.96132386589249,0.966490979244639,0.970894827344724,0.798540912585567,0.996085761719513,0.834749539705284,0.988027463080552,0.868318296304331,0.996506880785824,0.910614582436036,0.893319964003525,0.961833238464015,0.954739784191995,0.927586517391255,0.960937953000503,0.992109962493338,0.842800838256176,0.994061381770324,0.975140923782448,0.947667336414932,0.986806893068096,0.964532859212253,0.989909849484362,0.981825957397777,0.985173568784816,0.931674871278248,0.996503742430662,0.969637123486491,0.875599343217204,0.87799925377272,0.954494057990303,0.868765464294651,0.957155946133893,0.941320063051418,0.913474097726624,0.977122737107189,0.970952655938109,0.961631718091298,0.880357036604249,0.993967185775731
"TFGroup_25",0.959963730585507,0.982359400379498,0.985919888765208,0.983774077572445,0.998319527308872,0.933439517082926,0.721228307194194,0.902416228576168,0.976930707452956,0.990812737192087,0.996891882588112,0.975235355625904,0.980506435770751,0.937052407878875,0.934838969707957,0.940439131737622,0.998668503022334,0.998639242440547,0.96996321251556,0.892231314078346,0.975482995507963,0.939582843178499,0.849485006913057,0.883979953604186,0.992250844993649,0.990493080399305,0.98411203584723,0.994705485043894,0.928887395826281,0.964287980851744,0.992652476143648,0.560995277990951,0.980562724064892,0.99615493334242,0.465570350755771,0.991237601716542,0.96820829935326,0.856539420485914,0.999887196381578,0.933917195167485,0.993588626105459,0.963295601475685,0.930997201865433,0.99119756297759,0.777704431024139,0.949062912132171,0.884394198790692,0.997478906605894,0.928745525774239,0.951923563100258,0.985275996677766,0.0501033416375291,0.934307896829416,0.970894827344724,0.955335477942671,0.996085761719513,0.998683793282545,0.976685634216179,0.868318296304331,0.996506880785824,0.954865606625044,0.884195674394059,0.977601272730375,0.873565434890899,0.927586517391255,0.952496907739926,0.992109962493338,0.836680746977988,0.307148638600573,0.74907758693913,0.932413904783055,0.986806893068096,0.964532859212253,0.981642528071131,0.949834151631593,0.991158450956452,0.923941018121247,0.996520561010078,0.931545483290691,0.875599343217204,0.858842704732308,0.954494057990303,0.5186632978369,0.973207579465988,0.941320063051418,0.912119180534333,0.945483376041767,0.555466781889952,0.981388180516773,0.968339028414112,0.993967185775731
"TFGroup_26",0.981331964184958,0.961065432207951,0.959021771390746,0.915989013136221,0.710011305518795,0.954749889671411,0.987204069944017,0.998292367356908,0.9855508281129,0.954512956367804,0.938914919831167,0.972276841464726,0.980506435770751,0.937052407878875,0.975981680838733,0.970550758762389,0.998668503022334,0.998639242440547,0.747756641066621,0.998421485275758,0.975482995507963,0.939582843178499,0.997783194001173,0.985712339935157,0.907751143067425,0.990493080399305,0.980834615795287,0.959808915301429,0.945835021389558,0.964287980851744,0.992652476143648,0.917864017200976,0.980562724064892,0.942629294217034,0.977181637406844,0.991237601716542,0.949237450024544,0.940680131873552,0.999887196381578,0.844901866446838,0.993588626105459,0.963295601475685,0.930997201865433,0.99119756297759,0.980866641048928,0.885201546869686,0.929182929309688,0.997478906605894,0.947212818415383,0.951923563100258,0.931260756269552,0.821068223839944,0.995081391685826,0.834413693896078,0.955335477942671,0.996085761719513,0.916822185470147,0.976685634216179,0.868318296304331,0.91032043500339,0.889271199585738,0.884195674394059,0.632833905376847,0.954739784191995,0.895693152501458,0.952077270773308,0.992109962493338,0.902118079109248,0.973563037192072,0.74907758693913,0.955776881586501,0.986806893068096,0.964532859212253,0.928506892195057,0.949834151631593,0.634804489397281,0.991303337881837,0.930472217446233,0.898262985096393,0.933259503902988,0.87799925377272,0.954494057990303,0.996299790263499,0.990104711913105,0.935785463534243,0.912119180534333,0.945483376041767,0.901425209958275,0.971251292388804,0.95802478183232,0.993967185775731
"TFGroup_27",0.917184045183252,0.961065432207951,0.975365362911486,0.96789120097611,0.998319527308872,0.933439517082926,0.916118752971398,0.998292367356908,0.976930707452956,0.995687669087858,0.938914919831167,0.972276841464726,0.980506435770751,0.937052407878875,0.975981680838733,0.96215104919054,0.997272812818238,0.998639242440547,0.986752283231202,0.998421485275758,0.457158764769924,0.884802332712946,0.985881031261591,0.883979953604186,0.964879405054553,0.990493080399305,0.980834615795287,0.994705485043894,0.958048219798031,0.969592737093255,0.983525243064487,0.23256708310043,0.980562724064892,0.942629294217034,0.888178304564739,0.991237601716542,0.935962820726468,0.904045938776657,0.999887196381578,0.982000920405465,0.993588626105459,0.989573935209556,0.843928208654408,0.99119756297759,0.777704431024139,0.987177023041225,0.999801279258508,0.997478906605894,0.962281429111302,0.900962762581555,0.931260756269552,0.758420544025449,0.936377273220026,0.934119311641609,0.859270901905978,0.996085761719513,0.998683793282545,0.988027463080552,0.868318296304331,0.942609001669104,0.954865606625044,0.943583224818914,0.97724390306608,0.967954803717563,0.934718755752087,0.952496907739926,0.992109962493338,0.990650040209574,0.973563037192072,0.983916362490164,0.94402267472142,0.986806893068096,0.964532859212253,0.928506892195057,0.949834151631593,0.985173568784816,0.851967016648928,0.996503742430662,0.953023358147415,0.933259503902988,0.922846638847331,0.954494057990303,0.845703132133043,0.635748724316921,0.935785463534243,0.954023069447702,0.947571368460933,0.973058766890347,0.981388180516773,0.968339028414112,0.993967185775731
"TFGroup_28",0.917184045183252,0.968874253915234,0.971526457725809,0.983774077572445,0.998319527308872,0.933439517082926,0.916118752971398,0.902416228576168,0.976930707452956,0.954512956367804,0.983985913711431,0.949737130928421,0.756468486436773,0.937052407878875,0.942958473993412,0.970550758762389,0.682424604774545,0.998639242440547,0.998713094937798,0.998421485275758,0.975482995507963,0.884075090573165,0.985881031261591,0.980786152383397,0.836191600437098,0.956359620732734,0.980834615795287,0.959808915301429,0.990103476844994,0.969592737093255,0.992652476143648,0.560995277990951,0.980562724064892,0.958246351490468,0.956757475206165,0.991237601716542,0.998746593767264,0.904045938776657,0.999887196381578,0.758937823047737,0.993588626105459,0.9535953201238,0.930997201865433,0.99119756297759,0.811044656073672,0.975920505639464,0.884394198790692,0.997478906605894,0.95592819418516,0.903017259841818,0.994357167008356,0.98708911041045,0.936377273220026,0.960320336041811,0.955335477942671,0.996085761719513,0.915804105753625,0.988027463080552,0.857376287771275,0.996428597172252,0.851226660350583,0.963216250601429,0.846853026075025,0.999318418211268,0.927586517391255,0.543880047713174,0.992109962493338,0.554643826706007,0.907622327630644,0.951672698870617,0.94402267472142,0.986806893068096,0.964532859212253,0.886248022025853,0.949834151631593,0.985173568784816,0.939632120182356,0.990665790042637,0.993561520345233,0.910221685899967,0.938439103940398,0.954494057990303,0.524162772693312,0.973207579465988,0.935785463534243,0.998591621779088,0.945483376041767,0.935852422099588,0.971251292388804,0.968339028414112,0.993967185775731
"TFGroup_29",0.79317297037277,0.986503692918196,0.959021771390746,0.915989013136221,0.998319527308872,0.962258547982242,0.910919872314212,0.902416228576168,0.997767893729878,0.954512956367804,0.784810657449294,0.560517565819037,0.835808194137671,0.934643703415075,0.975981680838733,0.970550758762389,0.998668503022334,0.998639242440547,0.948927440738968,0.966938912987977,0.975482995507963,0.96226779816822,0.973559804881182,0.980786152383397,0.836191600437098,0.956359620732734,0.906566053743698,0.857029646460062,0.945835021389558,0.936721596536018,0.95179481040225,0.838485487071082,0.980562724064892,0.99615493334242,0.956757475206165,0.991237601716542,0.943029149947453,0.904045938776657,0.999887196381578,0.812373997858442,0.993588626105459,0.963295601475685,0.938682474591716,0.178360121586562,0.996433158208562,0.949062912132171,0.811581356649934,0.997478906605894,0.984255587624475,0.900962762581555,0.809366973071738,0.511892681123024,0.934307896829416,0.645711221460945,0.896428950591056,0.996085761719513,0.915804105753625,0.976685634216179,0.978555314132977,0.942609001669104,0.851226660350583,0.884195674394059,0.961833238464015,0.847850658021187,0.934718755752087,0.952077270773308,0.992109962493338,0.779374747941974,0.636928887324505,0.74907758693913,0.990074596930791,0.986806893068096,0.964532859212253,0.928506892195057,0.953904974423213,0.985173568784816,0.923941018121247,0.859499205060375,0.667106555113693,0.875599343217204,0.87799925377272,0.959259204603474,0.870499773154198,0.853538493292037,0.941320063051418,0.912119180534333,0.917711152532526,0.930468263337677,0.981388180516773,0.874120541377799,0.995522569814556
"TFGroup_30",0.917184045183252,0.968874253915234,0.975365362911486,0.951112408185512,0.998319527308872,0.933439517082926,0.847938648137326,0.968231938663626,0.976930707452956,0.954512956367804,0.493227276449102,0.972276841464726,0.871856696032602,0.937052407878875,0.959732207192937,0.96215104919054,0.998668503022334,0.998639242440547,0.947561959330285,0.998421485275758,0.831446971267063,0.96226779816822,0.985881031261591,0.989096243794987,0.992250844993649,0.990493080399305,0.906566053743698,0.959808915301429,0.950812377932423,0.808354188485136,0.916574127525617,0.906559204050146,0.980562724064892,0.942629294217034,0.888178304564739,0.991237601716542,0.968988258545989,0.904045938776657,0.999887196381578,0.946635769445822,0.993588626105459,0.966332862736261,0.882451664633732,0.99119756297759,0.874404123253516,0.885201546869686,0.811581356649934,0.997478906605894,0.928745525774239,0.951923563100258,0.994357167008356,0.985204644797683,0.95479462404059,0.960320336041811,0.955335477942671,0.996085761719513,0.998683793282545,0.976685634216179,0.219649808371222,0.942609001669104,0.851226660350583,0.943583224818914,0.980136065287699,0.954739784191995,0.947025445632405,0.952496907739926,0.992109962493338,0.902118079109248,0.9025775988184,0.951672698870617,0.94402267472142,0.986806893068096,0.964532859212253,0.928506892195057,0.949834151631593,0.634804489397281,0.923941018121247,0.859499205060375,0.931545483290691,0.933259503902988,0.87799925377272,0.741865454788961,0.89217515129195,0.892249094321209,0.943883536706066,0.974484699536959,0.945483376041767,0.973058766890347,0.971251292388804,0.874120541377799,0.993967185775731
"TFGroup_31",0.99757958929101,0.961065432207951,0.985919888765208,0.915989013136221,0.998319527308872,0.933556368505438,0.987204069944017,0.998292367356908,0.976930707452956,0.96971992584554,0.938914919831167,0.998551065984818,0.76729763584439,0.934643703415075,0.942958473993412,0.970550758762389,0.937109986705951,0.998639242440547,0.986752283231202,0.984799722921205,0.457158764769924,0.884075090573165,0.981838187256346,0.980786152383397,0.992250844993649,0.990493080399305,0.980834615795287,0.803764406248369,0.958266784881081,0.964287980851744,0.992652476143648,0.906559204050146,0.980562724064892,0.986873650572747,0.949003478119608,0.845059843521528,0.949237450024544,0.99542599259708,0.999887196381578,0.906251903861299,0.993588626105459,0.966332862736261,0.938682474591716,0.99119756297759,0.968934423366259,0.949062912132171,0.984878160750563,0.997478906605894,0.918022945345554,0.951923563100258,0.881060417792044,0.96132386589249,0.995081391685826,0.934187124594849,0.80139624572743,0.996085761719513,0.834749539705284,0.976685634216179,0.982331748734736,0.742250141814026,0.910614582436036,0.994628098046915,0.961833238464015,0.954739784191995,0.895693152501458,0.959331443641097,0.992109962493338,0.70318544077577,0.907622327630644,0.983916362490164,0.94402267472142,0.986806893068096,0.964532859212253,0.989909849484362,0.981825957397777,0.358965928305989,0.939632120182356,0.9292762139498,0.965497453598366,0.945105210972307,0.87799925377272,0.962475680536054,0.950644212013689,0.973207579465988,0.935785463534243,0.912119180534333,0.945483376041767,0.973058766890347,0.981388180516773,0.907338632009401,0.993967185775731
"TFGroup_32",0.894882127398475,0.961065432207951,0.975365362911486,0.999348367202855,0.998319527308872,0.954749889671411,0.954020671542733,0.998292367356908,0.976930707452956,0.990812737192087,0.784810657449294,0.998551065984818,0.980506435770751,0.907043073162676,0.811298803654731,0.96215104919054,0.997272812818238,0.998639242440547,0.999101832770982,0.998421485275758,0.975482995507963,0.96768493304421,0.938705515862979,0.980786152383397,0.907751143067425,0.990493080399305,0.980834615795287,0.857029646460062,0.928887395826281,0.936721596536018,0.992652476143648,0.917864017200976,0.980562724064892,0.709247310611014,0.888178304564739,0.991237601716542,0.96820829935326,0.940680131873552,0.999887196381578,0.758937823047737,0.993588626105459,0.963295601475685,0.938682474591716,0.99119756297759,0.942409393576074,0.949062912132171,0.811581356649934,0.997478906605894,0.947212818415383,0.951923563100258,0.931260756269552,0.86559270987963,0.968507015321155,0.960320336041811,0.991358604564773,0.996085761719513,0.998683793282545,0.983458871596561,0.714720675359773,0.996428597172252,0.592313208128571,0.884195674394059,0.961833238464015,0.968430211924096,0.934718755752087,0.981323321685051,0.992109962493338,0.983355785384161,0.973563037192072,0.961214170728836,0.94402267472142,0.986806893068096,0.964532859212253,0.981642528071131,0.949834151631593,0.985173568784816,0.923941018121247,0.964396295913302,0.993561520345233,0.933259503902988,0.87799925377272,0.954494057990303,0.996299790263499,0.795880175808673,0.840153218859902,0.993968844467663,0.945483376041767,0.901425209958275,0.97606096869575,0.874120541377799,0.914715753127811
"TFGroup_33",0.950609520618608,0.982359400379498,0.921432831536523,0.983774077572445,0.998319527308872,0.954749889671411,0.942805108163855,0.902416228576168,0.976930707452956,0.990812737192087,0.784810657449294,0.972276841464726,0.966673966954228,0.680521783347761,0.952012411834505,0.970550758762389,0.998668503022334,0.998639242440547,0.998713094937798,0.998421485275758,0.975482995507963,0.992646408147786,0.973559804881182,0.980786152383397,0.992250844993649,0.990493080399305,0.906566053743698,0.998960719390326,0.974516983700923,0.808354188485136,0.992652476143648,0.917864017200976,0.980562724064892,0.709247310611014,0.888178304564739,0.991237601716542,0.943029149947453,0.983265640590897,0.999887196381578,0.946635769445822,0.999046883006746,0.938332668296185,0.938682474591716,0.99119756297759,0.907242817235579,0.949062912132171,0.983900957848265,0.997478906605894,0.999040364571754,0.971827423573346,0.937496972183344,0.985204644797683,0.995081391685826,0.960320336041811,0.674592231925545,0.996085761719513,0.806462524166835,0.972163083669516,0.978555314132977,0.91032043500339,0.851226660350583,0.954887585474691,0.895226956021224,0.968430211924096,0.955441130296458,0.981323321685051,0.914161964448818,0.975917363229893,0.973563037192072,0.979938646229577,0.986567100881931,0.986806893068096,0.964532859212253,0.928506892195057,0.981825957397777,0.985173568784816,0.923941018121247,0.962161593444317,0.696056620692179,0.875599343217204,0.87799925377272,0.954494057990303,0.935005683746322,0.635748724316921,0.955273181399184,0.912119180534333,0.945483376041767,0.999763789658595,0.825164912129565,0.880357036604249,0.914715753127811
"TFGroup_34",0.644160310102056,0.968874253915234,0.959021771390746,0.915989013136221,0.998319527308872,0.933439517082926,0.916118752971398,0.987308621569904,0.976930707452956,0.954512956367804,0.938914919831167,0.972276841464726,0.871856696032602,0.937052407878875,0.811298803654731,0.965947230666248,0.998668503022334,0.998639242440547,0.948927440738968,0.998421485275758,0.975482995507963,0.939582843178499,0.981838187256346,0.883979953604186,0.836191600437098,0.956359620732734,0.980834615795287,0.959808915301429,0.998368858530976,0.969592737093255,0.756971417132723,0.997096176803397,0.980562724064892,0.709247310611014,0.924325751136324,0.991237601716542,0.935962820726468,0.856539420485914,0.999887196381578,0.758937823047737,0.993588626105459,0.853772959965773,0.882451664633732,0.99119756297759,0.811044656073672,0.885201546869686,0.998040655695857,0.997478906605894,0.984255587624475,0.951923563100258,0.994357167008356,0.956559056548814,0.95479462404059,0.970894827344724,0.991358604564773,0.996085761719513,0.954499334942951,0.976685634216179,0.978555314132977,0.996428597172252,0.910614582436036,0.884195674394059,0.97724390306608,0.954739784191995,0.898673296553588,0.964340722684762,0.914161964448818,0.849568116184266,0.826118119207367,0.951672698870617,0.94402267472142,0.986806893068096,0.964532859212253,0.989909849484362,0.981825957397777,0.985173568784816,0.923941018121247,0.922902570414541,0.886331307745237,0.933259503902988,0.87799925377272,0.954494057990303,0.990048225636844,0.893851667047923,0.935785463534243,0.913474097726624,0.945483376041767,0.555466781889952,0.755799401698159,0.88234162568865,0.827981587867116
"TFGroup_35",0.917184045183252,0.982359400379498,0.975365362911486,0.983774077572445,0.998319527308872,0.933439517082926,0.987204069944017,0.979122930710761,0.976930707452956,0.990812737192087,0.874402376643722,0.998551065984818,0.872374224232796,0.934643703415075,0.968999317483491,0.965947230666248,0.997272812818238,0.998639242440547,0.998713094937798,0.998421485275758,0.975482995507963,0.96768493304421,0.997783194001173,0.994633603680708,0.836191600437098,0.666540351877317,0.980834615795287,0.959808915301429,0.995997054171487,0.936721596536018,0.756971417132723,0.903349053816404,0.980562724064892,0.986873650572747,0.907907042578034,0.991237601716542,0.788697339012748,0.856539420485914,0.999887196381578,0.879583417739649,0.23606839201691,0.938332668296185,0.930997201865433,0.99119756297759,0.874404123253516,0.949062912132171,0.851777162417953,0.997478906605894,0.918022945345554,0.951923563100258,0.931260756269552,0.985204644797683,0.936377273220026,0.960320336041811,0.991358604564773,0.996085761719513,0.806462524166835,0.983458871596561,0.978555314132977,0.914550534755389,0.642699907590328,0.884195674394059,0.961833238464015,0.968430211924096,0.927586517391255,0.952496907739926,0.992109962493338,0.848433879162466,0.905215218295615,0.752017564803695,0.94402267472142,0.965683382068298,0.964532859212253,0.989909849484362,0.949834151631593,0.985173568784816,0.923941018121247,0.996520561010078,0.920973296660965,0.949791581459001,0.949102559675772,0.954494057990303,0.870499773154198,0.973207579465988,0.935785463534243,0.912119180534333,0.975845039588719,0.954227852485463,0.885750154794123,0.874120541377799,0.993967185775731
"TFGroup_36",0.775079360725198,0.968874253915234,0.959021771390746,0.915989013136221,0.998319527308872,0.954749889671411,0.987204069944017,0.968231938663626,0.976930707452956,0.990812737192087,0.946333579247946,0.945586382667035,0.756468486436773,0.937052407878875,0.959732207192937,0.406236510102371,0.998668503022334,0.998639242440547,0.986752283231202,0.962979662454316,0.975482995507963,0.884075090573165,0.997783194001173,0.980786152383397,0.836191600437098,0.990493080399305,0.990520067982925,0.803764406248369,0.950812377932423,0.936721596536018,0.992652476143648,0.744382025767867,0.980562724064892,0.942629294217034,0.937021382021245,0.991237601716542,0.983194943859179,0.940680131873552,0.999887196381578,0.879583417739649,0.993588626105459,0.735878437803715,0.930997201865433,0.99119756297759,0.468336351472605,0.949062912132171,0.999801279258508,0.997478906605894,0.95592819418516,0.951923563100258,0.965804590634771,0.511892681123024,0.936377273220026,0.960320336041811,0.955335477942671,0.996085761719513,0.998683793282545,0.983458871596561,0.895769915907818,0.996428597172252,0.944958144001719,0.884195674394059,0.961833238464015,0.929731399552935,0.927586517391255,0.952496907739926,0.992109962493338,0.92983810790821,0.973563037192072,0.951672698870617,0.958996553046271,0.986806893068096,0.964532859212253,0.989909849484362,0.949834151631593,0.985173568784816,0.939632120182356,0.996520561010078,0.953023358147415,0.933259503902988,0.924904149228054,0.954494057990303,0.89217515129195,0.816299573735685,0.935785463534243,0.912119180534333,0.945483376041767,0.973058766890347,0.971251292388804,0.95802478183232,0.914715753127811
"TFGroup_37",0.762120669459485,0.968874253915234,0.959021771390746,0.915989013136221,0.998319527308872,0.933439517082926,0.910919872314212,0.968231938663626,0.976930707452956,0.990812737192087,0.964401247496312,0.975235355625904,0.756468486436773,0.974783513003162,0.934838969707957,0.940439131737622,0.805573307891966,0.998639242440547,0.998713094937798,0.966938912987977,0.975482995507963,0.884075090573165,0.985881031261591,0.985712339935157,0.992250844993649,0.990493080399305,0.906566053743698,0.959808915301429,0.945835021389558,0.808354188485136,0.992652476143648,0.986301013305341,0.980562724064892,0.942629294217034,0.956757475206165,0.991237601716542,0.935962820726468,0.940680131873552,0.999887196381578,0.758937823047737,0.993588626105459,0.9535953201238,0.931296066941613,0.923226158269343,0.777704431024139,0.987177023041225,0.983900957848265,0.997478906605894,0.977714899329289,0.966579497680105,0.986231618342284,0.956559056548814,0.966490979244639,0.970894827344724,0.674592231925545,0.996085761719513,0.932953817931914,0.976685634216179,0.978555314132977,0.942609001669104,0.954865606625044,0.884195674394059,0.961833238464015,0.847850658021187,0.927586517391255,0.543880047713174,0.779603595410566,0.849568116184266,0.940606238967185,0.966719330750891,0.94402267472142,0.986806893068096,0.964532859212253,0.94148353720525,0.949834151631593,0.985173568784816,0.923941018121247,0.859499205060375,0.931545483290691,0.945105210972307,0.909797880808715,0.993970179336778,0.996299790263499,0.973207579465988,0.935785463534243,0.993968844467663,0.945483376041767,0.909872208293908,0.961631718091298,0.993654354656766,0.993967185775731
"TFGroup_38",0.894882127398475,0.968874253915234,0.971526457725809,0.915989013136221,0.998319527308872,0.945521180882682,0.987204069944017,0.998292367356908,0.976930707452956,0.954512956367804,0.964401247496312,0.972276841464726,0.756468486436773,0.963486968602792,0.959732207192937,0.970550758762389,0.775503496081845,0.998639242440547,0.999101832770982,0.966938912987977,0.975482995507963,0.992646408147786,0.997783194001173,0.980786152383397,0.960811558696372,0.990493080399305,0.990520067982925,0.959808915301429,0.958048219798031,0.884433284414482,0.772702740950634,0.917864017200976,0.980562724064892,0.942629294217034,0.956757475206165,0.991237601716542,0.935962820726468,0.856539420485914,0.999887196381578,0.812373997858442,0.993588626105459,0.697327720739358,0.938682474591716,0.99119756297759,0.980866641048928,0.949062912132171,0.811581356649934,0.997478906605894,0.928745525774239,0.979140057169766,0.881060417792044,0.945582967028999,0.968507015321155,0.970894827344724,0.991358604564773,0.996085761719513,0.806462524166835,0.988027463080552,0.978555314132977,0.933177438619004,0.851226660350583,0.943583224818914,0.846853026075025,0.968430211924096,0.958412398162846,0.952496907739926,0.992109962493338,0.811597112116372,0.916857960716312,0.951672698870617,0.932413904783055,0.986806893068096,0.964532859212253,0.928506892195057,0.518169816444635,0.985173568784816,0.937912274323853,0.859499205060375,0.822679166018807,0.954695623715969,0.87799925377272,0.993970179336778,0.870499773154198,0.973207579465988,0.840153218859902,0.875759940613656,0.997158279932824,0.973058766890347,0.971251292388804,0.95802478183232,0.993967185775731
"TFGroup_39",0.917184045183252,0.982359400379498,0.959021771390746,0.951112408185512,0.998319527308872,0.933439517082926,0.987204069944017,0.998292367356908,0.976930707452956,0.990812737192087,0.784810657449294,0.972276841464726,0.990374254631426,0.937052407878875,0.959732207192937,0.940439131737622,0.775503496081845,0.998639242440547,0.999101832770982,0.998421485275758,0.975482995507963,0.884075090573165,0.985881031261591,0.980786152383397,0.836191600437098,0.990493080399305,0.981895726737833,0.959808915301429,0.98989425493011,0.969592737093255,0.946582418345737,0.850547520205394,0.980562724064892,0.994066282272469,0.956757475206165,0.845059843521528,0.949237450024544,0.99542599259708,0.923082727228667,0.758937823047737,0.993588626105459,0.697327720739358,0.938682474591716,0.99119756297759,0.996528888251098,0.949062912132171,0.811581356649934,0.997478906605894,0.932303113969105,0.951923563100258,0.954571158917288,0.86559270987963,0.95479462404059,0.960320336041811,0.899021152357847,0.996085761719513,0.814118446347268,0.983458871596561,0.978555314132977,0.996428597172252,0.989331022291181,0.975169833511173,0.846853026075025,0.927268756438434,0.927586517391255,0.989501997132451,0.992109962493338,0.596562232371554,0.973563037192072,0.904856422218149,0.94402267472142,0.986806893068096,0.964532859212253,0.989909849484362,0.998776731251642,0.985173568784816,0.931674871278248,0.78416133089375,0.96558499862482,0.910221685899967,0.959858187226034,0.990997059463523,0.950644212013689,0.666474844268908,0.935785463534243,0.912119180534333,0.947571368460933,0.901425209958275,0.844106078165962,0.880357036604249,0.993967185775731
"TFGroup_40",0.931996871726554,0.968874253915234,0.971526457725809,0.983774077572445,0.998319527308872,0.981295231202446,0.955623782321246,0.902416228576168,0.998165904845997,0.954512956367804,0.874402376643722,0.972276841464726,0.997127219120691,0.937052407878875,0.959732207192937,0.940439131737622,0.997272812818238,0.998639242440547,0.990301656281988,0.998421485275758,0.852848310662171,0.884075090573165,0.997783194001173,0.980786152383397,0.950026493483702,0.990493080399305,0.978623308717096,0.857029646460062,0.990103476844994,0.808354188485136,0.784005081725696,0.954570034906144,0.980562724064892,0.994066282272469,0.949003478119608,0.991237601716542,0.949237450024544,0.904045938776657,0.999887196381578,0.815975213825882,0.993588626105459,0.9535953201238,0.938682474591716,0.99119756297759,0.942409393576074,0.954578131017561,0.850046700469993,0.997478906605894,0.928745525774239,0.97517439999094,0.965804590634771,0.758420544025449,0.936377273220026,0.970894827344724,0.955335477942671,0.996085761719513,0.920511202938377,0.983458871596561,0.978555314132977,0.996506880785824,0.592313208128571,0.943583224818914,0.980136065287699,0.954739784191995,0.898678410216416,0.952077270773308,0.992109962493338,0.990650040209574,0.940606238967185,0.951672698870617,0.932413904783055,0.99329343960086,0.964532859212253,0.576550381391269,0.949834151631593,0.985173568784816,0.923941018121247,0.859499205060375,0.447855913971389,0.875599343217204,0.87799925377272,0.954494057990303,0.845703132133043,0.666474844268908,0.935785463534243,0.585432689922332,0.945483376041767,0.980801569982875,0.912569011190704,0.968339028414112,0.993967185775731
"TFGroup_41",0.762120669459485,0.962742996806811,0.975365362911486,0.951112408185512,0.998319527308872,0.999892596519578,0.955623782321246,0.990047692600524,0.976930707452956,0.958494968892858,0.938914919831167,0.975235355625904,0.980506435770751,0.683786376274176,0.975981680838733,0.830107309143372,0.805573307891966,0.998639242440547,0.999101832770982,0.966938912987977,0.890406117119175,0.930938244581811,0.981838187256346,0.980786152383397,0.992250844993649,0.990493080399305,0.906566053743698,0.994705485043894,0.850413235997859,0.969592737093255,0.772902497140839,0.573635554793363,0.980562724064892,0.99615493334242,0.937021382021245,0.991237601716542,0.96820829935326,0.758093463110401,0.999887196381578,0.812373997858442,0.993588626105459,0.9535953201238,0.931296066941613,0.99119756297759,0.970629734366041,0.949062912132171,0.99582258355195,0.997478906605894,0.947212818415383,0.951923563100258,0.881060417792044,0.96132386589249,0.934307896829416,0.960320336041811,0.701476386270834,0.996085761719513,0.834749539705284,0.983458871596561,0.978555314132977,0.938143696662328,0.960247030684646,0.884195674394059,0.97724390306608,0.847850658021187,0.998970264596742,0.952077270773308,0.992109962493338,0.983355785384161,0.9025775988184,0.979938646229577,0.94402267472142,0.986806893068096,0.964532859212253,0.928506892195057,0.949834151631593,0.985173568784816,0.931674871278248,0.813960203722315,0.931545483290691,0.910221685899967,0.891379438159289,0.954494057990303,0.996299790263499,0.973207579465988,0.935785463534243,0.922349636864801,0.945483376041767,0.930468263337677,0.825164912129565,0.880357036604249,0.993967185775731
